
> halo@1.0.0 dev
> cross-env NODE_ENV=development nodemon src/index.js

[33m[nodemon] 2.0.9[39m
[33m[nodemon] to restart at any time, enter `rs`[39m
[33m[nodemon] watching path(s): *.*[39m
[33m[nodemon] watching extensions: js,mjs,json[39m
[32m[nodemon] starting `node src/index.js`[39m
(node:91422) NOTE: The AWS SDK for JavaScript (v2) is in maintenance mode.
 SDK releases are limited to address critical bug fixes and security issues only.

Please migrate your code to use AWS SDK for JavaScript (v3).
For more information, check the blog post at https://a.co/cUPnyil
(Use `node --trace-warnings ...` to show where the warning was created)
[33mwarn[39m: Unable to connect to email server. Make sure you have configured the SMTP options in .env
[31merror[39m: connect ECONNREFUSED ::1:27017
[31m[nodemon] app crashed - waiting for file changes before starting...[39m
[32m[nodemon] restarting due to changes...[39m
[32m[nodemon] starting `node src/index.js`[39m
/Users/fadebowaley/saby/sabyBackend/src/controllers/structure.controller.js:83
};);
^

SyntaxError: missing ) after argument list
    at internalCompileFunction (node:internal/vm:76:18)
    at wrapSafe (node:internal/modules/cjs/loader:1283:20)
    at Module._compile (node:internal/modules/cjs/loader:1328:27)
    at Module._extensions..js (node:internal/modules/cjs/loader:1422:10)
    at Module.load (node:internal/modules/cjs/loader:1203:32)
    at Module._load (node:internal/modules/cjs/loader:1019:12)
    at Module.require (node:internal/modules/cjs/loader:1231:19)
    at require (node:internal/modules/helpers:177:18)
    at Object.<anonymous> (/Users/fadebowaley/saby/sabyBackend/src/routes/v1/structure.route.js:5:29)
    at Module._compile (node:internal/modules/cjs/loader:1364:14)
    at Module._extensions..js (node:internal/modules/cjs/loader:1422:10)
    at Module.load (node:internal/modules/cjs/loader:1203:32)
    at Module._load (node:internal/modules/cjs/loader:1019:12)
    at Module.require (node:internal/modules/cjs/loader:1231:19)
    at require (node:internal/modules/helpers:177:18)
    at Object.<anonymous> (/Users/fadebowaley/saby/sabyBackend/src/routes/v1/index.js:14:24)

Node.js v18.20.2
[31m[nodemon] app crashed - waiting for file changes before starting...[39m
[32m[nodemon] restarting due to changes...[39m
[32m[nodemon] starting `node src/index.js`[39m
(node:41293) NOTE: The AWS SDK for JavaScript (v2) is in maintenance mode.
 SDK releases are limited to address critical bug fixes and security issues only.

Please migrate your code to use AWS SDK for JavaScript (v3).
For more information, check the blog post at https://a.co/cUPnyil
(Use `node --trace-warnings ...` to show where the warning was created)
[32minfo[39m: ✅ Connected to MongoDB
[32minfo[39m: 🔄 Testing PostgreSQL connection...
[32minfo[39m: 📊 Host: 20.169.129.160:5432
[32minfo[39m: 👤 User: sabyagentic_user
[32minfo[39m: 🗄️  Database: halograph
[32minfo[39m: ✅ PostgreSQL connected successfully
[32minfo[39m: 📋 PostgreSQL Version: PostgreSQL 15.14 (Debian 15.14-1.pgdg13+1) on x86_64-pc-linux-gnu, compiled by gcc (Debian 14.2.0-19) 14.2.0, 64-bit
[32minfo[39m: ✅ Redis connected
[32minfo[39m: ⚙️  Redis ready for commands
[32minfo[39m: ✅ Redis ping successful
[31merror[39m: Error: listen EADDRINUSE: address already in use :::4000
    at Server.setupListenHandle [as _listen2] (node:net:1817:16)
    at listenInCluster (node:net:1865:12)
    at doListen (node:net:2014:7)
    at process.processTicksAndRejections (node:internal/process/task_queues:83:21)
[32minfo[39m: Server closed
[31m[nodemon] app crashed - waiting for file changes before starting...[39m
[32m[nodemon] restarting due to changes...[39m
[32m[nodemon] starting `node src/index.js`[39m
[32m[nodemon] restarting due to changes...[39m
[32m[nodemon] restarting due to changes...[39m
[32m[nodemon] starting `node src/index.js`[39m
[32m[nodemon] restarting due to changes...[39m
[32m[nodemon] restarting due to changes...[39m
[32m[nodemon] starting `node src/index.js`[39m
[32m[nodemon] restarting due to changes...[39m
[32m[nodemon] restarting due to changes...[39m
[32m[nodemon] starting `node src/index.js`[39m
[32m[nodemon] restarting due to changes...[39m
[32m[nodemon] starting `node src/index.js`[39m
[32m[nodemon] restarting due to changes...[39m
[32m[nodemon] restarting due to changes...[39m
[32m[nodemon] restarting due to changes...[39m
[32m[nodemon] starting `node src/index.js`[39m
[32m[nodemon] restarting due to changes...[39m
[32m[nodemon] restarting due to changes...[39m
[32m[nodemon] restarting due to changes...[39m
[32m[nodemon] restarting due to changes...[39m
[32m[nodemon] starting `node src/index.js`[39m
(node:88301) NOTE: The AWS SDK for JavaScript (v2) is in maintenance mode.
 SDK releases are limited to address critical bug fixes and security issues only.

Please migrate your code to use AWS SDK for JavaScript (v3).
For more information, check the blog post at https://a.co/cUPnyil
(Use `node --trace-warnings ...` to show where the warning was created)
[32minfo[39m: ✅ Connected to MongoDB
[32minfo[39m: 🔄 Testing PostgreSQL connection...
[32minfo[39m: 📊 Host: 20.169.129.160:5432
[32minfo[39m: 👤 User: sabyagentic_user
[32minfo[39m: 🗄️  Database: halograph
[32minfo[39m: ✅ PostgreSQL connected successfully
[32minfo[39m: 📋 PostgreSQL Version: PostgreSQL 15.14 (Debian 15.14-1.pgdg13+1) on x86_64-pc-linux-gnu, compiled by gcc (Debian 14.2.0-19) 14.2.0, 64-bit
[32minfo[39m: ✅ Redis connected
[32minfo[39m: ⚙️  Redis ready for commands
[32minfo[39m: ✅ Redis ping successful
[31merror[39m: Error: listen EADDRINUSE: address already in use :::4000
    at Server.setupListenHandle [as _listen2] (node:net:1817:16)
    at listenInCluster (node:net:1865:12)
    at doListen (node:net:2014:7)
    at process.processTicksAndRejections (node:internal/process/task_queues:83:21)
[32minfo[39m: Server closed
[31m[nodemon] app crashed - waiting for file changes before starting...[39m
[32m[nodemon] restarting due to changes...[39m
[32m[nodemon] starting `node src/index.js`[39m
[32m[nodemon] restarting due to changes...[39m
[32m[nodemon] restarting due to changes...[39m
[32m[nodemon] restarting due to changes...[39m
[32m[nodemon] starting `node src/index.js`[39m
/Users/fadebowaley/saby/sabyBackend/src/controllers/structure.controller.js:130
};);
^

SyntaxError: missing ) after argument list
    at internalCompileFunction (node:internal/vm:76:18)
    at wrapSafe (node:internal/modules/cjs/loader:1283:20)
    at Module._compile (node:internal/modules/cjs/loader:1328:27)
    at Module._extensions..js (node:internal/modules/cjs/loader:1422:10)
    at Module.load (node:internal/modules/cjs/loader:1203:32)
    at Module._load (node:internal/modules/cjs/loader:1019:12)
    at Module.require (node:internal/modules/cjs/loader:1231:19)
    at require (node:internal/modules/helpers:177:18)
    at Object.<anonymous> (/Users/fadebowaley/saby/sabyBackend/src/routes/v1/structure.route.js:5:29)
    at Module._compile (node:internal/modules/cjs/loader:1364:14)
    at Module._extensions..js (node:internal/modules/cjs/loader:1422:10)
    at Module.load (node:internal/modules/cjs/loader:1203:32)
    at Module._load (node:internal/modules/cjs/loader:1019:12)
    at Module.require (node:internal/modules/cjs/loader:1231:19)
    at require (node:internal/modules/helpers:177:18)
    at Object.<anonymous> (/Users/fadebowaley/saby/sabyBackend/src/routes/v1/index.js:14:24)

Node.js v18.20.2
[31m[nodemon] app crashed - waiting for file changes before starting...[39m
[32m[nodemon] restarting due to changes...[39m
[32m[nodemon] starting `node src/index.js`[39m
[32m[nodemon] restarting due to changes...[39m
[32m[nodemon] starting `node src/index.js`[39m
/Users/fadebowaley/saby/sabyBackend/src/controllers/structure.controller.js:133
};);
^

SyntaxError: missing ) after argument list
    at internalCompileFunction (node:internal/vm:76:18)
    at wrapSafe (node:internal/modules/cjs/loader:1283:20)
    at Module._compile (node:internal/modules/cjs/loader:1328:27)
    at Module._extensions..js (node:internal/modules/cjs/loader:1422:10)
    at Module.load (node:internal/modules/cjs/loader:1203:32)
    at Module._load (node:internal/modules/cjs/loader:1019:12)
    at Module.require (node:internal/modules/cjs/loader:1231:19)
    at require (node:internal/modules/helpers:177:18)
    at Object.<anonymous> (/Users/fadebowaley/saby/sabyBackend/src/routes/v1/structure.route.js:5:29)
    at Module._compile (node:internal/modules/cjs/loader:1364:14)
    at Module._extensions..js (node:internal/modules/cjs/loader:1422:10)
    at Module.load (node:internal/modules/cjs/loader:1203:32)
    at Module._load (node:internal/modules/cjs/loader:1019:12)
    at Module.require (node:internal/modules/cjs/loader:1231:19)
    at require (node:internal/modules/helpers:177:18)
    at Object.<anonymous> (/Users/fadebowaley/saby/sabyBackend/src/routes/v1/index.js:14:24)

Node.js v18.20.2
[31m[nodemon] app crashed - waiting for file changes before starting...[39m
[32m[nodemon] restarting due to changes...[39m
[32m[nodemon] starting `node src/index.js`[39m
[32m[nodemon] restarting due to changes...[39m
[32m[nodemon] starting `node src/index.js`[39m
(node:431) NOTE: The AWS SDK for JavaScript (v2) is in maintenance mode.
 SDK releases are limited to address critical bug fixes and security issues only.

Please migrate your code to use AWS SDK for JavaScript (v3).
For more information, check the blog post at https://a.co/cUPnyil
(Use `node --trace-warnings ...` to show where the warning was created)
[32minfo[39m: ✅ Connected to MongoDB
[32minfo[39m: 🔄 Testing PostgreSQL connection...
[32minfo[39m: 📊 Host: 20.169.129.160:5432
[32minfo[39m: 👤 User: sabyagentic_user
[32minfo[39m: 🗄️  Database: halograph
[32minfo[39m: ✅ PostgreSQL connected successfully
[32minfo[39m: 📋 PostgreSQL Version: PostgreSQL 15.14 (Debian 15.14-1.pgdg13+1) on x86_64-pc-linux-gnu, compiled by gcc (Debian 14.2.0-19) 14.2.0, 64-bit
[32minfo[39m: ✅ Redis connected
[32minfo[39m: ⚙️  Redis ready for commands
[32minfo[39m: ✅ Redis ping successful
[31merror[39m: Error: listen EADDRINUSE: address already in use :::4000
    at Server.setupListenHandle [as _listen2] (node:net:1817:16)
    at listenInCluster (node:net:1865:12)
    at doListen (node:net:2014:7)
    at process.processTicksAndRejections (node:internal/process/task_queues:83:21)
[32minfo[39m: Server closed
[31m[nodemon] app crashed - waiting for file changes before starting...[39m
[32m[nodemon] restarting due to changes...[39m
[32m[nodemon] starting `node src/index.js`[39m
[32m[nodemon] restarting due to changes...[39m
[32m[nodemon] starting `node src/index.js`[39m
(node:5470) NOTE: The AWS SDK for JavaScript (v2) is in maintenance mode.
 SDK releases are limited to address critical bug fixes and security issues only.

Please migrate your code to use AWS SDK for JavaScript (v3).
For more information, check the blog post at https://a.co/cUPnyil
(Use `node --trace-warnings ...` to show where the warning was created)
[32minfo[39m: ✅ Connected to MongoDB
[32minfo[39m: 🔄 Testing PostgreSQL connection...
[32minfo[39m: 📊 Host: 20.169.129.160:5432
[32minfo[39m: 👤 User: sabyagentic_user
[32minfo[39m: 🗄️  Database: halograph
[32minfo[39m: ✅ PostgreSQL connected successfully
[32minfo[39m: 📋 PostgreSQL Version: PostgreSQL 15.14 (Debian 15.14-1.pgdg13+1) on x86_64-pc-linux-gnu, compiled by gcc (Debian 14.2.0-19) 14.2.0, 64-bit
[32minfo[39m: ✅ Redis connected
[32minfo[39m: ⚙️  Redis ready for commands
[32minfo[39m: ✅ Redis ping successful
[31merror[39m: Error: listen EADDRINUSE: address already in use :::4000
    at Server.setupListenHandle [as _listen2] (node:net:1817:16)
    at listenInCluster (node:net:1865:12)
    at doListen (node:net:2014:7)
    at process.processTicksAndRejections (node:internal/process/task_queues:83:21)
[32minfo[39m: Server closed
[31m[nodemon] app crashed - waiting for file changes before starting...[39m
[32m[nodemon] restarting due to changes...[39m
[32m[nodemon] starting `node src/index.js`[39m
[32m[nodemon] restarting due to changes...[39m
[32m[nodemon] starting `node src/index.js`[39m
(node:52146) NOTE: The AWS SDK for JavaScript (v2) is in maintenance mode.
 SDK releases are limited to address critical bug fixes and security issues only.

Please migrate your code to use AWS SDK for JavaScript (v3).
For more information, check the blog post at https://a.co/cUPnyil
(Use `node --trace-warnings ...` to show where the warning was created)
[32minfo[39m: ✅ Connected to MongoDB
[32minfo[39m: 🔄 Testing PostgreSQL connection...
[32minfo[39m: 📊 Host: 20.169.129.160:5432
[32minfo[39m: 👤 User: sabyagentic_user
[32minfo[39m: 🗄️  Database: halograph
[32minfo[39m: Connected to email server
[32minfo[39m: ✅ PostgreSQL connected successfully
[32minfo[39m: 📋 PostgreSQL Version: PostgreSQL 15.14 (Debian 15.14-1.pgdg13+1) on x86_64-pc-linux-gnu, compiled by gcc (Debian 14.2.0-19) 14.2.0, 64-bit
[32minfo[39m: ✅ Redis connected
[32minfo[39m: ⚙️  Redis ready for commands
[32minfo[39m: ✅ Redis ping successful
[31merror[39m: Error: listen EADDRINUSE: address already in use :::4000
    at Server.setupListenHandle [as _listen2] (node:net:1817:16)
    at listenInCluster (node:net:1865:12)
    at doListen (node:net:2014:7)
    at process.processTicksAndRejections (node:internal/process/task_queues:83:21)
[32minfo[39m: Server closed
[31m[nodemon] app crashed - waiting for file changes before starting...[39m
[32m[nodemon] restarting due to changes...[39m
[32m[nodemon] starting `node src/index.js`[39m
[32m[nodemon] restarting due to changes...[39m
[32m[nodemon] starting `node src/index.js`[39m
(node:54977) NOTE: The AWS SDK for JavaScript (v2) is in maintenance mode.
 SDK releases are limited to address critical bug fixes and security issues only.

Please migrate your code to use AWS SDK for JavaScript (v3).
For more information, check the blog post at https://a.co/cUPnyil
(Use `node --trace-warnings ...` to show where the warning was created)
[32minfo[39m: Connected to email server
Error: Command timed out
    at Timeout._onTimeout (/Users/fadebowaley/saby/sabyBackend/node_modules/ioredis/built/Command.js:192:33)
    at listOnTimeout (node:internal/timers:569:17)
    at process.processTimers (node:internal/timers:512:7)
Error: Command timed out
    at Timeout._onTimeout (/Users/fadebowaley/saby/sabyBackend/node_modules/ioredis/built/Command.js:192:33)
    at listOnTimeout (node:internal/timers:569:17)
    at process.processTimers (node:internal/timers:512:7)
[32minfo[39m: ✅ Connected to MongoDB
[32minfo[39m: 🔄 Testing PostgreSQL connection...
[32minfo[39m: 📊 Host: 20.169.129.160:5432
[32minfo[39m: 👤 User: sabyagentic_user
[32minfo[39m: 🗄️  Database: halograph
[32minfo[39m: ✅ PostgreSQL connected successfully
[32minfo[39m: 📋 PostgreSQL Version: PostgreSQL 15.14 (Debian 15.14-1.pgdg13+1) on x86_64-pc-linux-gnu, compiled by gcc (Debian 14.2.0-19) 14.2.0, 64-bit
[32minfo[39m: ✅ Redis connected
[32minfo[39m: ⚙️  Redis ready for commands
[32minfo[39m: ✅ Redis ping successful
[31merror[39m: Error: listen EADDRINUSE: address already in use :::4000
    at Server.setupListenHandle [as _listen2] (node:net:1817:16)
    at listenInCluster (node:net:1865:12)
    at doListen (node:net:2014:7)
    at process.processTicksAndRejections (node:internal/process/task_queues:83:21)
[32minfo[39m: Server closed
[31m[nodemon] app crashed - waiting for file changes before starting...[39m
[32m[nodemon] restarting due to changes...[39m
[32m[nodemon] starting `node src/index.js`[39m
(node:15593) NOTE: The AWS SDK for JavaScript (v2) is in maintenance mode.
 SDK releases are limited to address critical bug fixes and security issues only.

Please migrate your code to use AWS SDK for JavaScript (v3).
For more information, check the blog post at https://a.co/cUPnyil
(Use `node --trace-warnings ...` to show where the warning was created)
[32minfo[39m: ✅ Connected to MongoDB
[32minfo[39m: 🔄 Testing PostgreSQL connection...
[32minfo[39m: 📊 Host: 20.169.129.160:5432
[32minfo[39m: 👤 User: sabyagentic_user
[32minfo[39m: 🗄️  Database: halograph
[32minfo[39m: ✅ PostgreSQL connected successfully
[32minfo[39m: 📋 PostgreSQL Version: PostgreSQL 15.14 (Debian 15.14-1.pgdg13+1) on x86_64-pc-linux-gnu, compiled by gcc (Debian 14.2.0-19) 14.2.0, 64-bit
[32minfo[39m: ✅ Redis connected
[32minfo[39m: Connected to email server
[32minfo[39m: ⚙️  Redis ready for commands
[32minfo[39m: ✅ Redis ping successful
[31merror[39m: Error: listen EADDRINUSE: address already in use :::4000
    at Server.setupListenHandle [as _listen2] (node:net:1817:16)
    at listenInCluster (node:net:1865:12)
    at doListen (node:net:2014:7)
    at process.processTicksAndRejections (node:internal/process/task_queues:83:21)
[32minfo[39m: Server closed
[31m[nodemon] app crashed - waiting for file changes before starting...[39m
[32m[nodemon] restarting due to changes...[39m
[32m[nodemon] starting `node src/index.js`[39m
[32m[nodemon] restarting due to changes...[39m
[32m[nodemon] restarting due to changes...[39m
[32m[nodemon] starting `node src/index.js`[39m
[32m[nodemon] restarting due to changes...[39m
[32m[nodemon] restarting due to changes...[39m
[32m[nodemon] starting `node src/index.js`[39m
(node:19650) NOTE: The AWS SDK for JavaScript (v2) is in maintenance mode.
 SDK releases are limited to address critical bug fixes and security issues only.

Please migrate your code to use AWS SDK for JavaScript (v3).
For more information, check the blog post at https://a.co/cUPnyil
(Use `node --trace-warnings ...` to show where the warning was created)
[32minfo[39m: ✅ Connected to MongoDB
[32minfo[39m: 🔄 Testing PostgreSQL connection...
[32minfo[39m: 📊 Host: 20.169.129.160:5432
[32minfo[39m: 👤 User: sabyagentic_user
[32minfo[39m: 🗄️  Database: halograph
[32minfo[39m: ✅ PostgreSQL connected successfully
[32minfo[39m: 📋 PostgreSQL Version: PostgreSQL 15.14 (Debian 15.14-1.pgdg13+1) on x86_64-pc-linux-gnu, compiled by gcc (Debian 14.2.0-19) 14.2.0, 64-bit
[32minfo[39m: ✅ Redis connected
[32minfo[39m: ⚙️  Redis ready for commands
[32minfo[39m: ✅ Redis ping successful
[31merror[39m: Error: listen EADDRINUSE: address already in use :::4000
    at Server.setupListenHandle [as _listen2] (node:net:1817:16)
    at listenInCluster (node:net:1865:12)
    at doListen (node:net:2014:7)
    at process.processTicksAndRejections (node:internal/process/task_queues:83:21)
[32minfo[39m: Server closed
[31m[nodemon] app crashed - waiting for file changes before starting...[39m
[32m[nodemon] restarting due to changes...[39m
[32m[nodemon] starting `node src/index.js`[39m
(node:23458) NOTE: The AWS SDK for JavaScript (v2) is in maintenance mode.
 SDK releases are limited to address critical bug fixes and security issues only.

Please migrate your code to use AWS SDK for JavaScript (v3).
For more information, check the blog post at https://a.co/cUPnyil
(Use `node --trace-warnings ...` to show where the warning was created)
[32minfo[39m: ✅ Connected to MongoDB
[32minfo[39m: 🔄 Testing PostgreSQL connection...
[32minfo[39m: 📊 Host: 20.169.129.160:5432
[32minfo[39m: 👤 User: sabyagentic_user
[32minfo[39m: 🗄️  Database: halograph
[32minfo[39m: ✅ PostgreSQL connected successfully
[32minfo[39m: 📋 PostgreSQL Version: PostgreSQL 15.14 (Debian 15.14-1.pgdg13+1) on x86_64-pc-linux-gnu, compiled by gcc (Debian 14.2.0-19) 14.2.0, 64-bit
[32minfo[39m: ✅ Redis connected
[32minfo[39m: ⚙️  Redis ready for commands
[32minfo[39m: ✅ Redis ping successful
[31merror[39m: Error: listen EADDRINUSE: address already in use :::4000
    at Server.setupListenHandle [as _listen2] (node:net:1817:16)
    at listenInCluster (node:net:1865:12)
    at doListen (node:net:2014:7)
    at process.processTicksAndRejections (node:internal/process/task_queues:83:21)
[32minfo[39m: Server closed
[31m[nodemon] app crashed - waiting for file changes before starting...[39m
[32m[nodemon] restarting due to changes...[39m
[32m[nodemon] starting `node src/index.js`[39m
(node:24688) NOTE: The AWS SDK for JavaScript (v2) is in maintenance mode.
 SDK releases are limited to address critical bug fixes and security issues only.

Please migrate your code to use AWS SDK for JavaScript (v3).
For more information, check the blog post at https://a.co/cUPnyil
(Use `node --trace-warnings ...` to show where the warning was created)
[32minfo[39m: ✅ Connected to MongoDB
[32minfo[39m: 🔄 Testing PostgreSQL connection...
[32minfo[39m: 📊 Host: 20.169.129.160:5432
[32minfo[39m: 👤 User: sabyagentic_user
[32minfo[39m: 🗄️  Database: halograph
[32minfo[39m: ✅ PostgreSQL connected successfully
[32minfo[39m: 📋 PostgreSQL Version: PostgreSQL 15.14 (Debian 15.14-1.pgdg13+1) on x86_64-pc-linux-gnu, compiled by gcc (Debian 14.2.0-19) 14.2.0, 64-bit
[32minfo[39m: ✅ Redis connected
[32minfo[39m: ⚙️  Redis ready for commands
[32minfo[39m: ✅ Redis ping successful
[31merror[39m: Error: listen EADDRINUSE: address already in use :::4000
    at Server.setupListenHandle [as _listen2] (node:net:1817:16)
    at listenInCluster (node:net:1865:12)
    at doListen (node:net:2014:7)
    at process.processTicksAndRejections (node:internal/process/task_queues:83:21)
[32minfo[39m: Server closed
[31m[nodemon] app crashed - waiting for file changes before starting...[39m
[32m[nodemon] restarting due to changes...[39m
[32m[nodemon] starting `node src/index.js`[39m
[32m[nodemon] restarting due to changes...[39m
[32m[nodemon] starting `node src/index.js`[39m
[32m[nodemon] restarting due to changes...[39m
[32m[nodemon] starting `node src/index.js`[39m
[32m[nodemon] restarting due to changes...[39m
[32m[nodemon] starting `node src/index.js`[39m
[32m[nodemon] restarting due to changes...[39m
[32m[nodemon] starting `node src/index.js`[39m
(node:33248) NOTE: The AWS SDK for JavaScript (v2) is in maintenance mode.
 SDK releases are limited to address critical bug fixes and security issues only.

Please migrate your code to use AWS SDK for JavaScript (v3).
For more information, check the blog post at https://a.co/cUPnyil
(Use `node --trace-warnings ...` to show where the warning was created)
[32minfo[39m: ✅ Connected to MongoDB
[32minfo[39m: 🔄 Testing PostgreSQL connection...
[32minfo[39m: 📊 Host: 20.169.129.160:5432
[32minfo[39m: 👤 User: sabyagentic_user
[32minfo[39m: 🗄️  Database: halograph
[32minfo[39m: ✅ PostgreSQL connected successfully
[32minfo[39m: 📋 PostgreSQL Version: PostgreSQL 15.14 (Debian 15.14-1.pgdg13+1) on x86_64-pc-linux-gnu, compiled by gcc (Debian 14.2.0-19) 14.2.0, 64-bit
[32minfo[39m: ✅ Redis connected
[32minfo[39m: ⚙️  Redis ready for commands
[32minfo[39m: ✅ Redis ping successful
[31merror[39m: Error: listen EADDRINUSE: address already in use :::4000
    at Server.setupListenHandle [as _listen2] (node:net:1817:16)
    at listenInCluster (node:net:1865:12)
    at doListen (node:net:2014:7)
    at process.processTicksAndRejections (node:internal/process/task_queues:83:21)
[32minfo[39m: Server closed
[31m[nodemon] app crashed - waiting for file changes before starting...[39m
[32m[nodemon] restarting due to changes...[39m
[32m[nodemon] starting `node src/index.js`[39m
(node:64308) NOTE: The AWS SDK for JavaScript (v2) is in maintenance mode.
 SDK releases are limited to address critical bug fixes and security issues only.

Please migrate your code to use AWS SDK for JavaScript (v3).
For more information, check the blog post at https://a.co/cUPnyil
(Use `node --trace-warnings ...` to show where the warning was created)
[32minfo[39m: ✅ Connected to MongoDB
[32minfo[39m: 🔄 Testing PostgreSQL connection...
[32minfo[39m: 📊 Host: 20.169.129.160:5432
[32minfo[39m: 👤 User: sabyagentic_user
[32minfo[39m: 🗄️  Database: halograph
[32minfo[39m: Connected to email server
[32minfo[39m: ✅ PostgreSQL connected successfully
[32minfo[39m: 📋 PostgreSQL Version: PostgreSQL 15.14 (Debian 15.14-1.pgdg13+1) on x86_64-pc-linux-gnu, compiled by gcc (Debian 14.2.0-19) 14.2.0, 64-bit
[32minfo[39m: ✅ Redis connected
[32minfo[39m: ⚙️  Redis ready for commands
[32minfo[39m: ✅ Redis ping successful
[31merror[39m: Error: listen EADDRINUSE: address already in use :::4000
    at Server.setupListenHandle [as _listen2] (node:net:1817:16)
    at listenInCluster (node:net:1865:12)
    at doListen (node:net:2014:7)
    at process.processTicksAndRejections (node:internal/process/task_queues:83:21)
[32minfo[39m: Server closed
[31m[nodemon] app crashed - waiting for file changes before starting...[39m
[32m[nodemon] restarting due to changes...[39m
[32m[nodemon] starting `node src/index.js`[39m
(node:78444) NOTE: The AWS SDK for JavaScript (v2) is in maintenance mode.
 SDK releases are limited to address critical bug fixes and security issues only.

Please migrate your code to use AWS SDK for JavaScript (v3).
For more information, check the blog post at https://a.co/cUPnyil
(Use `node --trace-warnings ...` to show where the warning was created)
[32minfo[39m: ✅ Connected to MongoDB
[32minfo[39m: 🔄 Testing PostgreSQL connection...
[32minfo[39m: 📊 Host: 20.169.129.160:5432
[32minfo[39m: 👤 User: sabyagentic_user
[32minfo[39m: 🗄️  Database: halograph
[32minfo[39m: Connected to email server
[32minfo[39m: ✅ PostgreSQL connected successfully
[32minfo[39m: 📋 PostgreSQL Version: PostgreSQL 15.14 (Debian 15.14-1.pgdg13+1) on x86_64-pc-linux-gnu, compiled by gcc (Debian 14.2.0-19) 14.2.0, 64-bit
[32minfo[39m: ✅ Redis connected
[32minfo[39m: ⚙️  Redis ready for commands
[32minfo[39m: ✅ Redis ping successful
[31merror[39m: Error: listen EADDRINUSE: address already in use :::4000
    at Server.setupListenHandle [as _listen2] (node:net:1817:16)
    at listenInCluster (node:net:1865:12)
    at doListen (node:net:2014:7)
    at process.processTicksAndRejections (node:internal/process/task_queues:83:21)
[32minfo[39m: Server closed
[31m[nodemon] app crashed - waiting for file changes before starting...[39m
[32m[nodemon] restarting due to changes...[39m
[32m[nodemon] starting `node src/index.js`[39m
(node:72700) NOTE: The AWS SDK for JavaScript (v2) is in maintenance mode.
 SDK releases are limited to address critical bug fixes and security issues only.

Please migrate your code to use AWS SDK for JavaScript (v3).
For more information, check the blog post at https://a.co/cUPnyil
(Use `node --trace-warnings ...` to show where the warning was created)
[32minfo[39m: ✅ Connected to MongoDB
[32minfo[39m: 🔄 Testing PostgreSQL connection...
[32minfo[39m: 📊 Host: 20.169.129.160:5432
[32minfo[39m: 👤 User: sabyagentic_user
[32minfo[39m: 🗄️  Database: halograph
[32minfo[39m: ✅ PostgreSQL connected successfully
[32minfo[39m: 📋 PostgreSQL Version: PostgreSQL 15.14 (Debian 15.14-1.pgdg13+1) on x86_64-pc-linux-gnu, compiled by gcc (Debian 14.2.0-19) 14.2.0, 64-bit
[32minfo[39m: ✅ Redis connected
[32minfo[39m: ⚙️  Redis ready for commands
[32minfo[39m: ✅ Redis ping successful
[31merror[39m: Error: listen EADDRINUSE: address already in use :::4000
    at Server.setupListenHandle [as _listen2] (node:net:1817:16)
    at listenInCluster (node:net:1865:12)
    at doListen (node:net:2014:7)
    at process.processTicksAndRejections (node:internal/process/task_queues:83:21)
[32minfo[39m: Server closed
[31m[nodemon] app crashed - waiting for file changes before starting...[39m
[32m[nodemon] restarting due to changes...[39m
[32m[nodemon] starting `node src/index.js`[39m
(node:75071) NOTE: The AWS SDK for JavaScript (v2) is in maintenance mode.
 SDK releases are limited to address critical bug fixes and security issues only.

Please migrate your code to use AWS SDK for JavaScript (v3).
For more information, check the blog post at https://a.co/cUPnyil
(Use `node --trace-warnings ...` to show where the warning was created)
[32minfo[39m: ✅ Connected to MongoDB
[32minfo[39m: 🔄 Testing PostgreSQL connection...
[32minfo[39m: 📊 Host: 20.169.129.160:5432
[32minfo[39m: 👤 User: sabyagentic_user
[32minfo[39m: 🗄️  Database: halograph
[32minfo[39m: ✅ PostgreSQL connected successfully
[32minfo[39m: 📋 PostgreSQL Version: PostgreSQL 15.14 (Debian 15.14-1.pgdg13+1) on x86_64-pc-linux-gnu, compiled by gcc (Debian 14.2.0-19) 14.2.0, 64-bit
[32minfo[39m: ✅ Redis connected
[32minfo[39m: ⚙️  Redis ready for commands
[32minfo[39m: ✅ Redis ping successful
[31merror[39m: Error: listen EADDRINUSE: address already in use :::4000
    at Server.setupListenHandle [as _listen2] (node:net:1817:16)
    at listenInCluster (node:net:1865:12)
    at doListen (node:net:2014:7)
    at process.processTicksAndRejections (node:internal/process/task_queues:83:21)
[32minfo[39m: Server closed
[31m[nodemon] app crashed - waiting for file changes before starting...[39m
[32m[nodemon] restarting due to changes...[39m
[32m[nodemon] starting `node src/index.js`[39m
(node:78001) NOTE: The AWS SDK for JavaScript (v2) is in maintenance mode.
 SDK releases are limited to address critical bug fixes and security issues only.

Please migrate your code to use AWS SDK for JavaScript (v3).
For more information, check the blog post at https://a.co/cUPnyil
(Use `node --trace-warnings ...` to show where the warning was created)
[32minfo[39m: ✅ Connected to MongoDB
[32minfo[39m: 🔄 Testing PostgreSQL connection...
[32minfo[39m: 📊 Host: 20.169.129.160:5432
[32minfo[39m: 👤 User: sabyagentic_user
[32minfo[39m: 🗄️  Database: halograph
[32minfo[39m: ✅ PostgreSQL connected successfully
[32minfo[39m: 📋 PostgreSQL Version: PostgreSQL 15.14 (Debian 15.14-1.pgdg13+1) on x86_64-pc-linux-gnu, compiled by gcc (Debian 14.2.0-19) 14.2.0, 64-bit
[32minfo[39m: ✅ Redis connected
[32minfo[39m: ⚙️  Redis ready for commands
[32minfo[39m: ✅ Redis ping successful
[31merror[39m: Error: listen EADDRINUSE: address already in use :::4000
    at Server.setupListenHandle [as _listen2] (node:net:1817:16)
    at listenInCluster (node:net:1865:12)
    at doListen (node:net:2014:7)
    at process.processTicksAndRejections (node:internal/process/task_queues:83:21)
[32minfo[39m: Server closed
[31m[nodemon] app crashed - waiting for file changes before starting...[39m
[32m[nodemon] restarting due to changes...[39m
[32m[nodemon] starting `node src/index.js`[39m
(node:93145) NOTE: The AWS SDK for JavaScript (v2) is in maintenance mode.
 SDK releases are limited to address critical bug fixes and security issues only.

Please migrate your code to use AWS SDK for JavaScript (v3).
For more information, check the blog post at https://a.co/cUPnyil
(Use `node --trace-warnings ...` to show where the warning was created)
[32minfo[39m: ✅ Connected to MongoDB
[32minfo[39m: 🔄 Testing PostgreSQL connection...
[32minfo[39m: 📊 Host: 20.169.129.160:5432
[32minfo[39m: 👤 User: sabyagentic_user
[32minfo[39m: 🗄️  Database: halograph
[32minfo[39m: ✅ PostgreSQL connected successfully
[32minfo[39m: 📋 PostgreSQL Version: PostgreSQL 15.14 (Debian 15.14-1.pgdg13+1) on x86_64-pc-linux-gnu, compiled by gcc (Debian 14.2.0-19) 14.2.0, 64-bit
[32minfo[39m: ✅ Redis connected
[32minfo[39m: ⚙️  Redis ready for commands
[32minfo[39m: ✅ Redis ping successful
[31merror[39m: Error: listen EADDRINUSE: address already in use :::4000
    at Server.setupListenHandle [as _listen2] (node:net:1817:16)
    at listenInCluster (node:net:1865:12)
    at doListen (node:net:2014:7)
    at process.processTicksAndRejections (node:internal/process/task_queues:83:21)
[32minfo[39m: Server closed
[31m[nodemon] app crashed - waiting for file changes before starting...[39m
[32m[nodemon] restarting due to changes...[39m
[32m[nodemon] starting `node src/index.js`[39m
(node:24555) NOTE: The AWS SDK for JavaScript (v2) is in maintenance mode.
 SDK releases are limited to address critical bug fixes and security issues only.

Please migrate your code to use AWS SDK for JavaScript (v3).
For more information, check the blog post at https://a.co/cUPnyil
(Use `node --trace-warnings ...` to show where the warning was created)
[32minfo[39m: ✅ Connected to MongoDB
[32minfo[39m: 🔄 Testing PostgreSQL connection...
[32minfo[39m: 📊 Host: 20.169.129.160:5432
[32minfo[39m: 👤 User: sabyagentic_user
[32minfo[39m: 🗄️  Database: halograph
[32minfo[39m: Connected to email server
[32minfo[39m: ✅ PostgreSQL connected successfully
[32minfo[39m: 📋 PostgreSQL Version: PostgreSQL 15.14 (Debian 15.14-1.pgdg13+1) on x86_64-pc-linux-gnu, compiled by gcc (Debian 14.2.0-19) 14.2.0, 64-bit
[32minfo[39m: ✅ Redis connected
[32minfo[39m: ⚙️  Redis ready for commands
[32minfo[39m: ✅ Redis ping successful
[31merror[39m: Error: listen EADDRINUSE: address already in use :::4000
    at Server.setupListenHandle [as _listen2] (node:net:1817:16)
    at listenInCluster (node:net:1865:12)
    at doListen (node:net:2014:7)
    at process.processTicksAndRejections (node:internal/process/task_queues:83:21)
[32minfo[39m: Server closed
[31m[nodemon] app crashed - waiting for file changes before starting...[39m
[32m[nodemon] restarting due to changes...[39m
[32m[nodemon] starting `node src/index.js`[39m
(node:26216) NOTE: The AWS SDK for JavaScript (v2) is in maintenance mode.
 SDK releases are limited to address critical bug fixes and security issues only.

Please migrate your code to use AWS SDK for JavaScript (v3).
For more information, check the blog post at https://a.co/cUPnyil
(Use `node --trace-warnings ...` to show where the warning was created)
[32minfo[39m: ✅ Connected to MongoDB
[32minfo[39m: 🔄 Testing PostgreSQL connection...
[32minfo[39m: 📊 Host: 20.169.129.160:5432
[32minfo[39m: 👤 User: sabyagentic_user
[32minfo[39m: 🗄️  Database: halograph
[32minfo[39m: ✅ PostgreSQL connected successfully
[32minfo[39m: Connected to email server
[32minfo[39m: 📋 PostgreSQL Version: PostgreSQL 15.14 (Debian 15.14-1.pgdg13+1) on x86_64-pc-linux-gnu, compiled by gcc (Debian 14.2.0-19) 14.2.0, 64-bit
[32minfo[39m: ✅ Redis connected
[32minfo[39m: ⚙️  Redis ready for commands
[32minfo[39m: ✅ Redis ping successful
[32minfo[39m: 🚀 Server is running on port 4000
[32minfo[39m: 🌍 Environment: development
[32minfo[39m: 📊 Database Status:
[32minfo[39m:    - MongoDB: ✅ Connected
[32minfo[39m:    - PostgreSQL: ✅ Connected
[32minfo[39m:    - Redis: ✅ Connected
[32minfo[39m: OPTIONS /v1/roles 204 - 1652.493 ms
[TenantPlugin] Pre-hook triggered for: findOne
[TenantPlugin] Options: {}
[32minfo[39m: OPTIONS /v1/structure 204 - 8.204 ms
[TenantPlugin] Pre-hook triggered for: findOne
[TenantPlugin] Options: {}
[32minfo[39m: OPTIONS /v1/users?page=1&limit=10 204 - 0.864 ms
[requireAccess] Checking access for endpoint: /v1/users?page=1&limit=10 {
  permissions: [],
  scope: undefined,
  environment: undefined,
  jwtOnly: false,
  apiOnly: false
}
[requireAccess] Incoming headers: {
  Authorization: 'Bearer eyJhbGciOiJIUzI1NiIsInR5cCI6IkpXVCJ9.eyJzdWIiOiI2OGU0ODdlZjNkOTFhYzZkOTY2MTBmNWQiLCJpYXQiOjE3NTk5MzQzODgsImV4cCI6MTc1OTkzNjE4OCwidHlwZSI6ImFjY2VzcyJ9.efwp3ZdshTSxRWQj-KG-b36DksaWM3BSbpKYFYYRleI',
  'x-api-key': undefined,
  requiredPermissions: []
}
[requireAccess] Full request headers: {
  host: 'localhost:4000',
  connection: 'keep-alive',
  'sec-ch-ua-platform': '"macOS"',
  authorization: 'Bearer eyJhbGciOiJIUzI1NiIsInR5cCI6IkpXVCJ9.eyJzdWIiOiI2OGU0ODdlZjNkOTFhYzZkOTY2MTBmNWQiLCJpYXQiOjE3NTk5MzQzODgsImV4cCI6MTc1OTkzNjE4OCwidHlwZSI6ImFjY2VzcyJ9.efwp3ZdshTSxRWQj-KG-b36DksaWM3BSbpKYFYYRleI',
  'user-agent': 'Mozilla/5.0 (Macintosh; Intel Mac OS X 10_15_7) AppleWebKit/537.36 (KHTML, like Gecko) Chrome/140.0.0.0 Safari/537.36',
  accept: 'application/json, text/plain, */*',
  'sec-ch-ua': '"Chromium";v="140", "Not=A?Brand";v="24", "Google Chrome";v="140"',
  'sec-ch-ua-mobile': '?0',
  origin: 'http://localhost:3000',
  'sec-fetch-site': 'same-site',
  'sec-fetch-mode': 'cors',
  'sec-fetch-dest': 'empty',
  referer: 'http://localhost:3000/',
  'accept-encoding': 'gzip, deflate, br, zstd',
  'accept-language': 'en-GB,en-US;q=0.9,en;q=0.8',
  cookie: 'next-auth.csrf-token=96deec27a9593852adab67b674f7288270729bb7aedf60f7cf96d18105863c33%7C212af7b822d8d058b2d02bd77bd769f453a57f1c28ca2eda9ba89e2f525b70cc; next-auth.callback-url=http%3A%2F%2Flocalhost%3A3000%2F; next-auth.session-token=eyJhbGciOiJkaXIiLCJlbmMiOiJBMjU2R0NNIn0..9DmpCPNbPQGnax6Z.MvANBxdIa8FrTMQaiXZM8VxKwm-RLhhCB0LW37RKorWzaJZUIeyyFyHUFIuXTswxVEQiglhiZAdZEmDphIIJ4kYPrAkKVqj3OT_BctfeqmaExPN101GIiV8ZJq7aIqo9oN4TayB3qR4KQJzZJD753S-jHzTea7FdDgO0JCJy2Aq-LURZ7B4WXSyNytwwvpCKsRf1PeWkFxdYDL0kmJAizyHkJUNHPR5Z-a0fjM3gGPQNZ_MoEKjlS2xQzKh_ot8XfyN8IUSli54-zdO11FAZ7nj7piqWCgDC59Z9xLLq8vQfE681K1ORqM0vki9ThdPY1dL-E0rmyuivhAmkDjtiUCQ8X32awGxktgoYs63JpNSoL7y9xUOrhSxs4W3BqO4r3xPVwfZfrGa0QIrIvtwMWaD94EdzZuyb7heZcklV4KEyy7wVLCFof99xCeBjtNXhA0guGFjLT-_zRHSq-F_E4TegmnByO5n6N0SSZyKIomwa68HOKEc9pJJecaCx10jyF8paoIPzfqQ3-lNUcMy7_mqh5YLcXqfBzWQkphaljVbqVvrO7ywmqAJaSwn7kJjlz8occLc41qKmNJWdn4oxujNDL4aBtNgE0Kr6Us_zGTvSF8xNNwkNvKrfJLvIfMxq1vTu3RQT66psK04LPOMclp9Y9tFdGTyVWqzuXpI-tAEpvlKCRyqSwAFmPKpQvhsKMK7ixQLmWrpdF7z1vti6TfOgdmoK_pbJSQi7U8_kvZiLW8zA6Ty2WtXESfHqCeA8Q2gQ1O-gFTF4JFT0sJaYSgDoP3-MPg_HSKKpsfPjbjsg-4EJByN7YHprMT-2hxMMREPyki5Vc0SSgYcxDGMWsesXL_AMgjBVv73JeHEaZslL0G1a0ykTEyk1g7esYLlAgtd8Nd_d9Pe3blo_onVTaQsGLekATsSNZfVpufn26h1ytudbcroOeB8Tom_e7ynsv5-yGus_QQZf628bux-0keUSutOnRu-NaABN5TBSvqMrFkU6lmQE8Jk0tXruvulzQSemW2ptS2W6lWc0daCh1hJyzwklwn6EEGtxgKcUMvcskJI5Ks14Cp9wPLgOFvMlKterWzla2xJQ_i30q9rM47DOPnhMgceQDykGLyZ5G3wQjl18EV9LSWznQIhMKemyr4fJp-WROi4-GAHZuGVn-qHEIseqn_kM-D_OPgwuLIb7V5L-enLYu5EeURlwGNUJImCD4I7x21EypFA_Oqn_zlJCz8l2ugGpzDTVq0AROtMzwmV8VHuQlGP3jI3OlK-WRHCVvpO3J9eQcbnOtkemybcFP9rpB0mS-ceRKqN5AdgT2tSiiAYeTcvCWWXLZLzKdFM0TNTK0isgXgoY4bukAjQPa7J9yGmioHeeDXQicsKVsFlNF_seEyoiKhnwBUHABy-484k8EYpzqC7DspMUQ5XJrmyLjKeeugmA-Y32C3INHAhQLDy5dbXY32BsBL8kTQRlnUDthiGQ8l9A3XciAgRBCaYOzh1A2tr7hMbLS55brEhWgBn6ZY55G1SOyjbuRZG4YM0_B6s18awbIHR8JfdxuWI49mzBCqOXDFJLshnOaQxccj6WxzFpIIBf_w8Le4m5Dw6PyprHXoJTzwgRBDV1GKBFlI75ein0MTv5x06YKOUsvCT1svaqACegnSs9kzsMZba6BJnJdcz_q0r2M8lnrmXOA1sPKt34c0lMQ5dCZhEFn9Zm2MaSpoc_6lYGIG7aFFdPQIi_Z83r8t2X2Hxu0nkpegrtZH1DZzEacID-jgY-kudVT3itckXniDzACmCSlQj-mxGMs_KLCPMx70paqGKbOrjXUEvD2_yLU4E_OMhdIRq5dqG87reAhwVt94kD9Brz53spmKDR_GKFISUxXjnSXVfN1RnGwnAajuL27c0xRFXhWtugTLm6wVxCDfTuWpFVy2uAJ5771Lvr_lafIercGeIib6Xvad1GjJOVVsR8hasjIde6jku_-Ek67jG2HWBxFCCzfuDf7ZgZmcwAzxNNF0aefPYYx0ZH9po0nAdg71XfN0NQCEBqhBQIVPC7fGY5ppEbsqDpmPwPjgN-FU3XxcsCmJVA_JiUiF4Tn8EF5Tu_bQ.lXZicxImC01XFaaV7CD1ZQ',
  'if-none-match': 'W/"e53-Xo3ZQkcHFo8myyii8NICA6763Ic"'
}
[requireAccess] Detected JWT
[TenantPlugin] Pre-hook triggered for: findOne
[TenantPlugin] Options: {}
--- AUTH DEBUG ---
Route: /v1/structure
HTTP Method: GET
Required Permissions: [ 'view:structures' ]
[STRUCTURE CONTROLLER - QUERY] Query params: {}
[STRUCTURE CONTROLLER - QUERY] User tenant ID: YYj9stYAH6
[STRUCTURE CONTROLLER - QUERY] Filter with tenantId: { tenantId: 'YYj9stYAH6' }
[STRUCTURE CONTROLLER - QUERY] Populate options: level,parent
[TenantPlugin] paginate() - incoming options: { populate: 'level,parent' }
[TenantPlugin] Pre-hook triggered for: countDocuments
[TenantPlugin] Options: {}
[TenantPlugin] Pre-hook triggered for: find
[TenantPlugin] Options: { sort: { createdAt: 1 }, skip: 0, limit: 10 }
[requireAccess] Authenticated user: {
  roles: [],
  isOwner: true,
  isSuper: true,
  isSaby: false,
  isAgreed: true,
  createdBy: null,
  otp: null,
  otpExpires: null,
  otpVerified: true,
  phoneNumber: null,
  isPhoneVerified: false,
  isEmailVerified: false,
  avatar: 'https://halocrm.s3.us-east-1.amazonaws.com/user/avatar-06.webp',
  status: true,
  deletedAt: null,
  _id: 68e487ef3d91ac6d96610f5d,
  email: 'owner@saby.ai',
  password: '$2a$08$AIhvwSwpbERTeVHrsknVxu733kyDeODwilRBzRVNhYIBhX38/ObJO',
  firstname: 'ibk',
  lastname: 'adebowale',
  userId: 'Ka4IasEqab',
  tenantId: 'YYj9stYAH6',
  createdAt: 2025-10-07T03:24:31.582Z,
  updatedAt: 2025-10-07T03:25:03.024Z,
  haloId: 'HL-0002L',
  __v: 0
}
[requireAccess] Resolved access: user
[getUsers] User: owner@saby.ai, isSaby: false, isSuper: true, isOwner: true, tenantId: YYj9stYAH6
[queryUsers] SuperUser/Owner - filtering by tenantId: YYj9stYAH6
[TenantPlugin] paginate() - incoming options: {
  limit: 10,
  page: 1,
  populate: 'roles',
  user: {
    roles: [],
    isOwner: true,
    isSuper: true,
    isSaby: false,
    isAgreed: true,
    createdBy: null,
    otp: null,
    otpExpires: null,
    otpVerified: true,
    phoneNumber: null,
    isPhoneVerified: false,
    isEmailVerified: false,
    avatar: 'https://halocrm.s3.us-east-1.amazonaws.com/user/avatar-06.webp',
    status: true,
    deletedAt: null,
    _id: 68e487ef3d91ac6d96610f5d,
    email: 'owner@saby.ai',
    password: '$2a$08$AIhvwSwpbERTeVHrsknVxu733kyDeODwilRBzRVNhYIBhX38/ObJO',
    firstname: 'ibk',
    lastname: 'adebowale',
    userId: 'Ka4IasEqab',
    tenantId: 'YYj9stYAH6',
    createdAt: 2025-10-07T03:24:31.582Z,
    updatedAt: 2025-10-07T03:25:03.024Z,
    haloId: 'HL-0002L',
    __v: 0
  },
  sortBy: 'createdAt:desc'
}
[TenantPlugin] Adding tenantId to filter: YYj9stYAH6
[TenantPlugin] Adding tenantId to user: {
  roles: [],
  isOwner: true,
  isSuper: true,
  isSaby: false,
  isAgreed: true,
  createdBy: null,
  otp: null,
  otpExpires: null,
  otpVerified: true,
  phoneNumber: null,
  isPhoneVerified: false,
  isEmailVerified: false,
  avatar: 'https://halocrm.s3.us-east-1.amazonaws.com/user/avatar-06.webp',
  status: true,
  deletedAt: null,
  _id: 68e487ef3d91ac6d96610f5d,
  email: 'owner@saby.ai',
  password: '$2a$08$AIhvwSwpbERTeVHrsknVxu733kyDeODwilRBzRVNhYIBhX38/ObJO',
  firstname: 'ibk',
  lastname: 'adebowale',
  userId: 'Ka4IasEqab',
  tenantId: 'YYj9stYAH6',
  createdAt: 2025-10-07T03:24:31.582Z,
  updatedAt: 2025-10-07T03:25:03.024Z,
  haloId: 'HL-0002L',
  __v: 0
}
[TenantPlugin] Pre-hook triggered for: countDocuments
[TenantPlugin] Options: {}
[TenantPlugin] Pre-hook triggered for: find
[TenantPlugin] Options: { sort: { createdAt: -1 }, skip: 0, limit: 10 }
--- AUTH DEBUG ---
Route: /v1/roles
HTTP Method: GET
Required Permissions: [ 'view:roles' ]
[TenantPlugin] Pre-hook triggered for: find
[TenantPlugin] Options: { skip: undefined, limit: undefined, perDocumentLimit: undefined }
[TenantPlugin] Pre-hook triggered for: find
[TenantPlugin] Options: { skip: undefined, limit: undefined, perDocumentLimit: undefined }
[TenantPlugin] Pre-hook triggered for: countDocuments
[TenantPlugin] Options: {}
[STRUCTURE CONTROLLER - QUERY] Found 4 structures for tenant: YYj9stYAH6
[STRUCTURE CONTROLLER - QUERY] Returning structures: [
  {
    position: { x: -708.8074567042663, y: -1152.8722725068146 },
    isSpecial: false,
    isActive: true,
    type: 'administrative',
    parent: null,
    path: '68e65b4f44b251ec3b95e518',
    identity: [],
    hierarchy: Map(0) {},
    _id: 68e65b4f44b251ec3b95e518,
    tenantId: 'YYj9stYAH6',
    name: 'GLOBAL',
    code: 'jasper',
    description: '',
    level: {
      description: '',
      deletedAt: null,
      _id: 68e4fbbc2f3a6979ded81ee9,
      tenantId: 'YYj9stYAH6',
      name: 'Level 0',
      rank: 0,
      createdAt: 2025-10-07T11:38:36.223Z,
      updatedAt: 2025-10-07T11:38:36.223Z,
      __v: 0
    },
    createdBy: 68e487ef3d91ac6d96610f5d,
    createdAt: 2025-10-08T12:38:39.095Z,
    updatedAt: 2025-10-08T13:14:39.416Z,
    haloId: 'GL-0003O',
    fingerprint: 'level 0:68e65b4f44b251ec3b95e518',
    __v: 0
  },
  {
    position: { x: -1129.2531391860023, y: -850.634030075247 },
    isSpecial: true,
    isActive: true,
    type: 'administrative',
    parent: null,
    path: '68e662ebe8cb8a083d437d22',
    identity: [],
    hierarchy: Map(0) {},
    _id: 68e662ebe8cb8a083d437d22,
    tenantId: 'YYj9stYAH6',
    name: 'branch church op',
    code: 'diamond',
    description: '',
    level: {
      description: '',
      deletedAt: null,
      _id: 68e4fbe42f3a6979ded81f07,
      tenantId: 'YYj9stYAH6',
      name: 'Level 1',
      rank: 1,
      createdAt: 2025-10-07T11:39:16.189Z,
      updatedAt: 2025-10-07T11:39:16.189Z,
      __v: 0
    },
    createdBy: 68e487ef3d91ac6d96610f5d,
    createdAt: 2025-10-08T13:11:07.544Z,
    updatedAt: 2025-10-08T14:42:13.428Z,
    haloId: 'NE-0003T',
    fingerprint: 'level 1:68e662ebe8cb8a083d437d22',
    __v: 0
  },
  {
    position: { x: -320.5156129569781, y: -437.1981350647864 },
    isSpecial: true,
    isActive: true,
    type: 'administrative',
    parent: null,
    path: '68e6631ee8cb8a083d437d41',
    identity: [],
    hierarchy: Map(0) {},
    _id: 68e6631ee8cb8a083d437d41,
    tenantId: 'YYj9stYAH6',
    name: 'New emerald',
    code: 'emerald',
    description: '',
    level: {
      description: '',
      deletedAt: null,
      _id: 68e4fbe42f3a6979ded81f07,
      tenantId: 'YYj9stYAH6',
      name: 'Level 1',
      rank: 1,
      createdAt: 2025-10-07T11:39:16.189Z,
      updatedAt: 2025-10-07T11:39:16.189Z,
      __v: 0
    },
    createdBy: 68e487ef3d91ac6d96610f5d,
    createdAt: 2025-10-08T13:11:58.897Z,
    updatedAt: 2025-10-08T14:00:11.036Z,
    haloId: 'NE-0003U',
    fingerprint: 'level 1:68e6631ee8cb8a083d437d41',
    __v: 0
  },
  {
    position: { x: -968.1164385667662, y: -520.6499132981311 },
    isSpecial: false,
    isActive: true,
    type: 'administrative',
    parent: null,
    path: '68e6784e859f5a6c092c567c',
    identity: [],
    hierarchy: Map(0) {},
    _id: 68e6784e859f5a6c092c567c,
    tenantId: 'YYj9stYAH6',
    name: 'New jasper',
    code: 'jasper',
    description: '',
    level: {
      description: '',
      deletedAt: null,
      _id: 68e58989814ef8f50f45dfb1,
      tenantId: 'YYj9stYAH6',
      name: 'Level 2',
      rank: 2,
      createdAt: 2025-10-07T21:43:37.503Z,
      updatedAt: 2025-10-07T21:43:37.503Z,
      __v: 0
    },
    createdBy: 68e487ef3d91ac6d96610f5d,
    createdAt: 2025-10-08T14:42:22.186Z,
    updatedAt: 2025-10-08T14:42:22.186Z,
    haloId: 'NE-0003W',
    fingerprint: 'level 2:68e6784e859f5a6c092c567c',
    __v: 0
  }
]
[32minfo[39m: GET /v1/structure 304 - 3418.200 ms
[32minfo[39m: GET /v1/users?page=1&limit=10 304 - 3243.553 ms
[32minfo[39m: GET /v1/roles 304 - 4196.069 ms
[TenantPlugin] Pre-hook triggered for: findOne
[TenantPlugin] Options: {}
[requireAccess] Checking access for endpoint: /v1/users?page=1&limit=10 {
  permissions: [],
  scope: undefined,
  environment: undefined,
  jwtOnly: false,
  apiOnly: false
}
[requireAccess] Incoming headers: {
  Authorization: 'Bearer eyJhbGciOiJIUzI1NiIsInR5cCI6IkpXVCJ9.eyJzdWIiOiI2OGU0ODdlZjNkOTFhYzZkOTY2MTBmNWQiLCJpYXQiOjE3NTk5MzQzODgsImV4cCI6MTc1OTkzNjE4OCwidHlwZSI6ImFjY2VzcyJ9.efwp3ZdshTSxRWQj-KG-b36DksaWM3BSbpKYFYYRleI',
  'x-api-key': undefined,
  requiredPermissions: []
}
[requireAccess] Full request headers: {
  host: 'localhost:4000',
  connection: 'keep-alive',
  'sec-ch-ua-platform': '"macOS"',
  authorization: 'Bearer eyJhbGciOiJIUzI1NiIsInR5cCI6IkpXVCJ9.eyJzdWIiOiI2OGU0ODdlZjNkOTFhYzZkOTY2MTBmNWQiLCJpYXQiOjE3NTk5MzQzODgsImV4cCI6MTc1OTkzNjE4OCwidHlwZSI6ImFjY2VzcyJ9.efwp3ZdshTSxRWQj-KG-b36DksaWM3BSbpKYFYYRleI',
  'user-agent': 'Mozilla/5.0 (Macintosh; Intel Mac OS X 10_15_7) AppleWebKit/537.36 (KHTML, like Gecko) Chrome/140.0.0.0 Safari/537.36',
  accept: 'application/json, text/plain, */*',
  'sec-ch-ua': '"Chromium";v="140", "Not=A?Brand";v="24", "Google Chrome";v="140"',
  'sec-ch-ua-mobile': '?0',
  origin: 'http://localhost:3000',
  'sec-fetch-site': 'same-site',
  'sec-fetch-mode': 'cors',
  'sec-fetch-dest': 'empty',
  referer: 'http://localhost:3000/',
  'accept-encoding': 'gzip, deflate, br, zstd',
  'accept-language': 'en-GB,en-US;q=0.9,en;q=0.8',
  cookie: 'next-auth.csrf-token=96deec27a9593852adab67b674f7288270729bb7aedf60f7cf96d18105863c33%7C212af7b822d8d058b2d02bd77bd769f453a57f1c28ca2eda9ba89e2f525b70cc; next-auth.callback-url=http%3A%2F%2Flocalhost%3A3000%2F; next-auth.session-token=eyJhbGciOiJkaXIiLCJlbmMiOiJBMjU2R0NNIn0..Z_V8DDRvWUqYc8gJ.yUR_xquJx2urwTJLiw-Pn_7Mu-03gvwCnAh6gg0Kk-t9Fab0TAegcEDiYu_7zkKRm6kQ9_LtQjoopF4iSqZMUgWoJWP-E3T1EKycDBrjFqbqgEHqg48e4EKZYXMNWQ2yq68CFaYucUbKmCNp6SUrm81EYdhGqgPSZG3XA5nWC-e7TTJ6ESHVqgU2Wy8aJZeLBcT0gMvoZ60hpWUbGEOeHcgS_uRKm2_yxufH84nN7EaPu0lcMfmQIgUOgIymF7CO99tEp9eRuQF18MjXxXBju6OMHVbK3ZT3vB5At3WT0Xd6wBykA-4e7vQOswUjiMqKij45UuBcnyVAd8TIDTT3S1xIk-OUMdkdp5vaEL7qg75D3nA-O3jm5SI5lnYvM8SbtVUMJ1bGvPhJJmK6MSgdOVJUpjKJflg2kuTaRdhk1mXB2zKe9PRA3m6Nmsg5kE0GbvQzdvvmnc2t_tQA7z2pKYtSTNXBK7np8yyYNUX1YjWTGVJ7gwonJEZOFdmfImNvcC_vKbL6AWrHVfzj_G7igLlmK0-PnNCkDNPcAwDPGyZOWlo4vsCI6oMHJuxhrltqJkJtU1Fv8LvnbiGSF84gRVXe296CbK-raQSYYFda6YXGNwy_9YFWj3DQqwdr8raqnlJLwictdQLQ3dgUlmIL44j67EAtA-91b9H6fKKlIx-EfB-3DeQjR5bIfe12kGqRYGw83VkOjSgmshOzfRgCYeuppYDuIq7IEf4_VYA1HIdvfG6QcUfll7qpmlJf8wftVHjQmoYPbZ-rM2Umaev-K5CsJtgGpULTJRqO4kHqSzI9Xnn5LJkQCuGiujnJ0SGQgFObcorwjBjQVH7Xcg3kxi3a7eA75G674mTuzyIZyXBpTdQzl8RvszzxAwpFdCj2pq71Cy69PEkRifGWLUzh84fg8qV8DMBlrr2wmLig-pdar7bXXwxvReYlW0-KJtRPGIjrxgk9kD-z-u4kGzuz1co3kqv0z4oAm1QgAc0wG-VSodENLFjK7G0MY8AAFXK5cKgM-1Y1hiidf_nE-6YDMugK04BAybyy92wHUdn_NiOfd183KbXAYTnjkQ9zm-qQYRTzHL_ZkQqKnVd_tW1J4-NSYxxTClwKnsuc957G4M6MF-lloLVR2hWzZgPZmV8Q7OQxKDQM83Y1yGmPDjPtYWIdvR8M009t_YS2zm9zmTxjNyHK_z1F40cBGe2PpcsNzaowbNs7xiWBnUxhybPihjbHGBH81SmxS-QfINZDHDHzepPASwi339oyxxN3Z6vNO5qY_IlJDgAmFdt0VnxB2bajlrziYgzUHCtl0Ngv8qH5up8UowLayZmbS2huS9vUK0HVlstYttC9KsHVLG0TSUvaJFL8CwB4QR_nuhIuZzZSUf9IPzEwUuw16tXwLom3YiqRdt-CK9oXe6nM4ORe8aUEutyQSlSmcipf9_3CVnsBlnDMObjpyQZIFXdV4JHgdeOmyaiQiMxjegLxPjfHP_Q3iAMqoVD3ogE3D0ZXH481lc6-VGsEaCrTdKI0r8v1ICuDIW65QHNuetRL23ueqOmoiV0tR8VtJLNvrvUGtoGLgdj2AZLL1zcVG2D7HGqLkz-930_e3oIBPrZU9lZANEq-LokwEhGdUyt0k4urB56AdRwN0y-BMRlB55CBOjghWQFspBRvmJM3SBtWSHBKSiVPwz_0A1pfJMvwPvUiE_eHD-9lFTLU_nr-v8TqePYrZEIHQCvQ2YYzkEfNw4pbAsLldQ4_-5Bo-Y0fJTl-9RUFgedvAfoxW0x6I8W8dPT9z_4kn9xU0sgaz6RVXlznkyCKtrWCz7TynQiqxz9jvObhYJ0Twjy-7tYWosndpvCTXrQaUgWGjyvNekAqdZ4zYb6e11cZeMJUP-AJ275s0x4hXAadwWzaQxG9kRsOoHePT5rhyUyYVobQ9H5bs7hXt39q92OAkpYWkQCWWSgVIlfiKuhrGaCWdJuIksxtMGOCC7QxtUeiAAQIBoPWfwr93haopqR54Fk2fZ-zcmKQ8vcWKWPasy8XNS6Wsf0bMd9y8S3ZvTdqm_X-QjsU7_cHzVkaLx32hf-TXinpkxhbnA2pl1_p6exKow.u1qtHOCzAp4048k7Xtycgw',
  'if-none-match': 'W/"e53-Xo3ZQkcHFo8myyii8NICA6763Ic"'
}
[requireAccess] Detected JWT
[TenantPlugin] Pre-hook triggered for: findOne
[TenantPlugin] Options: {}
--- AUTH DEBUG ---
Route: /v1/structure
HTTP Method: GET
Required Permissions: [ 'view:structures' ]
[STRUCTURE CONTROLLER - QUERY] Query params: {}
[STRUCTURE CONTROLLER - QUERY] User tenant ID: YYj9stYAH6
[STRUCTURE CONTROLLER - QUERY] Filter with tenantId: { tenantId: 'YYj9stYAH6' }
[STRUCTURE CONTROLLER - QUERY] Populate options: level,parent
[TenantPlugin] paginate() - incoming options: { populate: 'level,parent' }
[TenantPlugin] Pre-hook triggered for: countDocuments
[TenantPlugin] Options: {}
[TenantPlugin] Pre-hook triggered for: find
[TenantPlugin] Options: { sort: { createdAt: 1 }, skip: 0, limit: 10 }
[requireAccess] Authenticated user: {
  roles: [],
  isOwner: true,
  isSuper: true,
  isSaby: false,
  isAgreed: true,
  createdBy: null,
  otp: null,
  otpExpires: null,
  otpVerified: true,
  phoneNumber: null,
  isPhoneVerified: false,
  isEmailVerified: false,
  avatar: 'https://halocrm.s3.us-east-1.amazonaws.com/user/avatar-06.webp',
  status: true,
  deletedAt: null,
  _id: 68e487ef3d91ac6d96610f5d,
  email: 'owner@saby.ai',
  password: '$2a$08$AIhvwSwpbERTeVHrsknVxu733kyDeODwilRBzRVNhYIBhX38/ObJO',
  firstname: 'ibk',
  lastname: 'adebowale',
  userId: 'Ka4IasEqab',
  tenantId: 'YYj9stYAH6',
  createdAt: 2025-10-07T03:24:31.582Z,
  updatedAt: 2025-10-07T03:25:03.024Z,
  haloId: 'HL-0002L',
  __v: 0
}
[requireAccess] Resolved access: user
[getUsers] User: owner@saby.ai, isSaby: false, isSuper: true, isOwner: true, tenantId: YYj9stYAH6
[queryUsers] SuperUser/Owner - filtering by tenantId: YYj9stYAH6
[TenantPlugin] paginate() - incoming options: {
  limit: 10,
  page: 1,
  populate: 'roles',
  user: {
    roles: [],
    isOwner: true,
    isSuper: true,
    isSaby: false,
    isAgreed: true,
    createdBy: null,
    otp: null,
    otpExpires: null,
    otpVerified: true,
    phoneNumber: null,
    isPhoneVerified: false,
    isEmailVerified: false,
    avatar: 'https://halocrm.s3.us-east-1.amazonaws.com/user/avatar-06.webp',
    status: true,
    deletedAt: null,
    _id: 68e487ef3d91ac6d96610f5d,
    email: 'owner@saby.ai',
    password: '$2a$08$AIhvwSwpbERTeVHrsknVxu733kyDeODwilRBzRVNhYIBhX38/ObJO',
    firstname: 'ibk',
    lastname: 'adebowale',
    userId: 'Ka4IasEqab',
    tenantId: 'YYj9stYAH6',
    createdAt: 2025-10-07T03:24:31.582Z,
    updatedAt: 2025-10-07T03:25:03.024Z,
    haloId: 'HL-0002L',
    __v: 0
  },
  sortBy: 'createdAt:desc'
}
[TenantPlugin] Adding tenantId to filter: YYj9stYAH6
[TenantPlugin] Adding tenantId to user: {
  roles: [],
  isOwner: true,
  isSuper: true,
  isSaby: false,
  isAgreed: true,
  createdBy: null,
  otp: null,
  otpExpires: null,
  otpVerified: true,
  phoneNumber: null,
  isPhoneVerified: false,
  isEmailVerified: false,
  avatar: 'https://halocrm.s3.us-east-1.amazonaws.com/user/avatar-06.webp',
  status: true,
  deletedAt: null,
  _id: 68e487ef3d91ac6d96610f5d,
  email: 'owner@saby.ai',
  password: '$2a$08$AIhvwSwpbERTeVHrsknVxu733kyDeODwilRBzRVNhYIBhX38/ObJO',
  firstname: 'ibk',
  lastname: 'adebowale',
  userId: 'Ka4IasEqab',
  tenantId: 'YYj9stYAH6',
  createdAt: 2025-10-07T03:24:31.582Z,
  updatedAt: 2025-10-07T03:25:03.024Z,
  haloId: 'HL-0002L',
  __v: 0
}
[TenantPlugin] Pre-hook triggered for: countDocuments
[TenantPlugin] Options: {}
[TenantPlugin] Pre-hook triggered for: find
[TenantPlugin] Options: { sort: { createdAt: -1 }, skip: 0, limit: 10 }
[TenantPlugin] Pre-hook triggered for: find
[TenantPlugin] Options: { skip: undefined, limit: undefined, perDocumentLimit: undefined }
[TenantPlugin] Pre-hook triggered for: find
[TenantPlugin] Options: { skip: undefined, limit: undefined, perDocumentLimit: undefined }
[32minfo[39m: GET /v1/users?page=1&limit=10 304 - 44.139 ms
[STRUCTURE CONTROLLER - QUERY] Found 4 structures for tenant: YYj9stYAH6
[STRUCTURE CONTROLLER - QUERY] Returning structures: [
  {
    position: { x: -708.8074567042663, y: -1152.8722725068146 },
    isSpecial: false,
    isActive: true,
    type: 'administrative',
    parent: null,
    path: '68e65b4f44b251ec3b95e518',
    identity: [],
    hierarchy: Map(0) {},
    _id: 68e65b4f44b251ec3b95e518,
    tenantId: 'YYj9stYAH6',
    name: 'GLOBAL',
    code: 'jasper',
    description: '',
    level: {
      description: '',
      deletedAt: null,
      _id: 68e4fbbc2f3a6979ded81ee9,
      tenantId: 'YYj9stYAH6',
      name: 'Level 0',
      rank: 0,
      createdAt: 2025-10-07T11:38:36.223Z,
      updatedAt: 2025-10-07T11:38:36.223Z,
      __v: 0
    },
    createdBy: 68e487ef3d91ac6d96610f5d,
    createdAt: 2025-10-08T12:38:39.095Z,
    updatedAt: 2025-10-08T13:14:39.416Z,
    haloId: 'GL-0003O',
    fingerprint: 'level 0:68e65b4f44b251ec3b95e518',
    __v: 0
  },
  {
    position: { x: -1129.2531391860023, y: -850.634030075247 },
    isSpecial: true,
    isActive: true,
    type: 'administrative',
    parent: null,
    path: '68e662ebe8cb8a083d437d22',
    identity: [],
    hierarchy: Map(0) {},
    _id: 68e662ebe8cb8a083d437d22,
    tenantId: 'YYj9stYAH6',
    name: 'branch church op',
    code: 'diamond',
    description: '',
    level: {
      description: '',
      deletedAt: null,
      _id: 68e4fbe42f3a6979ded81f07,
      tenantId: 'YYj9stYAH6',
      name: 'Level 1',
      rank: 1,
      createdAt: 2025-10-07T11:39:16.189Z,
      updatedAt: 2025-10-07T11:39:16.189Z,
      __v: 0
    },
    createdBy: 68e487ef3d91ac6d96610f5d,
    createdAt: 2025-10-08T13:11:07.544Z,
    updatedAt: 2025-10-08T14:42:13.428Z,
    haloId: 'NE-0003T',
    fingerprint: 'level 1:68e662ebe8cb8a083d437d22',
    __v: 0
  },
  {
    position: { x: -320.5156129569781, y: -437.1981350647864 },
    isSpecial: true,
    isActive: true,
    type: 'administrative',
    parent: null,
    path: '68e6631ee8cb8a083d437d41',
    identity: [],
    hierarchy: Map(0) {},
    _id: 68e6631ee8cb8a083d437d41,
    tenantId: 'YYj9stYAH6',
    name: 'New emerald',
    code: 'emerald',
    description: '',
    level: {
      description: '',
      deletedAt: null,
      _id: 68e4fbe42f3a6979ded81f07,
      tenantId: 'YYj9stYAH6',
      name: 'Level 1',
      rank: 1,
      createdAt: 2025-10-07T11:39:16.189Z,
      updatedAt: 2025-10-07T11:39:16.189Z,
      __v: 0
    },
    createdBy: 68e487ef3d91ac6d96610f5d,
    createdAt: 2025-10-08T13:11:58.897Z,
    updatedAt: 2025-10-08T14:00:11.036Z,
    haloId: 'NE-0003U',
    fingerprint: 'level 1:68e6631ee8cb8a083d437d41',
    __v: 0
  },
  {
    position: { x: -968.1164385667662, y: -520.6499132981311 },
    isSpecial: false,
    isActive: true,
    type: 'administrative',
    parent: null,
    path: '68e6784e859f5a6c092c567c',
    identity: [],
    hierarchy: Map(0) {},
    _id: 68e6784e859f5a6c092c567c,
    tenantId: 'YYj9stYAH6',
    name: 'New jasper',
    code: 'jasper',
    description: '',
    level: {
      description: '',
      deletedAt: null,
      _id: 68e58989814ef8f50f45dfb1,
      tenantId: 'YYj9stYAH6',
      name: 'Level 2',
      rank: 2,
      createdAt: 2025-10-07T21:43:37.503Z,
      updatedAt: 2025-10-07T21:43:37.503Z,
      __v: 0
    },
    createdBy: 68e487ef3d91ac6d96610f5d,
    createdAt: 2025-10-08T14:42:22.186Z,
    updatedAt: 2025-10-08T14:42:22.186Z,
    haloId: 'NE-0003W',
    fingerprint: 'level 2:68e6784e859f5a6c092c567c',
    __v: 0
  }
]
[32minfo[39m: GET /v1/structure 304 - 65.154 ms
[TenantPlugin] Pre-hook triggered for: findOne
[TenantPlugin] Options: {}
--- AUTH DEBUG ---
Route: /v1/structure
HTTP Method: GET
Required Permissions: [ 'view:structures' ]
[STRUCTURE CONTROLLER - QUERY] Query params: {}
[STRUCTURE CONTROLLER - QUERY] User tenant ID: YYj9stYAH6
[STRUCTURE CONTROLLER - QUERY] Filter with tenantId: { tenantId: 'YYj9stYAH6' }
[STRUCTURE CONTROLLER - QUERY] Populate options: level,parent
[TenantPlugin] paginate() - incoming options: { populate: 'level,parent' }
[TenantPlugin] Pre-hook triggered for: countDocuments
[TenantPlugin] Options: {}
[TenantPlugin] Pre-hook triggered for: find
[TenantPlugin] Options: { sort: { createdAt: 1 }, skip: 0, limit: 10 }
[TenantPlugin] Pre-hook triggered for: find
[TenantPlugin] Options: { skip: undefined, limit: undefined, perDocumentLimit: undefined }
[STRUCTURE CONTROLLER - QUERY] Found 4 structures for tenant: YYj9stYAH6
[STRUCTURE CONTROLLER - QUERY] Returning structures: [
  {
    position: { x: -708.8074567042663, y: -1152.8722725068146 },
    isSpecial: false,
    isActive: true,
    type: 'administrative',
    parent: null,
    path: '68e65b4f44b251ec3b95e518',
    identity: [],
    hierarchy: Map(0) {},
    _id: 68e65b4f44b251ec3b95e518,
    tenantId: 'YYj9stYAH6',
    name: 'GLOBAL',
    code: 'jasper',
    description: '',
    level: {
      description: '',
      deletedAt: null,
      _id: 68e4fbbc2f3a6979ded81ee9,
      tenantId: 'YYj9stYAH6',
      name: 'Level 0',
      rank: 0,
      createdAt: 2025-10-07T11:38:36.223Z,
      updatedAt: 2025-10-07T11:38:36.223Z,
      __v: 0
    },
    createdBy: 68e487ef3d91ac6d96610f5d,
    createdAt: 2025-10-08T12:38:39.095Z,
    updatedAt: 2025-10-08T13:14:39.416Z,
    haloId: 'GL-0003O',
    fingerprint: 'level 0:68e65b4f44b251ec3b95e518',
    __v: 0
  },
  {
    position: { x: -1129.2531391860023, y: -850.634030075247 },
    isSpecial: true,
    isActive: true,
    type: 'administrative',
    parent: null,
    path: '68e662ebe8cb8a083d437d22',
    identity: [],
    hierarchy: Map(0) {},
    _id: 68e662ebe8cb8a083d437d22,
    tenantId: 'YYj9stYAH6',
    name: 'branch church op',
    code: 'diamond',
    description: '',
    level: {
      description: '',
      deletedAt: null,
      _id: 68e4fbe42f3a6979ded81f07,
      tenantId: 'YYj9stYAH6',
      name: 'Level 1',
      rank: 1,
      createdAt: 2025-10-07T11:39:16.189Z,
      updatedAt: 2025-10-07T11:39:16.189Z,
      __v: 0
    },
    createdBy: 68e487ef3d91ac6d96610f5d,
    createdAt: 2025-10-08T13:11:07.544Z,
    updatedAt: 2025-10-08T14:42:13.428Z,
    haloId: 'NE-0003T',
    fingerprint: 'level 1:68e662ebe8cb8a083d437d22',
    __v: 0
  },
  {
    position: { x: -320.5156129569781, y: -437.1981350647864 },
    isSpecial: true,
    isActive: true,
    type: 'administrative',
    parent: null,
    path: '68e6631ee8cb8a083d437d41',
    identity: [],
    hierarchy: Map(0) {},
    _id: 68e6631ee8cb8a083d437d41,
    tenantId: 'YYj9stYAH6',
    name: 'New emerald',
    code: 'emerald',
    description: '',
    level: {
      description: '',
      deletedAt: null,
      _id: 68e4fbe42f3a6979ded81f07,
      tenantId: 'YYj9stYAH6',
      name: 'Level 1',
      rank: 1,
      createdAt: 2025-10-07T11:39:16.189Z,
      updatedAt: 2025-10-07T11:39:16.189Z,
      __v: 0
    },
    createdBy: 68e487ef3d91ac6d96610f5d,
    createdAt: 2025-10-08T13:11:58.897Z,
    updatedAt: 2025-10-08T14:00:11.036Z,
    haloId: 'NE-0003U',
    fingerprint: 'level 1:68e6631ee8cb8a083d437d41',
    __v: 0
  },
  {
    position: { x: -968.1164385667662, y: -520.6499132981311 },
    isSpecial: false,
    isActive: true,
    type: 'administrative',
    parent: null,
    path: '68e6784e859f5a6c092c567c',
    identity: [],
    hierarchy: Map(0) {},
    _id: 68e6784e859f5a6c092c567c,
    tenantId: 'YYj9stYAH6',
    name: 'New jasper',
    code: 'jasper',
    description: '',
    level: {
      description: '',
      deletedAt: null,
      _id: 68e58989814ef8f50f45dfb1,
      tenantId: 'YYj9stYAH6',
      name: 'Level 2',
      rank: 2,
      createdAt: 2025-10-07T21:43:37.503Z,
      updatedAt: 2025-10-07T21:43:37.503Z,
      __v: 0
    },
    createdBy: 68e487ef3d91ac6d96610f5d,
    createdAt: 2025-10-08T14:42:22.186Z,
    updatedAt: 2025-10-08T14:42:22.186Z,
    haloId: 'NE-0003W',
    fingerprint: 'level 2:68e6784e859f5a6c092c567c',
    __v: 0
  }
]
[32minfo[39m: GET /v1/structure 304 - 99.318 ms
[TenantPlugin] Pre-hook triggered for: findOne
[TenantPlugin] Options: {}
--- AUTH DEBUG ---
Route: /v1/structure
HTTP Method: GET
Required Permissions: [ 'view:structures' ]
[STRUCTURE CONTROLLER - QUERY] Query params: {}
[STRUCTURE CONTROLLER - QUERY] User tenant ID: YYj9stYAH6
[STRUCTURE CONTROLLER - QUERY] Filter with tenantId: { tenantId: 'YYj9stYAH6' }
[STRUCTURE CONTROLLER - QUERY] Populate options: level,parent
[TenantPlugin] paginate() - incoming options: { populate: 'level,parent' }
[TenantPlugin] Pre-hook triggered for: countDocuments
[TenantPlugin] Options: {}
[TenantPlugin] Pre-hook triggered for: find
[TenantPlugin] Options: { sort: { createdAt: 1 }, skip: 0, limit: 10 }
[TenantPlugin] Pre-hook triggered for: find
[TenantPlugin] Options: { skip: undefined, limit: undefined, perDocumentLimit: undefined }
[STRUCTURE CONTROLLER - QUERY] Found 4 structures for tenant: YYj9stYAH6
[STRUCTURE CONTROLLER - QUERY] Returning structures: [
  {
    position: { x: -708.8074567042663, y: -1152.8722725068146 },
    isSpecial: false,
    isActive: true,
    type: 'administrative',
    parent: null,
    path: '68e65b4f44b251ec3b95e518',
    identity: [],
    hierarchy: Map(0) {},
    _id: 68e65b4f44b251ec3b95e518,
    tenantId: 'YYj9stYAH6',
    name: 'GLOBAL',
    code: 'jasper',
    description: '',
    level: {
      description: '',
      deletedAt: null,
      _id: 68e4fbbc2f3a6979ded81ee9,
      tenantId: 'YYj9stYAH6',
      name: 'Level 0',
      rank: 0,
      createdAt: 2025-10-07T11:38:36.223Z,
      updatedAt: 2025-10-07T11:38:36.223Z,
      __v: 0
    },
    createdBy: 68e487ef3d91ac6d96610f5d,
    createdAt: 2025-10-08T12:38:39.095Z,
    updatedAt: 2025-10-08T13:14:39.416Z,
    haloId: 'GL-0003O',
    fingerprint: 'level 0:68e65b4f44b251ec3b95e518',
    __v: 0
  },
  {
    position: { x: -1129.2531391860023, y: -850.634030075247 },
    isSpecial: true,
    isActive: true,
    type: 'administrative',
    parent: null,
    path: '68e662ebe8cb8a083d437d22',
    identity: [],
    hierarchy: Map(0) {},
    _id: 68e662ebe8cb8a083d437d22,
    tenantId: 'YYj9stYAH6',
    name: 'branch church op',
    code: 'diamond',
    description: '',
    level: {
      description: '',
      deletedAt: null,
      _id: 68e4fbe42f3a6979ded81f07,
      tenantId: 'YYj9stYAH6',
      name: 'Level 1',
      rank: 1,
      createdAt: 2025-10-07T11:39:16.189Z,
      updatedAt: 2025-10-07T11:39:16.189Z,
      __v: 0
    },
    createdBy: 68e487ef3d91ac6d96610f5d,
    createdAt: 2025-10-08T13:11:07.544Z,
    updatedAt: 2025-10-08T14:42:13.428Z,
    haloId: 'NE-0003T',
    fingerprint: 'level 1:68e662ebe8cb8a083d437d22',
    __v: 0
  },
  {
    position: { x: -320.5156129569781, y: -437.1981350647864 },
    isSpecial: true,
    isActive: true,
    type: 'administrative',
    parent: null,
    path: '68e6631ee8cb8a083d437d41',
    identity: [],
    hierarchy: Map(0) {},
    _id: 68e6631ee8cb8a083d437d41,
    tenantId: 'YYj9stYAH6',
    name: 'New emerald',
    code: 'emerald',
    description: '',
    level: {
      description: '',
      deletedAt: null,
      _id: 68e4fbe42f3a6979ded81f07,
      tenantId: 'YYj9stYAH6',
      name: 'Level 1',
      rank: 1,
      createdAt: 2025-10-07T11:39:16.189Z,
      updatedAt: 2025-10-07T11:39:16.189Z,
      __v: 0
    },
    createdBy: 68e487ef3d91ac6d96610f5d,
    createdAt: 2025-10-08T13:11:58.897Z,
    updatedAt: 2025-10-08T14:00:11.036Z,
    haloId: 'NE-0003U',
    fingerprint: 'level 1:68e6631ee8cb8a083d437d41',
    __v: 0
  },
  {
    position: { x: -968.1164385667662, y: -520.6499132981311 },
    isSpecial: false,
    isActive: true,
    type: 'administrative',
    parent: null,
    path: '68e6784e859f5a6c092c567c',
    identity: [],
    hierarchy: Map(0) {},
    _id: 68e6784e859f5a6c092c567c,
    tenantId: 'YY[32m[nodemon] restarting due to changes...[39m
[32m[nodemon] starting `node src/index.js`[39m
(node:4523) NOTE: The AWS SDK for JavaScript (v2) is in maintenance mode.
 SDK releases are limited to address critical bug fixes and security issues only.

Please migrate your code to use AWS SDK for JavaScript (v3).
For more information, check the blog post at https://a.co/cUPnyil
(Use `node --trace-warnings ...` to show where the warning was created)
[32minfo[39m: ✅ Connected to MongoDB
[32minfo[39m: 🔄 Testing PostgreSQL connection...
[32minfo[39m: 📊 Host: 20.169.129.160:5432
[32minfo[39m: 👤 User: sabyagentic_user
[32minfo[39m: 🗄️  Database: halograph
[32minfo[39m: Connected to email server
[32minfo[39m: ✅ PostgreSQL connected successfully
[32minfo[39m: 📋 PostgreSQL Version: PostgreSQL 15.14 (Debian 15.14-1.pgdg13+1) on x86_64-pc-linux-gnu, compiled by gcc (Debian 14.2.0-19) 14.2.0, 64-bit
[32minfo[39m: ✅ Redis connected
[32minfo[39m: ⚙️  Redis ready for commands
[32minfo[39m: ✅ Redis ping successful
[31merror[39m: Error: listen EADDRINUSE: address already in use :::4000
    at Server.setupListenHandle [as _listen2] (node:net:1817:16)
    at listenInCluster (node:net:1865:12)
    at doListen (node:net:2014:7)
    at process.processTicksAndRejections (node:internal/process/task_queues:83:21)
[32minfo[39m: Server closed
[31m[nodemon] app crashed - waiting for file changes before starting...[39m
[32m[nodemon] restarting due to changes...[39m
[32m[nodemon] starting `node src/index.js`[39m
/Users/fadebowaley/saby/sabyBackend/src/controllers/structure.controller.js:153
};);
^

SyntaxError: missing ) after argument list
    at internalCompileFunction (node:internal/vm:76:18)
    at wrapSafe (node:internal/modules/cjs/loader:1283:20)
    at Module._compile (node:internal/modules/cjs/loader:1328:27)
    at Module._extensions..js (node:internal/modules/cjs/loader:1422:10)
    at Module.load (node:internal/modules/cjs/loader:1203:32)
    at Module._load (node:internal/modules/cjs/loader:1019:12)
    at Module.require (node:internal/modules/cjs/loader:1231:19)
    at require (node:internal/modules/helpers:177:18)
    at Object.<anonymous> (/Users/fadebowaley/saby/sabyBackend/src/routes/v1/structure.route.js:5:29)
    at Module._compile (node:internal/modules/cjs/loader:1364:14)
    at Module._extensions..js (node:internal/modules/cjs/loader:1422:10)
    at Module.load (node:internal/modules/cjs/loader:1203:32)
    at Module._load (node:internal/modules/cjs/loader:1019:12)
    at Module.require (node:internal/modules/cjs/loader:1231:19)
    at require (node:internal/modules/helpers:177:18)
    at Object.<anonymous> (/Users/fadebowaley/saby/sabyBackend/src/routes/v1/index.js:14:24)

Node.js v18.20.2
[31m[nodemon] app crashed - waiting for file changes before starting...[39m
[32m[nodemon] restarting due to changes...[39m
[32m[nodemon] starting `node src/index.js`[39m
[32m[nodemon] restarting due to changes...[39m
[32m[nodemon] restarting due to changes...[39m
[32m[nodemon] starting `node src/index.js`[39m
(node:22055) NOTE: The AWS SDK for JavaScript (v2) is in maintenance mode.
 SDK releases are limited to address critical bug fixes and security issues only.

Please migrate your code to use AWS SDK for JavaScript (v3).
For more information, check the blog post at https://a.co/cUPnyil
(Use `node --trace-warnings ...` to show where the warning was created)
[32minfo[39m: ✅ Connected to MongoDB
[32minfo[39m: 🔄 Testing PostgreSQL connection...
[32minfo[39m: 📊 Host: 20.169.129.160:5432
[32minfo[39m: 👤 User: sabyagentic_user
[32minfo[39m: 🗄️  Database: halograph
[32minfo[39m: ✅ PostgreSQL connected successfully
[32minfo[39m: 📋 PostgreSQL Version: PostgreSQL 15.14 (Debian 15.14-1.pgdg13+1) on x86_64-pc-linux-gnu, compiled by gcc (Debian 14.2.0-19) 14.2.0, 64-bit
[32minfo[39m: ✅ Redis connected
[32minfo[39m: ⚙️  Redis ready for commands
[32minfo[39m: ✅ Redis ping successful
[31merror[39m: Error: listen EADDRINUSE: address already in use :::4000
    at Server.setupListenHandle [as _listen2] (node:net:1817:16)
    at listenInCluster (node:net:1865:12)
    at doListen (node:net:2014:7)
    at process.processTicksAndRejections (node:internal/process/task_queues:83:21)
[32minfo[39m: Server closed
[31m[nodemon] app crashed - waiting for file changes before starting...[39m
[32m[nodemon] restarting due to changes...[39m
[32m[nodemon] starting `node src/index.js`[39m
[32m[nodemon] restarting due to changes...[39m
[32m[nodemon] starting `node src/index.js`[39m
[32m[nodemon] restarting due to changes...[39m
[32m[nodemon] starting `node src/index.js`[39m
(node:35717) NOTE: The AWS SDK for JavaScript (v2) is in maintenance mode.
 SDK releases are limited to address critical bug fixes and security issues only.

Please migrate your code to use AWS SDK for JavaScript (v3).
For more information, check the blog post at https://a.co/cUPnyil
(Use `node --trace-warnings ...` to show where the warning was created)
[32minfo[39m: ✅ Connected to MongoDB
[32minfo[39m: 🔄 Testing PostgreSQL connection...
[32minfo[39m: 📊 Host: 20.169.129.160:5432
[32minfo[39m: 👤 User: sabyagentic_user
[32minfo[39m: 🗄️  Database: halograph
[32minfo[39m: ✅ PostgreSQL connected successfully
[32minfo[39m: 📋 PostgreSQL Version: PostgreSQL 15.14 (Debian 15.14-1.pgdg13+1) on x86_64-pc-linux-gnu, compiled by gcc (Debian 14.2.0-19) 14.2.0, 64-bit
[32minfo[39m: Connected to email server
[32minfo[39m: ✅ Redis connected
[32minfo[39m: ⚙️  Redis ready for commands
[32minfo[39m: ✅ Redis ping successful
[31merror[39m: Error: listen EADDRINUSE: address already in use :::4000
    at Server.setupListenHandle [as _listen2] (node:net:1817:16)
    at listenInCluster (node:net:1865:12)
    at doListen (node:net:2014:7)
    at process.processTicksAndRejections (node:internal/process/task_queues:83:21)
[32minfo[39m: Server closed
[31m[nodemon] app crashed - waiting for file changes before starting...[39m
[32m[nodemon] restarting due to changes...[39m
[32m[nodemon] starting `node src/index.js`[39m
(node:59213) NOTE: The AWS SDK for JavaScript (v2) is in maintenance mode.
 SDK releases are limited to address critical bug fixes and security issues only.

Please migrate your code to use AWS SDK for JavaScript (v3).
For more information, check the blog post at https://a.co/cUPnyil
(Use `node --trace-warnings ...` to show where the warning was created)
[32minfo[39m: Connected to email server
[31merror[39m: connect ECONNREFUSED ::1:27017
[31m[nodemon] app crashed - waiting for file changes before starting...[39m
[32m[nodemon] restarting due to changes...[39m
[32m[nodemon] starting `node src/index.js`[39m
(node:70273) NOTE: The AWS SDK for JavaScript (v2) is in maintenance mode.
 SDK releases are limited to address critical bug fixes and security issues only.

Please migrate your code to use AWS SDK for JavaScript (v3).
For more information, check the blog post at https://a.co/cUPnyil
(Use `node --trace-warnings ...` to show where the warning was created)
[32minfo[39m: ✅ Connected to MongoDB
[32minfo[39m: 🔄 Testing PostgreSQL connection...
[32minfo[39m: 📊 Host: 20.169.129.160:5432
[32minfo[39m: 👤 User: sabyagentic_user
[32minfo[39m: 🗄️  Database: halograph
[32minfo[39m: Connected to email server
[32minfo[39m: ✅ PostgreSQL connected successfully
[32minfo[39m: 📋 PostgreSQL Version: PostgreSQL 15.14 (Debian 15.14-1.pgdg13+1) on x86_64-pc-linux-gnu, compiled by gcc (Debian 14.2.0-19) 14.2.0, 64-bit
[32minfo[39m: ✅ Redis connected
[32minfo[39m: ⚙️  Redis ready for commands
[32minfo[39m: ✅ Redis ping successful
[31merror[39m: Error: listen EADDRINUSE: address already in use :::4000
    at Server.setupListenHandle [as _listen2] (node:net:1817:16)
    at listenInCluster (node:net:1865:12)
    at doListen (node:net:2014:7)
    at process.processTicksAndRejections (node:internal/process/task_queues:83:21)
[32minfo[39m: Server closed
[31m[nodemon] app crashed - waiting for file changes before starting...[39m
[32m[nodemon] restarting due to changes...[39m
[32m[nodemon] starting `node src/index.js`[39m
(node:73576) NOTE: The AWS SDK for JavaScript (v2) is in maintenance mode.
 SDK releases are limited to address critical bug fixes and security issues only.

Please migrate your code to use AWS SDK for JavaScript (v3).
For more information, check the blog post at https://a.co/cUPnyil
(Use `node --trace-warnings ...` to show where the warning was created)
[32minfo[39m: ✅ Connected to MongoDB
[32minfo[39m: 🔄 Testing PostgreSQL connection...
[32minfo[39m: 📊 Host: 20.169.129.160:5432
[32minfo[39m: 👤 User: sabyagentic_user
[32minfo[39m: 🗄️  Database: halograph
[32minfo[39m: ✅ PostgreSQL connected successfully
[32minfo[39m: 📋 PostgreSQL Version: PostgreSQL 15.14 (Debian 15.14-1.pgdg13+1) on x86_64-pc-linux-gnu, compiled by gcc (Debian 14.2.0-19) 14.2.0, 64-bit
[32minfo[39m: ✅ Redis connected
[32minfo[39m: ⚙️  Redis ready for commands
[32minfo[39m: ✅ Redis ping successful
[31merror[39m: Error: listen EADDRINUSE: address already in use :::4000
    at Server.setupListenHandle [as _listen2] (node:net:1817:16)
    at listenInCluster (node:net:1865:12)
    at doListen (node:net:2014:7)
    at process.processTicksAndRejections (node:internal/process/task_queues:83:21)
[32minfo[39m: Server closed
[31m[nodemon] app crashed - waiting for file changes before starting...[39m
[32m[nodemon] restarting due to changes...[39m
[32m[nodemon] starting `node src/index.js`[39m
(node:63985) NOTE: The AWS SDK for JavaScript (v2) is in maintenance mode.
 SDK releases are limited to address critical bug fixes and security issues only.

Please migrate your code to use AWS SDK for JavaScript (v3).
For more information, check the blog post at https://a.co/cUPnyil
(Use `node --trace-warnings ...` to show where the warning was created)
[32minfo[39m: ✅ Connected to MongoDB
[32minfo[39m: 🔄 Testing PostgreSQL connection...
[32minfo[39m: 📊 Host: 20.169.129.160:5432
[32minfo[39m: 👤 User: sabyagentic_user
[32minfo[39m: 🗄️  Database: halograph
[32minfo[39m: Connected to email server
[32m[nodemon] restarting due to changes...[39m
[32m[nodemon] starting `node src/index.js`[39m
[32m[nodemon] restarting due to changes...[39m
[32m[nodemon] starting `node src/index.js`[39m
[32m[nodemon] restarting due to changes...[39m
[32m[nodemon] starting `node src/index.js`[39m
[32m[nodemon] restarting due to changes...[39m
[32m[nodemon] starting `node src/index.js`[39m
[32m[nodemon] restarting due to changes...[39m
[32m[nodemon] restarting due to changes...[39m
[32m[nodemon] restarting due to changes...[39m
[32m[nodemon] starting `node src/index.js`[39m
[32m[nodemon] restarting due to changes...[39m
[32m[nodemon] starting `node src/index.js`[39m
(node:70971) NOTE: The AWS SDK for JavaScript (v2) is in maintenance mode.
 SDK releases are limited to address critical bug fixes and security issues only.

Please migrate your code to use AWS SDK for JavaScript (v3).
For more information, check the blog post at https://a.co/cUPnyil
(Use `node --trace-warnings ...` to show where the warning was created)
[32minfo[39m: ✅ Connected to MongoDB
[32minfo[39m: 🔄 Testing PostgreSQL connection...
[32minfo[39m: 📊 Host: 20.169.129.160:5432
[32minfo[39m: 👤 User: sabyagentic_user
[32minfo[39m: 🗄️  Database: halograph
[32minfo[39m: ✅ PostgreSQL connected successfully
[32minfo[39m: 📋 PostgreSQL Version: PostgreSQL 15.14 (Debian 15.14-1.pgdg13+1) on x86_64-pc-linux-gnu, compiled by gcc (Debian 14.2.0-19) 14.2.0, 64-bit
[32minfo[39m: ✅ Redis connected
[32minfo[39m: ⚙️  Redis ready for commands
[32minfo[39m: ✅ Redis ping successful
[31merror[39m: Error: listen EADDRINUSE: address already in use :::4000
    at Server.setupListenHandle [as _listen2] (node:net:1817:16)
    at listenInCluster (node:net:1865:12)
    at doListen (node:net:2014:7)
    at process.processTicksAndRejections (node:internal/process/task_queues:83:21)
[32minfo[39m: Server closed
[31m[nodemon] app crashed - waiting for file changes before starting...[39m
[32m[nodemon] restarting due to changes...[39m
[32m[nodemon] starting `node src/index.js`[39m
[32m[nodemon] restarting due to changes...[39m
[32m[nodemon] starting `node src/index.js`[39m
(node:73316) NOTE: The AWS SDK for JavaScript (v2) is in maintenance mode.
 SDK releases are limited to address critical bug fixes and security issues only.

Please migrate your code to use AWS SDK for JavaScript (v3).
For more information, check the blog post at https://a.co/cUPnyil
(Use `node --trace-warnings ...` to show where the warning was created)
[32minfo[39m: ✅ Connected to MongoDB
[32minfo[39m: 🔄 Testing PostgreSQL connection...
[32minfo[39m: 📊 Host: 20.169.129.160:5432
[32minfo[39m: 👤 User: sabyagentic_user
[32minfo[39m: 🗄️  Database: halograph
[32minfo[39m: ✅ PostgreSQL connected successfully
[32minfo[39m: 📋 PostgreSQL Version: PostgreSQL 15.14 (Debian 15.14-1.pgdg13+1) on x86_64-pc-linux-gnu, compiled by gcc (Debian 14.2.0-19) 14.2.0, 64-bit
[32minfo[39m: ✅ Redis connected
[32minfo[39m: ⚙️  Redis ready for commands
[32minfo[39m: ✅ Redis ping successful
[31merror[39m: Error: listen EADDRINUSE: address already in use :::4000
    at Server.setupListenHandle [as _listen2] (node:net:1817:16)
    at listenInCluster (node:net:1865:12)
    at doListen (node:net:2014:7)
    at process.processTicksAndRejections (node:internal/process/task_queues:83:21)
[32minfo[39m: Server closed
[31m[nodemon] app crashed - waiting for file changes before starting...[39m
[32m[nodemon] restarting due to changes...[39m
[32m[nodemon] starting `node src/index.js`[39m
[32m[nodemon] restarting due to changes...[39m
[32m[nodemon] restarting due to changes...[39m
[32m[nodemon] restarting due to changes...[39m
[32m[nodemon] starting `node src/index.js`[39m
(node:80357) NOTE: The AWS SDK for JavaScript (v2) is in maintenance mode.
 SDK releases are limited to address critical bug fixes and security issues only.

Please migrate your code to use AWS SDK for JavaScript (v3).
For more information, check the blog post at https://a.co/cUPnyil
(Use `node --trace-warnings ...` to show where the warning was created)
[32minfo[39m: ✅ Connected to MongoDB
[32minfo[39m: 🔄 Testing PostgreSQL connection...
[32minfo[39m: 📊 Host: 20.169.129.160:5432
[32minfo[39m: 👤 User: sabyagentic_user
[32minfo[39m: 🗄️  Database: halograph
[32minfo[39m: ✅ PostgreSQL connected successfully
[32minfo[39m: 📋 PostgreSQL Version: PostgreSQL 15.14 (Debian 15.14-1.pgdg13+1) on x86_64-pc-linux-gnu, compiled by gcc (Debian 14.2.0-19) 14.2.0, 64-bit
[32minfo[39m: ✅ Redis connected
[32minfo[39m: ⚙️  Redis ready for commands
[32minfo[39m: ✅ Redis ping successful
[31merror[39m: Error: listen EADDRINUSE: address already in use :::4000
    at Server.setupListenHandle [as _listen2] (node:net:1817:16)
    at listenInCluster (node:net:1865:12)
    at doListen (node:net:2014:7)
    at process.processTicksAndRejections (node:internal/process/task_queues:83:21)
[32minfo[39m: Server closed
[31m[nodemon] app crashed - waiting for file changes before starting...[39m
evel,parent' }
[TenantPlugin] Pre-hook triggered for: countDocuments
[TenantPlugin] Options: {}
[TenantPlugin] Pre-hook triggered for: find
[TenantPlugin] Options: { sort: { createdAt: 1 }, skip: 0, limit: 10 }
[TenantPlugin] Pre-hook triggered for: find
[TenantPlugin] Options: { skip: undefined, limit: undefined, perDocumentLimit: undefined }
[STRUCTURE CONTROLLER - QUERY] Found 4 structures for tenant: YYj9stYAH6
[STRUCTURE CONTROLLER - QUERY] Returning structures: [
  {
    position: { x: -708.8074567042663, y: -1152.8722725068146 },
    isSpecial: false,
    isActive: true,
    type: 'administrative',
    parent: null,
    path: '68e65b4f44b251ec3b95e518',
    identity: [],
    hierarchy: Map(0) {},
    _id: 68e65b4f44b251ec3b95e518,
    tenantId: 'YYj9stYAH6',
    name: 'GLOBAL',
    code: 'jasper',
    description: '',
    level: {
      description: '',
      deletedAt: null,
      _id: 68e4fbbc2f3a6979ded81ee9,
      tenantId: 'YYj9stYAH6',
      name: 'Level 0',
      rank: 0,
      createdAt: 2025-10-07T11:38:36.223Z,
      updatedAt: 2025-10-07T11:38:36.223Z,
      __v: 0
    },
    createdBy: 68e487ef3d91ac6d96610f5d,
    createdAt: 2025-10-08T12:38:39.095Z,
    updatedAt: 2025-10-08T13:14:39.416Z,
    haloId: 'GL-0003O',
    fingerprint: 'level 0:68e65b4f44b251ec3b95e518',
    __v: 0
  },
  {
    position: { x: -1129.2531391860023, y: -850.634030075247 },
    isSpecial: true,
    isActive: true,
    type: 'administrative',
    parent: null,
    path: '68e662ebe8cb8a083d437d22',
    identity: [],
    hierarchy: Map(0) {},
    _id: 68e662ebe8cb8a083d437d22,
    tenantId: 'YYj9stYAH6',
    name: 'branch church op',
    code: 'diamond',
    description: '',
    level: {
      description: '',
      deletedAt: null,
      _id: 68e4fbe42f3a6979ded81f07,
      tenantId: 'YYj9stYAH6',
      name: 'Level 1',
      rank: 1,
      createdAt: 2025-10-07T11:39:16.189Z,
      updatedAt: 2025-10-07T11:39:16.189Z,
      __v: 0
    },
    createdBy: 68e487ef3d91ac6d96610f5d,
    createdAt: 2025-10-08T13:11:07.544Z,
    updatedAt: 2025-10-08T14:42:13.428Z,
    haloId: 'NE-0003T',
    fingerprint: 'level 1:68e662ebe8cb8a083d437d22',
    __v: 0
  },
  {
    position: { x: -320.5156129569781, y: -437.1981350647864 },
    isSpecial: true,
    isActive: true,
    type: 'administrative',
    parent: null,
    path: '68e6631ee8cb8a083d437d41',
    identity: [],
    hierarchy: Map(0) {},
    _id: 68e6631ee8cb8a083d437d41,
    tenantId: 'YYj9stYAH6',
    name: 'New emerald',
    code: 'emerald',
    description: '',
    level: {
      description: '',
      deletedAt: null,
      _id: 68e4fbe42f3a6979ded81f07,
      tenantId: 'YYj9stYAH6',
      name: 'Level 1',
      rank: 1,
      createdAt: 2025-10-07T11:39:16.189Z,
      updatedAt: 2025-10-07T11:39:16.189Z,
      __v: 0
    },
    createdBy: 68e487ef3d91ac6d96610f5d,
    createdAt: 2025-10-08T13:11:58.897Z,
    updatedAt: 2025-10-08T14:00:11.036Z,
    haloId: 'NE-0003U',
    fingerprint: 'level 1:68e6631ee8cb8a083d437d41',
    __v: 0
  },
  {
    position: { x: -968.1164385667662, y: -520.6499132981311 },
    isSpecial: false,
    isActive: true,
    type: 'administrative',
    parent: null,
    path: '68e6784e859f5a6c092c567c',
    identity: [],
    hierarchy: Map(0) {},
    _id: 68e6784e859f5a6c092c567c,
    tenantId: 'YYj9stYAH6',
    name: 'New jasper',
    code: 'jasper',
    description: '',
    level: {
      description: '',
      deletedAt: null,
      _id: 68e58989814ef8f50f45dfb1,
      tenantId: 'YYj9stYAH6',
      name: 'Level 2',
      rank: 2,
      createdAt: 2025-10-07T21:43:37.503Z,
      updatedAt: 2025-10-07T21:43:37.503Z,
      __v: 0
    },
    createdBy: 68e487ef3d91ac6d96610f5d,
    createdAt: 2025-10-08T14:42:22.186Z,
    updatedAt: 2025-10-08T14:42:22.186Z,
    haloId: 'NE-0003W',
    fingerprint: 'level 2:68e6784e859f5a6c092c567c',
    __v: 0
  }
]
[32minfo[39m: GET /v1/structure 200 - 101.163 ms
[TenantPlugin] Pre-hook triggered for: findOne
[TenantPlugin] Options: {}
--- AUTH DEBUG ---
Route: /v1/structure
HTTP Method: GET
Required Permissions: [ 'view:structures' ]
[STRUCTURE CONTROLLER - QUERY] Query params: {}
[STRUCTURE CONTROLLER - QUERY] User tenant ID: YYj9stYAH6
[STRUCTURE CONTROLLER - QUERY] Filter with tenantId: { tenantId: 'YYj9stYAH6' }
[STRUCTURE CONTROLLER - QUERY] Populate options: level,parent
[TenantPlugin] paginate() - incoming options: { populate: 'level,parent' }
[TenantPlugin] Pre-hook triggered for: countDocuments
[TenantPlugin] Options: {}
[TenantPlugin] Pre-hook triggered for: find
[TenantPlugin] Options: { sort: { createdAt: 1 }, skip: 0, limit: 10 }
[TenantPlugin] Pre-hook triggered for: find
[TenantPlugin] Options: { skip: undefined, limit: undefined, perDocumentLimit: undefined }
[STRUCTURE CONTROLLER - QUERY] Found 4 structures for tenant: YYj9stYAH6
[STRUCTURE CONTROLLER - QUERY] Returning structures: [
  {
    position: { x: -708.8074567042663, y: -1152.8722725068146 },
    isSpecial: false,
    isActive: true,
    type: 'administrative',
    parent: null,
    path: '68e65b4f44b251ec3b95e518',
    identity: [],
    hierarchy: Map(0) {},
    _id: 68e65b4f44b251ec3b95e518,
    tenantId: 'YYj9stYAH6',
    name: 'GLOBAL',
    code: 'jasper',
    description: '',
    level: {
      description: '',
      deletedAt: null,
      _id: 68e4fbbc2f3a6979ded81ee9,
      tenantId: 'YYj9stYAH6',
      name: 'Level 0',
      rank: 0,
      createdAt: 2025-10-07T11:38:36.223Z,
      updatedAt: 2025-10-07T11:38:36.223Z,
      __v: 0
    },
    createdBy: 68e487ef3d91ac6d96610f5d,
    createdAt: 2025-10-08T12:38:39.095Z,
    updatedAt: 2025-10-08T13:14:39.416Z,
    haloId: 'GL-0003O',
    fingerprint: 'level 0:68e65b4f44b251ec3b95e518',
    __v: 0
  },
  {
    position: { x: -1129.2531391860023, y: -850.634030075247 },
    isSpecial: true,
    isActive: true,
    type: 'administrative',
    parent: null,
    path: '68e662ebe8cb8a083d437d22',
    identity: [],
    hierarchy: Map(0) {},
    _id: 68e662ebe8cb8a083d437d22,
    tenantId: 'YYj9stYAH6',
    name: 'branch church op',
    code: 'diamond',
    description: '',
    level: {
      description: '',
      deletedAt: null,
      _id: 68e4fbe42f3a6979ded81f07,
      tenantId: 'YYj9stYAH6',
      name: 'Level 1',
      rank: 1,
      createdAt: 2025-10-07T11:39:16.189Z,
      updatedAt: 2025-10-07T11:39:16.189Z,
      __v: 0
    },
    createdBy: 68e487ef3d91ac6d96610f5d,
    createdAt: 2025-10-08T13:11:07.544Z,
    updatedAt: 2025-10-08T14:42:13.428Z,
    haloId: 'NE-0003T',
    fingerprint: 'level 1:68e662ebe8cb8a083d437d22',
    __v: 0
  },
  {
    position: { x: -320.5156129569781, y: -437.1981350647864 },
    isSpecial: true,
    isActive: true,
    type: 'administrative',
    parent: null,
    path: '68e6631ee8cb8a083d437d41',
    identity: [],
    hierarchy: Map(0) {},
    _id: 68e6631ee8cb8a083d437d41,
    tenantId: 'YYj9stYAH6',
    name: 'New emerald',
    code: 'emerald',
    description: '',
    level: {
      description: '',
      deletedAt: null,
      _id: 68e4fbe42f3a6979ded81f07,
      tenantId: 'YYj9stYAH6',
      name: 'Level 1',
      rank: 1,
      createdAt: 2025-10-07T11:39:16.189Z,
      updatedAt: 2025-10-07T11:39:16.189Z,
      __v: 0
    },
    createdBy: 68e487ef3d91ac6d96610f5d,
    createdAt: 2025-10-08T13:11:58.897Z,
    updatedAt: 2025-10-08T14:00:11.036Z,
    haloId: 'NE-0003U',
    fingerprint: 'level 1:68e6631ee8cb8a083d437d41',
    __v: 0
  },
  {
    position: { x: -968.1164385667662, y: -520.6499132981311 },
    isSpecial: false,
    isActive: true,
    type: 'administrative',
    parent: null,
    path: '68e6784e859f5a6c092c567c',
    identity: [],
    hierarchy: Map(0) {},
    _id: 68e6784e859f5a6c092c567c,
    tenantId: 'YYj9stYAH6',
    name: 'New jasper',
    code: 'jasper',
    description: '',
    level: {
      description: '',
      deletedAt: null,
      _id: 68e58989814ef8f50f45dfb1,
      tenantId: 'YYj9stYAH6',
      name: 'Level 2',
      rank: 2,
      createdAt: 2025-10-07T21:43:37.503Z,
      updatedAt: 2025-10-07T21:43:37.503Z,
      __v: 0
    },
    createdBy: 68e487ef3d91ac6d96610f5d,
    createdAt: 2025-10-08T14:42:22.186Z,
    updatedAt: 2025-10-08T14:42:22.186Z,
    haloId: 'NE-0003W',
    fingerprint: 'level 2:68e6784e859f5a6c092c567c',
    __v: 0
  }
]
[32minfo[39m: GET /v1/structure 304 - 19.262 ms
[TenantPlugin] Pre-hook triggered for: findOne
[TenantPlugin] Options: {}
--- AUTH DEBUG ---
Route: /v1/structure
HTTP Method: GET
Required Permissions: [ 'view:structures' ]
[STRUCTURE CONTROLLER - QUERY] Query params: {}
[STRUCTURE CONTROLLER - QUERY] User tenant ID: YYj9stYAH6
[STRUCTURE CONTROLLER - QUERY] Filter with tenantId: { tenantId: 'YYj9stYAH6' }
[STRUCTURE CONTROLLER - QUERY] Populate options: level,parent
[TenantPlugin] paginate() - incoming options: { populate: 'level,parent' }
[TenantPlugin] Pre-hook triggered for: countDocuments
[TenantPlugin] Options: {}
[TenantPlugin] Pre-hook triggered for: find
[TenantPlugin] Options: { sort: { createdAt: 1 }, skip: 0, limit: 10 }
[TenantPlugin] Pre-hook triggered for: find
[TenantPlugin] Options: { skip: undefined, limit: undefined, perDocumentLimit: undefined }
[STRUCTURE CONTROLLER - QUERY] Found 4 structures for tenant: YYj9stYAH6
[STRUCTURE CONTROLLER - QUERY] Returning structures: [
  {
    position: { x: -708.8074567042663, y: -1152.8722725068146 },
    isSpecial: false,
    isActive: true,
    type: 'administrative',
    parent: null,
    path: '68e65b4f44b251ec3b95e518',
    identity: [],
    hierarchy: Map(0) {},
    _id: 68e65b4f44b251ec3b95e518,
    tenantId: 'YYj9stYAH6',
    name: 'GLOBAL',
    code: 'jasper',
    description: '',
    level: {
      description: '',
      deletedAt: null,
      _id: 68e4fbbc2f3a6979ded81ee9,
      tenantId: 'YYj9stYAH6',
      name: 'Level 0',
      rank: 0,
      createdAt: 2025-10-07T11:38:36.223Z,
      updatedAt: 2025-10-07T11:38:36.223Z,
      __v: 0
    },
    createdBy: 68e487ef3d91ac6d96610f5d,
    createdAt: 2025-10-08T12:38:39.095Z,
    updatedAt: 2025-10-08T13:14:39.416Z,
    haloId: 'GL-0003O',
    fingerprint: 'level 0:68e65b4f44b251ec3b95e518',
    __v: 0
  },
  {
    position: { x: -1129.2531391860023, y: -850.634030075247 },
    isSpecial: true,
    isActive: true,
    type: 'administrative',
    parent: null,
    path: '68e662ebe8cb8a083d437d22',
    identity: [],
    hierarchy: Map(0) {},
    _id: 68e662ebe8cb8a083d437d22,
    tenantId: 'YYj9stYAH6',
    name: 'branch church op',
    code: 'diamond',
    description: '',
    level: {
      description: '',
      deletedAt: null,
      _id: 68e4fbe42f3a6979ded81f07,
      tenantId: 'YYj9stYAH6',
      name: 'Level 1',
      rank: 1,
      createdAt: 2025-10-07T11:39:16.189Z,
      updatedAt: 2025-10-07T11:39:16.189Z,
      __v: 0
    },
    createdBy: 68e487ef3d91ac6d96610f5d,
    createdAt: 2025-10-08T13:11:07.544Z,
    updatedAt: 2025-10-08T14:42:13.428Z,
    haloId: 'NE-0003T',
    fingerprint: 'level 1:68e662ebe8cb8a083d437d22',
    __v: 0
  },
  {
    position: { x: -320.5156129569781, y: -437.1981350647864 },
    isSpecial: true,
    isActive: true,
    type: 'administrative',
    parent: null,
    path: '68e6631ee8cb8a083d437d41',
    identity: [],
    hierarchy: Map(0) {},
    _id: 68e6631ee8cb8a083d437d41,
    tenantId: 'YYj9stYAH6',
    name: 'New emerald',
    code: 'emerald',
    description: '',
    level: {
      description: '',
      deletedAt: null,
      _id: 68e4fbe42f3a6979ded81f07,
      tenantId: 'YYj9stYAH6',
      name: 'Level 1',
      rank: 1,
      createdAt: 2025-10-07T11:39:16.189Z,
      updatedAt: 2025-10-07T11:39:16.189Z,
      __v: 0
    },
    createdBy: 68e487ef3d91ac6d96610f5d,
    createdAt: 2025-10-08T13:11:58.897Z,
    updatedAt: 2025-10-08T14:00:11.036Z,
    haloId: 'NE-0003U',
    fingerprint: 'level 1:68e6631ee8cb8a083d437d41',
    __v: 0
  },
  {
    position: { x: -968.1164385667662, y: -520.6499132981311 },
    isSpecial: false,
    isActive: true,
    type: 'administrative',
    parent: null,
    path: '68e6784e859f5a6c092c567c',
    identity: [],
    hierarchy: Map(0) {},
    _id: 68e6784e859f5a6c092c567c,
    tenantId: 'YYj9stYAH6',
    name: 'New jasper',
    code: 'jasper',
    description: '',
    level: {
      description: '',
      deletedAt: null,
      _id: 68e58989814ef8f50f45dfb1,
      tenantId: 'YYj9stYAH6',
      name: 'Level 2',
      rank: 2,
      createdAt: 2025-10-07T21:43:37.503Z,
      updatedAt: 2025-10-07T21:43:37.503Z,
      __v: 0
    },
    createdBy: 68e487ef3d91ac6d96610f5d,
    createdAt: 2025-10-08T14:42:22.186Z,
    updatedAt: 2025-10-08T14:42:22.186Z,
    haloId: 'NE-0003W',
    fingerprint: 'level 2:68e6784e859f5a6c092c567c',
    __v: 0
  }
]
[32minfo[39m: GET /v1/structure 304 - 16.644 ms
--- AUTH DEBUG ---
Route: /v1/roles
HTTP Method: GET
Required Permissions: [ 'view:roles' ]
[31merror[39m: Error: Please authenticate
    at /Users/fadebowaley/saby/sabyBackend/src/middlewares/auth.js:16:19
    at allFailed (/Users/fadebowaley/saby/sabyBackend/node_modules/passport/lib/middleware/authenticate.js:107:18)
    at attempt (/Users/fadebowaley/saby/sabyBackend/node_modules/passport/lib/middleware/authenticate.js:180:28)
    at strategy.fail (/Users/fadebowaley/saby/sabyBackend/node_modules/passport/lib/middleware/authenticate.js:302:9)
    at JwtStrategy.authenticate (/Users/fadebowaley/saby/sabyBackend/node_modules/passport-jwt/lib/strategy.js:96:21)
    at attempt (/Users/fadebowaley/saby/sabyBackend/node_modules/passport/lib/middleware/authenticate.js:366:16)
    at authenticate (/Users/fadebowaley/saby/sabyBackend/node_modules/passport/lib/middleware/authenticate.js:367:7)
    at /Users/fadebowaley/saby/sabyBackend/src/middlewares/auth.js:110:109
    at new Promise (<anonymous>)
    at /Users/fadebowaley/saby/sabyBackend/src/middlewares/auth.js:109:12
    at Layer.handle [as handle_request] (/Users/fadebowaley/saby/sabyBackend/node_modules/express/lib/router/layer.js:95:5)
    at next (/Users/fadebowaley/saby/sabyBackend/node_modules/express/lib/router/route.js:137:13)
    at next (/Users/fadebowaley/saby/sabyBackend/node_modules/express/lib/router/route.js:131:14)
    at next (/Users/fadebowaley/saby/sabyBackend/node_modules/express/lib/router/route.js:131:14)
    at next (/Users/fadebowaley/saby/sabyBackend/node_modules/express/lib/router/route.js:131:14)
    at Route.dispatch (/Users/fadebowaley/saby/sabyBackend/node_modules/express/lib/router/route.js:112:3)
[31merror[39m: GET /v1/roles 401 - 21.745 ms - message: Please authenticate
[requireAccess] Checking access for endpoint: /v1/users?page=1&limit=10 {
  permissions: [],
  scope: undefined,
  environment: undefined,
  jwtOnly: false,
  apiOnly: false
}
[requireAccess] Incoming headers: {
  Authorization: undefined,
  'x-api-key': undefined,
  requiredPermissions: []
}
[requireAccess] Full request headers: {
  host: 'localhost:4000',
  connection: 'keep-alive',
  'sec-ch-ua-platform': '"macOS"',
  'user-agent': 'Mozilla/5.0 (Macintosh; Intel Mac OS X 10_15_7) AppleWebKit/537.36 (KHTML, like Gecko) Chrome/140.0.0.0 Safari/537.36',
  accept: 'application/json, text/plain, *[32m[nodemon] restarting due to changes...[39m
[32m[nodemon] starting `node src/index.js`[39m
(node:39193) MaxListenersExceededWarning: Possible EventEmitter memory leak detected. 11 exit listeners added to [Bus]. Use emitter.setMaxListeners() to increase limit
(Use `node --trace-warnings ...` to show where the warning was created)
(node:4516) NOTE: The AWS SDK for JavaScript (v2) is in maintenance mode.
 SDK releases are limited to address critical bug fixes and security issues only.

Please migrate your code to use AWS SDK for JavaScript (v3).
For more information, check the blog post at https://a.co/cUPnyil
(Use `node --trace-warnings ...` to show where the warning was created)
[32minfo[39m: ✅ Connected to MongoDB
[32minfo[39m: 🔄 Testing PostgreSQL connection...
[32minfo[39m: 📊 Host: 20.169.129.160:5432
[32minfo[39m: 👤 User: sabyagentic_user
[32minfo[39m: 🗄️  Database: halograph
[32minfo[39m: ✅ PostgreSQL connected successfully
[32minfo[39m: Connected to email server
[32minfo[39m: 📋 PostgreSQL Version: PostgreSQL 15.14 (Debian 15.14-1.pgdg13+1) on x86_64-pc-linux-gnu, compiled by gcc (Debian 14.2.0-19) 14.2.0, 64-bit
[32minfo[39m: ✅ Redis connected
[32minfo[39m: ⚙️  Redis ready for commands
[32minfo[39m: ✅ Redis ping successful
[31merror[39m: Error: listen EADDRINUSE: address already in use :::4000
    at Server.setupListenHandle [as _listen2] (node:net:1817:16)
    at listenInCluster (node:net:1865:12)
    at doListen (node:net:2014:7)
    at process.processTicksAndRejections (node:internal/process/task_queues:83:21)
[32minfo[39m: Server closed
[31m[nodemon] app crashed - waiting for file changes before starting...[39m
[32m[nodemon] restarting due to changes...[39m
[32m[nodemon] starting `node src/index.js`[39m
/Users/fadebowaley/saby/sabyBackend/src/controllers/structure.controller.js:153
};);
^

SyntaxError: missing ) after argument list
    at internalCompileFunction (node:internal/vm:76:18)
    at wrapSafe (node:internal/modules/cjs/loader:1283:20)
    at Module._compile (node:internal/modules/cjs/loader:1328:27)
    at Module._extensions..js (node:internal/modules/cjs/loader:1422:10)
    at Module.load (node:internal/modules/cjs/loader:1203:32)
    at Module._load (node:internal/modules/cjs/loader:1019:12)
    at Module.require (node:internal/modules/cjs/loader:1231:19)
    at require (node:internal/modules/helpers:177:18)
    at Object.<anonymous> (/Users/fadebowaley/saby/sabyBackend/src/routes/v1/structure.route.js:5:29)
    at Module._compile (node:internal/modules/cjs/loader:1364:14)
    at Module._extensions..js (node:internal/modules/cjs/loader:1422:10)
    at Module.load (node:internal/modules/cjs/loader:1203:32)
    at Module._load (node:internal/modules/cjs/loader:1019:12)
    at Module.require (node:internal/modules/cjs/loader:1231:19)
    at require (node:internal/modules/helpers:177:18)
    at Object.<anonymous> (/Users/fadebowaley/saby/sabyBackend/src/routes/v1/index.js:14:24)

Node.js v18.20.2
[31m[nodemon] app crashed - waiting for file changes before starting...[39m
[32m[nodemon] restarting due to changes...[39m
[32m[nodemon] starting `node src/index.js`[39m
[32m[nodemon] restarting due to changes...[39m
[32m[nodemon] restarting due to changes...[39m
[32m[nodemon] starting `node src/index.js`[39m
(node:21735) NOTE: The AWS SDK for JavaScript (v2) is in maintenance mode.
 SDK releases are limited to address critical bug fixes and security issues only.

Please migrate your code to use AWS SDK for JavaScript (v3).
For more information, check the blog post at https://a.co/cUPnyil
(Use `node --trace-warnings ...` to show where the warning was created)
[32minfo[39m: ✅ Connected to MongoDB
[32minfo[39m: 🔄 Testing PostgreSQL connection...
[32minfo[39m: 📊 Host: 20.169.129.160:5432
[32minfo[39m: 👤 User: sabyagentic_user
[32minfo[39m: 🗄️  Database: halograph
[32minfo[39m: ✅ PostgreSQL connected successfully
[32minfo[39m: 📋 PostgreSQL Version: PostgreSQL 15.14 (Debian 15.14-1.pgdg13+1) on x86_64-pc-linux-gnu, compiled by gcc (Debian 14.2.0-19) 14.2.0, 64-bit
[32minfo[39m: ✅ Redis connected
[32minfo[39m: ⚙️  Redis ready for commands
[32minfo[39m: ✅ Redis ping successful
[31merror[39m: Error: listen EADDRINUSE: address already in use :::4000
    at Server.setupListenHandle [as _listen2] (node:net:1817:16)
    at listenInCluster (node:net:1865:12)
    at doListen (node:net:2014:7)
    at process.processTicksAndRejections (node:internal/process/task_queues:83:21)
[32minfo[39m: Server closed
[31m[nodemon] app crashed - waiting for file changes before starting...[39m
[32m[nodemon] restarting due to changes...[39m
[32m[nodemon] starting `node src/index.js`[39m
[32m[nodemon] restarting due to changes...[39m
[32m[nodemon] starting `node src/index.js`[39m
[32m[nodemon] restarting due to changes...[39m
[32m[nodemon] starting `node src/index.js`[39m
(node:35551) NOTE: The AWS SDK for JavaScript (v2) is in maintenance mode.
 SDK releases are limited to address critical bug fixes and security issues only.

Please migrate your code to use AWS SDK for JavaScript (v3).
For more information, check the blog post at https://a.co/cUPnyil
(Use `node --trace-warnings ...` to show where the warning was created)
[32minfo[39m: ✅ Connected to MongoDB
[32minfo[39m: 🔄 Testing PostgreSQL connection...
[32minfo[39m: 📊 Host: 20.169.129.160:5432
[32minfo[39m: 👤 User: sabyagentic_user
[32minfo[39m: 🗄️  Database: halograph
[32minfo[39m: ✅ PostgreSQL connected successfully
[32minfo[39m: 📋 PostgreSQL Version: PostgreSQL 15.14 (Debian 15.14-1.pgdg13+1) on x86_64-pc-linux-gnu, compiled by gcc (Debian 14.2.0-19) 14.2.0, 64-bit
[32minfo[39m: ✅ Redis connected
[32minfo[39m: ⚙️  Redis ready for commands
[32minfo[39m: ✅ Redis ping successful
[31merror[39m: Error: listen EADDRINUSE: address already in use :::4000
    at Server.setupListenHandle [as _listen2] (node:net:1817:16)
    at listenInCluster (node:net:1865:12)
    at doListen (node:net:2014:7)
    at process.processTicksAndRejections (node:internal/process/task_queues:83:21)
[32minfo[39m: Server closed
[31m[nodemon] app crashed - waiting for file changes before starting...[39m
[32m[nodemon] restarting due to changes...[39m
[32m[nodemon] starting `node src/index.js`[39m
(node:59210) NOTE: The AWS SDK for JavaScript (v2) is in maintenance mode.
 SDK releases are limited to address critical bug fixes and security issues only.

Please migrate your code to use AWS SDK for JavaScript (v3).
For more information, check the blog post at https://a.co/cUPnyil
(Use `node --trace-warnings ...` to show where the warning was created)
[32minfo[39m: Connected to email server
[31merror[39m: connect ECONNREFUSED ::1:27017
[31m[nodemon] app crashed - waiting for file changes before starting...[39m
[32m[nodemon] restarting due to changes...[39m
[32m[nodemon] starting `node src/index.js`[39m
(node:70270) NOTE: The AWS SDK for JavaScript (v2) is in maintenance mode.
 SDK releases are limited to address critical bug fixes and security issues only.

Please migrate your code to use AWS SDK for JavaScript (v3).
For more information, check the blog post at https://a.co/cUPnyil
(Use `node --trace-warnings ...` to show where the warning was created)
[32minfo[39m: ✅ Connected to MongoDB
[32minfo[39m: 🔄 Testing PostgreSQL connection...
[32minfo[39m: 📊 Host: 20.169.129.160:5432
[32minfo[39m: 👤 User: sabyagentic_user
[32minfo[39m: 🗄️  Database: halograph
[32minfo[39m: ✅ PostgreSQL connected successfully
[32minfo[39m: 📋 PostgreSQL Version: PostgreSQL 15.14 (Debian 15.14-1.pgdg13+1) on x86_64-pc-linux-gnu, compiled by gcc (Debian 14.2.0-19) 14.2.0, 64-bit
[32minfo[39m: ✅ Redis connected
[32minfo[39m: ⚙️  Redis ready for commands
[32minfo[39m: ✅ Redis ping successful
[31merror[39m: Error: listen EADDRINUSE: address already in use :::4000
    at Server.setupListenHandle [as _listen2] (node:net:1817:16)
    at listenInCluster (node:net:1865:12)
    at doListen (node:net:2014:7)
    at process.processTicksAndRejections (node:internal/process/task_queues:83:21)
[32minfo[39m: Server closed
[31m[nodemon] app crashed - waiting for file changes before starting...[39m
[32m[nodemon] restarting due to changes...[39m
[32m[nodemon] starting `node src/index.js`[39m
(node:73551) NOTE: The AWS SDK for JavaScript (v2) is in maintenance mode.
 SDK releases are limited to address critical bug fixes and security issues only.

Please migrate your code to use AWS SDK for JavaScript (v3).
For more information, check the blog post at https://a.co/cUPnyil
(Use `node --trace-warnings ...` to show where the warning was created)
[32minfo[39m: ✅ Connected to MongoDB
[32minfo[39m: 🔄 Testing PostgreSQL connection...
[32minfo[39m: 📊 Host: 20.169.129.160:5432
[32minfo[39m: 👤 User: sabyagentic_user
[32minfo[39m: 🗄️  Database: halograph
[32minfo[39m: ✅ PostgreSQL connected successfully
[32minfo[39m: 📋 PostgreSQL Version: PostgreSQL 15.14 (Debian 15.14-1.pgdg13+1) on x86_64-pc-linux-gnu, compiled by gcc (Debian 14.2.0-19) 14.2.0, 64-bit
[32minfo[39m: ✅ Redis connected
[32minfo[39m: ⚙️  Redis ready for commands
[32minfo[39m: ✅ Redis ping successful
[31merror[39m: Error: listen EADDRINUSE: address already in use :::4000
    at Server.setupListenHandle [as _listen2] (node:net:1817:16)
    at listenInCluster (node:net:1865:12)
    at doListen (node:net:2014:7)
    at process.processTicksAndRejections (node:internal/process/task_queues:83:21)
[32minfo[39m: Server closed
[31m[nodemon] app crashed - waiting for file changes before starting...[39m
[32m[nodemon] restarting due to changes...[39m
[32m[nodemon] starting `node src/index.js`[39m
(node:63956) NOTE: The AWS SDK for JavaScript (v2) is in maintenance mode.
 SDK releases are limited to address critical bug fixes and security issues only.

Please migrate your code to use AWS SDK for JavaScript (v3).
For more information, check the blog post at https://a.co/cUPnyil
(Use `node --trace-warnings ...` to show where the warning was created)
[32minfo[39m: ✅ Connected to MongoDB
[32minfo[39m: 🔄 Testing PostgreSQL connection...
[32minfo[39m: 📊 Host: 20.169.129.160:5432
[32minfo[39m: 👤 User: sabyagentic_user
[32minfo[39m: 🗄️  Database: halograph
[32minfo[39m: ✅ PostgreSQL connected successfully
[32minfo[39m: 📋 PostgreSQL Version: PostgreSQL 15.14 (Debian 15.14-1.pgdg13+1) on x86_64-pc-linux-gnu, compiled by gcc (Debian 14.2.0-19) 14.2.0, 64-bit
[32minfo[39m: ✅ Redis connected
[32minfo[39m: ⚙️  Redis ready for commands
[32minfo[39m: ✅ Redis ping successful
[31merror[39m: Error: listen EADDRINUSE: address already in use :::4000
    at Server.setupListenHandle [as _listen2] (node:net:1817:16)
    at listenInCluster (node:net:1865:12)
    at doListen (node:net:2014:7)
    at process.processTicksAndRejections (node:internal/process/task_queues:83:21)
[32minfo[39m: Server closed
[31m[nodemon] app crashed - waiting for file changes before starting...[39m
[32m[nodemon] restarting due to changes...[39m
[32m[nodemon] starting `node src/index.js`[39m
[32m[nodemon] restarting due to changes...[39m
[32m[nodemon] starting `node src/index.js`[39m
[32m[nodemon] restarting due to changes...[39m
[32m[nodemon] starting `node src/index.js`[39m
[32m[nodemon] restarting due to changes...[39m
[32m[nodemon] starting `node src/index.js`[39m
[32m[nodemon] restarting due to changes...[39m
[32m[nodemon] restarting due to changes...[39m
[32m[nodemon] restarting due to changes...[39m
[32m[nodemon] starting `node src/index.js`[39m
[32m[nodemon] restarting due to changes...[39m
[32m[nodemon] restarting due to changes...[39m
[32m[nodemon] starting `node src/index.js`[39m
(node:70639) NOTE: The AWS SDK for JavaScript (v2) is in maintenance mode.
 SDK releases are limited to address critical bug fixes and security issues only.

Please migrate your code to use AWS SDK for JavaScript (v3).
For more information, check the blog post at https://a.co/cUPnyil
(Use `node --trace-warnings ...` to show where the warning was created)
[32minfo[39m: ✅ Connected to MongoDB
[32minfo[39m: 🔄 Testing PostgreSQL connection...
[32minfo[39m: 📊 Host: 20.169.129.160:5432
[32minfo[39m: 👤 User: sabyagentic_user
[32minfo[39m: 🗄️  Database: halograph
[32minfo[39m: ✅ PostgreSQL connected successfully
[32minfo[39m: 📋 PostgreSQL Version: PostgreSQL 15.14 (Debian 15.14-1.pgdg13+1) on x86_64-pc-linux-gnu, compiled by gcc (Debian 14.2.0-19) 14.2.0, 64-bit
[32minfo[39m: ✅ Redis connected
[32minfo[39m: ⚙️  Redis ready for commands
[32minfo[39m: ✅ Redis ping successful
[31merror[39m: Error: listen EADDRINUSE: address already in use :::4000
    at Server.setupListenHandle [as _listen2] (node:net:1817:16)
    at listenInCluster (node:net:1865:12)
    at doListen (node:net:2014:7)
    at process.processTicksAndRejections (node:internal/process/task_queues:83:21)
[32minfo[39m: Server closed
[31m[nodemon] app crashed - waiting for file changes before starting...[39m
[32m[nodemon] restarting due to changes...[39m
[32m[nodemon] starting `node src/index.js`[39m
[32m[nodemon] restarting due to changes...[39m
[32m[nodemon] starting `node src/index.js`[39m
(node:73562) NOTE: The AWS SDK for JavaScript (v2) is in maintenance mode.
 SDK releases are limited to address critical bug fixes and security issues only.

Please migrate your code to use AWS SDK for JavaScript (v3).
For more information, check the blog post at https://a.co/cUPnyil
(Use `node --trace-warnings ...` to show where the warning was created)
[32minfo[39m: ✅ Connected to MongoDB
[32minfo[39m: 🔄 Testing PostgreSQL connection...
[32minfo[39m: 📊 Host: 20.169.129.160:5432
[32minfo[39m: 👤 User: sabyagentic_user
[32minfo[39m: 🗄️  Database: halograph
[32minfo[39m: ✅ PostgreSQL connected successfully
[32minfo[39m: 📋 PostgreSQL Version: PostgreSQL 15.14 (Debian 15.14-1.pgdg13+1) on x86_64-pc-linux-gnu, compiled by gcc (Debian 14.2.0-19) 14.2.0, 64-bit
[32minfo[39m: ✅ Redis connected
[32minfo[39m: ⚙️  Redis ready for commands
[32minfo[39m: ✅ Redis ping successful
[31merror[39m: Error: listen EADDRINUSE: address already in use :::4000
    at Server.setupListenHandle [as _listen2] (node:net:1817:16)
    at listenInCluster (node:net:1865:12)
    at doListen (node:net:2014:7)
    at process.processTicksAndRejections (node:internal/process/task_queues:83:21)
[32minfo[39m: Server closed
[31m[nodemon] app crashed - waiting for file changes before starting...[39m
[32m[nodemon] restarting due to changes...[39m
[32m[nodemon] starting `node src/index.js`[39m
[32m[nodemon] restarting due to changes...[39m
[32m[nodemon] restarting due to changes...[39m
[32m[nodemon] starting `node src/index.js`[39m
[32m[nodemon] restarting due to changes...[39m
[32m[nodemon] starting `node src/index.js`[39m
(node:80993) NOTE: The AWS SDK for JavaScript (v2) is in maintenance mode.
 SDK releases are limited to address critical bug fixes and security issues only.

Please migrate your code to use AWS SDK for JavaScript (v3).
For more information, check the blog post at https://a.co/cUPnyil
(Use `node --trace-warnings ...` to show where the warning was created)
[32minfo[39m: ✅ Connected to MongoDB
[32minfo[39m: 🔄 Testing PostgreSQL connection...
[32minfo[39m: 📊 Host: 20.169.129.160:5432
[32minfo[39m: 👤 User: sabyagentic_user
[32minfo[39m: 🗄️  Database: halograph
[32minfo[39m: ✅ PostgreSQL connected successfully
[32minfo[39m: 📋 PostgreSQL Version: PostgreSQL 15.14 (Debian 15.14-1.pgdg13+1) on x86_64-pc-linux-gnu, compiled by gcc (Debian 14.2.0-19) 14.2.0, 64-bit
[32minfo[39m: ✅ Redis connected
[32minfo[39m: ⚙️  Redis ready for commands
[32minfo[39m: ✅ Redis ping successful
[31merror[39m: Error: listen EADDRINUSE: address already in use :::4000
    at Server.setupListenHandle [as _listen2] (node:net:1817:16)
    at listenInCluster (node:net:1865:12)
    at doListen (node:net:2014:7)
    at process.processTicksAndRejections (node:internal/process/task_queues:83:21)
[32minfo[39m: Server closed
[31m[nodemon] app crashed - waiting for file changes before starting...[39m
[nodemon] restarting due to changes...[39m
[32m[nodemon] starting `node src/index.js`[39m
(node:63967) NOTE: The AWS SDK for JavaScript (v2) is in maintenance mode.
 SDK releases are limited to address critical bug fixes and security issues only.

Please migrate your code to use AWS SDK for JavaScript (v3).
For more information, check the blog post at https://a.co/cUPnyil
(Use `node --trace-warnings ...` to show where the warning was created)
[32minfo[39m: ✅ Connected to MongoDB
[32minfo[39m: 🔄 Testing PostgreSQL connection...
[32minfo[39m: 📊 Host: 20.169.129.160:5432
[32minfo[39m: 👤 User: sabyagentic_user
[32minfo[39m: 🗄️  Database: halograph
[32minfo[39m: ✅ PostgreSQL connected successfully
[32minfo[39m: 📋 PostgreSQL Version: PostgreSQL 15.14 (Debian 15.14-1.pgdg13+1) on x86_64-pc-linux-gnu, compiled by gcc (Debian 14.2.0-19) 14.2.0, 64-bit
[32minfo[39m: ✅ Redis connected
[32minfo[39m: ⚙️  Redis ready for commands
[32minfo[39m: ✅ Redis ping successful
[31merror[39m: Error: listen EADDRINUSE: address already in use :::4000
    at Server.setupListenHandle [as _listen2] (node:net:1817:16)
    at listenInCluster (node:net:1865:12)
    at doListen (node:net:2014:7)
    at process.processTicksAndRejections (node:internal/process/task_queues:83:21)
[32minfo[39m: Server closed
[31m[nodemon] app crashed - waiting for file changes before starting...[39m
[32m[nodemon] restarting due to changes...[39m
[32m[nodemon] starting `node src/index.js`[39m
[32m[nodemon] restarting due to changes...[39m
[32m[nodemon] starting `node src/index.js`[39m
[32m[nodemon] restarting due to changes...[39m
[32m[nodemon] starting `node src/index.js`[39m
[32m[nodemon] restarting due to changes...[39m
[32m[nodemon] starting `node src/index.js`[39m
[32m[nodemon] restarting due to changes...[39m
[32m[nodemon] restarting due to changes...[39m
[32m[nodemon] restarting due to changes...[39m
[32m[nodemon] starting `node src/index.js`[39m
[32m[nodemon] restarting due to changes...[39m
[32m[nodemon] starting `node src/index.js`[39m
(node:71018) NOTE: The AWS SDK for JavaScript (v2) is in maintenance mode.
 SDK releases are limited to address critical bug fixes and security issues only.

Please migrate your code to use AWS SDK for JavaScript (v3).
For more information, check the blog post at https://a.co/cUPnyil
(Use `node --trace-warnings ...` to show where the warning was created)
[32minfo[39m: ✅ Connected to MongoDB
[32minfo[39m: 🔄 Testing PostgreSQL connection...
[32minfo[39m: 📊 Host: 20.169.129.160:5432
[32minfo[39m: 👤 User: sabyagentic_user
[32minfo[39m: 🗄️  Database: halograph
[32minfo[39m: ✅ PostgreSQL connected successfully
[32minfo[39m: 📋 PostgreSQL Version: PostgreSQL 15.14 (Debian 15.14-1.pgdg13+1) on x86_64-pc-linux-gnu, compiled by gcc (Debian 14.2.0-19) 14.2.0, 64-bit
[32minfo[39m: ✅ Redis connected
[32minfo[39m: ⚙️  Redis ready for commands
[32minfo[39m: ✅ Redis ping successful
[32minfo[39m: 🚀 Server is running on port 4000
[32minfo[39m: 🌍 Environment: development
[32minfo[39m: 📊 Database Status:
[32minfo[39m:    - MongoDB: ✅ Connected
[32minfo[39m:    - PostgreSQL: ✅ Connected
[32minfo[39m:    - Redis: ✅ Connected
[32minfo[39m: Connected to email server
[32m[nodemon] restarting due to changes...[39m
[32m[nodemon] starting `node src/index.js`[39m
[32m[nodemon] restarting due to changes...[39m
[32m[nodemon] starting `node src/index.js`[39m
(node:73478) NOTE: The AWS SDK for JavaScript (v2) is in maintenance mode.
 SDK releases are limited to address critical bug fixes and security issues only.

Please migrate your code to use AWS SDK for JavaScript (v3).
For more information, check the blog post at https://a.co/cUPnyil
(Use `node --trace-warnings ...` to show where the warning was created)
[32minfo[39m: ✅ Connected to MongoDB
[32minfo[39m: 🔄 Testing PostgreSQL connection...
[32minfo[39m: 📊 Host: 20.169.129.160:5432
[32minfo[39m: 👤 User: sabyagentic_user
[32minfo[39m: 🗄️  Database: halograph
[32minfo[39m: Connected to email server
[32minfo[39m: ✅ PostgreSQL connected successfully
[32minfo[39m: 📋 PostgreSQL Version: PostgreSQL 15.14 (Debian 15.14-1.pgdg13+1) on x86_64-pc-linux-gnu, compiled by gcc (Debian 14.2.0-19) 14.2.0, 64-bit
[32minfo[39m: ✅ Redis connected
[32minfo[39m: ⚙️  Redis ready for commands
[32minfo[39m: ✅ Redis ping successful
[31merror[39m: Error: listen EADDRINUSE: address already in use :::4000
    at Server.setupListenHandle [as _listen2] (node:net:1817:16)
    at listenInCluster (node:net:1865:12)
    at doListen (node:net:2014:7)
    at process.processTicksAndRejections (node:internal/process/task_queues:83:21)
[32minfo[39m: Server closed
[31m[nodemon] app crashed - waiting for file changes before starting...[39m
[32m[nodemon] restarting due to changes...[39m
[32m[nodemon] starting `node src/index.js`[39m
[32m[nodemon] restarting due to changes...[39m
[32m[nodemon] restarting due to changes...[39m
[32m[nodemon] restarting due to changes...[39m
[32m[nodemon] starting `node src/index.js`[39m
(node:80399) NOTE: The AWS SDK for JavaScript (v2) is in maintenance mode.
 SDK releases are limited to address critical bug fixes and security issues only.

Please migrate your code to use AWS SDK for JavaScript (v3).
For more information, check the blog post at https://a.co/cUPnyil
(Use `node --trace-warnings ...` to show where the warning was created)
[32minfo[39m: ✅ Connected to MongoDB
[32minfo[39m: 🔄 Testing PostgreSQL connection...
[32minfo[39m: 📊 Host: 20.169.129.160:5432
[32minfo[39m: 👤 User: sabyagentic_user
[32minfo[39m: 🗄️  Database: halograph
[32minfo[39m: ✅ PostgreSQL connected successfully
[32minfo[39m: 📋 PostgreSQL Version: PostgreSQL 15.14 (Debian 15.14-1.pgdg13+1) on x86_64-pc-linux-gnu, compiled by gcc (Debian 14.2.0-19) 14.2.0, 64-bit
[32minfo[39m: ✅ Redis connected
[32minfo[39m: ⚙️  Redis ready for commands
[32minfo[39m: ✅ Redis ping successful
[31merror[39m: Error: listen EADDRINUSE: address already in use :::4000
    at Server.setupListenHandle [as _listen2] (node:net:1817:16)
    at listenInCluster (node:net:1865:12)
    at doListen (node:net:2014:7)
    at process.processTicksAndRejections (node:internal/process/task_queues:83:21)
[32minfo[39m: Server closed
[31m[nodemon] app crashed - waiting for file changes before starting...[39m
greSQL connection...
[32minfo[39m: 📊 Host: 20.169.129.160:5432
[32minfo[39m: 👤 User: sabyagentic_user
[32minfo[39m: 🗄️  Database: halograph
[32minfo[39m: ✅ PostgreSQL connected successfully
[32minfo[39m: 📋 PostgreSQL Version: PostgreSQL 15.14 (Debian 15.14-1.pgdg13+1) on x86_64-pc-linux-gnu, compiled by gcc (Debian 14.2.0-19) 14.2.0, 64-bit
[32minfo[39m: ✅ Redis connected
[32minfo[39m: ⚙️  Redis ready for commands
[32minfo[39m: ✅ Redis ping successful
[31merror[39m: Error: listen EADDRINUSE: address already in use :::4000
    at Server.setupListenHandle [as _listen2] (node:net:1817:16)
    at listenInCluster (node:net:1865:12)
    at doListen (node:net:2014:7)
    at process.processTicksAndRejections (node:internal/process/task_queues:83:21)
[32minfo[39m: Server closed
[31m[nodemon] app crashed - waiting for file changes before starting...[39m
[32m[nodemon] restarting due to changes...[39m
[32m[nodemon] starting `node src/index.js`[39m
[32m[nodemon] restarting due to changes...[39m
[32m[nodemon] starting `node src/index.js`[39m
(node:73584) NOTE: The AWS SDK for JavaScript (v2) is in maintenance mode.
 SDK releases are limited to address critical bug fixes and security issues only.

Please migrate your code to use AWS SDK for JavaScript (v3).
For more information, check the blog post at https://a.co/cUPnyil
(Use `node --trace-warnings ...` to show where the warning was created)
[32minfo[39m: ✅ Connected to MongoDB
[32minfo[39m: 🔄 Testing PostgreSQL connection...
[32minfo[39m: 📊 Host: 20.169.129.160:5432
[32minfo[39m: 👤 User: sabyagentic_user
[32minfo[39m: 🗄️  Database: halograph
[32minfo[39m: ✅ PostgreSQL connected successfully
[32minfo[39m: 📋 PostgreSQL Version: PostgreSQL 15.14 (Debian 15.14-1.pgdg13+1) on x86_64-pc-linux-gnu, compiled by gcc (Debian 14.2.0-19) 14.2.0, 64-bit
[32minfo[39m: ✅ Redis connected
[32minfo[39m: ⚙️  Redis ready for commands
[32minfo[39m: ✅ Redis ping successful
[31merror[39m: Error: listen EADDRINUSE: address already in use :::4000
    at Server.setupListenHandle [as _listen2] (node:net:1817:16)
    at listenInCluster (node:net:1865:12)
    at doListen (node:net:2014:7)
    at process.processTicksAndRejections (node:internal/process/task_queues:83:21)
[32minfo[39m: Server closed
[31m[nodemon] app crashed - waiting for file changes before starting...[39m
[32m[nodemon] restarting due to changes...[39m
[32m[nodemon] starting `node src/index.js`[39m
[32m[nodemon] restarting due to changes...[39m
[32m[nodemon] restarting due to changes...[39m
[32m[nodemon] starting `node src/index.js`[39m
[32m[nodemon] restarting due to changes...[39m
[32m[nodemon] starting `node src/index.js`[39m
(node:80951) NOTE: The AWS SDK for JavaScript (v2) is in maintenance mode.
 SDK releases are limited to address critical bug fixes and security issues only.

Please migrate your code to use AWS SDK for JavaScript (v3).
For more information, check the blog post at https://a.co/cUPnyil
(Use `node --trace-warnings ...` to show where the warning was created)
[32minfo[39m: ✅ Connected to MongoDB
[32minfo[39m: 🔄 Testing PostgreSQL connection...
[32minfo[39m: 📊 Host: 20.169.129.160:5432
[32minfo[39m: 👤 User: sabyagentic_user
[32minfo[39m: 🗄️  Database: halograph
[32minfo[39m: ✅ PostgreSQL connected successfully
[32minfo[39m: 📋 PostgreSQL Version: PostgreSQL 15.14 (Debian 15.14-1.pgdg13+1) on x86_64-pc-linux-gnu, compiled by gcc (Debian 14.2.0-19) 14.2.0, 64-bit
[32minfo[39m: ✅ Redis connected
[32minfo[39m: ⚙️  Redis ready for commands
[32minfo[39m: ✅ Redis ping successful
[31merror[39m: Error: listen EADDRINUSE: address already in use :::4000
    at Server.setupListenHandle [as _listen2] (node:net:1817:16)
    at listenInCluster (node:net:1865:12)
    at doListen (node:net:2014:7)
    at process.processTicksAndRejections (node:internal/process/task_queues:83:21)
[32minfo[39m: Server closed
[31m[nodemon] app crashed - waiting for file changes before starting...[39m
0f5d,
    createdAt: 2025-10-08T14:42:22.186Z,
    updatedAt: 2025-10-08T14:42:22.186Z,
    haloId: 'NE-0003W',
    fingerprint: 'level 2:68e6784e859f5a6c092c567c',
    __v: 0
  },
  {
    position: { x: -320.5156129569781, y: -437.1981350647864 },
    isSpecial: true,
    isActive: true,
    type: 'administrative',
    parent: null,
    path: '68e6631ee8cb8a083d437d41',
    identity: [],
    hierarchy: Map(0) {},
    _id: 68e6631ee8cb8a083d437d41,
    tenantId: 'YYj9stYAH6',
    name: 'New emerald',
    code: 'emerald',
    description: '',
    level: {
      description: '',
      deletedAt: null,
      _id: 68e4fbe42f3a6979ded81f07,
      tenantId: 'YYj9stYAH6',
      name: 'Level 1',
      rank: 1,
      createdAt: 2025-10-07T11:39:16.189Z,
      updatedAt: 2025-10-07T11:39:16.189Z,
      __v: 0
    },
    createdBy: 68e487ef3d91ac6d96610f5d,
    createdAt: 2025-10-08T13:11:58.897Z,
    updatedAt: 2025-10-08T14:00:11.036Z,
    haloId: 'NE-0003U',
    fingerprint: 'level 1:68e6631ee8cb8a083d437d41',
    __v: 0
  },
  {
    position: { x: -1129.2531391860023, y: -850.634030075247 },
    isSpecial: true,
    isActive: true,
    type: 'administrative',
    parent: null,
    path: '68e662ebe8cb8a083d437d22',
    identity: [],
    hierarchy: Map(0) {},
    _id: 68e662ebe8cb8a083d437d22,
    tenantId: 'YYj9stYAH6',
    name: 'branch church op',
    code: 'diamond',
    description: '',
    level: {
      description: '',
      deletedAt: null,
      _id: 68e4fbe42f3a6979ded81f07,
      tenantId: 'YYj9stYAH6',
      name: 'Level 1',
      rank: 1,
      createdAt: 2025-10-07T11:39:16.189Z,
      updatedAt: 2025-10-07T11:39:16.189Z,
      __v: 0
    },
    createdBy: 68e487ef3d91ac6d96610f5d,
    createdAt: 2025-10-08T13:11:07.544Z,
    updatedAt: 2025-10-08T14:42:13.428Z,
    haloId: 'NE-0003T',
    fingerprint: 'level 1:68e662ebe8cb8a083d437d22',
    __v: 0
  },
  {
    position: { x: -708.8074567042663, y: -1152.8722725068146 },
    isSpecial: false,
    isActive: true,
    type: 'administrative',
    parent: null,
    path: '68e65b4f44b251ec3b95e518',
    identity: [],
    hierarchy: Map(0) {},
    _id: 68e65b4f44b251ec3b95e518,
    tenantId: 'YYj9stYAH6',
    name: 'GLOBAL',
    code: 'jasper',
    description: '',
    level: {
      description: '',
      deletedAt: null,
      _id: 68e4fbbc2f3a6979ded81ee9,
      tenantId: 'YYj9stYAH6',
      name: 'Level 0',
      rank: 0,
      createdAt: 2025-10-07T11:38:36.223Z,
      updatedAt: 2025-10-07T11:38:36.223Z,
      __v: 0
    },
    createdBy: 68e487ef3d91ac6d96610f5d,
    createdAt: 2025-10-08T12:38:39.095Z,
    updatedAt: 2025-10-08T13:14:39.416Z,
    haloId: 'GL-0003O',
    fingerprint: 'level 0:68e65b4f44b251ec3b95e518',
    __v: 0
  }
]
[32minfo[39m: GET /v1/structure?sortBy=createdAt:desc 200 - 13.325 ms
[32minfo[39m: OPTIONS /v1/level 204 - 0.843 ms
[TenantPlugin] Pre-hook triggered for: findOne
[TenantPlugin] Options: {}
--- AUTH DEBUG ---
Route: /v1/level
HTTP Method: GET
Required Permissions: [ 'view:level' ]
[LEVEL CONTROLLER - QUERY] Query params: {} Tenant: YYj9stYAH6
[LEVEL CONTROLLER - QUERY] Filter with tenantId: { tenantId: 'YYj9stYAH6' }
[TenantPlugin] paginate() - incoming options: {}
[TenantPlugin] Pre-hook triggered for: countDocuments
[TenantPlugin] Options: {}
[TenantPlugin] Pre-hook triggered for: find
[TenantPlugin] Options: { sort: { createdAt: 1 }, skip: 0, limit: 10 }
[LEVEL CONTROLLER - QUERY] Found 3 levels for tenant: YYj9stYAH6
[32minfo[39m: GET /v1/level 200 - 25.618 ms
[32minfo[39m: OPTIONS /v1/structure 204 - 0.204 ms
[TenantPlugin] Pre-hook triggered for: findOne
[TenantPlugin] Options: {}
--- AUTH DEBUG ---
Route: /v1/structure
HTTP Method: GET
Required Permissions: [ 'view:structures' ]
[STRUCTURE CONTROLLER - QUERY] Query params: {}
[STRUCTURE CONTROLLER - QUERY] User tenant ID: YYj9stYAH6
[STRUCTURE CONTROLLER - QUERY] Filter with tenantId: { tenantId: 'YYj9stYAH6' }
[STRUCTURE CONTROLLER - QUERY] Populate options: level,parent
[TenantPlugin] paginate() - incoming options: { populate: 'level,parent' }
[TenantPlugin] Pre-hook triggered for: countDocuments
[TenantPlugin] Options: {}
[TenantPlugin] Pre-hook triggered for: find
[TenantPlugin] Options: { sort: { createdAt: 1 }, skip: 0, limit: 10 }
[TenantPlugin] Pre-hook triggered for: find
[TenantPlugin] Options: { skip: undefined, limit: undefined, perDocumentLimit: undefined }
[STRUCTURE CONTROLLER - QUERY] Found 4 structures for tenant: YYj9stYAH6
[STRUCTURE CONTROLLER - QUERY] Returning structures: [
  {
    position: { x: -708.8074567042663, y: -1152.8722725068146 },
    isSpecial: false,
    isActive: true,
    type: 'administrative',
    parent: null,
    path: '68e65b4f44b251ec3b95e518',
    identity: [],
    hierarchy: Map(0) {},
    _id: 68e65b4f44b251ec3b95e518,
    tenantId: 'YYj9stYAH6',
    name: 'GLOBAL',
    code: 'jasper',
    description: '',
    level: {
      description: '',
      deletedAt: null,
      _id: 68e4fbbc2f3a6979ded81ee9,
      tenantId: 'YYj9stYAH6',
      name: 'Level 0',
      rank: 0,
      createdAt: 2025-10-07T11:38:36.223Z,
      updatedAt: 2025-10-07T11:38:36.223Z,
      __v: 0
    },
    createdBy: 68e487ef3d91ac6d96610f5d,
    createdAt: 2025-10-08T12:38:39.095Z,
    updatedAt: 2025-10-08T13:14:39.416Z,
    haloId: 'GL-0003O',
    fingerprint: 'level 0:68e65b4f44b251ec3b95e518',
    __v: 0
  },
  {
    position: { x: -1129.2531391860023, y: -850.634030075247 },
    isSpecial: true,
    isActive: true,
    type: 'administrative',
    parent: null,
    path: '68e662ebe8cb8a083d437d22',
    identity: [],
    hierarchy: Map(0) {},
    _id: 68e662ebe8cb8a083d437d22,
    tenantId: 'YYj9stYAH6',
    name: 'branch church op',
    code: 'diamond',
    description: '',
    level: {
      description: '',
      deletedAt: null,
      _id: 68e4fbe42f3a6979ded81f07,
      tenantId: 'YYj9stYAH6',
      name: 'Level 1',
      rank: 1,
      createdAt: 2025-10-07T11:39:16.189Z,
      updatedAt: 2025-10-07T11:39:16.189Z,
      __v: 0
    },
    createdBy: 68e487ef3d91ac6d96610f5d,
    createdAt: 2025-10-08T13:11:07.544Z,
    updatedAt: 2025-10-08T14:42:13.428Z,
    haloId: 'NE-0003T',
    fingerprint: 'level 1:68e662ebe8cb8a083d437d22',
    __v: 0
  },
  {
    position: { x: -320.5156129569781, y: -437.1981350647864 },
    isSpecial: true,
    isActive: true,
    type: 'administrative',
    parent: null,
    path: '68e6631ee8cb8a083d437d41',
    identity: [],
    hierarchy: Map(0) {},
    _id: 68e6631ee8cb8a083d437d41,
    tenantId: 'YYj9stYAH6',
    name: 'New emerald',
    code: 'emerald',
    description: '',
    level: {
      description: '',
      deletedAt: null,
      _id: 68e4fbe42f3a6979ded81f07,
      tenantId: 'YYj9stYAH6',
      name: 'Level 1',
      rank: 1,
      createdAt: 2025-10-07T11:39:16.189Z,
      updatedAt: 2025-10-07T11:39:16.189Z,
      __v: 0
    },
    createdBy: 68e487ef3d91ac6d96610f5d,
    createdAt: 2025-10-08T13:11:58.897Z,
    updatedAt: 2025-10-08T14:00:11.036Z,
    haloId: 'NE-0003U',
    fingerprint: 'level 1:68e6631ee8cb8a083d437d41',
    __v: 0
  },
  {
    position: { x: -968.1164385667662, y: -520.6499132981311 },
    isSpecial: false,
    isActive: true,
    type: 'administrative',
    parent: null,
    path: '68e6784e859f5a6c092c567c',
    identity: [],
    hierarchy: Map(0) {},
    _id: 68e6784e859f5a6c092c567c,
    tenantId: 'YYj9stYAH6',
    name: 'New jasper',
    code: 'jasper',
    description: '',
    level: {
      description: '',
      deletedAt: null,
      _id: 68e58989814ef8f50f45dfb1,
      tenantId: 'YYj9stYAH6',
      name: 'Level 2',
      rank: 2,
      createdAt: 2025-10-07T21:43:37.503Z,
      updatedAt: 2025-10-07T21:43:37.503Z,
      __v: 0
    },
    createdBy: 68e487ef3d91ac6d96610f5d,
    createdAt: 2025-10-08T14:42:22.186Z,
    updatedAt: 2025-10-08T14:42:22.186Z,
    haloId: 'NE-0003W',
    fingerprint: 'level 2:68e6784e859f5a6c092c567c',
    __v: 0
  }
]
[32minfo[39m: GET /v1/structure 304 - 16.199 ms
[32minfo[39m: OPTIONS /v1/node?page=1&limit=10 204 - 0.234 ms
[TenantPlugin] Pre-hook triggered for: findOne
[TenantPlugin] Options: {}
--- AUTH DEBUG ---
Route: /v1/node?page=1&limit=10
HTTP Method: GET
Required Permissions: [ 'view:node' ]
[NODE CONTROLLER - QUERY] Query params: { page: 1, limit: 10 } Tenant: YYj9stYAH6
[NODE CONTROLLER - QUERY] Filter with tenantId: { tenantId: 'YYj9stYAH6' }
[TenantPlugin] paginate() - incoming options: { limit: 10, page: 1, populate: 'level,structure,users.roles' }
[TenantPlugin] Pre-hook triggered for: countDocuments
[TenantPlugin] Options: {}
[TenantPlugin] Pre-hook triggered for: find
[TenantPlugin] Options: { sort: { createdAt: 1 }, skip: 0, limit: 10 }
[NODE CONTROLLER - QUERY] Found 0 nodes for tenant: YYj9stYAH6
[32minfo[39m: GET /v1/node?page=1&limit=10 304 - 6.427 ms
[TenantPlugin] Pre-hook triggered for: findOne
[TenantPlugin] Options: {}
--- AUTH DEBUG ---
Route: /v1/node?page=1&limit=10
HTTP Method: GET
Required Permissions: [ 'view:node' ]
[NODE CONTROLLER - QUERY] Query params: { page: 1, limit: 10 } Tenant: YYj9stYAH6
[NODE CONTROLLER - QUERY] Filter with tenantId: { tenantId: 'YYj9stYAH6' }
[TenantPlugin] paginate() - incoming options: { limit: 10, page: 1, populate: 'level,structure,users.roles' }
[TenantPlugin] Pre-hook triggered for: countDocuments
[TenantPlugin] Options: {}
[TenantPlugin] Pre-hook triggered for: find
[TenantPlugin] Options: { sort: { createdAt: 1 }, skip: 0, limit: 10 }
[NODE CONTROLLER - QUERY] Found 0 nodes for tenant: YYj9stYAH6
[32minfo[39m: GET /v1/node?page=1&limit=10 304 - 5.527 ms
[TenantPlugin] Pre-hook triggered for: findOne
[TenantPlugin] Options: {}
--- AUTH DEBUG ---
Route: /v1/node?page=1&limit=10
HTTP Method: GET
Required Permissions: [ 'view:node' ]
[NODE CONTROLLER - QUERY] Query params: { page: 1, limit: 10 } Tenant: YYj9stYAH6
[NODE CONTROLLER - QUERY] Filter with tenantId: { tenantId: 'YYj9stYAH6' }
[TenantPlugin] paginate() - incoming options: { limit: 10, page: 1, populate: 'level,structure,users.roles' }
[TenantPlugin] Pre-hook triggered for: countDocuments
[TenantPlugin] Options: {}
[TenantPlugin] Pre-hook triggered for: find
[TenantPlugin] Options: { sort: { createdAt: 1 }, skip: 0, limit: 10 }
[NODE CONTROLLER - QUERY] Found 0 nodes for tenant: YYj9stYAH6
[32minfo[39m: GET /v1/node?page=1&limit=10 304 - 7.989 ms
[TenantPlugin] Pre-hook triggered for: findOne
[TenantPlugin] Options: {}
--- AUTH DEBUG ---
Route: /v1/node?page=1&limit=10
HTTP Method: GET
Required Permissions: [ 'view:node' ]
[NODE CONTROLLER - QUERY] Query params: { page: 1, limit: 10 } Tenant: YYj9stYAH6
[NODE CONTROLLER - QUERY] Filter with tenantId: { tenantId: 'YYj9stYAH6' }
[TenantPlugin] paginate() - incoming options: { limit: 10, page: 1, populate: 'level,structure,users.roles' }
[TenantPlugin] Pre-hook triggered for: countDocuments
[TenantPlugin] Options: {}
[TenantPlugin] Pre-hook triggered for: find
[TenantPlugin] Options: { sort: { createdAt: 1 }, skip: 0, limit: 10 }
[NODE CONTROLLER - QUERY] Found 0 nodes for tenant: YYj9stYAH6
[32minfo[39m: GET /v1/node?page=1&limit=10 304 - 9.597 ms
[32minfo[39m: OPTIONS /v1/node?page=1&limit=10 204 - 0.306 ms
[TenantPlugin] Pre-hook triggered for: findOne
[TenantPlugin] Options: {}
--- AUTH DEBUG ---
Route: /v1/node?page=1&limit=10
HTTP Method: GET
Required Permissions: [ 'view:node' ]
[NODE CONTROLLER - QUERY] Query params: { page: 1, limit: 10 } Tenant: YYj9stYAH6
[NODE CONTROLLER - QUERY] Filter with tenantId: { tenantId: 'YYj9stYAH6' }
[TenantPlugin] paginate() - incoming options: { limit: 10, page: 1, populate: 'level,structure,users.roles' }
[TenantPlugin] Pre-hook triggered for: countDocuments
[TenantPlugin] Options: {}
[TenantPlugin] Pre-hook triggered for: find
[TenantPlugin] Options: { sort: { createdAt: 1 }, skip: 0, limit: 10 }
[NODE CONTROLLER - QUERY] Found 0 nodes for tenant: YYj9stYAH6
[32minfo[39m: GET /v1/node?page=1&limit=10 304 - 11.163 ms
[TenantPlugin] Pre-hook triggered for: findOne
[TenantPlugin] Options: {}
--- AUTH DEBUG ---
Route: /v1/node?page=1&limit=10
HTTP Method: GET
Required Permissions: [ 'view:node' ]
[NODE CONTROLLER - QUERY] Query params: { page: 1, limit: 10 } Tenant: YYj9stYAH6
[NODE CONTROLLER - QUERY] Filter with tenantId: { tenantId: 'YYj9stYAH6' }
[TenantPlugin] paginate() - incoming options: { limit: 10, page: 1, populate: 'level,structure,users.roles' }
[TenantPlugin] Pre-hook triggered for: countDocuments
[TenantPlugin] Options: {}
[TenantPlugin] Pre-hook triggered for: find
[TenantPlugin] Options: { sort: { createdAt: 1 }, skip: 0, limit: 10 }
[NODE CONTROLLER - QUERY] Found 0 nodes for tenant: YYj9stYAH6
[32minfo[39m: GET /v1/node?page=1&limit=10 304 - 9.920 ms
[32minfo[39m: OPTIONS /v1/user-form-settings/user/68e487ef3d91ac6d96610f5d 204 - 0.376 ms
[TenantPlugin] Pre-hook triggered for: findOne
[TenantPlugin] Options: {}
--- AUTH DEBUG ---
Route: /v1/user-form-settings/user/68e487ef3d91ac6d96610f5d
HTTP Method: GET
Required Permissions: [ 'view:user-form-settings::userId' ]
[31merror[39m: TypeError: Cannot read properties of undefined (reading 'getUserFormSettingsByUserId')
    at /Users/fadebowaley/saby/sabyBackend/src/controllers/userFormSettings.controller.js:30:50
    at /Users/fadebowaley/saby/sabyBackend/src/utils/catchAsync.js:32:19
    at Layer.handle [as handle_request] (/Users/fadebowaley/saby/sabyBackend/node_modules/express/lib/router/layer.js:95:5)
    at next (/Users/fadebowaley/saby/sabyBackend/node_modules/express/lib/router/route.js:137:13)
    at /Users/fadebowaley/saby/sabyBackend/src/middlewares/validate.js:43:10
    at Layer.handle [as handle_request] (/Users/fadebowaley/saby/sabyBackend/node_modules/express/lib/router/layer.js:95:5)
    at next (/Users/fadebowaley/saby/sabyBackend/node_modules/express/lib/router/route.js:137:13)
    at /Users/fadebowaley/saby/sabyBackend/src/middlewares/auth.js:112:19
    at process.processTicksAndRejections (node:internal/process/task_queues:95:5)
[31merror[39m: GET /v1/user-form-settings/user/68e487ef3d91ac6d96610f5d 500 - 17.621 ms - message: Cannot read properties of undefined (reading 'getUserFormSettingsByUserId')
[32minfo[39m: OPTIONS /v1/node?page=1&limit=10 204 - 0.276 ms
[TenantPlugin] Pre-hook triggered for: findOne
[TenantPlugin] Options: {}
--- AUTH DEBUG ---
Route: /v1/node?page=1&limit=10
HTTP Method: GET
Required Permissions: [ 'view:node' ]
[NODE CONTROLLER - QUERY] Query params: { page: 1, limit: 10 } Tenant: YYj9stYAH6
[NODE CONTROLLER - QUERY] Filter with tenantId: { tenantId: 'YYj9stYAH6' }
[TenantPlugin] paginate() - incoming options: { limit: 10, page: 1, populate: 'level,structure,users.roles' }
[TenantPlugin] Pre-hook triggered for: countDocuments
[TenantPlugin] Options: {}
[TenantPlugin] Pre-hook triggered for: find
[TenantPlugin] Options: { sort: { createdAt: 1 }, skip: 0, limit: 10 }
[NODE CONTROLLER - QUERY] Found 0 nodes for tenant: YYj9stYAH6
[32minfo[39m: GET /v1/node?page=1&limit=10 304 - 8.996 ms
[TenantPlugin] Pre-hook triggered for: findOne
[TenantPlugin] Options: {}
--- AUTH DEBUG ---
Route: /v1/node?page=1&limit=10
HTTP Method: GET
Required Permissions: [ 'view:node' ]
[NODE CONTROLLER - QUERY] Query params: { page: 1, limit: 10 } Tenant: YYj9stYAH6
[NODE CONTROLLER - QUERY] Filter with tenantId: { tenantId: 'YYj9stYAH6' }
[TenantPlugin] paginate() - incoming options: { limit: 10, page: 1, populate: 'level,structure,users.roles' }
[TenantPlugin] Pre-hook triggered for: countDocuments
[TenantPlugin] Options: {}
[TenantPlugin] Pre-hook triggered for: find
[TenantPlugin] Options: { sort: { createdAt: 1 }, skip: 0, limit: 10 }
[NODE CONTROLLER - QUERY] Found 0 nodes for tenant: YYj9stYAH6
[32minfo[39m: GET /v1/node?page=1&limit=10 304 - 7.544 ms
[TenantPlugin] Pre-hook triggered for: findOne
[TenantPlugin] Options: {}
expired token expiry time ---> 30
expired token ---> Moment<2025-10-08T19:44:07+01:00>
expired token ---> Moment<2025-10-08T20:14:08+01:00>
acess token --> eyJhbGciOiJIUzI1NiIsInR5cCI6IkpXVCJ9.eyJzdWIiOiI2OGU0ODdlZjNkOTFhYzZkOTY2MTBmNWQiLCJpYXQiOjE3NTk5NDcyNDcsImV4cCI6MTc1OTk0OTA0NywidHlwZSI6ImFjY2VzcyJ9.-ZH1d16jL6xkVz5fZVGG-TxBlDxMmDxhytT65v6A__Y
[32minfo[39m: POST /v1/auth/refresh-tokens 200 - 15583.294 ms
[32minfo[39m: OPTIONS /v1/node?page=1&limit=10 204 - 222.848 ms
[TenantPlugin] Pre-hook triggered for: findOne
[TenantPlugin] Options: {}
[32minfo[39m: OPTIONS /v1/roles 204 - 5.807 ms
[32minfo[39m: OPTIONS /v1/users?page=1&limit=10 204 - 0.453 ms
[TenantPlugin] Pre-hook triggered for: findOne
[TenantPlugin] Options: {}
[requireAccess] Checking access for endpoint: /v1/users?page=1&limit=10 {
  permissions: [],
  scope: undefined,
  environment: undefined,
  jwtOnly: false,
  apiOnly: false
}
[requireAccess] Incoming headers: {
  Authorization: 'Bearer eyJhbGciOiJIUzI1NiIsInR5cCI6IkpXVCJ9.eyJzdWIiOiI2OGU0ODdlZjNkOTFhYzZkOTY2MTBmNWQiLCJpYXQiOjE3NTk5NDcyNDcsImV4cCI6MTc1OTk0OTA0NywidHlwZSI6ImFjY2VzcyJ9.-ZH1d16jL6xkVz5fZVGG-TxBlDxMmDxhytT65v6A__Y',
  'x-api-key': undefined,
  requiredPermissions: []
}
[requireAccess] Full request headers: {
  host: 'localhost:4000',
  connection: 'keep-alive',
  'sec-ch-ua-platform': '"macOS"',
  authorization: 'Bearer eyJhbGciOiJIUzI1NiIsInR5cCI6IkpXVCJ9.eyJzdWIiOiI2OGU0ODdlZjNkOTFhYzZkOTY2MTBmNWQiLCJpYXQiOjE3NTk5NDcyNDcsImV4cCI6MTc1OTk0OTA0NywidHlwZSI6ImFjY2VzcyJ9.-ZH1d16jL6xkVz5fZVGG-TxBlDxMmDxhytT65v6A__Y',
  'user-agent': 'Mozilla/5.0 (Macintosh; Intel Mac OS X 10_15_7) AppleWebKit/537.36 (KHTML, like Gecko) Chrome/140.0.0.0 Safari/537.36',
  accept: 'application/json, text/plain, */*',
  'sec-ch-ua': '"Chromium";v="140", "Not=A?Brand";v="24", "Google Chrome";v="140"',
  'sec-ch-ua-mobile': '?0',
  origin: 'http://localhost:3000',
  'sec-fetch-site': 'same-site',
  'sec-fetch-mode': 'cors',
  'sec-fetch-dest': 'empty',
  referer: 'http://localhost:3000/',
  'accept-encoding': 'gzip, deflate, br, zstd',
  'accept-language': 'en-GB,en-US;q=0.9,en;q=0.8',
  cookie: 'next-auth.csrf-token=96deec27a9593852adab67b674f7288270729bb7aedf60f7cf96d18105863c33%7C212af7b822d8d058b2d02bd77bd769f453a57f1c28ca2eda9ba89e2f525b70cc; next-auth.callback-url=http%3A%2F%2Flocalhost%3A3000%2F; next-auth.session-token=eyJhbGciOiJkaXIiLCJlbmMiOiJBMjU2R0NNIn0..4T18lfP0EakdfdQO.iJah-vKdRM4ucvWQytfXGSVuRv6YwyX86G1U0OGfTqHk7__8_FrbdlWxkobYFrrb9nCRkgzzrA_Y1JndochuwLKDAihUo9jPdVzDx0mIjvca5UgnBTduBkedEWHz2nuXPubMSpDcroZ4pjjm2T9Ott5f3nwszLBF4p8b5NzEg_WzpMeWGI_QUmQF_k-koOkgMLTywSqp3G5pUkWeTiEXGm3Ib2KxhwaGJdCYLN1IjbrBnS-LgrWWH_jhfpoyLbnvgSdzyc2QhSa0a4ETkdCh6so6Q-kq6qh0spwAjC2vxOZvg_N6E58lDrccj6ouEdR0LAsFGgEynCmbsHTy4U8YpRKeSX6MVzuJgxtLGwwxA_Mj8KJZsvU6P7ZvGHi-I7FeM6SW-dbR4ZwwMJIAhpDChtmtCjfA416GDjpxqXS1L-Iw49WALtrzGuoQuKSO2tk-oeYEbQ1ShSXmFQbgD36aRaoBFLJgwQ_pwwEkTnOeh7B0gUo8s1KJFJi3WA8d_-L9zpWY6KGLLz1OEoVnKz3fJlKdFMYZbFQfF1AI2zX7jHZCH59NuFjjWRJN4mxbD7opp5MAgs6SnyOinljPo6Sv68vWtAMd5yRDHqvuD3_L62i58rL8CNX5Ua8Fh6-fTcYL3BABkfbPFdKKX3DCWYPgKaefg2uq4IJgKXmFbBm1zjPvlkjtZLcWIw9XkEWUMGVLuhy89NEplIogPp6_qNil9_oyJuR2Q5FFEwZjbL-PL8am4rLwu23uPuxE-V3koVexKZMcDOIzAiEH9CWoqGbetGMrN0PTWCJnKUJFU-nJBIqLQMxNhtbdj7fZTYXcyUKrC_XPRniWZQkkmMbeWRPxHmcOf9-Or4SoaN90ibEfLguNXZp_FI-qT3NwKBJAMYTlTaCOUuZCuv_qh7Culd3uTVi1nTNt1XgGoHdLC8tg9a0seyfCUXpLVFX8lMnAHCN2hmiI3WS709-eeSI_4N1nsqIuJbfaLojNNgJ0-iIPzTyAmZk4Le2JfyxDpPrzSDil1rkuxCMSmjdgmzP-1smxsFSrnmG3wRZdUUhWHxPosRaxVIA_ivznZTN0hGMpKxGqfWRMOXPOnwy0KksuxbD_PTclT_S3JnRakqi3XdTt0sqzsrUNFt0vYjl7iXVnUCiF_-yATWRcJy1D-MGupb4SURGBnzeuHTJBH65xUyy48LkoM1ukP9ZBLR3Hv3ViXt5PSC5i-eJnxn7IYGqx380mW9cSb62MWEZBP1Ot6rbwJsWwbwu_pd1sROgf74zrNVGvCMHg1vATZL47kfr1CIcSNcSSEhbOCqbx-3CMyxd-pju3uPsYS2nGf6pMxFJbllwzFE5OUZt2MM_cdvgVWrg9VzZNInpmSl9A6ijcO6B37yYJFr3QbV6vieXthGIsHiTSk15JbGWrJQAG9mZY068P6euvMyomvv02-BEl4NgMQ1fIYp_6GCLRAwmboRpgPpn5KHMYZ999XfH3UfFU3XScOIksEPzo7LVLtGJcq8183mXPNTvUoNDUrplVlUuXtNkNXIxVEcQjEQ4lifagUIqjyDef9VC-d88Vwm3E178tTDlE3mcbIq4XDrQSr_-tM9iz3BjcugSmJ4-atLjBHRrJFYpTiP7pDmBBZFZZZYc4Mf5K5Ol9P1DF2STRmZlsSXChpc3F5qUNdTNj93yoQ3wBFS1TCYv6hwi-zqsQnEQ-ITTiLyh3zLrUhJJMoohL8Pgc8NaXL5r2RoIakxRy8oR-0-33SShDufUgYHQL93m4uS5Jq-2mHago_OgKPhVPnGlxyzODZVO5L0UUC8RyvoCR8s9n-v1cD4b1pi_Usgh8HpfdxqJ6hj7Gi5j_ne7i1NjFcrxaiiPRvtO0AVBL8Crtb8JRlI8FqtlTmRAyeFuUwdUnWDqH19LW_s8FttBFS91p3erdnbp22pOHP9BolkS9Vc7nHrP_wy6fMmQdNceytXUFJxhEo6mCFWKZBqym_QnDEg2RkSml_FRe9CcJ8bfyHEba2t0QcGgFjs8GT118IiiZz8NTS407AKjsSR7gwKHuxodzxkpiHEW3SkC16UK72tbgO2yKJaCqcHIa9Bgxkm5wKelt2uN58-wzyCs9W06xPG8WbvH9SRCs4kXXL6nJbSfwg1afvbI_KXefHcVYLC6Dll0zXRoAUAo5Vw.x_b-vDM96hiaEns827Zt5w',
  'if-none-match': 'W/"e53-Xo3ZQkcHFo8myyii8NICA6763Ic"'
}
[requireAccess] Detected JWT
[TenantPlugin] Pre-hook triggered for: findOne
[TenantPlugin] Options: {}
--- AUTH DEBUG ---
Route: /v1/roles
HTTP Method: GET
Required Permissions: [ 'view:roles' ]
[requireAccess] Authenticated user: {
  roles: [],
  isOwner: true,
  isSuper: true,
  isSaby: false,
  isAgreed: true,
  createdBy: null,
  otp: null,
  otpExpires: null,
  otpVerified: true,
  phoneNumber: null,
  isPhoneVerified: false,
  isEmailVerified: false,
  avatar: 'https://halocrm.s3.us-east-1.amazonaws.com/user/avatar-06.webp',
  status: true,
  deletedAt: null,
  _id: 68e487ef3d91ac6d96610f5d,
  email: 'owner@saby.ai',
  password: '$2a$08$AIhvwSwpbERTeVHrsknVxu733kyDeODwilRBzRVNhYIBhX38/ObJO',
  firstname: 'ibk',
  lastname: 'adebowale',
  userId: 'Ka4IasEqab',
  tenantId: 'YYj9stYAH6',
  createdAt: 2025-10-07T03:24:31.582Z,
  updatedAt: 2025-10-07T03:25:03.024Z,
  haloId: 'HL-0002L',
  __v: 0
}
[requireAccess] Resolved access: user
[getUsers] User: owner@saby.ai, isSaby: false, isSuper: true, isOwner: true, tenantId: YYj9stYAH6
[queryUsers] SuperUser/Owner - filtering by tenantId: YYj9stYAH6
[TenantPlugin] paginate() - incoming options: {
  limit: 10,
  page: 1,
  populate: 'roles',
  user: {
    roles: [],
    isOwner: true,
    isSuper: true,
    isSaby: false,
    isAgreed: true,
    createdBy: null,
    otp: null,
    otpExpires: null,
    otpVerified: true,
    phoneNumber: null,
    isPhoneVerified: false,
    isEmailVerified: false,
    avatar: 'https://halocrm.s3.us-east-1.amazonaws.com/user/avatar-06.webp',
    status: true,
    deletedAt: null,
    _id: 68e487ef3d91ac6d96610f5d,
    email: 'owner@saby.ai',
    password: '$2a$08$AIhvwSwpbERTeVHrsknVxu733kyDeODwilRBzRVNhYIBhX38/ObJO',
    firstname: 'ibk',
    lastname: 'adebowale',
    userId: 'Ka4IasEqab',
    tenantId: 'YYj9stYAH6',
    createdAt: 2025-10-07T03:24:31.582Z,
    updatedAt: 2025-10-07T03:25:03.024Z,
    haloId: 'HL-0002L',
    __v: 0
  },
  sortBy: 'createdAt:desc'
}
[TenantPlugin] Adding tenantId to filter: YYj9stYAH6
[TenantPlugin] Adding tenantId to user: {
  roles: [],
  isOwner: true,
  isSuper: true,
  isSaby: false,
  isAgreed: true,
  createdBy: null,
  otp: null,
  otpExpires: null,
  otpVerified: true,
  phoneNumber: null,
  isPhoneVerified: false,
  isEmailVerified: false,
  avatar: 'https://halocrm.s3.us-east-1.amazonaws.com/user/avatar-06.webp',
  status: true,
  deletedAt: null,
  _id: 68e487ef3d91ac6d96610f5d,
  email: 'owner@saby.ai',
  password: '$2a$08$AIhvwSwpbERTeVHrsknVxu733kyDeODwilRBzRVNhYIBhX38/ObJO',
  firstname: 'ibk',
  lastname: 'adebowale',
  userId: 'Ka4IasEqab',
  tenantId: 'YYj9stYAH6',
  createdAt: 2025-10-07T03:24:31.582Z,
  updatedAt: 2025-10-07T03:25:03.024Z,
  haloId: 'HL-0002L',
  __v: 0
}
[TenantPlugin] Pre-hook trigge[32m[nodemon] restarting due to changes...[39m
[32m[nodemon] starting `node src/index.js`[39m
(node:21268) MaxListenersExceededWarning: Possible EventEmitter memory leak detected. 11 exit listeners added to [Bus]. Use emitter.setMaxListeners() to increase limit
(Use `node --trace-warnings ...` to show where the warning was created)
(node:4524) NOTE: The AWS SDK for JavaScript (v2) is in maintenance mode.
 SDK releases are limited to address critical bug fixes and security issues only.

Please migrate your code to use AWS SDK for JavaScript (v3).
For more information, check the blog post at https://a.co/cUPnyil
(Use `node --trace-warnings ...` to show where the warning was created)
[32minfo[39m: ✅ Connected to MongoDB
[32minfo[39m: 🔄 Testing PostgreSQL connection...
[32minfo[39m: 📊 Host: 20.169.129.160:5432
[32minfo[39m: 👤 User: sabyagentic_user
[32minfo[39m: 🗄️  Database: halograph
[32minfo[39m: ✅ PostgreSQL connected successfully
[32minfo[39m: 📋 PostgreSQL Version: PostgreSQL 15.14 (Debian 15.14-1.pgdg13+1) on x86_64-pc-linux-gnu, compiled by gcc (Debian 14.2.0-19) 14.2.0, 64-bit
[32minfo[39m: ✅ Redis connected
[32minfo[39m: ⚙️  Redis ready for commands
[32minfo[39m: ✅ Redis ping successful
[31merror[39m: Error: listen EADDRINUSE: address already in use :::4000
    at Server.setupListenHandle [as _listen2] (node:net:1817:16)
    at listenInCluster (node:net:1865:12)
    at doListen (node:net:2014:7)
    at process.processTicksAndRejections (node:internal/process/task_queues:83:21)
[32minfo[39m: Server closed
[31m[nodemon] app crashed - waiting for file changes before starting...[39m
[32m[nodemon] restarting due to changes...[39m
[32m[nodemon] starting `node src/index.js`[39m
/Users/fadebowaley/saby/sabyBackend/src/controllers/structure.controller.js:153
};);
^

SyntaxError: missing ) after argument list
    at internalCompileFunction (node:internal/vm:76:18)
    at wrapSafe (node:internal/modules/cjs/loader:1283:20)
    at Module._compile (node:internal/modules/cjs/loader:1328:27)
    at Module._extensions..js (node:internal/modules/cjs/loader:1422:10)
    at Module.load (node:internal/modules/cjs/loader:1203:32)
    at Module._load (node:internal/modules/cjs/loader:1019:12)
    at Module.require (node:internal/modules/cjs/loader:1231:19)
    at require (node:internal/modules/helpers:177:18)
    at Object.<anonymous> (/Users/fadebowaley/saby/sabyBackend/src/routes/v1/structure.route.js:5:29)
    at Module._compile (node:internal/modules/cjs/loader:1364:14)
    at Module._extensions..js (node:internal/modules/cjs/loader:1422:10)
    at Module.load (node:internal/modules/cjs/loader:1203:32)
    at Module._load (node:internal/modules/cjs/loader:1019:12)
    at Module.require (node:internal/modules/cjs/loader:1231:19)
    at require (node:internal/modules/helpers:177:18)
    at Object.<anonymous> (/Users/fadebowaley/saby/sabyBackend/src/routes/v1/index.js:14:24)

Node.js v18.20.2
[31m[nodemon] app crashed - waiting for file changes before starting...[39m
[32m[nodemon] restarting due to changes...[39m
[32m[nodemon] starting `node src/index.js`[39m
[32m[nodemon] restarting due to changes...[39m
[32m[nodemon] restarting due to changes...[39m
[32m[nodemon] starting `node src/index.js`[39m
(node:21999) NOTE: The AWS SDK for JavaScript (v2) is in maintenance mode.
 SDK releases are limited to address critical bug fixes and security issues only.

Please migrate your code to use AWS SDK for JavaScript (v3).
For more information, check the blog post at https://a.co/cUPnyil
(Use `node --trace-warnings ...` to show where the warning was created)
[32minfo[39m: ✅ Connected to MongoDB
[32minfo[39m: 🔄 Testing PostgreSQL connection...
[32minfo[39m: 📊 Host: 20.169.129.160:5432
[32minfo[39m: 👤 User: sabyagentic_user
[32minfo[39m: 🗄️  Database: halograph
[32minfo[39m: ✅ PostgreSQL connected successfully
[32minfo[39m: 📋 PostgreSQL Version: PostgreSQL 15.14 (Debian 15.14-1.pgdg13+1) on x86_64-pc-linux-gnu, compiled by gcc (Debian 14.2.0-19) 14.2.0, 64-bit
[32minfo[39m: ✅ Redis connected
[32minfo[39m: ⚙️  Redis ready for commands
[32minfo[39m: ✅ Redis ping successful
[31merror[39m: Error: listen EADDRINUSE: address already in use :::4000
    at Server.setupListenHandle [as _listen2] (node:net:1817:16)
    at listenInCluster (node:net:1865:12)
    at doListen (node:net:2014:7)
    at process.processTicksAndRejections (node:internal/process/task_queues:83:21)
[32minfo[39m: Server closed
[31m[nodemon] app crashed - waiting for file changes before starting...[39m
[32m[nodemon] restarting due to changes...[39m
[32m[nodemon] starting `node src/index.js`[39m
[32m[nodemon] restarting due to changes...[39m
[32m[nodemon] starting `node src/index.js`[39m
[32m[nodemon] restarting due to changes...[39m
[32m[nodemon] starting `node src/index.js`[39m
(node:35759) NOTE: The AWS SDK for JavaScript (v2) is in maintenance mode.
 SDK releases are limited to address critical bug fixes and security issues only.

Please migrate your code to use AWS SDK for JavaScript (v3).
For more information, check the blog post at https://a.co/cUPnyil
(Use `node --trace-warnings ...` to show where the warning was created)
[32minfo[39m: ✅ Connected to MongoDB
[32minfo[39m: 🔄 Testing PostgreSQL connection...
[32minfo[39m: 📊 Host: 20.169.129.160:5432
[32minfo[39m: 👤 User: sabyagentic_user
[32minfo[39m: 🗄️  Database: halograph
[32minfo[39m: ✅ PostgreSQL connected successfully
[32minfo[39m: 📋 PostgreSQL Version: PostgreSQL 15.14 (Debian 15.14-1.pgdg13+1) on x86_64-pc-linux-gnu, compiled by gcc (Debian 14.2.0-19) 14.2.0, 64-bit
[32minfo[39m: ✅ Redis connected
[32minfo[39m: ⚙️  Redis ready for commands
[32minfo[39m: ✅ Redis ping successful
[31merror[39m: Error: listen EADDRINUSE: address already in use :::4000
    at Server.setupListenHandle [as _listen2] (node:net:1817:16)
    at listenInCluster (node:net:1865:12)
    at doListen (node:net:2014:7)
    at process.processTicksAndRejections (node:internal/process/task_queues:83:21)
[32minfo[39m: Server closed
[31m[nodemon] app crashed - waiting for file changes before starting...[39m
[32m[nodemon] restarting due to changes...[39m
[32m[nodemon] starting `node src/index.js`[39m
(node:59207) NOTE: The AWS SDK for JavaScript (v2) is in maintenance mode.
 SDK releases are limited to address critical bug fixes and security issues only.

Please migrate your code to use AWS SDK for JavaScript (v3).
For more information, check the blog post at https://a.co/cUPnyil
(Use `node --trace-warnings ...` to show where the warning was created)
[32minfo[39m: Connected to email server
[31merror[39m: connect ECONNREFUSED ::1:27017
[31m[nodemon] app crashed - waiting for file changes before starting...[39m
[32m[nodemon] restarting due to changes...[39m
[32m[nodemon] starting `node src/index.js`[39m
(node:70225) NOTE: The AWS SDK for JavaScript (v2) is in maintenance mode.
 SDK releases are limited to address critical bug fixes and security issues only.

Please migrate your code to use AWS SDK for JavaScript (v3).
For more information, check the blog post at https://a.co/cUPnyil
(Use `node --trace-warnings ...` to show where the warning was created)
[32minfo[39m: ✅ Connected to MongoDB
[32minfo[39m: 🔄 Testing PostgreSQL connection...
[32minfo[39m: 📊 Host: 20.169.129.160:5432
[32minfo[39m: 👤 User: sabyagentic_user
[32minfo[39m: 🗄️  Database: halograph
[32minfo[39m: ✅ PostgreSQL connected successfully
[32minfo[39m: 📋 PostgreSQL Version: PostgreSQL 15.14 (Debian 15.14-1.pgdg13+1) on x86_64-pc-linux-gnu, compiled by gcc (Debian 14.2.0-19) 14.2.0, 64-bit
[32minfo[39m: ✅ Redis connected
[32minfo[39m: ⚙️  Redis ready for commands
[32minfo[39m: ✅ Redis ping successful
[31merror[39m: Error: listen EADDRINUSE: address already in use :::4000
    at Server.setupListenHandle [as _listen2] (node:net:1817:16)
    at listenInCluster (node:net:1865:12)
    at doListen (node:net:2014:7)
    at process.processTicksAndRejections (node:internal/process/task_queues:83:21)
[32minfo[39m: Server closed
[31m[nodemon] app crashed - waiting for file changes before starting...[39m
[32m[nodemon] restarting due to changes...[39m
[32m[nodemon] starting `node src/index.js`[39m
(node:73552) NOTE: The AWS SDK for JavaScript (v2) is in maintenance mode.
 SDK releases are limited to address critical bug fixes and security issues only.

Please migrate your code to use AWS SDK for JavaScript (v3).
For more information, check the blog post at https://a.co/cUPnyil
(Use `node --trace-warnings ...` to show where the warning was created)
[32minfo[39m: ✅ Connected to MongoDB
[32minfo[39m: 🔄 Testing PostgreSQL connection...
[32minfo[39m: 📊 Host: 20.169.129.160:5432
[32minfo[39m: 👤 User: sabyagentic_user
[32minfo[39m: 🗄️  Database: halograph
[32minfo[39m: ✅ PostgreSQL connected successfully
[32minfo[39m: 📋 PostgreSQL Version: PostgreSQL 15.14 (Debian 15.14-1.pgdg13+1) on x86_64-pc-linux-gnu, compiled by gcc (Debian 14.2.0-19) 14.2.0, 64-bit
[32minfo[39m: ✅ Redis connected
[32minfo[39m: ⚙️  Redis ready for commands
[32minfo[39m: ✅ Redis ping successful
[31merror[39m: Error: listen EADDRINUSE: address already in use :::4000
    at Server.setupListenHandle [as _listen2] (node:net:1817:16)
    at listenInCluster (node:net:1865:12)
    at doListen (node:net:2014:7)
    at process.processTicksAndRejections (node:internal/process/task_queues:83:21)
[32minfo[39m: Server closed
[31m[nodemon] app crashed - waiting for file changes before starting...[39m
[32m[nodemon] restarting due to changes...[39m
[32m[nodemon] starting `node src/index.js`[39m
(node:63953) NOTE: The AWS SDK for JavaScript (v2) is in maintenance mode.
 SDK releases are limited to address critical bug fixes and security issues only.

Please migrate your code to use AWS SDK for JavaScript (v3).
For more information, check the blog post at https://a.co/cUPnyil
(Use `node --trace-warnings ...` to show where the warning was created)
[32minfo[39m: ✅ Connected to MongoDB
[32minfo[39m: 🔄 Testing PostgreSQL connection...
[32minfo[39m: 📊 Host: 20.169.129.160:5432
[32minfo[39m: 👤 User: sabyagentic_user
[32minfo[39m: 🗄️  Database: halograph
[32minfo[39m: ✅ PostgreSQL connected successfully
[32minfo[39m: 📋 PostgreSQL Version: PostgreSQL 15.14 (Debian 15.14-1.pgdg13+1) on x86_64-pc-linux-gnu, compiled by gcc (Debian 14.2.0-19) 14.2.0, 64-bit
[32minfo[39m: ✅ Redis connected
[32minfo[39m: ⚙️  Redis ready for commands
[32minfo[39m: ✅ Redis ping successful
[31merror[39m: Error: listen EADDRINUSE: address already in use :::4000
    at Server.setupListenHandle [as _listen2] (node:net:1817:16)
    at listenInCluster (node:net:1865:12)
    at doListen (node:net:2014:7)
    at process.processTicksAndRejections (node:internal/process/task_queues:83:21)
[32minfo[39m: Server closed
[31m[nodemon] app crashed - waiting for file changes before starting...[39m
[32m[nodemon] restarting due to changes...[39m
[32m[nodemon] starting `node src/index.js`[39m
[32m[nodemon] restarting due to changes...[39m
[32m[nodemon] starting `node src/index.js`[39m
[32m[nodemon] restarting due to changes...[39m
[32m[nodemon] restarting due to changes...[39m
[32m[nodemon] starting `node src/index.js`[39m
[32m[nodemon] restarting due to changes...[39m
[32m[nodemon] starting `node src/index.js`[39m
[32m[nodemon] restarting due to changes...[39m
[32m[nodemon] restarting due to changes...[39m
[32m[nodemon] restarting due to changes...[39m
[32m[nodemon] starting `node src/index.js`[39m
[32m[nodemon] restarting due to changes...[39m
[32m[nodemon] restarting due to changes...[39m
[32m[nodemon] starting `node src/index.js`[39m
(node:70638) NOTE: The AWS SDK for JavaScript (v2) is in maintenance mode.
 SDK releases are limited to address critical bug fixes and security issues only.

Please migrate your code to use AWS SDK for JavaScript (v3).
For more information, check the blog post at https://a.co/cUPnyil
(Use `node --trace-warnings ...` to show where the warning was created)
[32minfo[39m: ✅ Connected to MongoDB
[32minfo[39m: 🔄 Testing PostgreSQL connection...
[32minfo[39m: 📊 Host: 20.169.129.160:5432
[32minfo[39m: 👤 User: sabyagentic_user
[32minfo[39m: 🗄️  Database: halograph
[32minfo[39m: ✅ PostgreSQL connected successfully
[32minfo[39m: 📋 PostgreSQL Version: PostgreSQL 15.14 (Debian 15.14-1.pgdg13+1) on x86_64-pc-linux-gnu, compiled by gcc (Debian 14.2.0-19) 14.2.0, 64-bit
[32minfo[39m: Connected to email server
[32minfo[39m: ✅ Redis connected
[32minfo[39m: ⚙️  Redis ready for commands
[32minfo[39m: ✅ Redis ping successful
[31merror[39m: Error: listen EADDRINUSE: address already in use :::4000
    at Server.setupListenHandle [as _listen2] (node:net:1817:16)
    at listenInCluster (node:net:1865:12)
    at doListen (node:net:2014:7)
    at process.processTicksAndRejections (node:internal/process/task_queues:83:21)
[32minfo[39m: Server closed
[31m[nodemon] app crashed - waiting for file changes before starting...[39m
[32m[nodemon] restarting due to changes...[39m
[32m[nodemon] starting `node src/index.js`[39m
[32m[nodemon] restarting due to changes...[39m
[32m[nodemon] starting `node src/index.js`[39m
(node:73437) NOTE: The AWS SDK for JavaScript (v2) is in maintenance mode.
 SDK releases are limited to address critical bug fixes and security issues only.

Please migrate your code to use AWS SDK for JavaScript (v3).
For more information, check the blog post at https://a.co/cUPnyil
(Use `node --trace-warnings ...` to show where the warning was created)
[32minfo[39m: ✅ Connected to MongoDB
[32minfo[39m: 🔄 Testing PostgreSQL connection...
[32minfo[39m: 📊 Host: 20.169.129.160:5432
[32minfo[39m: 👤 User: sabyagentic_user
[32minfo[39m: 🗄️  Database: halograph
[32minfo[39m: Connected to email server
[32minfo[39m: ✅ PostgreSQL connected successfully
[32minfo[39m: 📋 PostgreSQL Version: PostgreSQL 15.14 (Debian 15.14-1.pgdg13+1) on x86_64-pc-linux-gnu, compiled by gcc (Debian 14.2.0-19) 14.2.0, 64-bit
[32minfo[39m: ✅ Redis connected
[32minfo[39m: ⚙️  Redis ready for commands
[32minfo[39m: ✅ Redis ping successful
[31merror[39m: Error: listen EADDRINUSE: address already in use :::4000
    at Server.setupListenHandle [as _listen2] (node:net:1817:16)
    at listenInCluster (node:net:1865:12)
    at doListen (node:net:2014:7)
    at process.processTicksAndRejections (node:internal/process/task_queues:83:21)
[32minfo[39m: Server closed
[31m[nodemon] app crashed - waiting for file changes before starting...[39m
[32m[nodemon] restarting due to changes...[39m
[32m[nodemon] starting `node src/index.js`[39m
[32m[nodemon] restarting due to changes...[39m
[32m[nodemon] restarting due to changes...[39m
[32m[nodemon] starting `node src/index.js`[39m
[32m[nodemon] restarting due to changes...[39m
[32m[nodemon] starting `node src/index.js`[39m
(node:80867) NOTE: The AWS SDK for JavaScript (v2) is in maintenance mode.
 SDK releases are limited to address critical bug fixes and security issues only.

Please migrate your code to use AWS SDK for JavaScript (v3).
For more information, check the blog post at https://a.co/cUPnyil
(Use `node --trace-warnings ...` to show where the warning was created)
[32minfo[39m: ✅ Connected to MongoDB
[32minfo[39m: 🔄 Testing PostgreSQL connection...
[32minfo[39m: 📊 Host: 20.169.129.160:5432
[32minfo[39m: 👤 User: sabyagentic_user
[32minfo[39m: 🗄️  Database: halograph
[32minfo[39m: ✅ PostgreSQL connected successfully
[32minfo[39m: 📋 PostgreSQL Version: PostgreSQL 15.14 (Debian 15.14-1.pgdg13+1) on x86_64-pc-linux-gnu, compiled by gcc (Debian 14.2.0-19) 14.2.0, 64-bit
[32minfo[39m: ✅ Redis connected
[32minfo[39m: ⚙️  Redis ready for commands
[32minfo[39m: ✅ Redis ping successful
[31merror[39m: Error: listen EADDRINUSE: address already in use :::4000
    at Server.setupListenHandle [as _listen2] (node:net:1817:16)
    at listenInCluster (node:net:1865:12)
    at doListen (node:net:2014:7)
    at process.processTicksAndRejections (node:internal/process/task_queues:83:21)
[32minfo[39m: Server closed
[31m[nodemon] app crashed - waiting for file changes before starting...[39m
�� Connected to MongoDB
[32minfo[39m: 🔄 Testing PostgreSQL connection...
[32minfo[39m: 📊 Host: 20.169.129.160:5432
[32minfo[39m: 👤 User: sabyagentic_user
[32minfo[39m: 🗄️  Database: halograph
[32minfo[39m: ✅ PostgreSQL connected successfully
[32minfo[39m: 📋 PostgreSQL Version: PostgreSQL 15.14 (Debian 15.14-1.pgdg13+1) on x86_64-pc-linux-gnu, compiled by gcc (Debian 14.2.0-19) 14.2.0, 64-bit
[32minfo[39m: ✅ Redis connected
[32minfo[39m: ⚙️  Redis ready for commands
[32minfo[39m: ✅ Redis ping successful
[31merror[39m: Error: listen EADDRINUSE: address already in use :::4000
    at Server.setupListenHandle [as _listen2] (node:net:1817:16)
    at listenInCluster (node:net:1865:12)
    at doListen (node:net:2014:7)
    at process.processTicksAndRejections (node:internal/process/task_queues:83:21)
[32minfo[39m: Server closed
[31m[nodemon] app crashed - waiting for file changes before starting...[39m
e-warnings ...` to show where the warning was created)
[32minfo[39m: ✅ Connected to MongoDB
[32minfo[39m: 🔄 Testing PostgreSQL connection...
[32minfo[39m: 📊 Host: 20.169.129.160:5432
[32minfo[39m: 👤 User: sabyagentic_user
[32minfo[39m: 🗄️  Database: halograph
[32minfo[39m: ✅ PostgreSQL connected successfully
[32minfo[39m: 📋 PostgreSQL Version: PostgreSQL 15.14 (Debian 15.14-1.pgdg13+1) on x86_64-pc-linux-gnu, compiled by gcc (Debian 14.2.0-19) 14.2.0, 64-bit
[32minfo[39m: ✅ Redis connected
[32minfo[39m: ⚙️  Redis ready for commands
[32minfo[39m: ✅ Redis ping successful
[31merror[39m: Error: listen EADDRINUSE: address already in use :::4000
    at Server.setupListenHandle [as _listen2] (node:net:1817:16)
    at listenInCluster (node:net:1865:12)
    at doListen (node:net:2014:7)
    at process.processTicksAndRejections (node:internal/process/task_queues:83:21)
[32minfo[39m: Server closed
[31m[nodemon] app crashed - waiting for file changes before starting...[39m
[32m[nodemon] restarting due to changes...[39m
[32m[nodemon] starting `node src/index.js`[39m
(node:63952) NOTE: The AWS SDK for JavaScript (v2) is in maintenance mode.
 SDK releases are limited to address critical bug fixes and security issues only.

Please migrate your code to use AWS SDK for JavaScript (v3).
For more information, check the blog post at https://a.co/cUPnyil
(Use `node --trace-warnings ...` to show where the warning was created)
[32minfo[39m: ✅ Connected to MongoDB
[32minfo[39m: 🔄 Testing PostgreSQL connection...
[32minfo[39m: 📊 Host: 20.169.129.160:5432
[32minfo[39m: 👤 User: sabyagentic_user
[32minfo[39m: 🗄️  Database: halograph
[32minfo[39m: ✅ PostgreSQL connected successfully
[32minfo[39m: 📋 PostgreSQL Version: PostgreSQL 15.14 (Debian 15.14-1.pgdg13+1) on x86_64-pc-linux-gnu, compiled by gcc (Debian 14.2.0-19) 14.2.0, 64-bit
[32minfo[39m: ✅ Redis connected
[32minfo[39m: ⚙️  Redis ready for commands
[32minfo[39m: ✅ Redis ping successful
[31merror[39m: Error: listen EADDRINUSE: address already in use :::4000
    at Server.setupListenHandle [as _listen2] (node:net:1817:16)
    at listenInCluster (node:net:1865:12)
    at doListen (node:net:2014:7)
    at process.processTicksAndRejections (node:internal/process/task_queues:83:21)
[32minfo[39m: Server closed
[31m[nodemon] app crashed - waiting for file changes before starting...[39m
[32m[nodemon] restarting due to changes...[39m
[32m[nodemon] starting `node src/index.js`[39m
[32m[nodemon] restarting due to changes...[39m
[32m[nodemon] starting `node src/index.js`[39m
[32m[nodemon] restarting due to changes...[39m
[32m[nodemon] starting `node src/index.js`[39m
[32m[nodemon] restarting due to changes...[39m
[32m[nodemon] starting `node src/index.js`[39m
[32m[nodemon] restarting due to changes...[39m
[32m[nodemon] restarting due to changes...[39m
[32m[nodemon] starting `node src/index.js`[39m
[32m[nodemon] restarting due to changes...[39m
[32m[nodemon] restarting due to changes...[39m
[32m[nodemon] restarting due to changes...[39m
[32m[nodemon] starting `node src/index.js`[39m
(node:69974) NOTE: The AWS SDK for JavaScript (v2) is in maintenance mode.
 SDK releases are limited to address critical bug fixes and security issues only.

Please migrate your code to use AWS SDK for JavaScript (v3).
For more information, check the blog post at https://a.co/cUPnyil
(Use `node --trace-warnings ...` to show where the warning was created)
[32minfo[39m: ✅ Connected to MongoDB
[32minfo[39m: 🔄 Testing PostgreSQL connection...
[32minfo[39m: 📊 Host: 20.169.129.160:5432
[32minfo[39m: 👤 User: sabyagentic_user
[32minfo[39m: 🗄️  Database: halograph
[32minfo[39m: Connected to email server
[32minfo[39m: ✅ PostgreSQL connected successfully
[32minfo[39m: 📋 PostgreSQL Version: PostgreSQL 15.14 (Debian 15.14-1.pgdg13+1) on x86_64-pc-linux-gnu, compiled by gcc (Debian 14.2.0-19) 14.2.0, 64-bit
[32minfo[39m: ✅ Redis connected
[32minfo[39m: ⚙️  Redis ready for commands
[32minfo[39m: ✅ Redis ping successful
[31merror[39m: Error: listen EADDRINUSE: address already in use :::4000
    at Server.setupListenHandle [as _listen2] (node:net:1817:16)
    at listenInCluster (node:net:1865:12)
    at doListen (node:net:2014:7)
    at process.processTicksAndRejections (node:internal/process/task_queues:83:21)
[32minfo[39m: Server closed
[31m[nodemon] app crashed - waiting for file changes before starting...[39m
[32m[nodemon] restarting due to changes...[39m
[32m[nodemon] starting `node src/index.js`[39m
[32m[nodemon] restarting due to changes...[39m
[32m[nodemon] starting `node src/index.js`[39m
(node:73479) NOTE: The AWS SDK for JavaScript (v2) is in maintenance mode.
 SDK releases are limited to address critical bug fixes and security issues only.

Please migrate your code to use AWS SDK for JavaScript (v3).
For more information, check the blog post at https://a.co/cUPnyil
(Use `node --trace-warnings ...` to show where the warning was created)
[32minfo[39m: ✅ Connected to MongoDB
[32minfo[39m: 🔄 Testing PostgreSQL connection...
[32minfo[39m: 📊 Host: 20.169.129.160:5432
[32minfo[39m: 👤 User: sabyagentic_user
[32minfo[39m: 🗄️  Database: halograph
[32minfo[39m: ✅ PostgreSQL connected successfully
[32minfo[39m: 📋 PostgreSQL Version: PostgreSQL 15.14 (Debian 15.14-1.pgdg13+1) on x86_64-pc-linux-gnu, compiled by gcc (Debian 14.2.0-19) 14.2.0, 64-bit
[32minfo[39m: ✅ Redis connected
[32minfo[39m: ⚙️  Redis ready for commands
[32minfo[39m: ✅ Redis ping successful
[31merror[39m: Error: listen EADDRINUSE: address already in use :::4000
    at Server.setupListenHandle [as _listen2] (node:net:1817:16)
    at listenInCluster (node:net:1865:12)
    at doListen (node:net:2014:7)
    at process.processTicksAndRejections (node:internal/process/task_queues:83:21)
[32minfo[39m: Server closed
[31m[nodemon] app crashed - waiting for file changes before starting...[39m
[32m[nodemon] restarting due to changes...[39m
[32m[nodemon] starting `node src/index.js`[39m
[32m[nodemon] restarting due to changes...[39m
[32m[nodemon] restarting due to changes...[39m
[32m[nodemon] starting `node src/index.js`[39m
[32m[nodemon] restarting due to changes...[39m
[32m[nodemon] starting `node src/index.js`[39m
(node:80972) NOTE: The AWS SDK for JavaScript (v2) is in maintenance mode.
 SDK releases are limited to address critical bug fixes and security issues only.

Please migrate your code to use AWS SDK for JavaScript (v3).
For more information, check the blog post at https://a.co/cUPnyil
(Use `node --trace-warnings ...` to show where the warning was created)
[32minfo[39m: ✅ Connected to MongoDB
[32minfo[39m: 🔄 Testing PostgreSQL connection...
[32minfo[39m: 📊 Host: 20.169.129.160:5432
[32minfo[39m: 👤 User: sabyagentic_user
[32minfo[39m: 🗄️  Database: halograph
[32minfo[39m: ✅ PostgreSQL connected successfully
[32minfo[39m: Connected to email server
[32minfo[39m: 📋 PostgreSQL Version: PostgreSQL 15.14 (Debian 15.14-1.pgdg13+1) on x86_64-pc-linux-gnu, compiled by gcc (Debian 14.2.0-19) 14.2.0, 64-bit
[32minfo[39m: ✅ Redis connected
[32minfo[39m: ⚙️  Redis ready for commands
[32minfo[39m: ✅ Redis ping successful
[31merror[39m: Error: listen EADDRINUSE: address already in use :::4000
    at Server.setupListenHandle [as _listen2] (node:net:1817:16)
    at listenInCluster (node:net:1865:12)
    at doListen (node:net:2014:7)
    at process.processTicksAndRejections (node:internal/process/task_queues:83:21)
[32minfo[39m: Server closed
[31m[nodemon] app crashed - waiting for file changes before starting...[39m
ucture?sortBy=createdAt:desc 304 - 10.844 ms
[32minfo[39m: OPTIONS /v1/node?page=1&limit=10 204 - 1.471 ms
[TenantPlugin] Pre-hook triggered for: findOne
[TenantPlugin] Options: {}
--- AUTH DEBUG ---
Route: /v1/node?page=1&limit=10
HTTP Method: GET
Required Permissions: [ 'view:node' ]
[NODE CONTROLLER - QUERY] Query params: { page: 1, limit: 10 } Tenant: YYj9stYAH6
[NODE CONTROLLER - QUERY] Filter with tenantId: { tenantId: 'YYj9stYAH6' }
[TenantPlugin] paginate() - incoming options: { limit: 10, page: 1, populate: 'level,structure,users.roles' }
[TenantPlugin] Pre-hook triggered for: countDocuments
[TenantPlugin] Options: {}
[TenantPlugin] Pre-hook triggered for: find
[TenantPlugin] Options: { sort: { createdAt: 1 }, skip: 0, limit: 10 }
[NODE CONTROLLER - QUERY] Found 0 nodes for tenant: YYj9stYAH6
[32minfo[39m: GET /v1/node?page=1&limit=10 304 - 25.674 ms
[TenantPlugin] Pre-hook triggered for: findOne
[TenantPlugin] Options: {}
--- AUTH DEBUG ---
Route: /v1/node?page=1&limit=10
HTTP Method: GET
Required Permissions: [ 'view:node' ]
[NODE CONTROLLER - QUERY] Query params: { page: 1, limit: 10 } Tenant: YYj9stYAH6
[NODE CONTROLLER - QUERY] Filter with tenantId: { tenantId: 'YYj9stYAH6' }
[TenantPlugin] paginate() - incoming options: { limit: 10, page: 1, populate: 'level,structure,users.roles' }
[TenantPlugin] Pre-hook triggered for: countDocuments
[TenantPlugin] Options: {}
[TenantPlugin] Pre-hook triggered for: find
[TenantPlugin] Options: { sort: { createdAt: 1 }, skip: 0, limit: 10 }
[NODE CONTROLLER - QUERY] Found 0 nodes for tenant: YYj9stYAH6
[32minfo[39m: GET /v1/node?page=1&limit=10 304 - 11.880 ms
[32minfo[39m: OPTIONS /v1/structure?sortBy=createdAt:des[32m[nodemon] restarting due to changes...[39m
[32m[nodemon] starting `node src/index.js`[39m
(node:14570) MaxListenersExceededWarning: Possible EventEmitter memory leak detected. 11 exit listeners added to [Bus]. Use emitter.setMaxListeners() to increase limit
(Use `node --trace-warnings ...` to show where the warning was created)
(node:4497) NOTE: The AWS SDK for JavaScript (v2) is in maintenance mode.
 SDK releases are limited to address critical bug fixes and security issues only.

Please migrate your code to use AWS SDK for JavaScript (v3).
For more information, check the blog post at https://a.co/cUPnyil
(Use `node --trace-warnings ...` to show where the warning was created)
[32minfo[39m: ✅ Connected to MongoDB
[32minfo[39m: 🔄 Testing PostgreSQL connection...
[32minfo[39m: 📊 Host: 20.169.129.160:5432
[32minfo[39m: 👤 User: sabyagentic_user
[32minfo[39m: 🗄️  Database: halograph
[32minfo[39m: ✅ PostgreSQL connected successfully
[32minfo[39m: 📋 PostgreSQL Version: PostgreSQL 15.14 (Debian 15.14-1.pgdg13+1) on x86_64-pc-linux-gnu, compiled by gcc (Debian 14.2.0-19) 14.2.0, 64-bit
[32minfo[39m: ✅ Redis connected
[32minfo[39m: ⚙️  Redis ready for commands
[32minfo[39m: ✅ Redis ping successful
[31merror[39m: Error: listen EADDRINUSE: address already in use :::4000
    at Server.setupListenHandle [as _listen2] (node:net:1817:16)
    at listenInCluster (node:net:1865:12)
    at doListen (node:net:2014:7)
    at process.processTicksAndRejections (node:internal/process/task_queues:83:21)
[32minfo[39m: Server closed
[31m[nodemon] app crashed - waiting for file changes before starting...[39m
[32m[nodemon] restarting due to changes...[39m
[32m[nodemon] starting `node src/index.js`[39m
/Users/fadebowaley/saby/sabyBackend/src/controllers/structure.controller.js:153
};);
^

SyntaxError: missing ) after argument list
    at internalCompileFunction (node:internal/vm:76:18)
    at wrapSafe (node:internal/modules/cjs/loader:1283:20)
    at Module._compile (node:internal/modules/cjs/loader:1328:27)
    at Module._extensions..js (node:internal/modules/cjs/loader:1422:10)
    at Module.load (node:internal/modules/cjs/loader:1203:32)
    at Module._load (node:internal/modules/cjs/loader:1019:12)
    at Module.require (node:internal/modules/cjs/loader:1231:19)
    at require (node:internal/modules/helpers:177:18)
    at Object.<anonymous> (/Users/fadebowaley/saby/sabyBackend/src/routes/v1/structure.route.js:5:29)
    at Module._compile (node:internal/modules/cjs/loader:1364:14)
    at Module._extensions..js (node:internal/modules/cjs/loader:1422:10)
    at Module.load (node:internal/modules/cjs/loader:1203:32)
    at Module._load (node:internal/modules/cjs/loader:1019:12)
    at Module.require (node:internal/modules/cjs/loader:1231:19)
    at require (node:internal/modules/helpers:177:18)
    at Object.<anonymous> (/Users/fadebowaley/saby/sabyBackend/src/routes/v1/index.js:14:24)

Node.js v18.20.2
[31m[nodemon] app crashed - waiting for file changes before starting...[39m
[32m[nodemon] restarting due to changes...[39m
[32m[nodemon] starting `node src/index.js`[39m
[32m[nodemon] restarting due to changes...[39m
[32m[nodemon] restarting due to changes...[39m
[32m[nodemon] starting `node src/index.js`[39m
(node:21929) NOTE: The AWS SDK for JavaScript (v2) is in maintenance mode.
 SDK releases are limited to address critical bug fixes and security issues only.

Please migrate your code to use AWS SDK for JavaScript (v3).
For more information, check the blog post at https://a.co/cUPnyil
(Use `node --trace-warnings ...` to show where the warning was created)
[32minfo[39m: ✅ Connected to MongoDB
[32minfo[39m: 🔄 Testing PostgreSQL connection...
[32minfo[39m: 📊 Host: 20.169.129.160:5432
[32minfo[39m: 👤 User: sabyagentic_user
[32minfo[39m: 🗄️  Database: halograph
[32minfo[39m: ✅ PostgreSQL connected successfully
[32minfo[39m: 📋 PostgreSQL Version: PostgreSQL 15.14 (Debian 15.14-1.pgdg13+1) on x86_64-pc-linux-gnu, compiled by gcc (Debian 14.2.0-19) 14.2.0, 64-bit
[32minfo[39m: ✅ Redis connected
[32minfo[39m: ⚙️  Redis ready for commands
[32minfo[39m: ✅ Redis ping successful
[31merror[39m: Error: listen EADDRINUSE: address already in use :::4000
    at Server.setupListenHandle [as _listen2] (node:net:1817:16)
    at listenInCluster (node:net:1865:12)
    at doListen (node:net:2014:7)
    at process.processTicksAndRejections (node:internal/process/task_queues:83:21)
[32minfo[39m: Server closed
[31m[nodemon] app crashed - waiting for file changes before starting...[39m
[32m[nodemon] restarting due to changes...[39m
[32m[nodemon] starting `node src/index.js`[39m
[32m[nodemon] restarting due to changes...[39m
[32m[nodemon] starting `node src/index.js`[39m
[32m[nodemon] restarting due to changes...[39m
[32m[nodemon] starting `node src/index.js`[39m
(node:35794) NOTE: The AWS SDK for JavaScript (v2) is in maintenance mode.
 SDK releases are limited to address critical bug fixes and security issues only.

Please migrate your code to use AWS SDK for JavaScript (v3).
For more information, check the blog post at https://a.co/cUPnyil
(Use `node --trace-warnings ...` to show where the warning was created)
[32minfo[39m: ✅ Connected to MongoDB
[32minfo[39m: 🔄 Testing PostgreSQL connection...
[32minfo[39m: 📊 Host: 20.169.129.160:5432
[32minfo[39m: 👤 User: sabyagentic_user
[32minfo[39m: 🗄️  Database: halograph
[32minfo[39m: ✅ PostgreSQL connected successfully
[32minfo[39m: 📋 PostgreSQL Version: PostgreSQL 15.14 (Debian 15.14-1.pgdg13+1) on x86_64-pc-linux-gnu, compiled by gcc (Debian 14.2.0-19) 14.2.0, 64-bit
[32minfo[39m: ✅ Redis connected
[32minfo[39m: ⚙️  Redis ready for commands
[32minfo[39m: ✅ Redis ping successful
[31merror[39m: Error: listen EADDRINUSE: address already in use :::4000
    at Server.setupListenHandle [as _listen2] (node:net:1817:16)
    at listenInCluster (node:net:1865:12)
    at doListen (node:net:2014:7)
    at process.processTicksAndRejections (node:internal/process/task_queues:83:21)
[32minfo[39m: Server closed
[31m[nodemon] app crashed - waiting for file changes before starting...[39m
[32m[nodemon] restarting due to changes...[39m
[32m[nodemon] starting `node src/index.js`[39m
(node:59212) NOTE: The AWS SDK for JavaScript (v2) is in maintenance mode.
 SDK releases are limited to address critical bug fixes and security issues only.

Please migrate your code to use AWS SDK for JavaScript (v3).
For more information, check the blog post at https://a.co/cUPnyil
(Use `node --trace-warnings ...` to show where the warning was created)
[32minfo[39m: Connected to email server
[31merror[39m: connect ECONNREFUSED ::1:27017
[31m[nodemon] app crashed - waiting for file changes before starting...[39m
[32m[nodemon] restarting due to changes...[39m
[32m[nodemon] starting `node src/index.js`[39m
(node:70272) NOTE: The AWS SDK for JavaScript (v2) is in maintenance mode.
 SDK releases are limited to address critical bug fixes and security issues only.

Please migrate your code to use AWS SDK for JavaScript (v3).
For more information, check the blog post at https://a.co/cUPnyil
(Use `node --trace-warnings ...` to show where the warning was created)
[32minfo[39m: ✅ Connected to MongoDB
[32minfo[39m: 🔄 Testing PostgreSQL connection...
[32minfo[39m: 📊 Host: 20.169.129.160:5432
[32minfo[39m: 👤 User: sabyagentic_user
[32minfo[39m: 🗄️  Database: halograph
[32minfo[39m: ✅ PostgreSQL connected successfully
[32minfo[39m: 📋 PostgreSQL Version: PostgreSQL 15.14 (Debian 15.14-1.pgdg13+1) on x86_64-pc-linux-gnu, compiled by gcc (Debian 14.2.0-19) 14.2.0, 64-bit
[32minfo[39m: ✅ Redis connected
[32minfo[39m: ⚙️  Redis ready for commands
[32minfo[39m: ✅ Redis ping successful
[31merror[39m: Error: listen EADDRINUSE: address already in use :::4000
    at Server.setupListenHandle [as _listen2] (node:net:1817:16)
    at listenInCluster (node:net:1865:12)
    at doListen (node:net:2014:7)
    at process.processTicksAndRejections (node:internal/process/task_queues:83:21)
[32minfo[39m: Server closed
[31m[nodemon] app crashed - waiting for file changes before starting...[39m
[32m[nodemon] restarting due to changes...[39m
[32m[nodemon] starting `node src/index.js`[39m
(node:73550) NOTE: The AWS SDK for JavaScript (v2) is in maintenance mode.
 SDK releases are limited to address critical bug fixes and security issues only.

Please migrate your code to use AWS SDK for JavaScript (v3).
For more information, check the blog post at https://a.co/cUPnyil
(Use `node --trace-warnings ...` to show where the warning was created)
[32minfo[39m: ✅ Connected to MongoDB
[32minfo[39m: 🔄 Testing PostgreSQL connection...
[32minfo[39m: 📊 Host: 20.169.129.160:5432
[32minfo[39m: 👤 User: sabyagentic_user
[32minfo[39m: 🗄️  Database: halograph
[32minfo[39m: ✅ PostgreSQL connected successfully
[32minfo[39m: 📋 PostgreSQL Version: PostgreSQL 15.14 (Debian 15.14-1.pgdg13+1) on x86_64-pc-linux-gnu, compiled by gcc (Debian 14.2.0-19) 14.2.0, 64-bit
[32minfo[39m: ✅ Redis connected
[32minfo[39m: ⚙️  Redis ready for commands
[32minfo[39m: ✅ Redis ping successful
[31merror[39m: Error: listen EADDRINUSE: address already in use :::4000
    at Server.setupListenHandle [as _listen2] (node:net:1817:16)
    at listenInCluster (node:net:1865:12)
    at doListen (node:net:2014:7)
    at process.processTicksAndRejections (node:internal/process/task_queues:83:21)
[32minfo[39m: Server closed
[31m[nodemon] app crashed - waiting for file changes before starting...[39m
[32m[nodemon] restarting due to changes...[39m
[32m[nodemon] starting `node src/index.js`[39m
(node:63954) NOTE: The AWS SDK for JavaScript (v2) is in maintenance mode.
 SDK releases are limited to address critical bug fixes and security issues only.

Please migrate your code to use AWS SDK for JavaScript (v3).
For more information, check the blog post at https://a.co/cUPnyil
(Use `node --trace-warnings ...` to show where the warning was created)
[32minfo[39m: ✅ Connected to MongoDB
[32minfo[39m: 🔄 Testing PostgreSQL connection...
[32minfo[39m: 📊 Host: 20.169.129.160:5432
[32minfo[39m: 👤 User: sabyagentic_user
[32minfo[39m: 🗄️  Database: halograph
[32minfo[39m: ✅ PostgreSQL connected successfully
[32minfo[39m: 📋 PostgreSQL Version: PostgreSQL 15.14 (Debian 15.14-1.pgdg13+1) on x86_64-pc-linux-gnu, compiled by gcc (Debian 14.2.0-19) 14.2.0, 64-bit
[32minfo[39m: ✅ Redis connected
[32minfo[39m: ⚙️  Redis ready for commands
[32minfo[39m: ✅ Redis ping successful
[31merror[39m: Error: listen EADDRINUSE: address already in use :::4000
    at Server.setupListenHandle [as _listen2] (node:net:1817:16)
    at listenInCluster (node:net:1865:12)
    at doListen (node:net:2014:7)
    at process.processTicksAndRejections (node:internal/process/task_queues:83:21)
[32minfo[39m: Server closed
[31m[nodemon] app crashed - waiting for file changes before starting...[39m
[32m[nodemon] restarting due to changes...[39m
[32m[nodemon] starting `node src/index.js`[39m
[32m[nodemon] restarting due to changes...[39m
[32m[nodemon] starting `node src/index.js`[39m
[32m[nodemon] restarting due to changes...[39m
[32m[nodemon] starting `node src/index.js`[39m
[32m[nodemon] restarting due to changes...[39m
[32m[nodemon] starting `node src/index.js`[39m
[32m[nodemon] restarting due to changes...[39m
[32m[nodemon] restarting due to changes...[39m
[32m[nodemon] restarting due to changes...[39m
[32m[nodemon] starting `node src/index.js`[39m
[32m[nodemon] restarting due to changes...[39m
[32m[nodemon] restarting due to changes...[39m
[32m[nodemon] starting `node src/index.js`[39m
(node:70499) NOTE: The AWS SDK for JavaScript (v2) is in maintenance mode.
 SDK releases are limited to address critical bug fixes and security issues only.

Please migrate your code to use AWS SDK for JavaScript (v3).
For more information, check the blog post at https://a.co/cUPnyil
(Use `node --trace-warnings ...` to show where the warning was created)
[32minfo[39m: ✅ Connected to MongoDB
[32minfo[39m: 🔄 Testing PostgreSQL connection...
[32minfo[39m: 📊 Host: 20.169.129.160:5432
[32minfo[39m: 👤 User: sabyagentic_user
[32minfo[39m: 🗄️  Database: halograph
[32minfo[39m: ✅ PostgreSQL connected successfully
[32minfo[39m: Connected to email server
[32minfo[39m: 📋 PostgreSQL Version: PostgreSQL 15.14 (Debian 15.14-1.pgdg13+1) on x86_64-pc-linux-gnu, compiled by gcc (Debian 14.2.0-19) 14.2.0, 64-bit
[32minfo[39m: ✅ Redis connected
[32minfo[39m: ⚙️  Redis ready for commands
[32minfo[39m: ✅ Redis ping successful
[31merror[39m: Error: listen EADDRINUSE: address already in use :::4000
    at Server.setupListenHandle [as _listen2] (node:net:1817:16)
    at listenInCluster (node:net:1865:12)
    at doListen (node:net:2014:7)
    at process.processTicksAndRejections (node:internal/process/task_queues:83:21)
[32minfo[39m: Server closed
[31m[nodemon] app crashed - waiting for file changes before starting...[39m
[32m[nodemon] restarting due to changes...[39m
[32m[nodemon] starting `node src/index.js`[39m
[32m[nodemon] restarting due to changes...[39m
[32m[nodemon] starting `node src/index.js`[39m
(node:73627) NOTE: The AWS SDK for JavaScript (v2) is in maintenance mode.
 SDK releases are limited to address critical bug fixes and security issues only.

Please migrate your code to use AWS SDK for JavaScript (v3).
For more information, check the blog post at https://a.co/cUPnyil
(Use `node --trace-warnings ...` to show where the warning was created)
[32minfo[39m: ✅ Connected to MongoDB
[32minfo[39m: 🔄 Testing PostgreSQL connection...
[32minfo[39m: 📊 Host: 20.169.129.160:5432
[32minfo[39m: 👤 User: sabyagentic_user
[32minfo[39m: 🗄️  Database: halograph
[32minfo[39m: ✅ PostgreSQL connected successfully
[32minfo[39m: 📋 PostgreSQL Version: PostgreSQL 15.14 (Debian 15.14-1.pgdg13+1) on x86_64-pc-linux-gnu, compiled by gcc (Debian 14.2.0-19) 14.2.0, 64-bit
[32minfo[39m: ✅ Redis connected
[32minfo[39m: ⚙️  Redis ready for commands
[32minfo[39m: ✅ Redis ping successful
[31merror[39m: Error: listen EADDRINUSE: address already in use :::4000
    at Server.setupListenHandle [as _listen2] (node:net:1817:16)
    at listenInCluster (node:net:1865:12)
    at doListen (node:net:2014:7)
    at process.processTicksAndRejections (node:internal/process/task_queues:83:21)
[32minfo[39m: Server closed
[31m[nodemon] app crashed - waiting for file changes before starting...[39m
[32m[nodemon] restarting due to changes...[39m
[32m[nodemon] starting `node src/index.js`[39m
[32m[nodemon] restarting due to changes...[39m
[32m[nodemon] restarting due to changes...[39m
[32m[nodemon] restarting due to changes...[39m
[32m[nodemon] starting `node src/index.js`[39m
(node:80278) NOTE: The AWS SDK for JavaScript (v2) is in maintenance mode.
 SDK releases are limited to address critical bug fixes and security issues only.

Please migrate your code to use AWS SDK for JavaScript (v3).
For more information, check the blog post at https://a.co/cUPnyil
(Use `node --trace-warnings ...` to show where the warning was created)
[32minfo[39m: ✅ Connected to MongoDB
[32minfo[39m: 🔄 Testing PostgreSQL connection...
[32minfo[39m: 📊 Host: 20.169.129.160:5432
[32minfo[39m: 👤 User: sabyagentic_user
[32minfo[39m: 🗄️  Database: halograph
[32minfo[39m: ✅ PostgreSQL connected successfully
[32minfo[39m: 📋 PostgreSQL Version: PostgreSQL 15.14 (Debian 15.14-1.pgdg13+1) on x86_64-pc-linux-gnu, compiled by gcc (Debian 14.2.0-19) 14.2.0, 64-bit
[32minfo[39m: ✅ Redis connected
[32minfo[39m: ⚙️  Redis ready for commands
[32minfo[39m: ✅ Redis ping successful
[31merror[39m: Error: listen EADDRINUSE: address already in use :::4000
    at Server.setupListenHandle [as _listen2] (node:net:1817:16)
    at listenInCluster (node:net:1865:12)
    at doListen (node:net:2014:7)
    at process.processTicksAndRejections (node:internal/process/task_queues:83:21)
[32minfo[39m: Server closed
[31m[nodemon] app crashed - waiting for file changes before starting...[39m
DK for JavaScript (v3).
For more information, check the blog post at https://a.co/cUPnyil
(Use `node --trace-warnings ...` to show where the warning was created)
[32minfo[39m: ✅ Connected to MongoDB
[32minfo[39m: 🔄 Testing PostgreSQL connection...
[32minfo[39m: 📊 Host: 20.169.129.160:5432
[32minfo[39m: 👤 User: sabyagentic_user
[32minfo[39m: 🗄️  Database: halograph
[32minfo[39m: Connected to email server
[32minfo[39m: ✅ PostgreSQL connected successfully
[32minfo[39m: 📋 PostgreSQL Version: PostgreSQL 15.14 (Debian 15.14-1.pgdg13+1) on x86_64-pc-linux-gnu, compiled by gcc (Debian 14.2.0-19) 14.2.0, 64-bit
[32minfo[39m: ✅ Redis connected
[32minfo[39m: ⚙️  Redis ready for commands
[32minfo[39m: ✅ Redis ping successful
[31merror[39m: Error: listen EADDRINUSE: address already in use :::4000
    at Server.setupListenHandle [as _listen2] (node:net:1817:16)
    at listenInCluster (node:net:1865:12)
    at doListen (node:net:2014:7)
    at process.processTicksAndRejections (node:internal/process/task_queues:83:21)
[32minfo[39m: Server closed
[31m[nodemon] app crashed - waiting for file changes before starting...[39m
[32m[nodemon] restarting due to changes...[39m
[32m[nodemon] starting `node src/index.js`[39m
[32m[nodemon] restarting due to changes...[39m
[32m[nodemon] restarting due to changes...[39m
[32m[nodemon] starting `node src/index.js`[39m
[32m[nodemon] restarting due to changes...[39m
[32m[nodemon] starting `node src/index.js`[39m
(node:80832) NOTE: The AWS SDK for JavaScript (v2) is in maintenance mode.
 SDK releases are limited to address critical bug fixes and security issues only.

Please migrate your code to use AWS SDK for JavaScript (v3).
For more information, check the blog post at https://a.co/cUPnyil
(Use `node --trace-warnings ...` to show where the warning was created)
[32minfo[39m: ✅ Connected to MongoDB
[32minfo[39m: 🔄 Testing PostgreSQL connection...
[32minfo[39m: 📊 Host: 20.169.129.160:5432
[32minfo[39m: 👤 User: sabyagentic_user
[32minfo[39m: 🗄️  Database: halograph
[32minfo[39m: ✅ PostgreSQL connected successfully
[32minfo[39m: 📋 PostgreSQL Version: PostgreSQL 15.14 (Debian 15.14-1.pgdg13+1) on x86_64-pc-linux-gnu, compiled by gcc (Debian 14.2.0-19) 14.2.0, 64-bit
[32minfo[39m: ✅ Redis connected
[32minfo[39m: ⚙️  Redis ready for commands
[32minfo[39m: ✅ Redis ping successful
[31merror[39m: Error: listen EADDRINUSE: address already in use :::4000
    at Server.setupListenHandle [as _listen2] (node:net:1817:16)
    at listenInCluster (node:net:1865:12)
    at doListen (node:net:2014:7)
    at process.processTicksAndRejections (node:internal/process/task_queues:83:21)
[32minfo[39m: Server closed
[31m[nodemon] app crashed - waiting for file changes before starting...[39m
07T21:43:37.503Z,
      __v: 0
    },
    createdBy: 68e487ef3d91ac6d96610f5d,
    createdAt: 2025-10-08T14:42:22.186Z,
    updatedAt: 2025-10-08T14:42:22.186Z,
    haloId: 'NE-0003W',
    fingerprint: 'level 2:68e6784e859f5a6c092c567c',
    __v: 0
  }
]
[32minfo[39m: GET /v1/structure 304 - 18.258 ms
[TenantPlugin] Pre-hook triggered for: findOne
[TenantPlugin] Options: {}
--- AUTH DEBUG ---
Route: /v1/structure
HTTP Method: GET
Required Permissions: [ 'view:structures' ]
[STRUCTURE CONTROLLER - QUERY] Query params: {}
[STRUCTURE CONTROLLER - QUERY] User tenant ID: YYj9stYAH6
[STRUCTURE CONTROLLER - QUERY] Filter with tenantId: { tenantId: 'YYj9stYAH6' }
[STRUCTURE CONTROLLER - QUERY] Populate options: level,parent
[TenantPlugin] paginate() - incoming options: { populate: 'level,parent' }
[TenantPlugin] Pre-hook triggered for: countDocuments
[TenantPlugin] Options: {}
[TenantPlugin] Pre-hook triggered for: find
[TenantPlugin] Options: { sort: { createdAt: 1 }, skip: 0, limit: 10 }
[TenantPlugin] Pre-hook triggered for: find
[TenantPlugin] Options: { skip: undefined, limit: undefined, perDocumentLimit: undefined }
[STRUCTURE CONTROLLER - QUERY] Found 4 structures for tenant: YYj9stYAH6
[STRUCTURE CONTROLLER - QUERY] Returning structures: [
  {
    position: { x: -708.8074567042663, y: -1152.8722725068146 },
    isSpecial: false,
    isActive: true,
    type: 'administrative',
    parent: null,
    path: '68e65b4f44b251ec3b95e518',
    identity: [],
    hierarchy: Map(0) {},
    _id: 68e65b4f44b251ec3b95e518,
    tenantId: 'YYj9stYAH6',
    name: 'GLOBAL',
    code: 'jasper',
    description: '',
    level: {
      description: '',
      deletedAt: null,
      _id: 68e4fbbc2f3a6979ded81ee9,
      tenantId: 'YYj9stYAH6',
      name: 'Level 0',
      rank: 0,
      createdAt: 2025-10-07T11:38:36.223Z,
      updatedAt: 2025-10-07T11:38:36.223Z,
      __v: 0
    },
    createdBy: 68e487ef3d91ac6d96610f5d,
    createdAt: 2025-10-08T12:38:39.095Z,
    updatedAt: 2025-10-08T13:14:39.416Z,
    haloId: 'GL-0003O',
    fingerprint: 'level 0:68e65b4f44b251ec3b95e518',
    __v: 0
  },
  {
    position: { x: -1129.2531391860023, y: -850.634030075247 },
    isSpecial: true,
    isActive: true,
    type: 'administrative',
    parent: null,
    path: '68e662ebe8cb8a083d437d22',
    identity: [],
    hierarchy: Map(0) {},
    _id: 68e662ebe8cb8a083d437d22,
    tenantId: 'YYj9stYAH6',
    name: 'branch church op',
    code: 'diamond',
    description: '',
    level: {
      description: '',
      deletedAt: null,
      _id: 68e4fbe42f3a6979ded81f07,
      tenantId: 'YYj9stYAH6',
      name: 'Level 1',
      rank: 1,
      createdAt: 2025-10-07T11:39:16.189Z,
      updatedAt: 2025-10-07T11:39:16.189Z,
      __v: 0
    },
    createdBy: 68e487ef3d91ac6d96610f5d,
    createdAt: 2025-10-08T13:11:07.544Z,
    updatedAt: 2025-10-08T14:42:13.428Z,
    haloId: 'NE-0003T',
    fingerprint: 'level 1:68e662ebe8cb8a083d437d22',
    __v: 0
  },
  {
    position: { x: -320.5156129569781, y: -437.1981350647864 },
    isSpecial: true,
    isActive: true,
    type: 'administrative',
    parent: null,
    path: '68e6631ee8cb8a083d437d41',
    identity: [],
    hierarchy: Map(0) {},
    _id: 68e6631ee8cb8a083d437d41,
    tenantId: 'YYj9stYAH6',
    name: 'New emerald',
    code: 'emerald',
    description: '',
    level: {
      description: '',
      deletedAt: null,
      _id: 68e4fbe42f3a6979ded81f07,
      tenantId: 'YYj9stYAH6',
      name: 'Level 1',
      rank: 1,
      createdAt: 2025-10-07T11:39:16.189Z,
      updatedAt: 2025-10-07T11:39:16.189Z,
      __v: 0
    },
    createdBy: 68e487ef3d91ac6d96610f5d,
    createdAt: 2025-10-08T13:11:58.897Z,
    updatedAt: 2025-10-08T14:00:11.036Z,
    haloId: 'NE-0003U',
    fingerprint: 'level 1:68e6631ee8cb8a083d437d41',
    __v: 0
  },
  {
    position: { x: -968.1164385667662, y: -520.6499132981311 },
    isSpecial: false,
    isActive: true,
    type: 'administrative',
    parent: null,
    path: '68e6784e859f5a6c092c567c',
    identity: [],
    hierarchy: Map(0) {},
    _id: 68e6784e859f5a6c092c567c,
    tenantId: 'YYj9stYAH6',
    name: 'New jasper',
    code: 'jasper',
    description: '',
    level: {
      description: '',
      deletedAt: null,
      _id: 68e58989814ef8f50f45dfb1,
      tenantId: 'YYj9stYAH6',
      name: 'Level 2',
      rank: 2,
      createdAt: 2025-10-07T21:43:37.503Z,
      updatedAt: 2025-10-07T21:43:37.503Z,
      __v: 0
    },
    createdBy: 68e487ef3d91ac6d96610f5d,
    createdAt: 2025-10-08T14:42:22.186Z,
    updatedAt: 2025-10-08T14:42:22.186Z,
    haloId: 'NE-0003W',
    fingerprint: 'level 2:68e6784e859f5a6c092c567c',
    __v: 0
  }
]
[32minfo[39m: GET /v1/structure 304 - 11.006 ms
[32minfo[39m: OPTIONS /v1/structure 204 - 8.208 ms
[TenantPlugin] Pre-hook triggered for: findOne
[TenantPlugin] Options: {}
--- AUTH DEBUG ---
Route: /v1/structure
HTTP Method: GET
Required Permissions: [ 'view:structures' ]
[STRUCTURE CONTROLLER - QUERY] Query params: {}
[STRUCTURE CONTROLLER - QUERY] User tenant ID: YYj9stYAH6
[STRUCTURE CONTROLLER - QUERY] Filter with tenantId: { tenantId: 'YYj9stYAH6' }
[STRUCTURE CONTROLLER - QUERY] Populate options: level,parent
[TenantPlugin] paginate() - incoming options: { populate: 'level,parent' }
[TenantPlugin] Pre-hook triggered for: countDocuments
[TenantPlugin] Options: {}
[TenantPlugin] Pre-hook triggered for: find
[TenantPlugin] Options: { sort: { createdAt: 1 }, skip: 0, limit: 10 }
[TenantPlugin] Pre-hook triggered for: find
[TenantPlugin] Option[32m[nodemon] restarting due to changes...[39m
[32m[nodemon] starting `node src/index.js`[39m
(node:4531) NOTE: The AWS SDK for JavaScript (v2) is in maintenance mode.
 SDK releases are limited to address critical bug fixes and security issues only.

Please migrate your code to use AWS SDK for JavaScript (v3).
For more information, check the blog post at https://a.co/cUPnyil
(Use `node --trace-warnings ...` to show where the warning was created)
[32minfo[39m: ✅ Connected to MongoDB
[32minfo[39m: 🔄 Testing PostgreSQL connection...
[32minfo[39m: 📊 Host: 20.169.129.160:5432
[32minfo[39m: 👤 User: sabyagentic_user
[32minfo[39m: 🗄️  Database: halograph
[32minfo[39m: ✅ PostgreSQL connected successfully
[32minfo[39m: Connected to email server
[32minfo[39m: 📋 PostgreSQL Version: PostgreSQL 15.14 (Debian 15.14-1.pgdg13+1) on x86_64-pc-linux-gnu, compiled by gcc (Debian 14.2.0-19) 14.2.0, 64-bit
[32minfo[39m: ✅ Redis connected
[32minfo[39m: ⚙️  Redis ready for commands
[32minfo[39m: ✅ Redis ping successful
[31merror[39m: Error: listen EADDRINUSE: address already in use :::4000
    at Server.setupListenHandle [as _listen2] (node:net:1817:16)
    at listenInCluster (node:net:1865:12)
    at doListen (node:net:2014:7)
    at process.processTicksAndRejections (node:internal/process/task_queues:83:21)
[32minfo[39m: Server closed
[31m[nodemon] app crashed - waiting for file changes before starting...[39m
[32m[nodemon] restarting due to changes...[39m
[32m[nodemon] starting `node src/index.js`[39m
/Users/fadebowaley/saby/sabyBackend/src/controllers/structure.controller.js:153
};);
^

SyntaxError: missing ) after argument list
    at internalCompileFunction (node:internal/vm:76:18)
    at wrapSafe (node:internal/modules/cjs/loader:1283:20)
    at Module._compile (node:internal/modules/cjs/loader:1328:27)
    at Module._extensions..js (node:internal/modules/cjs/loader:1422:10)
    at Module.load (node:internal/modules/cjs/loader:1203:32)
    at Module._load (node:internal/modules/cjs/loader:1019:12)
    at Module.require (node:internal/modules/cjs/loader:1231:19)
    at require (node:internal/modules/helpers:177:18)
    at Object.<anonymous> (/Users/fadebowaley/saby/sabyBackend/src/routes/v1/structure.route.js:5:29)
    at Module._compile (node:internal/modules/cjs/loader:1364:14)
    at Module._extensions..js (node:internal/modules/cjs/loader:1422:10)
    at Module.load (node:internal/modules/cjs/loader:1203:32)
    at Module._load (node:internal/modules/cjs/loader:1019:12)
    at Module.require (node:internal/modules/cjs/loader:1231:19)
    at require (node:internal/modules/helpers:177:18)
    at Object.<anonymous> (/Users/fadebowaley/saby/sabyBackend/src/routes/v1/index.js:14:24)

Node.js v18.20.2
[31m[nodemon] app crashed - waiting for file changes before starting...[39m
[32m[nodemon] restarting due to changes...[39m
[32m[nodemon] starting `node src/index.js`[39m
[32m[nodemon] restarting due to changes...[39m
[32m[nodemon] restarting due to changes...[39m
[32m[nodemon] starting `node src/index.js`[39m
(node:22012) NOTE: The AWS SDK for JavaScript (v2) is in maintenance mode.
 SDK releases are limited to address critical bug fixes and security issues only.

Please migrate your code to use AWS SDK for JavaScript (v3).
For more information, check the blog post at https://a.co/cUPnyil
(Use `node --trace-warnings ...` to show where the warning was created)
[32minfo[39m: ✅ Connected to MongoDB
[32minfo[39m: 🔄 Testing PostgreSQL connection...
[32minfo[39m: 📊 Host: 20.169.129.160:5432
[32minfo[39m: 👤 User: sabyagentic_user
[32minfo[39m: 🗄️  Database: halograph
[32minfo[39m: ✅ PostgreSQL connected successfully
[32minfo[39m: 📋 PostgreSQL Version: PostgreSQL 15.14 (Debian 15.14-1.pgdg13+1) on x86_64-pc-linux-gnu, compiled by gcc (Debian 14.2.0-19) 14.2.0, 64-bit
[32minfo[39m: ✅ Redis connected
[32minfo[39m: ⚙️  Redis ready for commands
[32minfo[39m: ✅ Redis ping successful
[31merror[39m: Error: listen EADDRINUSE: address already in use :::4000
    at Server.setupListenHandle [as _listen2] (node:net:1817:16)
    at listenInCluster (node:net:1865:12)
    at doListen (node:net:2014:7)
    at process.processTicksAndRejections (node:internal/process/task_queues:83:21)
[32minfo[39m: Server closed
[31m[nodemon] app crashed - waiting for file changes before starting...[39m
[32m[nodemon] restarting due to changes...[39m
[32m[nodemon] starting `node src/index.js`[39m
[32m[nodemon] restarting due to changes...[39m
[32m[nodemon] starting `node src/index.js`[39m
[32m[nodemon] restarting due to changes...[39m
[32m[nodemon] starting `node src/index.js`[39m
(node:35696) NOTE: The AWS SDK for JavaScript (v2) is in maintenance mode.
 SDK releases are limited to address critical bug fixes and security issues only.

Please migrate your code to use AWS SDK for JavaScript (v3).
For more information, check the blog post at https://a.co/cUPnyil
(Use `node --trace-warnings ...` to show where the warning was created)
[32minfo[39m: ✅ Connected to MongoDB
[32minfo[39m: 🔄 Testing PostgreSQL connection...
[32minfo[39m: 📊 Host: 20.169.129.160:5432
[32minfo[39m: 👤 User: sabyagentic_user
[32minfo[39m: 🗄️  Database: halograph
[32minfo[39m: ✅ PostgreSQL connected successfully
[32minfo[39m: 📋 PostgreSQL Version: PostgreSQL 15.14 (Debian 15.14-1.pgdg13+1) on x86_64-pc-linux-gnu, compiled by gcc (Debian 14.2.0-19) 14.2.0, 64-bit
[32minfo[39m: Connected to email server
[32minfo[39m: ✅ Redis connected
[32minfo[39m: ⚙️  Redis ready for commands
[32minfo[39m: ✅ Redis ping successful
[31merror[39m: Error: listen EADDRINUSE: address already in use :::4000
    at Server.setupListenHandle [as _listen2] (node:net:1817:16)
    at listenInCluster (node:net:1865:12)
    at doListen (node:net:2014:7)
    at process.processTicksAndRejections (node:internal/process/task_queues:83:21)
[32minfo[39m: Server closed
[31m[nodemon] app crashed - waiting for file changes before starting...[39m
[32m[nodemon] restarting due to changes...[39m
[32m[nodemon] starting `node src/index.js`[39m
(node:59218) NOTE: The AWS SDK for JavaScript (v2) is in maintenance mode.
 SDK releases are limited to address critical bug fixes and security issues only.

Please migrate your code to use AWS SDK for JavaScript (v3).
For more information, check the blog post at https://a.co/cUPnyil
(Use `node --trace-warnings ...` to show where the warning was created)
[32minfo[39m: Connected to email server
[31merror[39m: connect ECONNREFUSED ::1:27017
[31m[nodemon] app crashed - waiting for file changes before starting...[39m
[32m[nodemon] restarting due to changes...[39m
[32m[nodemon] starting `node src/index.js`[39m
(node:70276) NOTE: The AWS SDK for JavaScript (v2) is in maintenance mode.
 SDK releases are limited to address critical bug fixes and security issues only.

Please migrate your code to use AWS SDK for JavaScript (v3).
For more information, check the blog post at https://a.co/cUPnyil
(Use `node --trace-warnings ...` to show where the warning was created)
[32minfo[39m: ✅ Connected to MongoDB
[32minfo[39m: 🔄 Testing PostgreSQL connection...
[32minfo[39m: 📊 Host: 20.169.129.160:5432
[32minfo[39m: 👤 User: sabyagentic_user
[32minfo[39m: 🗄️  Database: halograph
[32minfo[39m: ✅ PostgreSQL connected successfully
[32minfo[39m: Connected to email server
[32minfo[39m: 📋 PostgreSQL Version: PostgreSQL 15.14 (Debian 15.14-1.pgdg13+1) on x86_64-pc-linux-gnu, compiled by gcc (Debian 14.2.0-19) 14.2.0, 64-bit
[32minfo[39m: ✅ Redis connected
[32minfo[39m: ⚙️  Redis ready for commands
[32minfo[39m: ✅ Redis ping successful
[31merror[39m: Error: listen EADDRINUSE: address already in use :::4000
    at Server.setupListenHandle [as _listen2] (node:net:1817:16)
    at listenInCluster (node:net:1865:12)
    at doListen (node:net:2014:7)
    at process.processTicksAndRejections (node:internal/process/task_queues:83:21)
[32minfo[39m: Server closed
[31m[nodemon] app crashed - waiting for file changes before starting...[39m
[32m[nodemon] restarting due to changes...[39m
[32m[nodemon] starting `node src/index.js`[39m
(node:73584) NOTE: The AWS SDK for JavaScript (v2) is in maintenance mode.
 SDK releases are limited to address critical bug fixes and security issues only.

Please migrate your code to use AWS SDK for JavaScript (v3).
For more information, check the blog post at https://a.co/cUPnyil
(Use `node --trace-warnings ...` to show where the warning was created)
[32minfo[39m: ✅ Connected to MongoDB
[32minfo[39m: 🔄 Testing PostgreSQL connection...
[32minfo[39m: 📊 Host: 20.169.129.160:5432
[32minfo[39m: 👤 User: sabyagentic_user
[32minfo[39m: 🗄️  Database: halograph
[32minfo[39m: ✅ PostgreSQL connected successfully
[32minfo[39m: 📋 PostgreSQL Version: PostgreSQL 15.14 (Debian 15.14-1.pgdg13+1) on x86_64-pc-linux-gnu, compiled by gcc (Debian 14.2.0-19) 14.2.0, 64-bit
[32minfo[39m: ✅ Redis connected
[32minfo[39m: ⚙️  Redis ready for commands
[32minfo[39m: ✅ Redis ping successful
[31merror[39m: Error: listen EADDRINUSE: address already in use :::4000
    at Server.setupListenHandle [as _listen2] (node:net:1817:16)
    at listenInCluster (node:net:1865:12)
    at doListen (node:net:2014:7)
    at process.processTicksAndRejections (node:internal/process/task_queues:83:21)
[32minfo[39m: Server closed
[31m[nodemon] app crashed - waiting for file changes before starting...[39m
[32m[nodemon] restarting due to changes...[39m
[32m[nodemon] starting `node src/index.js`[39m
(node:63984) NOTE: The AWS SDK for JavaScript (v2) is in maintenance mode.
 SDK releases are limited to address critical bug fixes and security issues only.

Please migrate your code to use AWS SDK for JavaScript (v3).
For more information, check the blog post at https://a.co/cUPnyil
(Use `node --trace-warnings ...` to show where the warning was created)
[32minfo[39m: ✅ Connected to MongoDB
[32minfo[39m: 🔄 Testing PostgreSQL connection...
[32minfo[39m: 📊 Host: 20.169.129.160:5432
[32minfo[39m: 👤 User: sabyagentic_user
[32minfo[39m: 🗄️  Database: halograph
[32minfo[39m: ✅ PostgreSQL connected successfully
[32minfo[39m: 📋 PostgreSQL Version: PostgreSQL 15.14 (Debian 15.14-1.pgdg13+1) on x86_64-pc-linux-gnu, compiled by gcc (Debian 14.2.0-19) 14.2.0, 64-bit
[32minfo[39m: ✅ Redis connected
[32minfo[39m: ⚙️  Redis ready for commands
[32minfo[39m: ✅ Redis ping successful
[32minfo[39m: 🚀 Server is running on port 4000
[32minfo[39m: 🌍 Environment: development
[32minfo[39m: 📊 Database Status:
[32minfo[39m:    - MongoDB: ✅ Connected
[32minfo[39m:    - PostgreSQL: ✅ Connected
[32minfo[39m:    - Redis: ✅ Connected
[32minfo[39m: Connected to email server
[32m[nodemon] restarting due to changes...[39m
[32m[nodemon] starting `node src/index.js`[39m
[32m[nodemon] restarting due to changes...[39m
[32m[nodemon] starting `node src/index.js`[39m
[32m[nodemon] restarting due to changes...[39m
[32m[nodemon] restarting due to changes...[39m
[32m[nodemon] starting `node src/index.js`[39m
[32m[nodemon] restarting due to changes...[39m
[32m[nodemon] starting `node src/index.js`[39m
[32m[nodemon] restarting due to changes...[39m
[32m[nodemon] restarting due to changes...[39m
[32m[nodemon] restarting due to changes...[39m
[32m[nodemon] starting `node src/index.js`[39m
[32m[nodemon] restarting due to changes...[39m
[32m[nodemon] starting `node src/index.js`[39m
(node:71017) NOTE: The AWS SDK for JavaScript (v2) is in maintenance mode.
 SDK releases are limited to address critical bug fixes and security issues only.

Please migrate your code to use AWS SDK for JavaScript (v3).
For more information, check the blog post at https://a.co/cUPnyil
(Use `node --trace-warnings ...` to show where the warning was created)
[32minfo[39m: ✅ Connected to MongoDB
[32minfo[39m: 🔄 Testing PostgreSQL connection...
[32minfo[39m: 📊 Host: 20.169.129.160:5432
[32minfo[39m: 👤 User: sabyagentic_user
[32minfo[39m: 🗄️  Database: halograph
[32minfo[39m: ✅ PostgreSQL connected successfully
[32minfo[39m: 📋 PostgreSQL Version: PostgreSQL 15.14 (Debian 15.14-1.pgdg13+1) on x86_64-pc-linux-gnu, compiled by gcc (Debian 14.2.0-19) 14.2.0, 64-bit
[32minfo[39m: ✅ Redis connected
[32minfo[39m: ⚙️  Redis ready for commands
[32minfo[39m: ✅ Redis ping successful
[31merror[39m: Error: listen EADDRINUSE: address already in use :::4000
    at Server.setupListenHandle [as _listen2] (node:net:1817:16)
    at listenInCluster (node:net:1865:12)
    at doListen (node:net:2014:7)
    at process.processTicksAndRejections (node:internal/process/task_queues:83:21)
[32minfo[39m: Server closed
[31m[nodemon] app crashed - waiting for file changes before starting...[39m
[32m[nodemon] restarting due to changes...[39m
[32m[nodemon] starting `node src/index.js`[39m
[32m[nodemon] restarting due to changes...[39m
[32m[nodemon] starting `node src/index.js`[39m
(node:73337) NOTE: The AWS SDK for JavaScript (v2) is in maintenance mode.
 SDK releases are limited to address critical bug fixes and security issues only.

Please migrate your code to use AWS SDK for JavaScript (v3).
For more information, check the blog post at https://a.co/cUPnyil
(Use `node --trace-warnings ...` to show where the warning was created)
[32minfo[39m: ✅ Connected to MongoDB
[32minfo[39m: 🔄 Testing PostgreSQL connection...
[32minfo[39m: 📊 Host: 20.169.129.160:5432
[32minfo[39m: 👤 User: sabyagentic_user
[32minfo[39m: 🗄️  Database: halograph
[32minfo[39m: ✅ PostgreSQL connected successfully
[32minfo[39m: 📋 PostgreSQL Version: PostgreSQL 15.14 (Debian 15.14-1.pgdg13+1) on x86_64-pc-linux-gnu, compiled by gcc (Debian 14.2.0-19) 14.2.0, 64-bit
[32minfo[39m: ✅ Redis connected
[32minfo[39m: ⚙️  Redis ready for commands
[32minfo[39m: ✅ Redis ping successful
[31merror[39m: Error: listen EADDRINUSE: address already in use :::4000
    at Server.setupListenHandle [as _listen2] (node:net:1817:16)
    at listenInCluster (node:net:1865:12)
    at doListen (node:net:2014:7)
    at process.processTicksAndRejections (node:internal/process/task_queues:83:21)
[32minfo[39m: Server closed
[31m[nodemon] app crashed - waiting for file changes before starting...[39m
[32m[nodemon] restarting due to changes...[39m
[32m[nodemon] starting `node src/index.js`[39m
[32m[nodemon] restarting due to changes...[39m
[32m[nodemon] restarting due to changes...[39m
[32m[nodemon] starting `node src/index.js`[39m
[32m[nodemon] restarting due to changes...[39m
[32m[nodemon] starting `node src/index.js`[39m
(node:80888) NOTE: The AWS SDK for JavaScript (v2) is in maintenance mode.
 SDK releases are limited to address critical bug fixes and security issues only.

Please migrate your code to use AWS SDK for JavaScript (v3).
For more information, check the blog post at https://a.co/cUPnyil
(Use `node --trace-warnings ...` to show where the warning was created)
[32minfo[39m: ✅ Connected to MongoDB
[32minfo[39m: 🔄 Testing PostgreSQL connection...
[32minfo[39m: 📊 Host: 20.169.129.160:5432
[32minfo[39m: 👤 User: sabyagentic_user
[32minfo[39m: 🗄️  Database: halograph
[32minfo[39m: ✅ PostgreSQL connected successfully
[32minfo[39m: 📋 PostgreSQL Version: PostgreSQL 15.14 (Debian 15.14-1.pgdg13+1) on x86_64-pc-linux-gnu, compiled by gcc (Debian 14.2.0-19) 14.2.0, 64-bit
[32minfo[39m: ✅ Redis connected
[32minfo[39m: ⚙️  Redis ready for commands
[32minfo[39m: ✅ Redis ping successful
[32minfo[39m: 🚀 Server is running on port 4000
[32minfo[39m: 🌍 Environment: development
[32minfo[39m: 📊 Database Status:
[32minfo[39m:    - MongoDB: ✅ Connected
[32minfo[39m:    - PostgreSQL: ✅ Connected
[32minfo[39m:    - Redis: ✅ Connected
[32minfo[39m: Connected to email server

    isActive: true,
    type: 'administrative',
    parent: null,
    path: '68e6784e859f5a6c092c567c',
    identity: [],
    hierarchy: Map(0) {},
    _id: 68e6784e859f5a6c092c567c,
    tenantId: 'YYj9stYAH6',
    name: 'New jasper',
    code: 'jasper',
    description: '',
    level: {
      description: '',
      deletedAt: null,
      _id: 68e58989814ef8f50f45dfb1,
      tenantId: 'YYj9stYAH6',
      name: 'Level 2',
      rank: 2,
      createdAt: 2025-10-07T21:43:37.503Z,
      updatedAt: 2025-10-07T21:43:37.503Z,
      __v: 0
    },
    createdBy: 68e487ef3d91ac6d96610f5d,
    createdAt: 2025-10-08T14:42:22.186Z,
    updatedAt: 2025-10-08T14:42:22.186Z,
    haloId: 'NE-0003W',
    fingerprint: 'level 2:68e6784e859f5a6c092c567c',
    __v: 0
  }
]
[32minfo[39m: GET /v1/structure 304 - 154.187 ms
[TenantPlugin] Pre-hook triggered for: findOne
[TenantPlugin] Options: {}
--- AUTH DEBUG ---
Route: /v1/structure
HTTP Method: GET
Required Permissions: [ 'view:structures' ]
[STRUCTURE CONTROLLER - QUERY] Query params: {}
[STRUCTURE CONTROLLER - QUERY] User tenant ID: YYj9stYAH6
[STRUCTURE CONTROLLER - QUERY] Filter with tenantId: { tenantId: 'YYj9stYAH6' }
[STRUCTURE CONTROLLER - QUERY] Populate options: level,parent
[TenantPlugin] paginate() - incoming options: { populate: 'level,parent' }
[TenantPlugin] Pre-hook triggered for: countDocuments
[TenantPlugin] Options: {}
[TenantPlugin] Pre-hook triggered for: find
[TenantPlugin] Options: { sort: { createdAt: 1 }, skip: 0, limit: 10 }
[TenantPlugin] Pre-hook triggered for: find
[TenantPlugin] Options: { skip: undefined, limit: undefined, perDocumentLimit: undefined }
[STRUCTURE CONTROLLER - QUERY] Found 4 structures for tenant: YYj9stYAH6
[STRUCTURE CONTROLLER - QUERY] Returning structures: [
  {
    position: { x: -708.8074567042663, y: -1152.8722725068146 },
    isSpecial: false,
    isActive: true,
    type: 'administrative',
    parent: null,
    path: '68e65b4f44b251ec3b95e518',
    identity: [],
    hierarchy: Map(0) {},
    _id: 68e65b4f44b251ec3b95e518,
    tenantId: 'YYj9stYAH6',
    name: 'GLOBAL',
    code: 'jasper',
    description: '',
    level: {
      description: '',
      deletedAt: null,
      _id: 68e4fbbc2f3a6979ded81ee9,
      tenantId: 'YYj9stYAH6',
      name: 'Level 0',
      rank: 0,
      createdAt: 2025-10-07T11:38:36.223Z,
      updatedAt: 2025-10-07T11:38:36.223Z,
      __v: 0
    },
    createdBy: 68e487ef3d91ac6d96610f5d,
    createdAt: 2025-10-08T12:38:39.095Z,
    updatedAt: 2025-10-08T13:14:39.416Z,
    haloId: 'GL-0003O',
    fingerprint: 'level 0:68e65b4f44b251ec3b95e518',
    __v: 0
  },
  {
    position: { x: -1129.2531391860023, y: -850.634030075247 },
    isSpecial: true,
    isActive: true,
    type: 'administrative',
    parent: null,
    path: '68e662ebe8cb8a083d437d22',
    identity: [],
    hierarchy: Map(0) {},
    _id: 68e662ebe8cb8a083d437d22,
    tenantId: 'YYj9stYAH6',
    name: 'branch church op',
    code: 'diamond',
    description: '',
    level: {
      description: '',
      deletedAt: null,
      _id: 68e4fbe42f3a6979ded81f07,
      tenantId: 'YYj9stYAH6',
      name: 'Level 1',
      rank: 1,
      createdAt: 2025-10-07T11:39:16.189Z,
      updatedAt: 2025-10-07T11:39:16.189Z,
      __v: 0
    },
    createdBy: 68e487ef3d91ac6d96610f5d,
    createdAt: 2025-10-08T13:11:07.544Z,
    updatedAt: 2025-10-08T14:42:13.428Z,
    haloId: 'NE-0003T',
    fingerprint: 'level 1:68e662ebe8cb8a083d437d22',
    __v: 0
  },
  {
    position: { x: -320.5156129569781, y: -437.1981350647864 },
    isSpecial: true,
    isActive: true,
    type: 'administrative',
    parent: null,
    path: '68e6631ee8cb8a083d437d41',
    identity: [],
    hierarchy: Map(0) {},
    _id: 68e6631ee8cb8a083d437d41,
    tenantId: 'YYj9stYAH6',
    name: 'New emerald',
    code: 'emerald',
    description: '',
    level: {
      description: '',
      deletedAt: null,
      _id: 68e4fbe42f3a6979ded81f07,
      tenantId: 'YYj9stYAH6',
      name: 'Level 1',
      rank: 1,
      createdAt: 2025-10-07T11:39:16.189Z,
      updatedAt: 2025-10-07T11:39:16.189Z,
      __v: 0
    },
    createdBy: 68e487ef3d91ac6d96610f5d,
    createdAt: 2025-10-08T13:11:58.897Z,
    updatedAt: 2025-10-08T14:00:11.036Z,
    haloId: 'NE-0003U',
    fingerprint: 'level 1:68e6631ee8cb8a083d437d41',
    __v: 0
  },
  {
    position: { x: -968.1164385667662, y: -520.6499132981311 },
    isSpecial: false,
    isActive: true,
    type: 'administrative',
    parent: null,
    path: '68e6784e859f5a6c092c567c',
    identity: [],
    hierarchy: Map(0) {},
    _id: 68e6784e859f5a6c092c567c,
    tenantId: 'YYj9stYAH6',
    name: 'New jasper',
    code: 'jasper',
    description: '',
    level: {
      description: '',
      deletedAt: null,
      _id: 68e58989814ef8f50f45dfb1,
      tenantId: 'YYj9stYAH6',
      name: 'Level 2',
      rank: 2,
      createdAt: 2025-10-07T21:43:37.503Z,
      updatedAt: 2025-10-07T21:43:37.503Z,
      __v: 0
    },
    createdBy: 68e487ef3d91ac6d96610f5d,
    createdAt: 2025-10-08T14:42:22.186Z,
    updatedAt: 2025-10-08T14:42:22.186Z,
    haloId: 'NE-0003W',
    fingerprint: 'level 2:68e6784e859f5a6c092c567c',
    __v: 0
  }
]
[32minfo[39m: GET /v1/structure 304 - 151.481 ms
[TenantPlugin] Pre-hook triggered for: findOne
[TenantPlugin] Options: {}
--- AUTH DEBUG ---
Route: /v1/structure
HTTP Method: GET
Required Permissions: [ 'view:structures' ]
[STRUCTURE CONTROLLER - QUERY] Query params: {}
[STRUCTURE CONTROLLER - QUERY] User tenant ID: YYj9stYAH6
[STRUCTURE CONTROLLER - QUERY] Filter with tenantId: { tenantId: 'YYj9stYAH6' }
[STRUCTURE CONTROLLER - QUERY] Populate options: level,parent
[TenantPlugin] paginate() - incoming options: { populate: 'level,parent' }
[TenantPlugin] Pre-hook triggered for: countDocuments
[TenantPlugin] Options: {}
[TenantPlugin] Pre-hook triggered for: find
[TenantPlugin] Options: { sort: { createdAt: 1 }, skip: 0, limit: 10 }
[TenantPlugin] Pre-hook triggered for: find
[TenantPlugin] Options: { skip: undefined, limit: undefined, perDocumentLimit: undefined }
[STRUCTURE CONTROLLER - QUERY] Found 4 structures for tenant: YYj9stYAH6
[STRUCTURE CONTROLLER - QUERY] Returning structures: [
  {
    position: { x: -708.8074567042663, y: -1152.8722725068146 },
    isSpecial: false,
    isActive: true,
    type: 'administrative',
    parent: null,
    path: '68e65b4f44b251ec3b95e518',
    identity: [],
    hierarchy: Map(0) {},
    _id: 68e65b4f44b251ec3b95e518,
    tenantId: 'YYj9stYAH6',
    name: 'GLOBAL',
    code: 'jasper',
    description: '',
    level: {
      description: '',
      deletedAt: null,
      _id: 68e4fbbc2f3a6979ded81ee9,
      tenantId: 'YYj9stYAH6',
      name: 'Level 0',
      rank: 0,
      createdAt: 2025-10-07T11:38:36.223Z,
      updatedAt: 2025-10-07T11:38:36.223Z,
      __v: 0
    },
    createdBy: 68e487ef3d91ac6d96610f5d,
    createdAt: 2025-10-08T12:38:39.095Z,
    updatedAt: 2025-10-08T13:14:39.416Z,
    haloId: 'GL-0003O',
    fingerprint: 'level 0:68e65b4f44b251ec3b95e518',
    __v: 0
  },
  {
    position: { x: -1129.2531391860023, y: -850.634030075247 },
    isSpecial: true,
    isActive: true,
    type: 'administrative',
    parent: null,
    path: '68e662ebe8cb8a083d437d22',
    identity: [],
    hierarchy: Map(0) {},
    _id: 68e662ebe8cb8a083d437d22,
    tenantId: 'YYj9stYAH6',
    name: 'branch church op',
    code: 'diamond',
    description: '',
    level: {
      description: '',
      deletedAt: null,
      _id: 68e4fbe42f3a6979ded81f07,
      tenantId: 'YYj9stYAH6',
      name: 'Level 1',
      rank: 1,
      createdAt: 2025-10-07T11:39:16.189Z,
      updatedAt: 2025-10-07T11:39:16.189Z,
      __v: 0
    },
    createdBy: 68e487ef3d91ac6d96610f5d,
    createdAt: 2025-10-08T13:11:07.544Z,
    updatedAt: 2025-10-08T14:42:13.428Z,
    haloId: 'NE-0003T',
    fingerprint: 'level 1:68e662ebe8cb8a083d437d22',
    __v: 0
  },
  {
    position: { x: -320.5156129569781, y: -437.1981350647864 },
    isSpecial: true,
    isActive: true,
    type: 'administrative',
    parent: null,
    path: '68e6631ee8cb8a083d437d41',
    identity: [],
    hierarchy: Map(0) {},
    _id: 68e6631ee8cb8a083d437d41,
    tenantId: 'YYj9stYAH6',
    name: 'New emerald',
    code: 'emerald',
    description: '',
    level: {
      description: '',
      deletedAt: null,
      _id: 68e4fbe42f3a6979ded81f07,
      tenantId: 'YYj9stYAH6',
      name: 'Level 1',
      rank: 1,
      createdAt: 2025-10-07T11:39:16.189Z,
      updatedAt: 2025-10-07T11:39:16.189Z,
      __v: 0
    },
    createdBy: 68e487ef3d91ac6d96610f5d,
    createdAt: 2025-10-08T13:11:58.897Z,
    updatedAt: 2025-10-08T14:00:11.036Z,
    haloId: 'NE-0003U',
    fingerprint: 'level 1:68e6631ee8cb8a083d437d41',
    __v: 0
  },
  {
    position: { x: -968.1164385667662, y: -520.6499132981311 },
    isSpecial: false,
    isActive: true,
    type: 'administrative',
    parent: null,
    path: '68e6784e859f5a6c092c567c',
    identity: [],
    hierarchy: Map(0) {},
    _id: 68e6784e859f5a6c092c567c,
    tenantId: 'YYj9stYAH6',
    name: 'New jasper',
    code: 'jasper',
    description: '',
    level: {
      description: '',
      deletedAt: null,
      _id: 68e58989814ef8f50f45dfb1,
      tenantId: 'YYj9stYAH6',
      name: 'Level 2',
      rank: 2,
      createdAt: 2025-10-07T21:43:37.503Z,
      updatedAt: 2025-10-07T21:43:37.503Z,
      __v: 0
    },
    createdBy: 68e487ef3d91ac6d96610f5d,
    createdAt: 2025-10-08T14:42:22.186Z,
    updatedAt: 2025-10-08T14:42:22.186Z,
    haloId: 'NE-0003W',
    fingerprint: 'level 2:68e6784e859f5a6c092c567c',
    __v: 0
  }
]
[32minfo[39m: GET /v1/structure 304 - 74.594 ms
[32minfo[39m: OPTIONS /v1/structure?sortBy=createdAt:desc 204 - 8.751 ms
[TenantPlugin] Pre-hook triggered for: findOne
[TenantPlugin] Options: {}
--- AUTH DEBUG ---
Route: /v1/structure?sortBy=createdAt:desc
HTTP Method: GET
Required Permissions: [ 'view:structures' ]
[STRUCTURE CONTROLLER - QUERY] Query params: { sortBy: 'createdAt:desc' }
[STRUCTURE CONTROLLER - QUERY] User tenant ID: YYj9stYAH6
[STRUCTURE CONTROLLER - QUERY] Filter with tenantId: { tenantId: 'YYj9stYAH6' }
[STRUCTURE CONTROLLER - QUERY] Populate options: level,parent
[TenantPlugin] paginate() - incoming options: { sortBy: 'createdAt:desc', populate: 'level,parent' }
[TenantPlugin] Pre-hook triggered for: countDocuments
[TenantPlugin] Options: {}
[TenantPlugin] Pre-hook triggered for: find
[TenantPlugin] Options: { sort: { createdAt: -1 }, skip: 0, limit: 10 }
[TenantPlugin] Pre-hook triggered for: find
[TenantPlugin] Options: { skip: undefined, limit: undefined, perDocumentLimit: undefined }
[STRUCTURE CONTROLLER - QUERY] Found 4 structures for tenant: YYj9stYAH6
[STRUCTURE CONTROLLER - QUERY] Returning structures: [
  {
    position: { x: -968.1164385667662, y: -520.6499132981311 },
    isSpecial: false,
    isActive: true,
    type: 'administrative',
    parent: null,
    path: '68e6784e859f5a6c092c567c',
    identity: [],
    hierarchy: Map(0) {},
    _id: 68e6784e859f5a6c092c567c,
    tenantId: 'YYj9stYAH6',
    name: 'New jasper',
    code: 'jasper',
    description: '',
    level: {
      description: '',
      deletedAt: null,
      _id: 68e58989814ef8f50f45dfb1,
      tenantId: 'YYj9stYAH6',
      name: 'Level 2',
      rank: 2,
      createdAt: 2025-10-07T21:43:37.503Z,
      updatedAt: 2025-10-07T21:43:37.503Z,
      __v: 0
    },
    createdBy: 68e487ef3d91ac6d96610f5d,
    createdAt: 2025-10-08T14:42:22.186Z,
    updatedAt: 2025-10-08T14:42:22.186Z,
    haloId: 'NE-0003W',
    fingerprint: 'level 2:68e6784e859f5a6c092c567c',
    __v: 0
  },
  {
    position: { x: -320.5156129569781, y: -437.1981350647864 },
    isSpecial: true,
    isActive: true,
    type: 'administrative',
    parent: null,
    path: '68e6631ee8cb8a083d437d41',
    identity: [],
    hierarchy: Map(0) {},
    _id: 68e6631ee8cb8a083d437d41,
    tenantId: 'YYj9stYAH6',
    name: 'New emerald',
    code: 'emerald',
    description: '',
    level: {
      description: '',
      deletedAt: null,
      _id: 68e4fbe42f3a6979ded81f07,
      tenantId: 'YYj9stYAH6',
      name: 'Level 1',
      rank: 1,
      createdAt: 2025-10-07T11:39:16.189Z,
      updatedAt: 2025-10-07T11:39:16.189Z,
      __v: 0
    },
    createdBy: 68e487ef3d91ac6d96610f5d,
    createdAt: 2025-10-08T13:11:58.897Z,
    updatedAt: 2025-10-08T14:00:11.036Z,
    haloId: 'NE-0003U',
    fingerprint: 'level 1:68e6631ee8cb8a083d437d41',
    __v: 0
  },
  {
    position: { x: -1129.2531391860023, y: -850.634030075247 },
    isSpecial: true,
    isActive: true,
    type: 'administrative',
    parent: null,
    path: '68e662ebe8cb8a083d437d22',
    identity: [],
    hierarchy: Map(0) {},
    _id: 68e662ebe8cb8a083d437d22,
    tenantId: 'YYj9stYAH6',
    name: 'branch church op',
    code: 'diamond',
    description: '',
    level: {
      description: '',
      deletedAt: null,
      _id: 68e4fbe42f3a6979ded81f07,
      tenantId: 'YYj9stYAH6',
      name: 'Level 1',
      rank: 1,
      createdAt: 2025-10-07T11:39:16.189Z,
      updatedAt: 2025-10-07T11:39:16.189Z,
      __v: 0
    },
    createdBy: 68e487ef3d91ac6d96610f5d,
    createdAt: 2025-10-08T13:11:07.544Z,
    updatedAt: 2025-10-08T14:42:13.428Z,
    haloId: 'NE-0003T',
    fingerprint: 'level 1:68e662ebe8cb8a083d437d22',
    __v: 0
  },
  {
    position: { x: -708.8074567042663, y: -1152.8722725068146 },
    isSpecial: false,
    isActive: true,
    type: 'administrative',
    parent: null,
    path: '68e65b4f44b251ec3b95e518',
    identity: [],
    hierarchy: Map(0) {},
    _id: 68e65b4f44b251ec3b95e518,
    tenantId: 'YYj9stYAH6',
    name: 'GLOBAL',
    code: 'jasper',
    description: '',
    level: {
      description: '',
      deletedAt: null,
      _id: 68e4fbbc2f3a6979ded81ee9,
      tenantId: 'YYj9stYAH6',
      name: 'Level 0',
      rank: 0,
      createdAt: 2025-10-07T11:38:36.223Z,
      updatedAt: 2025-10-07T11:38:36.223Z,
      __v: 0
    },
    createdBy: 68e487ef3d91ac6d96610f5d,
    createdAt: 2025-10-08T12:38:39.095Z,
    updatedAt: 2025-10-08T13:14:39.416Z,
    haloId: 'GL-0003O',
    fingerprint: 'level 0:68e65b4f44b251ec3b95e518',
    __v: 0
  }
]
[32minfo[39m: GET /v1/structure?sortBy=createdAt:desc 304 - 339.423 ms
[32minfo[39m: OPTIONS /v1/level 204 - 7.829 ms
[TenantPlugin] Pre-hook triggered for: findOne
[TenantPlugin] Options: {}
--- AUTH DEBUG ---
Route: /v1/level
HTTP Method: GET
Required Permissions: [ 'view:level' ]
[LEVEL CONTROLLER - QUERY] Query params: {} Tenant: YYj9stYAH6
[LEVEL CONTROLLER - QUERY] Filter with tenantId: { tenantId: 'YYj9stYAH6' }
[TenantPlugin] paginate() - incoming options: {}
[TenantPlugin] Pre-hook triggered for: countDocuments
[TenantPlugin] Options: {}
[TenantPlugin] Pre-hook triggered for: find
[TenantPlugin] Options: { sort: { createdAt: 1 }, skip: 0, limit: 10 }
[LEVEL CONTROLLER - QUERY] Found 3 levels for tenant: YYj9stYAH6
[32minfo[39m: GET /v1/level 304 - 1512.341 ms
[32minfo[39m: OPTIONS /v1/structure 204 - 11.737 ms
[TenantPlugin] Pre-hook triggered for: findOne
[TenantPlugin] Options: {}
--- AUTH DEBUG ---
Route: /v1/structure
HTTP Method: GET
Required Permissions: [ 'view:structures' ]
[STRUCTURE CONTROLLER - QUERY] Query params: {}
[STRUCTURE CONTROLLER - QUERY] User tenant ID: YYj9stYAH6
[STRUCTURE CONTROLLER - QUERY] Filter with tenantId: { tenantId: 'YYj9stYAH6' }
[STRUCTURE CONTROLLER - QUERY] Populate options: level,parent
[TenantPlugin] paginate() - incoming options: { populate: 'level,parent' }
[TenantPlugin] Pre-hook triggered for: countDocuments
[TenantPlugin] Options: {}
[TenantPlugin] Pre-hook triggered for: find
[TenantPlugin] Options: { sort: { createdAt: 1 }, skip: 0, limit: 10 }
[TenantPlugin] Pre-hook triggered for: find
[TenantPlugin] Options: { skip: undefined, limit: undefined, perDocumentLimit: undefined }
[STRUCTURE CONTROLLER - QUERY] Found 4 structures for tenant: YYj9stYAH6
[STRUCTURE CONTROLLER - QUERY] Returning structures: [
  {
    position: { x: -708.8074567042663, y: -1152.8722725068146 },
    isSpecial: false,
    isActive: true,
    type: 'administrative',
    parent: null,
    path: '68e65b4f44b251ec3b95e518',
    identity: [],
    hierarchy: Map(0) {},
    _id: 68e65b4f44b251ec3b95e518,
    tenantId: 'YYj9stYAH6',
    name: 'GLOBAL',
    code: 'jasper',
    description: '',
    level: {
      description: '',
      deletedAt: null,
      _id: 68e4fbbc2f3a6979ded81ee9,
      tenantId: 'YYj9stYAH6',
      name: 'Level 0',
      rank: 0,
      createdAt: 2025-10-07T11:38:36.223Z,
      updatedAt: 2025-10-07T11:38:36.223Z,
      __v: 0
    },
    createdBy: 68e487ef3d91ac6d96610f5d,
    createdAt: 2025-10-08T12:38:39.095Z,
    updatedAt: 2025-10-08T13:14:39.416Z,
    haloId: 'GL-0003O',
    fingerprint: 'level 0:68e65b4f44b251ec3b95e518',
    __v: 0
  },
  {
    position: { x: -1129.2531391860023, y: -850.634030075247 },
    isSpecial: true,
    isActive: true,
    type: 'administrative',
    parent: null,
    path: '68e662ebe8cb8a083d437d22',
    identity: [],
    hierarchy: Map(0) {},
    _id: 68e662ebe8cb8a083d437d22,
    tenantId: 'YYj9stYAH6',
    name: 'branch church op',
    code: 'diamond',
    description: '',
    level: {
      description: '',
      deletedAt: null,
      _id: 68e4fbe42f3a6979ded81f07,
      tenantId: 'YYj9stYAH6',
      name: 'Level 1',
      rank: 1,
      createdAt: 2025-10-07T11:39:16.189Z,
      updatedAt: 2025-10-07T11:39:16.189Z,
      __v: 0
    },
    createdBy: 68e487ef3d91ac6d96610f5d,
    createdAt: 2025-10-08T13:11:07.544Z,
    updatedAt: 2025-10-08T14:42:13.428Z,
    haloId: 'NE-0003T',
    fingerprint: 'level 1:68e662ebe8cb8a083d437d22',
    __v: 0
  },
  {
    position: { x: -320.5156129569781, y: -437.1981350647864 },
    isSpecial: true,
    isActive: true,
    type: 'administrative',
    parent: null,
    path: '68e6631ee8cb8a083d437d41',
    identity: [],
    hierarchy: Map(0) {},
    _id: 68e6631ee8cb8a083d437d41,
    tenantId: 'YYj9stYAH6',
    name: 'New emerald',
    code: 'emerald',
    description: '',
    level: {
      description: '',
      deletedAt: null,
      _id: 68e4fbe42f3a6979ded81f07,
      tenantId: 'YYj9stYAH6',
      name: 'Level 1',
      rank: 1,
      createdAt: 2025-10-07T11:39:16.189Z,
      updatedAt: 2025-10-07T11:39:16.189Z,
      __v: 0
    },
    createdBy: 68e487ef3d91ac6d96610f5d,
    createdAt: 2025-10-08T13:11:58.897Z,
    updatedAt: 2025-10-08T14:00:11.036Z,
    haloId: 'NE-0003U',
    fingerprint: 'level 1:68e6631ee8cb8a083d437d41',
    __v: 0
  },
  {
    position: { x: -968.1164385667662, y: -520.6499132981311 },
    isSpecial: false,
    isActive: true,
    type: 'administrative',
    parent: null,
    path: '68e6784e859f5a6c092c567c',
    identity: [],
    hierarchy: Map(0) {},
    _id: 68e6784e859f5a6c092c567c,
    tenantId: 'YYj9stYAH6',
    name: 'New jasper',
    code: 'jasper',
    description: '',
    level: {
      description: '',
      deletedAt: null,
      _id: 68e58989814ef8f50f45dfb1,
      tenantId: 'YYj9stYAH6',
      name: 'Level 2',
      rank: 2,
      createdAt: 2025-10-07T21:43:37.503Z,
      updatedAt: 2025-10-07T21:43:37.503Z,
      __v: 0
    },
    createdBy: 68e487ef3d91ac6d96610f5d,
    createdAt: 2025-10-08T14:42:22.186Z,
    updatedAt: 2025-10-08T14:42:22.186Z,
    haloId: 'NE-0003W',
    fingerprint: 'level 2:68e6784e859f5a6c092c567c',
    __v: 0
  }
]
[32minfo[39m: GET /v1/structure 304 - 247.556 ms
[32minfo[39m: OPTIONS /v1/structure/68e662ebe8cb8a083d437d22 204 - 1.294 ms
[TenantPlugin] Pre-hook triggered for: findOne
[TenantPlugin] Options: {}
--- AUTH DEBUG ---
Route: /v1/structure/68e662ebe8cb8a083d437d22
HTTP Method: PATCH
Required Permissions: [ 'update:structures' ]
[STRUCTURE CONTROLLER - UPDATE] Structure ID: 68e662ebe8cb8a083d437d22 Tenant: YYj9stYAH6
[TenantPlugin] Pre-hook triggered for: findOne
[TenantPlugin] Options: {}
[STRUCTURE SERVICE - UPDATE] Updating structure: 68e662ebe8cb8a083d437d22 with data: {
  "level": "68e4fbe42f3a6979ded81f07",
  "parentId": "68e65b4f44b251ec3b95e518"
}
[TenantPlugin] Pre-hook triggered for: findOne
[TenantPlugin] Options: {}
[TenantPlugin] Pre-hook triggered for: findOne
[TenantPlugin] Options: { session: null }
[STRUCTURE SERVICE - UPDATE] Structure updated successfully
[32minfo[39m: PATCH /v1/structure/68e662ebe8cb8a083d437d22 200 - 65.149 ms
[32minfo[39m: OPTIONS /v1/structure?sortBy=createdAt:desc 204 - 0.176 ms
[TenantPlugin] Pre-hook triggered for: findOne
[TenantPlugin] Options: {}
--- AUTH DEBUG ---
Route: /v1/structure?sortBy=createdAt:desc
HTTP Method: GET
Required Permissions: [ 'view:structures' ]
[STRUCTURE CONTROLLER - QUERY] Query params: { sortBy: 'createdAt:desc' }
[STRUCTURE CONTROLLER - QUERY] User tenant ID: YYj9stYAH6
[STRUCTURE CONTROLLER - QUERY] Filter with tenantId: { tenantId: 'YYj9stYAH6' }
[STRUCTURE CONTROLLER - QUERY] Populate options: level,parent
[TenantPlugin] paginate() - incoming options: { sortBy: 'createdAt:desc', populate: 'level,parent' }
[TenantPlugin] Pre-hook triggered for: countDocuments
[TenantPlugin] Options: {}
[TenantPlugin] Pre-hook triggered for: find
[TenantPlugin] Options: { sort: { createdAt: -1 }, skip: 0, limit: 10 }
[TenantPlugin] Pre-hook triggered for: find
[TenantPlugin] Options: { skip: undefined, limit: undefined, perDocumentLimit: undefined }
[STRUCTURE CONTROLLER - QUERY] Found 4 structures for tenant: YYj9stYAH6
[STRUCTURE CONTROLLER - QUERY] Returning structures: [
  {
    position: { x: -968.1164385667662, y: -520.6499132981311 },
    isSpecial: false,
    isActive: true,
    type: 'administrative',
    parent: null,
    path: '68e6784e859f5a6c092c567c',
    identity: [],
    hierarchy: Map(0) {},
    _id: 68e6784e859f5a6c092c567c,
    tenantId: 'YYj9stYAH6',
    name: 'New jasper',
    code: 'jasper',
    description: '',
    level: {
      description: '',
      deletedAt: null,
      _id: 68e58989814ef8f50f45dfb1,
      tenantId: 'YYj9stYAH6',
      name: 'Level 2',
      rank: 2,
      createdAt: 2025-10-07T21:43:37.503Z,
      updatedAt: 2025-10-07T21:43:37.503Z,
      __v: 0
    },
    createdBy: 68e487ef3d91ac6d96610f5d,
    createdAt: 2025-10-08T14:42:22.186Z,
    updatedAt: 2025-10-08T14:42:22.186Z,
    haloId: 'NE-0003W',
    fingerprint: 'level 2:68e6784e859f5a6c092c567c',
    __v: 0
  },
  {
    position: { x: -320.5156129569781, y: -437.1981350647864 },
    isSpecial: true,
    isActive: true,
    type: 'administrative',
    parent: null,
    path: '68e6631ee8cb8a083d437d41',
    identity: [],
    hierarchy: Map(0) {},
    _id: 68e6631ee8cb8a083d437d41,
    tenantId: 'YYj9stYAH6',
    name: 'New emerald',
    code: 'emerald',
    description: '',
    level: {
      description: '',
      deletedAt: null,
      _id: 68e4fbe42f3a6979ded81f07,
      tenantId: 'YYj9stYAH6',
      name: 'Level 1',
      rank: 1,
      createdAt: 2025-10-07T11:39:16.189Z,
      updatedAt: 2025-10-07T11:39:16.189Z,
      __v: 0
    },
    createdBy: 68e487ef3d91ac6d96610f5d,
    createdAt: 2025-10-08T13:11:58.897Z,
    updatedAt: 2025-10-08T14:00:11.036Z,
    haloId: 'NE-0003U',
    fingerprint: 'level 1:68e6631ee8cb8a083d437d41',
    __v: 0
  },
  {
    position: { x: -1129.2531391860023, y: -850.634030075247 },
    isSpecial: true,
    isActive: true,
    type: 'administrative',
    parent: null,
    path: '68e662ebe8cb8a083d437d22',
    identity: [],
    hierarchy: Map(0) {},
    _id: 68e662ebe8cb8a083d437d22,
    tenantId: 'YYj9stYAH6',
    name: 'branch church op',
    code: 'diamond',
    description: '',
    level: {
      description: '',
      deletedAt: null,
      _id: 68e4fbe42f3a6979ded81f07,
      tenantId: 'YYj9stYAH6',
      name: 'Level 1',
      rank: 1,
      createdAt: 2025-10-07T11:39:16.189Z,
      updatedAt: 2025-10-07T11:39:16.189Z,
      __v: 0
    },
    createdBy: 68e487ef3d91ac6d96610f5d,
    createdAt: 2025-10-08T13:11:07.544Z,
    updatedAt: 2025-10-08T14:42:13.428Z,
    haloId: 'NE-0003T',
    fingerprint: 'level 1:68e662ebe8cb8a083d437d22',
    __v: 0
  },
  {
    position: { x: -708.8074567042663, y: -1152.8722725068146 },
    isSpecial: false,
    isActive: true,
    type: 'administrative',
    parent: null,
    path: '68e65b4f44b251ec3b95e518',
    identity: [],
    hierarchy: Map(0) {},
    _id: 68e65b4f44b251ec3b95e518,
    tenantId: 'YYj9stYAH6',
    name: 'GLOBAL',
    code: 'jasper',
    description: '',
    level: {
      description: '',
      deletedAt: null,
      _id: 68e4fbbc2f3a6979ded81ee9,
      tenantId: 'YYj9stYAH6',
      name: 'Level 0',
      rank: 0,
      createdAt: 2025-10-07T11:38:36.223Z,
      updatedAt: 2025-10-07T11:38:36.223Z,
      __v: 0
    },
    createdBy: 68e487ef3d91ac6d96610f5d,
    createdAt: 2025-10-08T12:38:39.095Z,
    updatedAt: 2025-10-08T13:14:39.416Z,
    haloId: 'GL-0003O',
    fingerprint: 'level 0:68e65b4f44b251ec3b95e518',
    __v: 0
  }
]
[32minfo[39m: GET /v1/structure?sortBy=createdAt:desc 304 - 22.044 ms
[32minfo[39m: OPTIONS /v1/level 204 - 1.010 ms
[TenantPlugin] Pre-hook triggered for: findOne
[TenantPlugin] Options: {}
--- AUTH DEBUG ---
Route: /v1/level
HTTP Method: GET
Required Permissions: [ 'view:level' ]
[LEVEL CONTROLLER - QUERY] Query params: {} Tenant: YYj9stYAH6
[LEVEL CONTROLLER - QUERY] Filter with tenantId: { tenantId: 'YYj9stYAH6' }
[TenantPlugin] paginate() - incoming options: {}
[TenantPlugin] Pre-hook triggered for: countDocuments
[TenantPlugin] Options: {}
[TenantPlugin] Pre-hook triggered for: find
[TenantPlugin] Options: { sort: { createdAt: 1 }, skip: 0, limit: 10 }
[LEVEL CONTROLLER - QUERY] Found 3 levels for tenant: YYj9stYAH6
[32minfo[39m: GET /v1/level 304 - 41.346 ms
[32minfo[39m: OPTIONS /v1/structure 204 - 1.506 ms
[TenantPlugin] Pre-hook triggered for: findOne
[TenantPlugin] Options: {}
--- AUTH DEBUG ---
Route: /v1/structure
HTTP Method: GET
Required Permissions: [ 'view:structures' ]
[STRUCTURE CONTROLLER - QUERY] Query params: {}
[STRUCTURE CONTROLLER - QUERY] User tenant ID: YYj9stYAH6
[STRUCTURE CONTROLLER - QUERY] Filter with tenantId: { tenantId: 'YYj9stYAH6' }
[STRUCTURE CONTROLLER - QUERY] Populate options: level,parent
[TenantPlugin] paginate() - incoming options: { populate: 'level,parent' }
[TenantPlugin] Pre-hook triggered for: countDocuments
[TenantPlugin] Options: {}
[TenantPlugin] Pre-hook triggered for: find
[TenantPlugin] Options: { sort: { createdAt: 1 }, skip: 0, limit: 10 }
[TenantPlugin] Pre-hook triggered for: find
[TenantPlugin] Options: { skip: undefined, limit: undefined, perDocumentLimit: undefined }
[STRUCTURE CONTROLLER - QUERY] Found 4 structures for tenant: YYj9stYAH6
[STRUCTURE CONTROLLER - QUERY] Returning structures: [
  {
    position: { x: -708.8074567042663, y: -1152.8722725068146 },
    isSpecial: false,
    isActive: true,
    type: 'administrative',
    parent: null,
    path: '68e65b4f44b251ec3b95e518',
    identity: [],
    hierarchy: Map(0) {},
    _id: 68e65b4f44b251ec3b95e518,
    tenantId: 'YYj9stYAH6',
    name: 'GLOBAL',
    code: 'jasper',
    description: '',
    level: {
      description: '',
      deletedAt: null,
      _id: 68e4fbbc2f3a6979ded81ee9,
      tenantId: 'YYj9stYAH6',
      name: 'Level 0',
      rank: 0,
      createdAt: 2025-10-07T11:38:36.223Z,
      updatedAt: 2025-10-07T11:38:36.223Z,
      __v: 0
    },
    createdBy: 68e487ef3d91ac6d96610f5d,
    createdAt: 2025-10-08T12:38:39.095Z,
    updatedAt: 2025-10-08T13:14:39.416Z,
    haloId: 'GL-0003O',
    fingerprint: 'level 0:68e65b4f44b251ec3b95e518',
    __v: 0
  },
  {
    position: { x: -1129.2531391860023, y: -850.634030075247 },
    isSpecial: true,
    isActive: true,
    type: 'administrative',
    parent: null,
    path: '68e662ebe8cb8a083d437d22',
    identity: [],
    hierarchy: Map(0) {},
    _id: 68e662ebe8cb8a083d437d22,
    tenantId: 'YYj9stYAH6',
    name: 'branch church op',
    code: 'diamond',
    description: '',
    level: {
      description: '',
      deletedAt: null,
      _id: 68e4fbe42f3a6979ded81f07,
      tenantId: 'YYj9stYAH6',
      name: 'Level 1',
      rank: 1,
      createdAt: 2025-10-07T11:39:16.189Z,
      updatedAt: 2025-10-07T11:39:16.189Z,
      __v: 0
    },
    createdBy: 68e487ef3d91ac6d96610f5d,
    createdAt: 2025-10-08T13:11:07.544Z,
    updatedAt: 2025-10-08T14:42:13.428Z,
    haloId: 'NE-0003T',
    fingerprint: 'level 1:68e662ebe8cb8a083d437d22',
    __v: 0
  },
  {
    position: { x: -320.5156129569781, y: -437.1981350647864 },
    isSpecial: true,
    isActive: true,
    type: 'administrative',
    parent: null,
    path: '68e6631ee8cb8a083d437d41',
    identity: [],
    hierarchy: Map(0) {},
    _id: 68e6631ee8cb8a083d437d41,
    tenantId: 'YYj9stYAH6',
    name: 'New emerald',
    code: 'emerald',
    description: '',
    level: {
      description: '',
      deletedAt: null,
      _id: 68e4fbe42f3a6979ded81f07,
      tenantId: 'YYj9stYAH6',
      name: 'Level 1',
      rank: 1,
      createdAt: 2025-10-07T11:39:16.189Z,
      updatedAt: 2025-10-07T11:39:16.189Z,
      __v: 0
    },
    createdBy: 68e487ef3d91ac6d96610f5d,
    createdAt: 2025-10-08T13:11:58.897Z,
    updatedAt: 2025-10-08T14:00:11.036Z,
    haloId: 'NE-0003U',
    fingerprint: 'level 1:68e6631ee8cb8a083d437d41',
    __v: 0
  },
  {
    position: { x: -968.1164385667662, y: -520.6499132981311 },
    isSpecial: false,
    isActive: true,
    type: 'administrative',
    parent: null,
    path: '68e6784e859f5a6c092c567c',
    identity: [],
    hierarchy: Map(0) {},
    _id: 68e6784e859f5a6c092c567c,
    tenantId: 'YYj9stYAH6',
    name: 'New jasper',
    code: 'jasper',
    description: '',
    level: {
      description: '',
      deletedAt: null,
      _id: 68e58989814ef8f50f45dfb1,
      tenantId: 'YYj9stYAH6',
      name: 'Level 2',
      rank: 2,
      createdAt: 2025-10-07T21:43:37.503Z,
      updatedAt: 2025-10-07T21:43:37.503Z,
      __v: 0
    },
    createdBy: 68e487ef3d91ac6d96610f5d,
    createdAt: 2025-10-08T14:42:22.186Z,
    updatedAt: 2025-10-08T14:42:22.186Z,
    haloId: 'NE-0003W',
    fingerprint: 'level 2:68e6784e859f5a6c092c567c',
    __v: 0
  }
]
[32minfo[39m: GET /v1/structure 304 - 16.311 ms
[32minfo[39m: OPTIONS /v1/structure/68e6631ee8cb8a083d437d41 204 - 0.242 ms
[TenantPlugin] Pre-hook triggered for: findOne
[TenantPlugin] Options: {}
--- AUTH DEBUG ---
Route: /v1/structure/68e6631ee8cb8a083d437d41
HTTP Method: PATCH
Required Permissions: [ 'update:structures' ]
[STRUCTURE CONTROLLER - UPDATE] Structure ID: 68e6631ee8cb8a083d437d41 Tenant: YYj9stYAH6
[TenantPlugin] Pre-hook triggered for: findOne
[TenantPlugin] Options: {}
[STRUCTURE SERVICE - UPDATE] Updating structure: 68e6631ee8cb8a083d437d41 with data: {
  "level": "68e4fbe42f3a6979ded81f07",
  "parentId": "68e65b4f44b251ec3b95e518"
}
[TenantPlugin] Pre-hook triggered for: findOne
[TenantPlugin] Options: {}
[TenantPlugin] Pre-hook triggered for: findOne
[TenantPlugin] Options: { session: null }
[STRUCTURE SERVICE - UPDATE] Structure updated successfully
[32minfo[39m: PATCH /v1/structure/68e6631ee8cb8a083d437d41 200 - 24.204 ms
[32minfo[39m: OPTIONS /v1/structure?sortBy=createdAt:desc 204 - 0.502 ms
[TenantPlugin] Pre-hook triggered for: findOne
[TenantPlugin] Options: {}
--- AUTH DEBUG ---
Route: /v1/structure?sortBy=createdAt:desc
HTTP Method: GET
Required Permissions: [ 'view:structures' ]
[STRUCTURE CONTROLLER - QUERY] Query params: { sortBy: 'createdAt:desc' }
[STRUCTURE CONTROLLER - QUERY] User tenant ID: YYj9stYAH6
[STRUCTURE CONTROLLER - QUERY] Filter with tenantId: { tenantId: 'YYj9stYAH6' }
[STRUCTURE CONTROLLER - QUERY] Populate options: level,parent
[TenantPlugin] paginate() - incoming options: { sortBy: 'createdAt:desc', populate: 'level,parent' }
[TenantPlugin] Pre-hook triggered for: countDocuments
[TenantPlugin] Options: {}
[TenantPlugin] Pre-hook triggered for: find
[TenantPlugin] Options: { sort: { createdAt: -1 }, skip: 0, limit: 10 }
[TenantPlugin] Pre-hook triggered for: find
[TenantPlugin] Options: { skip: undefined, limit: undefined, perDocumentLimit: undefined }
[STRUCTURE CONTROLLER - QUERY] Found 4 structures for tenant: YYj9stYAH6
[STRUCTURE CONTROLLER - QUERY] Returning structures: [
  {
    position: { x: -968.1164385667662, y: -520.6499132981311 },
    isSpecial: false,
    isActive: true,
    type: 'administrative',
    parent: null,
    path: '68e6784e859f5a6c092c567c',
    identity: [],
    hierarchy: Map(0) {},
    _id: 68e6784e859f5a6c092c567c,
    tenantId: 'YYj9stYAH6',
    name: 'New jasper',
    code: 'jasper',
    description: '',
    level: {
      description: '',
      deletedAt: null,
      _id: 68e58989814ef8f50f45dfb1,
      tenantId: 'YYj9stYAH6',
      name: 'Level 2',
      rank: 2,
      createdAt: 2025-10-07T21:43:37.503Z,
      updatedAt: 2025-10-07T21:43:37.503Z,
      __v: 0
    },
    createdBy: 68e487ef3d91ac6d96610f5d,
    createdAt: 2025-10-08T14:42:22.186Z,
    updatedAt: 2025-10-08T14:42:22.186Z,
    haloId: 'NE-0003W',
    fingerprint: 'level 2:68e6784e859f5a6c092c567c',
    __v: 0
  },
  {
    position: { x: -320.5156129569781, y: -437.1981350647864 },
    isSpecial: true,
    isActive: true,
    type: 'administrative',
    parent: null,
    path: '68e6631ee8cb8a083d437d41',
    identity: [],
    hierarchy: Map(0) {},
    _id: 68e6631ee8cb8a083d437d41,
    tenantId: 'YYj9stYAH6',
    name: 'New emerald',
    code: 'emerald',
    description: '',
    level: {
      description: '',
      deletedAt: nul[32m[nodemon] restarting due to changes...[39m
[32m[nodemon] starting `node src/index.js`[39m
(node:13898) MaxListenersExceededWarning: Possible EventEmitter memory leak detected. 11 exit listeners added to [Bus]. Use emitter.setMaxListeners() to increase limit
(Use `node --trace-warnings ...` to show where the warning was created)
(node:4529) NOTE: The AWS SDK for JavaScript (v2) is in maintenance mode.
 SDK releases are limited to address critical bug fixes and security issues only.

Please migrate your code to use AWS SDK for JavaScript (v3).
For more information, check the blog post at https://a.co/cUPnyil
(Use `node --trace-warnings ...` to show where the warning was created)
[32minfo[39m: ✅ Connected to MongoDB
[32minfo[39m: 🔄 Testing PostgreSQL connection...
[32minfo[39m: 📊 Host: 20.169.129.160:5432
[32minfo[39m: 👤 User: sabyagentic_user
[32minfo[39m: 🗄️  Database: halograph
[32minfo[39m: ✅ PostgreSQL connected successfully
[32minfo[39m: 📋 PostgreSQL Version: PostgreSQL 15.14 (Debian 15.14-1.pgdg13+1) on x86_64-pc-linux-gnu, compiled by gcc (Debian 14.2.0-19) 14.2.0, 64-bit
[32minfo[39m: ✅ Redis connected
[32minfo[39m: ⚙️  Redis ready for commands
[32minfo[39m: ✅ Redis ping successful
[31merror[39m: Error: listen EADDRINUSE: address already in use :::4000
    at Server.setupListenHandle [as _listen2] (node:net:1817:16)
    at listenInCluster (node:net:1865:12)
    at doListen (node:net:2014:7)
    at process.processTicksAndRejections (node:internal/process/task_queues:83:21)
[32minfo[39m: Server closed
[31m[nodemon] app crashed - waiting for file changes before starting...[39m
[32m[nodemon] restarting due to changes...[39m
[32m[nodemon] starting `node src/index.js`[39m
/Users/fadebowaley/saby/sabyBackend/src/controllers/structure.controller.js:153
};);
^

SyntaxError: missing ) after argument list
    at internalCompileFunction (node:internal/vm:76:18)
    at wrapSafe (node:internal/modules/cjs/loader:1283:20)
    at Module._compile (node:internal/modules/cjs/loader:1328:27)
    at Module._extensions..js (node:internal/modules/cjs/loader:1422:10)
    at Module.load (node:internal/modules/cjs/loader:1203:32)
    at Module._load (node:internal/modules/cjs/loader:1019:12)
    at Module.require (node:internal/modules/cjs/loader:1231:19)
    at require (node:internal/modules/helpers:177:18)
    at Object.<anonymous> (/Users/fadebowaley/saby/sabyBackend/src/routes/v1/structure.route.js:5:29)
    at Module._compile (node:internal/modules/cjs/loader:1364:14)
    at Module._extensions..js (node:internal/modules/cjs/loader:1422:10)
    at Module.load (node:internal/modules/cjs/loader:1203:32)
    at Module._load (node:internal/modules/cjs/loader:1019:12)
    at Module.require (node:internal/modules/cjs/loader:1231:19)
    at require (node:internal/modules/helpers:177:18)
    at Object.<anonymous> (/Users/fadebowaley/saby/sabyBackend/src/routes/v1/index.js:14:24)

Node.js v18.20.2
[31m[nodemon] app crashed - waiting for file changes before starting...[39m
[32m[nodemon] restarting due to changes...[39m
[32m[nodemon] starting `node src/index.js`[39m
[32m[nodemon] restarting due to changes...[39m
[32m[nodemon] restarting due to changes...[39m
[32m[nodemon] starting `node src/index.js`[39m
(node:22013) NOTE: The AWS SDK for JavaScript (v2) is in maintenance mode.
 SDK releases are limited to address critical bug fixes and security issues only.

Please migrate your code to use AWS SDK for JavaScript (v3).
For more information, check the blog post at https://a.co/cUPnyil
(Use `node --trace-warnings ...` to show where the warning was created)
[32minfo[39m: ✅ Connected to MongoDB
[32minfo[39m: 🔄 Testing PostgreSQL connection...
[32minfo[39m: 📊 Host: 20.169.129.160:5432
[32minfo[39m: 👤 User: sabyagentic_user
[32minfo[39m: 🗄️  Database: halograph
[32minfo[39m: ✅ PostgreSQL connected successfully
[32minfo[39m: 📋 PostgreSQL Version: PostgreSQL 15.14 (Debian 15.14-1.pgdg13+1) on x86_64-pc-linux-gnu, compiled by gcc (Debian 14.2.0-19) 14.2.0, 64-bit
[32minfo[39m: ✅ Redis connected
[32minfo[39m: ⚙️  Redis ready for commands
[32minfo[39m: ✅ Redis ping successful
[31merror[39m: Error: listen EADDRINUSE: address already in use :::4000
    at Server.setupListenHandle [as _listen2] (node:net:1817:16)
    at listenInCluster (node:net:1865:12)
    at doListen (node:net:2014:7)
    at process.processTicksAndRejections (node:internal/process/task_queues:83:21)
[32minfo[39m: Server closed
[31m[nodemon] app crashed - waiting for file changes before starting...[39m
[32m[nodemon] restarting due to changes...[39m
[32m[nodemon] starting `node src/index.js`[39m
[32m[nodemon] restarting due to changes...[39m
[32m[nodemon] starting `node src/index.js`[39m
[32m[nodemon] restarting due to changes...[39m
[32m[nodemon] starting `node src/index.js`[39m
(node:35675) NOTE: The AWS SDK for JavaScript (v2) is in maintenance mode.
 SDK releases are limited to address critical bug fixes and security issues only.

Please migrate your code to use AWS SDK for JavaScript (v3).
For more information, check the blog post at https://a.co/cUPnyil
(Use `node --trace-warnings ...` to show where the warning was created)
[32minfo[39m: ✅ Connected to MongoDB
[32minfo[39m: 🔄 Testing PostgreSQL connection...
[32minfo[39m: 📊 Host: 20.169.129.160:5432
[32minfo[39m: 👤 User: sabyagentic_user
[32minfo[39m: 🗄️  Database: halograph
[32minfo[39m: ✅ PostgreSQL connected successfully
[32minfo[39m: 📋 PostgreSQL Version: PostgreSQL 15.14 (Debian 15.14-1.pgdg13+1) on x86_64-pc-linux-gnu, compiled by gcc (Debian 14.2.0-19) 14.2.0, 64-bit
[32minfo[39m: ✅ Redis connected
[32minfo[39m: ⚙️  Redis ready for commands
[32minfo[39m: ✅ Redis ping successful
[31merror[39m: Error: listen EADDRINUSE: address already in use :::4000
    at Server.setupListenHandle [as _listen2] (node:net:1817:16)
    at listenInCluster (node:net:1865:12)
    at doListen (node:net:2014:7)
    at process.processTicksAndRejections (node:internal/process/task_queues:83:21)
[32minfo[39m: Server closed
[31m[nodemon] app crashed - waiting for file changes before starting...[39m
[32m[nodemon] restarting due to changes...[39m
[32m[nodemon] starting `node src/index.js`[39m
(node:59217) NOTE: The AWS SDK for JavaScript (v2) is in maintenance mode.
 SDK releases are limited to address critical bug fixes and security issues only.

Please migrate your code to use AWS SDK for JavaScript (v3).
For more information, check the blog post at https://a.co/cUPnyil
(Use `node --trace-warnings ...` to show where the warning was created)
[32minfo[39m: Connected to email server
[31merror[39m: connect ECONNREFUSED ::1:27017
[31m[nodemon] app crashed - waiting for file changes before starting...[39m
[32m[nodemon] restarting due to changes...[39m
[32m[nodemon] starting `node src/index.js`[39m
(node:70277) NOTE: The AWS SDK for JavaScript (v2) is in maintenance mode.
 SDK releases are limited to address critical bug fixes and security issues only.

Please migrate your code to use AWS SDK for JavaScript (v3).
For more information, check the blog post at https://a.co/cUPnyil
(Use `node --trace-warnings ...` to show where the warning was created)
[32minfo[39m: ✅ Connected to MongoDB
[32minfo[39m: 🔄 Testing PostgreSQL connection...
[32minfo[39m: 📊 Host: 20.169.129.160:5432
[32minfo[39m: 👤 User: sabyagentic_user
[32minfo[39m: 🗄️  Database: halograph
[32minfo[39m: ✅ PostgreSQL connected successfully
[32minfo[39m: Connected to email server
[32minfo[39m: 📋 PostgreSQL Version: PostgreSQL 15.14 (Debian 15.14-1.pgdg13+1) on x86_64-pc-linux-gnu, compiled by gcc (Debian 14.2.0-19) 14.2.0, 64-bit
[32minfo[39m: ✅ Redis connected
[32minfo[39m: ⚙️  Redis ready for commands
[32minfo[39m: ✅ Redis ping successful
[32minfo[39m: 🚀 Server is running on port 4000
[32minfo[39m: 🌍 Environment: development
[32minfo[39m: 📊 Database Status:
[32minfo[39m:    - MongoDB: ✅ Connected
[32minfo[39m:    - PostgreSQL: ✅ Connected
[32minfo[39m:    - Redis: ✅ Connected
[32m[nodemon] restarting due to changes...[39m
[32m[nodemon] starting `node src/index.js`[39m
(node:73628) NOTE: The AWS SDK for JavaScript (v2) is in maintenance mode.
 SDK releases are limited to address critical bug fixes and security issues only.

Please migrate your code to use AWS SDK for JavaScript (v3).
For more information, check the blog post at https://a.co/cUPnyil
(Use `node --trace-warnings ...` to show where the warning was created)
[32minfo[39m: ✅ Connected to MongoDB
[32minfo[39m: 🔄 Testing PostgreSQL connection...
[32minfo[39m: 📊 Host: 20.169.129.160:5432
[32minfo[39m: 👤 User: sabyagentic_user
[32minfo[39m: 🗄️  Database: halograph
[32minfo[39m: ✅ PostgreSQL connected successfully
[32minfo[39m: 📋 PostgreSQL Version: PostgreSQL 15.14 (Debian 15.14-1.pgdg13+1) on x86_64-pc-linux-gnu, compiled by gcc (Debian 14.2.0-19) 14.2.0, 64-bit
[32minfo[39m: ✅ Redis connected
[32minfo[39m: ⚙️  Redis ready for commands
[32minfo[39m: ✅ Redis ping successful
[31merror[39m: Error: listen EADDRINUSE: address already in use :::4000
    at Server.setupListenHandle [as _listen2] (node:net:1817:16)
    at listenInCluster (node:net:1865:12)
    at doListen (node:net:2014:7)
    at process.processTicksAndRejections (node:internal/process/task_queues:83:21)
[32minfo[39m: Server closed
[31m[nodemon] app crashed - waiting for file changes before starting...[39m
[32m[nodemon] restarting due to changes...[39m
[32m[nodemon] starting `node src/index.js`[39m
(node:63966) NOTE: The AWS SDK for JavaScript (v2) is in maintenance mode.
 SDK releases are limited to address critical bug fixes and security issues only.

Please migrate your code to use AWS SDK for JavaScript (v3).
For more information, check the blog post at https://a.co/cUPnyil
(Use `node --trace-warnings ...` to show where the warning was created)
[32minfo[39m: ✅ Connected to MongoDB
[32minfo[39m: 🔄 Testing PostgreSQL connection...
[32minfo[39m: 📊 Host: 20.169.129.160:5432
[32minfo[39m: 👤 User: sabyagentic_user
[32minfo[39m: 🗄️  Database: halograph
[32minfo[39m: Connected to email server
[32minfo[39m: ✅ PostgreSQL connected successfully
[32minfo[39m: 📋 PostgreSQL Version: PostgreSQL 15.14 (Debian 15.14-1.pgdg13+1) on x86_64-pc-linux-gnu, compiled by gcc (Debian 14.2.0-19) 14.2.0, 64-bit
[32minfo[39m: ✅ Redis connected
[32minfo[39m: ⚙️  Redis ready for commands
[32minfo[39m: ✅ Redis ping successful
[31merror[39m: Error: listen EADDRINUSE: address already in use :::4000
    at Server.setupListenHandle [as _listen2] (node:net:1817:16)
    at listenInCluster (node:net:1865:12)
    at doListen (node:net:2014:7)
    at process.processTicksAndRejections (node:internal/process/task_queues:83:21)
[32minfo[39m: Server closed
[31m[nodemon] app crashed - waiting for file changes before starting...[39m
[32m[nodemon] restarting due to changes...[39m
[32m[nodemon] starting `node src/index.js`[39m
[32m[nodemon] restarting due to changes...[39m
[32m[nodemon] starting `node src/index.js`[39m
[32m[nodemon] restarting due to changes...[39m
[32m[nodemon] starting `node src/index.js`[39m
[32m[nodemon] restarting due to changes...[39m
[32m[nodemon] starting `node src/index.js`[39m
[32m[nodemon] restarting due to changes...[39m
[32m[nodemon] restarting due to changes...[39m
[32m[nodemon] restarting due to changes...[39m
[32m[nodemon] starting `node src/index.js`[39m
[32m[nodemon] restarting due to changes...[39m
[32m[nodemon] starting `node src/index.js`[39m
(node:70894) NOTE: The AWS SDK for JavaScript (v2) is in maintenance mode.
 SDK releases are limited to address critical bug fixes and security issues only.

Please migrate your code to use AWS SDK for JavaScript (v3).
For more information, check the blog post at https://a.co/cUPnyil
(Use `node --trace-warnings ...` to show where the warning was created)
[32minfo[39m: ✅ Connected to MongoDB
[32minfo[39m: 🔄 Testing PostgreSQL connection...
[32minfo[39m: 📊 Host: 20.169.129.160:5432
[32minfo[39m: 👤 User: sabyagentic_user
[32minfo[39m: 🗄️  Database: halograph
[32minfo[39m: ✅ PostgreSQL connected successfully
[32minfo[39m: 📋 PostgreSQL Version: PostgreSQL 15.14 (Debian 15.14-1.pgdg13+1) on x86_64-pc-linux-gnu, compiled by gcc (Debian 14.2.0-19) 14.2.0, 64-bit
[32minfo[39m: ✅ Redis connected
[32minfo[39m: ⚙️  Redis ready for commands
[32minfo[39m: ✅ Redis ping successful
[31merror[39m: Error: listen EADDRINUSE: address already in use :::4000
    at Server.setupListenHandle [as _listen2] (node:net:1817:16)
    at listenInCluster (node:net:1865:12)
    at doListen (node:net:2014:7)
    at process.processTicksAndRejections (node:internal/process/task_queues:83:21)
[32minfo[39m: Server closed
[31m[nodemon] app crashed - waiting for file changes before starting...[39m
[32m[nodemon] restarting due to changes...[39m
[32m[nodemon] starting `node src/index.js`[39m
[32m[nodemon] restarting due to changes...[39m
[32m[nodemon] starting `node src/index.js`[39m
(node:73436) NOTE: The AWS SDK for JavaScript (v2) is in maintenance mode.
 SDK releases are limited to address critical bug fixes and security issues only.

Please migrate your code to use AWS SDK for JavaScript (v3).
For more information, check the blog post at https://a.co/cUPnyil
(Use `node --trace-warnings ...` to show where the warning was created)
[32minfo[39m: ✅ Connected to MongoDB
[32minfo[39m: 🔄 Testing PostgreSQL connection...
[32minfo[39m: 📊 Host: 20.169.129.160:5432
[32minfo[39m: 👤 User: sabyagentic_user
[32minfo[39m: 🗄️  Database: halograph
[32minfo[39m: Connected to email server
[32minfo[39m: ✅ PostgreSQL connected successfully
[32minfo[39m: 📋 PostgreSQL Version: PostgreSQL 15.14 (Debian 15.14-1.pgdg13+1) on x86_64-pc-linux-gnu, compiled by gcc (Debian 14.2.0-19) 14.2.0, 64-bit
[32minfo[39m: ✅ Redis connected
[32minfo[39m: ⚙️  Redis ready for commands
[32minfo[39m: ✅ Redis ping successful
[31merror[39m: Error: listen EADDRINUSE: address already in use :::4000
    at Server.setupListenHandle [as _listen2] (node:net:1817:16)
    at listenInCluster (node:net:1865:12)
    at doListen (node:net:2014:7)
    at process.processTicksAndRejections (node:internal/process/task_queues:83:21)
[32minfo[39m: Server closed
[31m[nodemon] app crashed - waiting for file changes before starting...[39m
[32m[nodemon] restarting due to changes...[39m
[32m[nodemon] starting `node src/index.js`[39m
[32m[nodemon] restarting due to changes...[39m
[32m[nodemon] restarting due to changes...[39m
[32m[nodemon] restarting due to changes...[39m
[32m[nodemon] starting `node src/index.js`[39m
(node:80398) NOTE: The AWS SDK for JavaScript (v2) is in maintenance mode.
 SDK releases are limited to address critical bug fixes and security issues only.

Please migrate your code to use AWS SDK for JavaScript (v3).
For more information, check the blog post at https://a.co/cUPnyil
(Use `node --trace-warnings ...` to show where the warning was created)
[32minfo[39m: ✅ Connected to MongoDB
[32minfo[39m: 🔄 Testing PostgreSQL connection...
[32minfo[39m: 📊 Host: 20.169.129.160:5432
[32minfo[39m: 👤 User: sabyagentic_user
[32minfo[39m: 🗄️  Database: halograph
[32minfo[39m: ✅ PostgreSQL connected successfully
[32minfo[39m: 📋 PostgreSQL Version: PostgreSQL 15.14 (Debian 15.14-1.pgdg13+1) on x86_64-pc-linux-gnu, compiled by gcc (Debian 14.2.0-19) 14.2.0, 64-bit
[32minfo[39m: ✅ Redis connected
[32minfo[39m: ⚙️  Redis ready for commands
[32minfo[39m: ✅ Redis ping successful
[31merror[39m: Error: listen EADDRINUSE: address already in use :::4000
    at Server.setupListenHandle [as _listen2] (node:net:1817:16)
    at listenInCluster (node:net:1865:12)
    at doListen (node:net:2014:7)
    at process.processTicksAndRejections (node:internal/process/task_queues:83:21)
[32minfo[39m: Server closed
[31m[nodemon] app crashed - waiting for file changes before starting...[39m
tedAt: 2025-10-08T13:11:58.897Z,
    updatedAt: 2025-10-08T14:00:11.036Z,
    haloId: 'NE-0003U',
    fingerprint: 'level 1:68e6631ee8cb8a083d437d41',
    __v: 0
  },
  {
    position: { x: -968.1164385667662, y: -520.6499132981311 },
    isSpecial: false,
    isActive: true,
    type: 'administrative',
    parent: null,
    path: '68e6784e859f5a6c092c567c',
    identity: [],
    hierarchy: Map(0) {},
    _id: 68e6784e859f5a6c092c567c,
    tenantId: 'YYj9stYAH6',
    name: 'New jasper',
    code: 'jasper',
    description: '',
    level: {
      description: '',
      deletedAt: null,
      _id: 68e58989814ef8f50f45dfb1,
      tenantId: 'YYj9stYAH6',
      name: 'Level 2',
      rank: 2,
      createdAt: 2025-10-07T21:43:37.503Z,
      updatedAt: 2025-10-07T21:43:37.503Z,
      __v: 0
    },
    createdBy: 68e487ef3d91ac6d96610f5d,
    createdAt: 2025-10-08T14:42:22.186Z,
    updatedAt: 2025-10-08T14:42:22.186Z,
    haloId: 'NE-0003W',
    fingerprint: 'level 2:68e6784e859f5a6c092c567c',
    __v: 0
  }
]
[32minfo[39m: GET /v1/structure 304 - 49.741 ms
[TenantPlugin] Pre-hook triggered for: findOne
[TenantPlugin] Options: {}
--- AUTH DEBUG ---
Route: /v1/structure
HTTP Method: GET
Required Permissions: [ 'view:structures' ]
[STRUCTURE CONTROLLER - QUERY] Query params: {}
[STRUCTURE CONTROLLER - QUERY] User tenant ID: YYj9stYAH6
[STRUCTURE CONTROLLER - QUERY] Filter with tenantId: { tenantId: 'YYj9stYAH6' }
[STRUCTURE CONTROLLER - QUERY] Populate options: level,parent
[TenantPlugin] paginate() - incoming options: { populate: 'level,parent' }
[TenantPlugin] Pre-hook triggered for: countDocuments
[TenantPlugin] Options: {}
[TenantPlugin] Pre-hook triggered for: find
[TenantPlugin] Options: { sort: { createdAt: 1 }, skip: 0, limit: 10 }
[TenantPlugin] Pre-hook triggered for: find
[TenantPlugin] Options: { skip: undefined, limit: undefined, perDocumentLimit: undefined }
[STRUCTURE CONTROLLER - QUERY] Found 4 structures for tenant: YYj9stYAH6
[STRUCTURE CONTROLLER - QUERY] Returning structures: [
  {
    position: { x: -708.8074567042663, y: -1152.8722725068146 },
    isSpecial: false,
    isActive: true,
    type: 'administrative',
    parent: null,
    path: '68e65b4f44b251ec3b95e518',
    identity: [],
    hierarchy: Map(0) {},
    _id: 68e65b4f44b251ec3b95e518,
    tenantId: 'YYj9stYAH6',
    name: 'GLOBAL',
    code: 'jasper',
    description: '',
    level: {
      description: '',
      deletedAt: null,
      _id: 68e4fbbc2f3a6979ded81ee9,
      tenantId: 'YYj9stYAH6',
      name: 'Level 0',
      rank: 0,
      createdAt: 2025-10-07T11:38:36.223Z,
      updatedAt: 2025-10-07T11:38:36.223Z,
      __v: 0
    },
    createdBy: 68e487ef3d91ac6d96610f5d,
    createdAt: 2025-10-08T12:38:39.095Z,
    updatedAt: 2025-10-08T13:14:39.416Z,
    haloId: 'GL-0003O',
    fingerprint: 'level 0:68e65b4f44b251ec3b95e518',
    __v: 0
  },
  {
    position: { x: -1129.2531391860023, y: -850.634030075247 },
    isSpecial: true,
    isActive: true,
    type: 'administrative',
    parent: null,
    path: '68e662ebe8cb8a083d437d22',
    identity: [],
    hierarchy: Map(0) {},
    _id: 68e662ebe8cb8a083d437d22,
    tenantId: 'YYj9stYAH6',
    name: 'branch church op',
    code: 'diamond',
    description: '',
    level: {
      description: '',
      deletedAt: null,
      _id: 68e4fbe42f3a6979ded81f07,
      tenantId: 'YYj9stYAH6',
      name: 'Level 1',
      rank: 1,
      createdAt: 2025-10-07T11:39:16.189Z,
      updatedAt: 2025-10-07T11:39:16.189Z,
      __v: 0
    },
    createdBy: 68e487ef3d91ac6d96610f5d,
    createdAt: 2025-10-08T13:11:07.544Z,
    updatedAt: 2025-10-08T14:42:13.428Z,
    haloId: 'NE-0003T',
    fingerprint: 'level 1:68e662ebe8cb8a083d437d22',
    __v: 0
  },
  {
    position: { x: -320.5156129569781, y: -437.1981350647864 },
    isSpecial: true,
    isActive: true,
    type: 'administrative',
    parent: null,
    path: '68e6631ee8cb8a083d437d41',
    identity: [],
    hierarchy: Map(0) {},
    _id: 68e6631ee8cb8a083d437d41,
    tenantId: 'YYj9stYAH6',
    name: 'New emerald',
    code: 'emerald',
    description: '',
    level: {
      description: '',
      deletedAt: null,
      _id: 68e4fbe42f3a6979ded81f07,
      tenantId: 'YYj9stYAH6',
      name: 'Level 1',
      rank: 1,
      createdAt: 2025-10-07T11:39:16.189Z,
      updatedAt: 2025-10-07T11:39:16.189Z,
      __v: 0
    },
    createdBy: 68e487ef3d91ac6d96610f5d,
    createdAt: 2025-10-08T13:11:58.897Z,
    updatedAt: 2025-10-08T14:00:11.036Z,
    haloId: 'NE-0003U',
    fingerprint: 'level 1:68e6631ee8cb8a083d437d41',
    __v: 0
  },
  {
    position: { x: -968.1164385667662, y: -520.6499132981311 },
    isSpecial: false,
    isActive: true,
    type: 'administrative',
    parent: null,
    path: '68e6784e859f5a6c092c567c',
    identity: [],
    hierarchy: Map(0) {},
    _id: 68e6784e859f5a6c092c567c,
    tenantId: 'YYj9stYAH6',
    name: 'New jasper',
    code: 'jasper',
    description: '',
    level: {
      description: '',
      deletedAt: null,
      _id: 68e58989814ef8f50f45dfb1,
      tenantId: 'YYj9stYAH6',
      name: 'Level 2',
      rank: 2,
      createdAt: 2025-10-07T21:43:37.503Z,
      updatedAt: 2025-10-07T21:43:37.503Z,
      __v: 0
    },
    createdBy: 68e487ef3d91ac6d96610f5d,
    createdAt: 2025-10-08T14:42:22.186Z,
    updatedAt: 2025-10-08T14:42:22.186Z,
    haloId: 'NE-0003W',
    fingerprint: 'level 2:68e6784e859f5a6c092c567c',
    __v: 0
  }
]
[32minfo[39m: GET /v1/structure 304 - 24.433 ms
[TenantPlugin] Pre-hook triggered for: findOne
[TenantPlugin] Options: {}
--- AUTH DEBUG ---
Route: /v1/structure
HTTP Method: GET
Required Permissions: [ 'view:structures' ]
[STRUCTURE CONTROLLER - QUERY] Query params: {}
[STRUCTURE CONTROLLER - QUERY] User tenant ID: YYj9stYAH6
[STRUCTURE CONTROLLER - QUERY] Filter with tenantId: { tenantId: 'YYj9stYAH6' }
[STRUCTURE CONTROLLER - QUERY] Populate options: level,parent
[TenantPlugin] paginate() - incoming options: { populate: 'level,parent' }
[TenantPlugin] Pre-hook triggered for: countDocuments
[TenantPlugin] Options: {}
[TenantPlugin] Pre-hook triggered for: find
[TenantPlugin] Options: { sort: { createdAt: 1 }, skip: 0, limit: 10 }
[TenantPlugin] Pre-hook triggered for: find
[TenantPlugin] Options: { skip: undefined, limit: undefined, perDocumentLimit: undefined }
[STRUCTURE CONTROLLER - QUERY] Found 4 structures for tenant: YYj9stYAH6
[STRUCTURE CONTROLLER - QUERY] Returning structures: [
  {
    position: { x: -708.8074567042663, y: -1152.8722725068146 },
    isSpecial: false,
    isActive: true,
    type: 'administrative',
    parent: null,
    path: '68e65b4f44b251ec3b95e518',
    identity: [],
    hierarchy: Map(0) {},
    _id: 68e65b4f44b251ec3b95e518,
    tenantId: 'YYj9stYAH6',
    name: 'GLOBAL',
    code: 'jasper',
    description: '',
    level: {
      description: '',
      deletedAt: null,
      _id: 68e4fbbc2f3a6979ded81ee9,
      tenantId: 'YYj9stYAH6',
      name: 'Level 0',
      rank: 0,
      createdAt: 2025-10-07T11:38:36.223Z,
      updatedAt: 2025-10-07T11:38:36.223Z,
      __v: 0
    },
    createdBy: 68e487ef3d91ac6d96610f5d,
    createdAt: 2025-10-08T12:38:39.095Z,
    updatedAt: 2025-10-08T13:14:39.416Z,
    haloId: 'GL-0003O',
    fingerprint: 'level 0:68e65b4f44b251ec3b95e518',
    __v: 0
  },
  {
    position: { x: -1129.2531391860023, y: -850.634030075247 },
    isSpecial: true,
    isActive: true,
    type: 'administrative',
    parent: null,
    path: '68e662ebe8cb8a083d437d22',
    identity: [],
    hierarchy: Map(0) {},
    _id: 68e662ebe8cb8a083d437d22,
    tenantId: 'YYj9stYAH6',
    name: 'branch church op',
    code: 'diamond',
    description: '',
    level: {
      description: '',
      deletedAt: null,
      _id: 68e4fbe42f3a6979ded81f07,
      tenantId: 'YYj9stYAH6',
      name: 'Level 1',
      rank: 1,
      createdAt: 2025-10-07T11:39:16.189Z,
      updatedAt: 2025-10-07T11:39:16.189Z,
      __v: 0
    },
    createdBy: 68e487ef3d91ac6d96610f5d,
    createdAt: 2025-10-08T13:11:07.544Z,
    updatedAt: 2025-10-08T14:42:13.428Z,
    haloId: 'NE-0003T',
    fingerprint: 'level 1:68e662ebe8cb8a083d437d22',
    __v: 0
  },
  {
    position: { x: -320.5156129569781, y: -437.1981350647864 },
    isSpecial: true,
    isActive: true,
    type: 'administrative',
    parent: null,
    path: '68e6631ee8cb8a083d437d41',
    identity: [],
    hierarchy: Map(0) {},
    _id: 68e6631ee8cb8a083d437d41,
    tenantId: 'YYj9stYAH6',
    name: 'New emerald',
    code: 'emerald',
    description: '',
    level: {
      description: '',
      deletedAt: null,
      _id: 68e4fbe42f3a6979ded81f07,
      tenantId: 'YYj9stYAH6',
      name: 'Level 1',
      rank: 1,
      createdAt: 2025-10-07T11:39:16.189Z,
      updatedAt: 2025-10-07T11:39:16.189Z,
      __v: 0
    },
    createdBy: 68e487ef3d91ac6d96610f5d,
    createdAt: 2025-10-08T13:11:58.897Z,
    updatedAt: 2025-10-08T14:00:11.036Z,
    haloId: 'NE-0003U',
    fingerprint: 'level 1:68e6631ee8cb8a083d437d41',
    __v: 0
  },
  {
    position: { x: -968.1164385667662, y: -520.6499132981311 },
    isSpecial: false,
    isActive: true,
    type: 'administrative',
    parent: null,
    path: '68e6784e859f5a6c092c567c',
    identity: [],
    hierarchy: Map(0) {},
    _id: 68e6784e859f5a6c092c567c,
    tenantId: 'YYj9stYAH6',
    name: 'New jasper',
    code: 'jasper',
    description: '',
    level: {
      description: '',
      deletedAt: null,
      _id: 68e58989814ef8f50f45dfb1,
      tenantId: 'YYj9stYAH6',
      name: 'Level 2',
      rank: 2,
      createdAt: 2025-10-07T21:43:37.503Z,
      updatedAt: 2025-10-07T21:43:37.503Z,
      __v: 0
    },
    createdBy: 68e487ef3d91ac6d96610f5d,
    createdAt: 2025-10-08T14:42:22.186Z,
    updatedAt: 2025-10-08T14:42:22.186Z,
    haloId: 'NE-0003W',
    fingerprint: 'level 2:68e6784e859f5a6c092c567c',
    __v: 0
  }
]
[32minfo[39m: GET /v1/structure 304 - 16.893 ms
[32minfo[39m: OPTIONS /v1/structure 204 - 22.949 ms
[32minfo[39m: OPTIONS /v1/structure 204 - 0.606 ms
[32minfo[39m: OPTIONS /v1/structure 204 - 0.384 ms
[TenantPlugin] Pre-hook triggered for: findOne
[TenantPlugin] Options: {}
--- AUTH DEBUG ---
Route: /v1/structure
HTTP Method: GET
Required Permissions: [ 'view:structures' ]
[STRUCTURE CONTROLLER - QUERY] Query params: {}
[STRUCTURE CONTROLLER - QUERY] User tenant ID: YYj9stYAH6
[STRUCTURE CONTROLLER - QUERY] Filter with tenantId: { tenantId: 'YYj9stYAH6' }
[STRUCTURE CONTROLLER - QUERY] Populate options: level,parent
[TenantPlugin] paginate() - incoming options: { populate: 'level,parent' }
[TenantPlugin] Pre-hook triggered for: countDocuments
[TenantPlugin] Options: {}
[TenantPlugin] Pre-hook triggered for: find
[TenantPlugin] Options: { sort: { createdAt: 1 }, skip: 0, limit: 10 }
[TenantPlugin] Pre-hook triggered for: find
[TenantPlugin] Options: { skip: undefined, limit: undefined, perDocumentLimit: undefined }
[STRUCTURE CONTROLLER - QUERY] Found 4 structures for tenant: YYj9stYAH6
[STRUCTURE CONTROLLER - QUERY] Returning structures: [
  {
    position: { x: -708.8074567042663, y: -1152.8722725068146 },
    isSpecial: false,
    isActive: true,
    type: 'administrative',
    parent: null,
    path: '68e65b4f44b251ec3b95e518',
    identity: [],
    hierarchy: Map(0) {},
    _id: 68e65b4f44b251ec3b95e518,
    tenantId: 'YYj9stYAH6',
    name: 'GLOBAL',
    code: 'jasper',
    description: '',
    level: {
      description: '',
      deletedAt: null,
      _id: 68e4fbbc2f3a6979ded81ee9,
      tenantId: 'YYj9stYAH6',
      name: 'Level 0',
      rank: 0,
      createdAt: 2025-10-07T11:38:36.223Z,
      updatedAt: 2025-10-07T11:38:36.223Z,
      __v: 0
    },
    createdBy: 68e487ef3d91ac6d96610f5d,
    createdAt: 2025-10-08T12:38:39.095Z,
    updatedAt: 2025-10-08T13:14:39.416Z,
    haloId: 'GL-0003O',
    fingerprint: 'level 0:68e65b4f44b251ec3b95e518',
    __v: 0
  },
  {
    position: { x: -1129.2531391860023, y: -850.634030075247 },
    isSpecial: true,
    isActive: true,
    type: 'administrative',
    parent: null,
    path: '68e662ebe8cb8a083d437d22',
    identity: [],
    hierarchy: Map(0) {},
    _id: 68e662ebe8cb8a083d437d22,
    tenantId: 'YYj9stYAH6',
    name: 'branch church op',
    code: 'diamond',
    description: '',
    level: {
      description: '',
      deletedAt: null,
      _id: 68e4fbe42f3a6979ded81f07,
      tenantId: 'YYj9stYAH6',
      name: 'Level 1',
      rank: 1,
      createdAt: 2025-10-07T11:39:16.189Z,
      updatedAt: 2025-10-07T11:39:16.189Z,
      __v: 0
    },
    createdBy: 68e487ef3d91ac6d96610f5d,
    createdAt: 2025-10-08T13:11:07.544Z,
    updatedAt: 2025-10-08T14:42:13.428Z,
    haloId: 'NE-0003T',
    fingerprint: 'level 1:68e662ebe8cb8a083d437d22',
    __v: 0
  },
  {
    position: { x: -320.5156129569781, y: -437.1981350647864 },
    isSpecial: true,
    isActive: true,
    type: 'administrative',
    parent: null,
    path: '68e6631ee8cb8a083d437d41',
    identity: [],
    hierarchy: Map(0) {},
    _id: 68e6631ee8cb8a083d437d41,
    tenantId: 'YYj9stYAH6',
    name: 'New emerald',
    code: 'emerald',
    description: '',
    level: {
      description: '',
      deletedAt: null,
      _id: 68e4fbe42f3a6979ded81f07,
      tenantId: 'YYj9stYAH6',
      name: 'Level 1',
      rank: 1,
      createdAt: 2025-10-07T11:39:16.189Z,
      updatedAt: 2025-10-07T11:39:16.189Z,
      __v: 0
    },
    createdBy: 68e487ef3d91ac6d96610f5d,
    createdAt: 2025-10-08T13:11:58.897Z,
    updatedAt: 2025-10-08T14:00:11.036Z,
    haloId: 'NE-0003U',
    fingerprint: 'level 1:68e6631ee8cb8a083d437d41',
    __v: 0
  },
  {
    position: { x: -968.1164385667662, y: -520.6499132981311 },
    isSpecial: false,
    isActive: true,
    type: 'administrative',
    parent: null,
    path: '68e6784e859f5a6c092c567c',
    identity: [],
    hierarchy: Map(0) {},
    _id: 68e6784e859f5a6c092c567c,
    tenantId: 'YYj9stYAH6',
    name: 'New jasper',
    code: 'jasper',
    description: '',
    level: {
      description: '',
      deletedAt: null,
      _id: 68e58989814ef8f50f45dfb1,
      tenantId: 'YYj9stYAH6',
      name: 'Level 2',
      rank: 2,
      createdAt: 2025-10-07T21:43:37.503Z,
      updatedAt: 2025-10-07T21:43:37.503Z,
      __v: 0
    },
    createdBy: 68e487ef3d91ac6d96610f5d,
    createdAt: 2025-10-08T14:42:22.186Z,
    updatedAt: 2025-10-08T14:42:22.186Z,
    haloId: 'NE-0003W',
    fingerprint: 'level 2:68e6784e859f5a6c092c567c',
    __v: 0
  }
]
[32minfo[39m: GET /v1/structure 304 - 110.145 ms
[TenantPlugin] Pre-hook triggered for: findOne
[TenantPlugin] Options: {}
--- AUTH DEBUG ---
Route: /v1/structure
HTTP Method: GET
Required Permissions: [ 'view:structures' ]
[STRUCTURE CONTROLLER - QUERY] Query params: {}
[STRUCTURE CONTROLLER - QUERY] User tenant ID: YYj9stYAH6
[STRUCTURE CONTROLLER - QUERY] Filter with tenantId: { tenantId: 'YYj9stYAH6' }
[STRUCTURE CONTROLLER - QUERY] Populate options: level,parent
[TenantPlugin] paginate() - incoming options: { populate: 'level,parent' }
[TenantPlugin] Pre-hook triggered for: countDocuments
[TenantPlugin] Options: {}
[TenantPlugin] Pre-hook triggered for: find
[TenantPlugin] Options: { sort: { createdAt: 1 }, skip: 0, limit: 10 }
[TenantPlugin] Pre-hook triggered for: find
[TenantPlugin] Options: { skip: undefined, limit: undefined, perDocumentLimit: undefined }
[STRUCTURE CONTROLLER - QUERY] Found 4 structures for tenant: YYj9stYAH6
[STRUCTURE CONTROLLER - QUERY] Returning structures: [
  {
    position: { x: -708.8074567042663, y: -1152.8722725068146 },
    isSpecial: false,
    isActive: true,
    type: 'administrative',
    parent: null,
    path: '68e65b4f44b251ec3b95e518',
    identity: [],
    hierarchy: Map(0) {},
    _id: 68e65b4f44b251ec3b95e518,
    tenantId: 'YYj9stYAH6',
    name: 'GLOBAL',
    code: 'jasper',
    description: '',
    level: {
      description: '',
      deletedAt: null,
      _id: 68e4fbbc2f3a6979ded81ee9,
      tenantId: 'YYj9stYAH6',
      name: 'Level 0',
      rank: 0,
      createdAt: 2025-10-07T11:38:36.223Z,
      updatedAt: 2025-10-07T11:38:36.223Z,
      __v: 0
    },
    createdBy: 68e487ef3d91ac6d96610f5d,
    createdAt: 2025-10-08T12:38:39.095Z,
    updatedAt: 2025-10-08T13:14:39.416Z,
    haloId: 'GL-0003O',
    fingerprint: 'level 0:68e65b4f44b251ec3b95e518',
    __v: 0
  },
  {
    position: { x: -1129.2531391860023, y: -850.634030075247 },
    isSpecial: true,
    isActive: true,
    type: 'administrative',
    parent: null,
    path: '68e662ebe8cb8a083d437d22',
    identity: [],
    hierarchy: Map(0) {},
    _id: 68e662ebe8cb8a083d437d22,
    tenantId: 'YYj9stYAH6',
    name: 'branch church op',
    code: 'diamond',
    description: '',
    level: {
      description: '',
      deletedAt: null,
      _id: 68e4fbe42f3a6979ded81f07,
      tenantId: 'YYj9stYAH6',
      name: 'Level 1',
      rank: 1,
      createdAt: 2025-10-07T11:39:16.189Z,
      updatedAt: 2025-10-07T11:39:16.189Z,
      __v: 0
    },
    createdBy: 68e487ef3d91ac6d96610f5d,
    createdAt: 2025-10-08T13:11:07.544Z,
    updatedAt: 2025-10-08T14:42:13.428Z,
    haloId: 'NE-0003T',
    fingerprint: 'level 1:68e662ebe8cb8a083d437d22',
    __v: 0
  },
  {
    position: { x: -320.5156129569781, y: -437.1981350647864 },
    isSpecial: true,
    isActive: true,
    type: 'administrative',
    parent: null,
    path: '68e6631ee8cb8a083d437d41',
    identity: [],
    hierarchy: Map(0) {},
    _id: 68e6631ee8cb8a083d437d41,
    tenantId: 'YYj9stYAH6',
    name: 'New emerald',
    code: 'emerald',
    description: '',
    level: {
      description: '',
      deletedAt: null,
      _id: 68e4fbe42f3a6979ded81f07,
      tenantId: 'YYj9stYAH6',
      name: 'Level 1',
      rank: 1,
      createdAt: 2025-10-07T11:39:16.189Z,
      updatedAt: 2025-10-07T11:39:16.189Z,
      __v: 0
    },
    createdBy: 68e487ef3d91ac6d96610f5d,
    createdAt: 2025-10-08T13:11:58.897Z,
    updatedAt: 2025-10-08T14:00:11.036Z,
    haloId: 'NE-0003U',
    fingerprint: 'level 1:68e6631ee8cb8a083d437d41',
    __v: 0
  },
  {
    position: { x: -968.1164385667662, y: -520.6499132981311 },
    isSpecial: false,
    isActive: true,
    type: 'administrative',
    parent: null,
    path: '68e6784e859f5a6c092c567c',
    identity: [],
    hierarchy: Map(0) {},
    _id: 68e6784e859f5a6c092c567c,
    tenantId: 'YYj9stYAH6',
    name: 'New jasper',
    code: 'jasper',
    description: '',
    level: {
      description: '',
      deletedAt: null,
      _id: 68e58989814ef8f50f45dfb1,
      tenantId: 'YYj9stYAH6',
      name: 'Level 2',
      rank: 2,
      createdAt: 2025-10-07T21:43:37.503Z,
      updatedAt: 2025-10-07T21:43:37.503Z,
      __v: 0
    },
    createdBy: 68e487ef3d91ac6d96610f5d,
    createdAt: 2025-10-08T14:42:22.186Z,
    updatedAt: 2025-10-08T14:42:22.186Z,
    haloId: 'NE-0003W',
    fingerprint: 'level 2:68e6784e859f5a6c092c567c',
    __v: 0
  }
]
[32minfo[39m: GET /v1/structure 304 - 41.447 ms
[TenantPlugin] Pre-hook triggered for: findOne
[TenantPlugin] Options: {}
--- AUTH DEBUG ---
Route: /v1/structure
HTTP Method: GET
Required Permissions: [ 'view:structures' ]
[STRUCTURE CONTROLLER - QUERY] Query params: {}
[STRUCTURE CONTROLLER - QUERY] User tenant ID: YYj9stYAH6
[STRUCTURE CONTROLLER - QUERY] Filter with tenantId: { tenantId: 'YYj9stYAH6' }
[STRUCTURE CONTROLLER - QUERY] Populate options: level,parent
[TenantPlugin] paginate() - incoming options: { populate: 'level,parent' }
[TenantPlugin] Pre-hook triggered for: countDocuments
[TenantPlugin] Options: {}
[TenantPlugin] Pre-hook triggered for: find
[TenantPlugin] Options: { sort: { createdAt: 1 }, skip: 0, limit: 10 }
[TenantPlugin] Pre-hook triggered for: find
[TenantPlugin] Options: { skip: undefined, limit: undefined, perDocumentLimit: undefined }
[STRUCTURE CONTROLLER - QUERY] Found 4 structures for tenant: YYj9stYAH6
[STRUCTURE CONTROLLER - QUERY] Returning structures: [
  {
    position: { x: -708.8074567042663, y: -1152.8722725068146 },
    isSpecial: false,
    isActive: true,
    type: 'administrative',
    parent: null,
    path: '68e65b4f44b251ec3b95e518',
    identity: [],
    hierarchy: Map(0) {},
    _id: 68e65b4f44b251ec3b95e518,
    tenantId: 'YYj9stYAH6',
    name: 'GLOBAL',
    code: 'jasper',
    description: '',
    level: {
      description: '',
      deletedAt: null,
      _id: 68e4fbbc2f3a6979ded81ee9,
      tenantId: 'YYj9stYAH6',
      name: 'Level 0',
      rank: 0,
      createdAt: 2025-10-07T11:38:36.223Z,
      updatedAt: 2025-10-07T11:38:36.223Z,
      __v: 0
    },
    createdBy: 68e487ef3d91ac6d96610f5d,
    createdAt: 2025-10-08T12:38:39.095Z,
    updatedAt: 2025-10-08T13:14:39.416Z,
    haloId: 'GL-0003O',
    fingerprint: 'level 0:68e65b4f44b251ec3b95e518',
    __v: 0
  },
  {
    position: { x: -1129.2531391860023, y: -850.634030075247 },
    isSpecial: true,
    isActive: true,
    type: 'administrative',
    parent: null,
    path: '68e662ebe8cb8a083d437d22',
    identity: [],
    hierarchy: Map(0) {},
    _id: 68e662ebe8cb8a083d437d22,
    tenantId: 'YYj9stYAH6',
    name: 'branch church op',
    code: 'diamond',
    description: '',
    level: {
      description: '',
      deletedAt: null,
      _id: 68e4fbe42f3a6979ded81f07,
      tenantId: 'YYj9stYAH6',
      name: 'Level 1',
      rank: 1,
      createdAt: 2025-10-07T11:39:16.189Z,
      updatedAt: 2025-10-07T11:39:16.189Z,
      __v: 0
    },
    createdBy: 68e487ef3d91ac6d96610f5d,
    createdAt: 2025-10-08T13:11:07.544Z,
    updatedAt: 2025-10-08T14:42:13.428Z,
    haloId: 'NE-0003T',
    fingerprint: 'level 1:68e662ebe8cb8a083d437d22',
    __v: 0
  },
  {
    position: { x: -320.5156129569781, y: -437.1981350647864 },
    isSpecial: true,
    isActive: true,
    type: 'administrative',
    parent: null,
    path: '68e6631ee8cb8a083d437d41',
    identity: [],
    hierarchy: Map(0) {},
    _id: 68e6631ee8cb8a083d437d41,
    tenantId: 'YYj9stYAH6',
    name: 'New emerald',
    code: 'emerald',
    description: '',
    level: {
      description: '',
      deletedAt: null,
      _id: 68e4fbe42f3a6979ded81f07,
      tenantId: 'YYj9stYAH6',
      name: 'Level 1',
      rank: 1,
      createdAt: 2025-10-07T11:39:16.189Z,
      updatedAt: 2025-10-07T11:39:16.189Z,
      __v: 0
    },
    createdBy: 68e487ef3d91ac6d96610f5d,
    createdAt: 2025-10-08T13:11:58.897Z,
    updatedAt: 2025-10-08T14:00:11.036Z,
    haloId: 'NE-0003U',
    fingerprint: 'level 1:68e6631ee8cb8a083d437d41',
    __v: 0
  },
  {
    position: { x: -968.1164385667662, y: -520.6499132981311 },
    isSpecial: false,
    isActive: true,
    type: 'administrative',
    parent: null,
    path: '68e6784e859f5a6c092c567c',
    identity: [],
    hierarchy: Map(0) {},
    _id: 68e6784e859f5a6c092c567c,
    tenantId: 'YYj9stYAH6',
    name: 'New jasper',
    code: 'jasper',
    description: '',
    level: {
      description: '',
      deletedAt: null,
      _id: 68e58989814ef8f50f45dfb1,
      tenantId: 'YYj9stYAH6',
      name: 'Level 2',
      rank: 2,
      createdAt: 2025-10-07T21:43:37.503Z,
      updatedAt: 2025-10-07T21:43:37.503Z,
      __v: 0
    },
    createdBy: 68e487ef3d91ac6d96610f5d,
    createdAt: 2025-10-08T14:42:22.186Z,
    updatedAt: 2025-10-08T14:42:22.186Z,
    haloId: 'NE-0003W',
    fingerprint: 'level 2:68e6784e859f5a6c092c567c',
    __v: 0
  }
]
[32minfo[39m: GET /v1/structure 304 - 38.662 ms
[TenantPlugin] Pre-hook triggered for: findOne
[TenantPlugin] Options: {}
--- AUTH DEBUG ---
Route: /v1/structure
HTTP Method: GET
Required Permissions: [ 'view:structures' ]
[STRUCTURE CONTROLLER - QUERY] Query params: {}
[STRUCTURE CONTROLLER - QUERY] User tenant ID: YYj9stYAH6
[STRUCTURE CONTROLLER - QUERY] Filter with tenantId: { tenantId: 'YYj9stYAH6' }
[STRUCTURE CONTROLLER - QUERY] Populate options: level,parent
[TenantPlugin] paginate() - incoming options: { populate: 'level,parent' }
[TenantPlugin] Pre-hook triggered for: countDocuments
[TenantPlugin] Options: {}
[TenantPlugin] Pre-hook triggered for: find
[TenantPlugin] Options: { sort: { createdAt: 1 }, skip: 0, limit: 10 }
[TenantPlugin] Pre-hook triggered for: find
[TenantPlugin] Options: { skip: undefined, limit: undefined, perDocumentLimit: undefined }
[STRUCTURE CONTROLLER - QUERY] Found 4 structures for tenant: YYj9stYAH6
[STRUCTURE CONTROLLER - QUERY] Returning structures: [
  {
    position: { x: -708.8074567042663, y: -1152.8722725068146 },
    isSpecial: false,
    isActive: true,
    type: 'administrative',
    parent: null,
    path: '68e65b4f44b251ec3b95e518',
    identity: [],
    hierarchy: Map(0) {},
    _id: 68e65b4f44b251ec3b95e518,
    tenantId: 'YYj9stYAH6',
    name: 'GLOBAL',
    code: 'jasper',
    description: '',
    level: {
      description: '',
      deletedAt: null,
      _id: 68e4fbbc2f3a6979ded81ee9,
      tenantId: 'YYj9stYAH6',
      name: 'Level 0',
      rank: 0,
      createdAt: 2025-10-07T11:38:36.223Z,
      updatedAt: 2025-10-07T11:38:36.223Z,
      __v: 0
    },
    createdBy: 68e487ef3d91ac6d96610f5d,
    createdAt: 2025-10-08T12:38:39.095Z,
    updatedAt: 2025-10-08T13:14:39.416Z,
    haloId: 'GL-0003O',
    fingerprint: 'level 0:68e65b4f44b251ec3b95e518',
    __v: 0
  },
  {
    position: { x: -1129.2531391860023, y: -850.634030075247 },
    isSpecial: true,
    isActive: true,
    type: 'administrative',
    parent: null,
    path: '68e662ebe8cb8a083d437d22',
    identity: [],
    hierarchy: Map(0) {},
    _id: 68e662ebe8cb8a083d437d22,
    tenantId: 'YYj9stYAH6',
    name: 'branch church op',
    code: 'diamond',
    description: '',
    level: {
      description: '',
      deletedAt: null,
      _id: 68e4fbe42f3a6979ded81f07,
      tenantId: 'YYj9stYAH6',
      name: 'Level 1',
      rank: 1,
      createdAt: 2025-10-07T11:39:16.189Z,
      updatedAt: 2025-10-07T11:39:16.189Z,
      __v: 0
    },
    createdBy: 68e487ef3d91ac6d96610f5d,
    createdAt: 2025-10-08T13:11:07.544Z,
    updatedAt: 2025-10-08T14:42:13.428Z,
    haloId: 'NE-0003T',
    fingerprint: 'level 1:68e662ebe8cb8a083d437d22',
    __v: 0
  },
  {
    position: { x: -320.5156129569781, y: -437.1981350647864 },
    isSpecial: true,
    isActive: true,
    type: 'administrative',
    parent: null,
    path: '68e6631ee8cb8a083d437d41',
    identity: [],
    hierarchy: Map(0) {},
    _id: 68e6631ee8cb8a083d437d41,
    tenantId: 'YYj9stYAH6',
    name: 'New emerald',
    code: 'emerald',
    description: '',
    level: {
      description: '',
      deletedAt: null,
      _id: 68e4fbe42f3a6979ded81f07,
      tenantId: 'YYj9stYAH6',
      name: 'Level 1',
      rank: 1,
      createdAt: 2025-10-07T11:39:16.189Z,
      updatedAt: 2025-10-07T11:39:16.189Z,
      __v: 0
    },
    createdBy: 68e487ef3d91ac6d96610f5d,
    createdAt: 2025-10-08T13:11:58.897Z,
    updatedAt: 2025-10-08T14:00:11.036Z,
    haloId: 'NE-0003U',
    fingerprint: 'level 1:68e6631ee8cb8a083d437d41',
    __v: 0
  },
  {
    position: { x: -968.1164385667662, y: -520.6499132981311 },
    isSpecial: false,
    isActive: true,
    type: 'administrative',
    parent: null,
    path: '68e6784e859f5a6c092c567c',
    identity: [],
    hierarchy: Map(0) {},
    _id: 68e6784e859f5a6c092c567c,
    tenantId: 'YYj9stYAH6',
    name: 'New jasper',
    code: 'jasper',
    description: '',
    level: {
      description: '',
      deletedAt: null,
      _id: 68e58989814ef8f50f45dfb1,
      tenantId: 'YYj9stYAH6',
      name: 'Level 2',
      rank: 2,
      createdAt: 2025-10-07T21:43:37.503Z,
      updatedAt: 2025-10-07T21:43:37.503Z,
      __v: 0
    },
    createdBy: 68e487ef3d91ac6d96610f5d,
    createdAt: 2025-10-08T14:42:22.186Z,
    updatedAt: 2025-10-08T14:42:22.186Z,
    haloId: 'NE-0003W',
    fingerprint: 'level 2:68e6784e859f5a6c092c567c',
    __v: 0
  }
]
[32minfo[39m: GET /v1/structure 304 - 26.510 ms
[TenantPlugin] Pre-hook triggered for: findOne
[TenantPlugin] Options: {}
--- AUTH DEBUG ---
Route: /v1/structure
HTTP Method: GET
Required Permissions: [ 'view:structures' ]
[STRUCTURE CONTROLLER - QUERY] Query params: {}
[STRUCTURE CONTROLLER - QUERY] User tenant ID: YYj9stYAH6
[STRUCTURE CONTROLLER - QUERY] Filter with tenantId: { tenantId: 'YYj9stYAH6' }
[STRUCTURE CONTROLLER - QUERY] Populate options: level,parent
[TenantPlugin] paginate() - incoming options: { populate: 'level,parent' }
[TenantPlugin] Pre-hook triggered for: countDocuments
[TenantPlugin] Options: {}
[TenantPlugin] Pre-hook triggered for: find
[TenantPlugin] Options: { sort: { createdAt: 1 }, skip: 0, limit: 10 }
[TenantPlugin] Pre-hook triggered for: find
[TenantPlugin] Options: { skip: undefined, limit: undefined, perDocumentLimit: undefined }
[STRUCTURE CONTROLLER - QUERY] Found 4 structures for tenant: YYj9stYAH6
[STRUCTURE CONTROLLER - QUERY] Returning structures: [
  {
    position: { x: -708.8074567042663, y: -1152.8722725068146 },
    isSpecial: false,
    isActive: true,
    type: 'administrative',
    parent: null,
    path: '68e65b4f44b251ec3b95e518',
    identity: [],
    hierarchy: Map(0) {},
    _id: 68e65b4f44b251ec3b95e518,
    tenantId: 'YYj9stYAH6',
    name: 'GLOBAL',
    code: 'jasper',
    description: '',
    level: {
      description: '',
      deletedAt: null,
      _id: 68e4fbbc2f3a6979ded81ee9,
      tenantId: 'YYj9stYAH6',
      name: 'Level 0',
      rank: 0,
      createdAt: 2025-10-07T11:38:36.223Z,
      updatedAt: 2025-10-07T11:38:36.223Z,
      __v: 0
    },
    createdBy: 68e487ef3d91ac6d96610f5d,
    createdAt: 2025-10-08T12:38:39.095Z,
    updatedAt: 2025-10-08T13:14:39.416Z,
    haloId: 'GL-0003O',
    fingerprint: 'level 0:68e65b4f44b251ec3b95e518',
    __v: 0
  },
  {
    position: { x: -1129.2531391860023, y: -850.634030075247 },
    isSpecial: true,
    isActive: true,
    type: 'administrative',
    parent: null,
    path: '68e662ebe8cb8a083d437d22',
    identity: [],
    hierarchy: Map(0) {},
    _id: 68e662ebe8cb8a083d437d22,
    tenantId: 'YYj9stYAH6',
    name: 'branch church op',
    code: 'diamond',
    description: '',
    level: {
      description: '',
      deletedAt: null,
      _id: 68e4fbe42f3a6979ded81f07,
      tenantId: 'YYj9stYAH6',
      name: 'Level 1',
      rank: 1,
      createdAt: 2025-10-07T11:39:16.189Z,
      updatedAt: 2025-10-07T11:39:16.189Z,
      __v: 0
    },
    createdBy: 68e487ef3d91ac6d96610f5d,
    createdAt: 2025-10-08T13:11:07.544Z,
    updatedAt: 2025-10-08T14:42:13.428Z,
    haloId: 'NE-0003T',
    fingerprint: 'level 1:68e662ebe8cb8a083d437d22',
    __v: 0
  },
  {
    position: { x: -320.5156129569781, y: -437.1981350647864 },
    isSpecial: true,
    isActive: true,
    type: 'administrative',
    parent: null,
    path: '68e6631ee8cb8a083d437d41',
    identity: [],
    hierarchy: Map(0) {},
    _id: 68e6631ee8cb8a083d437d41,
    tenantId: 'YYj9stYAH6',
    name: 'New emerald',
    code: 'emerald',
    description: '',
    level: {
      description: '',
      deletedAt: null,
      _id: 68e4fbe42f3a6979ded81f07,
      tenantId: 'YYj9stYAH6',
      name: 'Level 1',
      rank: 1,
      createdAt: 2025-10-07T11:39:16.189Z,
      updatedAt: 2025-10-07T11:39:16.189Z,
      __v: 0
    },
    createdBy: 68e487ef3d91ac6d96610f5d,
    createdAt: 2025-10-08T13:11:58.897Z,
    updatedAt: 2025-10-08T14:00:11.036Z,
    haloId: 'NE-0003U',
    fingerprint: 'level 1:68e6631ee8cb8a083d437d41',
    __v: 0
  },
  {
    position: { x: -968.1164385667662, y: -520.6499132981311 },
    isSpecial: false,
    isActive: true,
    type: 'administrative',
    parent: null,
    path: '68e6784e859f5a6c092c567c',
    identity: [],
    hierarchy: Map(0) {},
    _id: 68e6784e859f5a6c092c567c,
    tenantId: 'YYj9stYAH6',
    name: 'New jasper',
    code: 'jasper',
    description: '',
    level: {
      description: '',
      deletedAt: null,
      _id: 68e58989814ef8f50f45dfb1,
      tenantId: 'YYj9stYAH6',
      name: 'Level 2',
      rank: 2,
      createdAt: 2025-10-07T21:43:37.503Z,
      updatedAt: 2025-10-07T21:43:37.503Z,
      __v: 0
    },
    createdBy: 68e487ef3d91ac6d96610f5d,
    createdAt: 2025-10-08T14:42:22.186Z,
    updatedAt: 2025-10-08T14:42:22.186Z,
    haloId: 'NE-0003W',
    fingerprint: 'level 2:68e6784e859f5a6c092c567c',
    __v: 0
  }
]
[32minfo[39m: GET /v1/structure 304 - 38.128 ms
[TenantPlugin] Pre-hook triggered for: findOne
[TenantPlugin] Options: {}
--- AUTH DEBUG ---
Route: /v1/structure
HTTP Method: GET
Required Permissions: [ 'view:structures' ]
[STRUCTURE CONTROLLER - QUERY] Query params: {}
[STRUCTURE CONTROLLER - QUERY] User tenant ID: YYj9stYAH6
[STRUCTURE CONTROLLER - QUERY] Filter with tenantId: { tenantId: 'YYj9stYAH6' }
[STRUCTURE CONTROLLER - QUERY] Populate options: level,parent
[TenantPlugin] paginate() - incoming options: { populate: 'level,parent' }
[TenantPlugin] Pre-hook triggered for: countDocuments
[TenantPlugin] Options: {}
[TenantPlugin] Pre-hook triggered for: find
[TenantPlugin] Options: { sort: { createdAt: 1 }, skip: 0, limit: 10 }
[TenantPlugin] Pre-hook triggered for: find
[TenantPlugin] Options: { skip: undefined, limit: undefined, perDocumentLimit: undefined }
[STRUCTURE CONTROLLER - QUERY] Found 4 structures for tenant: YYj9stYAH6
[STRUCTURE CONTROLLER - QUERY] Returning structures: [
  {
    position: { x: -708.8074567042663, y: -1152.8722725068146 },
    isSpecial: false,
    isActive: true,
    type: 'administrative',
    parent: null,
    path: '68e65b4f44b251ec3b95e518',
    identity: [],
    hierarchy: Map(0) {},
    _id: 68e65b4f44b251ec3b95e518,
    tenantId: 'YYj9stYAH6',
    name: 'GLOBAL',
    code: 'jasper',
    description: '',
    level: {
      description: '',
      deletedAt: null,
      _id: 68e4fbbc2f3a6979ded81ee9,
      tenantId: 'YYj9stYAH6',
      name: 'Level 0',
      rank: 0,
      createdAt: 2025-10-07T11:38:36.223Z,
      updatedAt: 2025-10-07T11:38:36.223Z,
      __v: 0
    },
    createdBy: 68e487ef3d91ac6d96610f5d,
    createdAt: 2025-10-08T12:38:39.095Z,
    updatedAt: 2025-10-08T13:14:39.416Z,
    haloId: 'GL-0003O',
    fingerprint: 'level 0:68e65b4f44b251ec3b95e518',
    __v: 0
  },
  {
    position: { x: -1129.2531391860023, y: -850.634030075247 },
    isSpecial: true,
    isActive: true,
    type: 'administrative',
    parent: null,
    path: '68e662ebe8cb8a083d437d22',
    identity: [],
    hierarchy: Map(0) {},
    _id: 68e662ebe8cb8a083d437d22,
    tenantId: 'YYj9stYAH6',
    name: 'branch church op',
    code: 'diamond',
    description: '',
    level: {
      description: '',
      deletedAt: null,
      _id: 68e4fbe42f3a6979ded81f07,
      tenantId: 'YYj9stYAH6',
      name: 'Level 1',
      rank: 1,
      createdAt: 2025-10-07T11:39:16.189Z,
      updatedAt: 2025-10-07T11:39:16.189Z,
      __v: 0
    },
    createdBy: 68e487ef3d91ac6d96610f5d,
    createdAt: 2025-10-08T13:11:07.544Z,
    updatedAt: 2025-10-08T14:42:13.428Z,
    haloId: 'NE-0003T',
    fingerprint: 'level 1:68e662ebe8cb8a083d437d22',
    __v: 0
  },
  {
    position: { x: -320.5156129569781, y: -437.1981350647864 },
    isSpecial: true,
    isActive: true,
    type: 'administrative',
    parent: null,
    path: '68e6631ee8cb8a083d437d41',
    identity: [],
    hierarchy: Map(0) {},
    _id: 68e6631ee8cb8a083d437d41,
    tenantId: 'YYj9stYAH6',
    name: 'New emerald',
    code: 'emerald',
    description: '',
    level: {
      description: '',
      deletedAt: null,
      _id: 68e4fbe42f3a6979ded81f07,
      tenantId: 'YYj9stYAH6',
      name: 'Level 1',
      rank: 1,
      createdAt: 2025-10-07T11:39:16.189Z,
      updatedAt: 2025-10-07T11:39:16.189Z,
      __v: 0
    },
    createdBy: 68e487ef3d91ac6d96610f5d,
    createdAt: 2025-10-08T13:11:58.897Z,
    updatedAt: 2025-10-08T14:00:11.036Z,
    haloId: 'NE-0003U',
    fingerprint: 'level 1:68e6631ee8cb8a083d437d41',
    __v: 0
  },
  {
    position: { x: -968.1164385667662, y: -520.6499132981311 },
    isSpecial: false,
    isActive: true,
    type: 'administrative',
    parent: null,
    path: '68e6784e859f5a6c092c567c',
    identity: [],
    hierarchy: Map(0) {},
    _id: 68e6784e859f5a6c092c567c,
    tenantId: 'YYj9stYAH6',
    name: 'New jasper',
    code: 'jasper',
    description: '',
    level: {
      description: '',
      deletedAt: null,
      _id: 68e58989814ef8f50f45dfb1,
      tenantId: 'YYj9stYAH6',
      name: 'Level 2',
      rank: 2,
      createdAt: 2025-10-07T21:43:37.503Z,
      updatedAt: 2025-10-07T21:43:37.503Z,
      __v: 0
    },
    createdBy: 68e487ef3d91ac6d96610f5d,
    createdAt: 2025-10-08T14:42:22.186Z,
    updatedAt: 2025-10-08T14:42:22.186Z,
    haloId: 'NE-0003W',
    fingerprint: 'level 2:68e6784e859f5a6c092c567c',
    __v: 0
  }
]
[32minfo[39m: GET /v1/structure 304 - 35.088 ms
[32minfo[39m: OPTIONS /v1/structure 204 - 2.013 ms
[TenantPlugin] Pre-hook triggered for: findOne
[TenantPlugin] Options: {}
--- AUTH DEBUG ---
Route: /v1/structure
HTTP Method: GET
Required Permissions: [ 'view:structures' ]
[STRUCTURE CONTROLLER - QUERY] Query params: {}
[STRUCTURE CONTROLLER - QUERY] User tenant ID: YYj9stYAH6
[STRUCTURE CONTROLLER - QUERY] Filter with tenantId: { tenantId: 'YYj9stYAH6' }
[STRUCTURE CONTROLLER - QUERY] Populate options: level,parent
[TenantPlugin] paginate() - incoming options: { populate: 'level,parent' }
[TenantPlugin] Pre-hook triggered for: countDocuments
[TenantPlugin] Options: {}
[TenantPlugin] Pre-hook triggered for: find
[TenantPlugin] Options: { sort: { createdAt: 1 }, skip: 0, limit: 10 }
[TenantPlugin] Pre-hook triggered for: find
[TenantPlugin] Options: { skip: undefined, limit: undefined, perDocumentLimit: undefined }
[STRUCTURE CONTROLLER - QUERY] Found 4 structures for tenant: YYj9stYAH6
[STRUCTURE CONTROLLER - QUERY] Returning structures: [
  {
    position: { x: -708.8074567042663, y: -1152.8722725068146 },
    isSpecial: false,
    isActive: true,
    type: 'administrative',
    parent: null,
    path: '68e65b4f44b251ec3b95e518',
    identity: [],
    hierarchy: Map(0) {},
    _id: 68e65b4f44b251ec3b95e518,
    tenantId: 'YYj9stYAH6',
    name: 'GLOBAL',
    code: 'jasper',
    description: '',
    level: {
      description: '',
      deletedAt: null,
      _id: 68e4fbbc2f3a6979ded81ee9,
      tenantId: 'YYj9stYAH6',
      name: 'Level 0',
      rank: 0,
      createdAt: 2025-10-07T11:38:36.223Z,
      updatedAt: 2025-10-07T11:38:36.223Z,
      __v: 0
    },
    createdBy: 68e487ef3d91ac6d96610f5d,
    createdAt: 2025-10-08T12:38:39.095Z,
    updatedAt: 2025-10-08T13:14:39.416Z,
    haloId: 'GL-0003O',
    fingerprint: 'level 0:68e65b4f44b251ec3b95e518',
    __v: 0
  },
  {
    position: { x: -1129.2531391860023, y: -850.634030075247 },
    isSpecial: true,
    isActive: true,
    type: 'administrative',
    parent: null,
    path: '68e662ebe8cb8a083d437d22',
    identity: [],
    hierarchy: Map(0) {},
    _id: 68e662ebe8cb8a083d437d22,
    tenantId: 'YYj9stYAH6',
    name: 'branch church op',
    code: 'diamond',
    description: '',
    level: {
      description: '',
      deletedAt: null,
      _id: 68e4fbe42f3a6979ded81f07,
      tenantId: 'YYj9stYAH6',
      name: 'Level 1',
      rank: 1,
      createdAt: 2025-10-07T11:39:16.189Z,
      updatedAt: 2025-10-07T11:39:16.189Z,
      __v: 0
    },
    createdBy: 68e487ef3d91ac6d96610f5d,
    createdAt: 2025-10-08T13:11:07.544Z,
    updatedAt: 2025-10-08T14:42:13.428Z,
    haloId: 'NE-0003T',
    fingerprint: 'level 1:68e662ebe8cb8a083d437d22',
    __v: 0
  },
  {
    position: { x: -320.5156129569781, y: -437.1981350647864 },
    isSpecial: true,
    isActive: true,
    type: 'administrative',
    parent: null,
    path: '68e6631ee8cb8a083d437d41',
    identity: [],
    hierarchy: Map(0) {},
    _id: 68e6631ee8cb8a083d437d41,
    tenantId: 'YYj9stYAH6',
    name: 'New emerald',
    code: 'emerald',
    description: '',
    level: {
      description: '',
      deletedAt: null,
      _id: 68e4fbe42f3a6979ded81f07,
      tenantId: 'YYj9stYAH6',
      name: 'Level 1',
      rank: 1,
      createdAt: 2025-10-07T11:39:16.189Z,
      updatedAt: 2025-10-07T11:39:16.189Z,
      __v: 0
    },
    createdBy: 68e487ef3d91ac6d96610f5d,
    createdAt: 2025-10-08T13:11:58.897Z,
    updatedAt: 2025-10-08T14:00:11.036Z,
    haloId: 'NE-0003U',
    fingerprint: 'level 1:68e6631ee8cb8a083d437d41',
    __v: 0
  },
  {
    position: { x: -968.1164385667662, y: -520.6499132981311 },
    isSpecial: false,
    isActive: true,
    type: 'administrative',
    parent: null,
    path: '68e6784e859f5a6c092c567c',
    identity: [],
    hierarchy: Map(0) {},
    _id: 68e6784e859f5a6c092c567c,
    tenantId: 'YYj9stYAH6',
    name: 'New jasper',
    code: 'jasper',
    description: '',
    level: {
      description: '',
      deletedAt: null,
      _id: 68e58989814ef8f50f45dfb1,
      tenantId: 'YYj9stYAH6',
      name: 'Level 2',
      rank: 2,
      createdAt: 2025-10-07T21:43:37.503Z,
      updatedAt: 2025-10-07T21:43:37.503Z,
      __v: 0
    },
    createdBy: 68e487ef3d91ac6d96610f5d,
    createdAt: 2025-10-08T14:42:22.186Z,
    updatedAt: 2025-10-08T14:42:22.186Z,
    haloId: 'NE-0003W',
    fingerprint: 'level 2:68e6784e859f5a6c092c567c',
    __v: 0
  }
]
[32minfo[39m: GET /v1/structure 304 - 283.998 ms
[TenantPlugin] Pre-hook triggered for: findOne
[TenantPlugin] Options: {}
--- AUTH DEBUG ---
Route: /v1/structure
HTTP Method: GET
Required Permissions: [ 'view:structures' ]
[STRUCTURE CONTROLLER - QUERY] Query params: {}
[STRUCTURE CONTROLLER - QUERY] User tenant ID: YYj9stYAH6
[STRUCTURE CONTROLLER - QUERY] Filter with tenantId: { tenantId: 'YYj9stYAH6' }
[STRUCTURE CONTROLLER - QUERY] Populate options: level,parent
[TenantPlugin] paginate() - incoming options: { populate: 'level,parent' }
[TenantPlugin] Pre-hook triggered for: countDocuments
[TenantPlugin] Options: {}
[TenantPlugin] Pre-hook triggered for: find
[TenantPlugin] Options: { sort: { createdAt: 1 }, skip: 0, limit: 10 }
[TenantPlugin] Pre-hook triggered for: find
[TenantPlugin] Options: { skip: undefined, limit: undefined, perDocumentLimit: undefined }
[STRUCTURE CONTROLLER - QUERY] Found 4 structures for tenant: YYj9stYAH6
[STRUCTURE CONTROLLER - QUERY] Returning structures: [
  {
    position: { x: -708.8074567042663, y: -1152.8722725068146 },
    isSpecial: false,
    isActive: true,
    type: 'administrative',
    parent: null,
    path: '68e65b4f44b251ec3b95e518',
    identity: [],
    hierarchy: Map(0) {},
    _id: 68e65b4f44b251ec3b95e518,
    tenantId: 'YYj9stYAH6',
    name: 'GLOBAL',
    code: 'jasper',
    description: '',
    level: {
      description: '',
      deletedAt: null,
      _id: 68e4fbbc2f3a6979ded81ee9,
      tenantId: 'YYj9stYAH6',
      name: 'Level 0',
      rank: 0,
      createdAt: 2025-10-07T11:38:36.223Z,
      updatedAt: 2025-10-07T11:38:36.223Z,
      __v: 0
    },
    createdBy: 68e487ef3d91ac6d96610f5d,
    createdAt: 2025-10-08T12:38:39.095Z,
    updatedAt: 2025-10-08T13:14:39.416Z,
    haloId: 'GL-0003O',
    fingerprint: 'level 0:68e65b4f44b251ec3b95e518',
    __v: 0
  },
  {
    position: { x: -1129.2531391860023, y: -850.634030075247 },
    isSpecial: true,
    isActive: true,
    type: 'administrative',
    parent: null,
    path: '68e662ebe8cb8a083d437d22',
    identity: [],
    hierarchy: Map(0) {},
    _id: 68e662ebe8cb8a083d437d22,
    tenantId: 'YYj9stYAH6',
    name: 'branch church op',
    code: 'diamond',
    description: '',
    level: {
      description: '',
      deletedAt: null,
      _id: 68e4fbe42f3a6979ded81f07,
      tenantId: 'YYj9stYAH6',
      name: 'Level 1',
      rank: 1,
      createdAt: 2025-10-07T11:39:16.189Z,
      updatedAt: 2025-10-07T11:39:16.189Z,
      __v: 0
    },
    createdBy: 68e487ef3d91ac6d96610f5d,
    createdAt: 2025-10-08T13:11:07.544Z,
    updatedAt: 2025-10-08T14:42:13.428Z,
    haloId: 'NE-0003T',
    fingerprint: 'level 1:68e662ebe8cb8a083d437d22',
    __v: 0
  },
  {
    position: { x: -320.5156129569781, y: -437.1981350647864 },
    isSpecial: true,
    isActive: true,
    type: 'administrative',
    parent: null,
    path: '68e6631ee8cb8a083d437d41',
    identity: [],
    hierarchy: Map(0) {},
    _id: 68e6631ee8cb8a083d437d41,
    tenantId: 'YYj9stYAH6',
    name: 'New emerald',
    code: 'emerald',
    description: '',
    level: {
      description: '',
      deletedAt: null,
      _id: 68e4fbe42f3a6979ded81f07,
      tenantId: 'YYj9stYAH6',
      name: 'Level 1',
      rank: 1,
      createdAt: 2025-10-07T11:39:16.189Z,
      updatedAt: 2025-10-07T11:39:16.189Z,
      __v: 0
    },
    createdBy: 68e487ef3d91ac6d96610f5d,
    createdAt: 2025-10-08T13:11:58.897Z,
    updatedAt: 2025-10-08T14:00:11.036Z,
    haloId: 'NE-0003U',
    fingerprint: 'level 1:68e6631ee8cb8a083d437d41',
    __v: 0
  },
  {
    position: { x: -968.1164385667662, y: -520.6499132981311 },
    isSpecial: false,
    isActive: true,
    type: 'administrative',
    parent: null,
    path: '68e6784e859f5a6c092c567c',
    identity: [],
    hierarchy: Map(0) {},
    _id: 68e6784e859f5a6c092c567c,
    tenantId: 'YYj9stYAH6',
    name: 'New jasper',
    code: 'jasper',
    description: '',
    level: {
      description: '',
      deletedAt: null,
      _id: 68e58989814ef8f50f45dfb1,
      tenantId: 'YYj9stYAH6',
      name: 'Level 2',
      rank: 2,
      createdAt: 2025-10-07T21:43:37.503Z,
      updatedAt: 2025-10-07T21:43:37.503Z,
      __v: 0
    },
    createdBy: 68e487ef3d91ac6d96610f5d,
    createdAt: 2025-10-08T14:42:22.186Z,
    updatedAt: 2025-10-08T14:42:22.186Z,
    haloId: 'NE-0003W',
    fingerprint: 'level 2:68e6784e859f5a6c092c567c',
    __v: 0
  }
]
[32minfo[39m: GET /v1/structure 304 - 65.376 ms
[TenantPlugin] Pre-hook triggered for: findOne
[TenantPlugin] Options: {}
--- AUTH DEBUG ---
Route: /v1/structure
HTTP Method: GET
Required Permissions: [ 'view:structures' ]
[STRUCTURE CONTROLLER - QUERY] Query params: {}
[STRUCTURE CONTROLLER - QUERY] User tenant ID: YYj9stYAH6
[STRUCTURE CONTROLLER - QUERY] Filter with tenantId: { tenantId: 'YYj9stYAH6' }
[STRUCTURE CONTROLLER - QUERY] Populate options: level,parent
[TenantPlugin] paginate() - incoming options: { populate: 'level,parent' }
[TenantPlugin] Pre-hook triggered for: countDocuments
[TenantPlugin] Options: {}
[TenantPlugin] Pre-hook triggered for: find
[TenantPlugin] Options: { sort: { createdAt: 1 }, skip: 0, limit: 10 }
[TenantPlugin] Pre-hook triggered for: find
[TenantPlugin] Options: { skip: undefined, limit: undefined, perDocumentLimit: undefined }
[STRUCTURE CONTROLLER - QUERY] Found 4 structures for tenant: YYj9stYAH6
[STRUCTURE CONTROLLER - QUERY] Returning structures: [
  {
    position: { x: -708.8074567042663, y: -1152.8722725068146 },
    isSpecial: false,
    isActive: true,
    type: 'administrative',
    parent: null,
    path: '68e65b4f44b251ec3b95e518',
    identity: [],
    hierarchy: Map(0) {},
    _id: 68e65b4f44b251ec3b95e518,
    tenantId: 'YYj9stYAH6',
    name: 'GLOBAL',
    code: 'jasper',
    description: '',
    level: {
      description: '',
      deletedAt: null,
      _id: 68e4fbbc2f3a6979ded81ee9,
      tenantId: 'YYj9stYAH6',
      name: 'Level 0',
      rank: 0,
      createdAt: 2025-10-07T11:38:36.223Z,
      updatedAt: 2025-10-07T11:38:36.223Z,
      __v: 0
    },
    createdBy: 68e487ef3d91ac6d96610f5d,
    createdAt: 2025-10-08T12:38:39.095Z,
    updatedAt: 2025-10-08T13:14:39.416Z,
    haloId: 'GL-0003O',
    fingerprint: 'level 0:68e65b4f44b251ec3b95e518',
    __v: 0
  },
  {
    position: { x: -1129.2531391860023, y: -850.634030075247 },
    isSpecial: true,
    isActive: true,
    type: 'administrative',
    parent: null,
    path: '68e662ebe8cb8a083d437d22',
    identity: [],
    hierarchy: Map(0) {},
    _id: 68e662ebe8cb8a083d437d22,
    tenantId: 'YYj9stYAH6',
    name: 'branch church op',
    code: 'diamond',
    description: '',
    level: {
      description: '',
      deletedAt: null,
      _id: 68e4fbe42f3a6979ded81f07,
      tenantId: 'YYj9stYAH6',
      name: 'Level 1',
      rank: 1,
      createdAt: 2025-10-07T11:39:16.189Z,
      updatedAt: 2025-10-07T11:39:16.189Z,
      __v: 0
    },
    createdBy: 68e487ef3d91ac6d96610f5d,
    createdAt: 2025-10-08T13:11:07.544Z,
    updatedAt: 2025-10-08T14:42:13.428Z,
    haloId: 'NE-0003T',
    fingerprint: 'level 1:68e662ebe8cb8a083d437d22',
    __v: 0
  },
  {
    position: { x: -320.5156129569781, y: -437.1981350647864 },
    isSpecial: true,
    isActive: true,
    type: 'administrative',
    parent: null,
    path: '68e6631ee8cb8a083d437d41',
    identity: [],
    hierarchy: Map(0) {},
    _id: 68e6631ee8cb8a083d437d41,
    tenantId: 'YYj9stYAH6',
    name: 'New emerald',
    code: 'emerald',
    description: '',
    level: {
      description: '',
      deletedAt: null,
      _id: 68e4fbe42f3a6979ded81f07,
      tenantId: 'YYj9stYAH6',
      name: 'Level 1',
      rank: 1,
      createdAt: 2025-10-07T11:39:16.189Z,
      updatedAt: 2025-10-07T11:39:16.189Z,
      __v: 0
    },
    createdBy: 68e487ef3d91ac6d96610f5d,
    createdAt: 2025-10-08T13:11:58.897Z,
    updatedAt: 2025-10-08T14:00:11.036Z,
    haloId: 'NE-0003U',
    fingerprint: 'level 1:68e6631ee8cb8a083d437d41',
    __v: 0
  },
  {
    position: { x: -968.1164385667662, y: -520.6499132981311 },
    isSpecial: false,
    isActive: true,
    type: 'administrative',
    parent: null,
    path: '68e6784e859f5a6c092c567c',
    identity: [],
    hierarchy: Map(0) {},
    _id: 68e6784e859f5a6c092c567c,
    tenantId: 'YYj9stYAH6',
    name: 'New jasper',
    code: 'jasper',
    description: '',
    level: {
      description: '',
      deletedAt: null,
      _id: 68e58989814ef8f50f45dfb1,
      tenantId: 'YYj9stYAH6',
      name: 'Level 2',
      rank: 2,
      createdAt: 2025-10-07T21:43:37.503Z,
      updatedAt: 2025-10-07T21:43:37.503Z,
      __v: 0
    },
    createdBy: 68e487ef3d91ac6d96610f5d,
    createdAt: 2025-10-08T14:42:22.186Z,
    updatedAt: 2025-10-08T14:42:22.186Z,
    haloId: 'NE-0003W',
    fingerprint: 'level 2:68e6784e859f5a6c092c567c',
    __v: 0
  }
]
[32minfo[39m: GET /v1/structure 304 - 101.129 ms
[TenantPlugin] Pre-hook triggered for: findOne
[TenantPlugin] Options: {}
expired token expiry time ---> 30
expired token ---> Moment<2025-10-08T20:14:09+01:00>
expired token ---> Moment<2025-10-08T20:44:09+01:00>
acess token --> eyJhbGciOiJIUzI1NiIsInR5cCI6IkpXVCJ9.eyJzdWIiOiI2OGU0ODdlZjNkOTFhYzZkOTY2MTBmNWQiLCJpYXQiOjE3NTk5NDkwNDksImV4cCI6MTc1OTk1MDg0OSwidHlwZSI6ImFjY2VzcyJ9.sJ0FNCWimfF8Ys7Uj0dhgTgIagvCLbORuQKxZUuZ5Rc
[32minfo[39m: POST /v1/auth/refresh-tokens 200 - 706.381 ms
[32minfo[39m: OPTIONS /v1/node?page=1&limit=10 204 - 1.628 ms
--- AUTH DEBUG ---
Route: /v1/node?page=1&limit=10
HTTP Method: GET
Required Permissions: [ 'view:node' ]
[31merror[39m: Error: Please authenticate
    at /Users/fadebowaley/saby/sabyBackend/src/middlewares/auth.js:16:19
    at allFailed (/Users/fadebowaley/saby/sabyBackend/node_modules/passport/lib/middleware/authenticate.js:107:18)
    at attempt (/Users/fadebowaley/saby/sabyBackend/node_modules/passport/lib/middleware/authenticate.js:180:28)
    at strategy.fail (/Users/fadebowaley/saby/sabyBackend/node_modules/passport/lib/middleware/authenticate.js:302:9)
    at /Users/fadebowaley/saby/sabyBackend/node_modules/passport-jwt/lib/strategy.js:106:33
    at /Users/fadebowaley/saby/sabyBackend/node_modules/jsonwebtoken/verify.js:152:16
    at getSecret (/Users/fadebowaley/saby/sabyBackend/node_modules/jsonwebtoken/verify.js:90:14)
    at module.exports [as verify] (/Users/fadebowaley/saby/sabyBackend/node_modules/jsonwebtoken/verify.js:94:10)
    at module.exports [as JwtVerifier] (/Users/fadebowaley/saby/sabyBackend/node_modules/passport-jwt/lib/verify_jwt.js:4:16)
    at /Users/fadebowaley/saby/sabyBackend/node_modules/passport-jwt/lib/strategy.js:104:25
    at JwtStrategy._secretOrKeyProvider (/Users/fadebowaley/saby/sabyBackend/node_modules/passport-jwt/lib/strategy.js:40:13)
    at JwtStrategy.authenticate (/Users/fadebowaley/saby/sabyBackend/node_modules/passport-jwt/lib/strategy.js:99:10)
    at attempt (/Users/fadebowaley/saby/sabyBackend/node_modules/passport/lib/middleware/authenticate.js:366:16)
    at authenticate (/Users/fadebowaley/saby/sabyBackend/node_modules/passport/lib/middleware/authenticate.js:367:7)
    at /Users/fadebowaley/saby/sabyBackend/src/middlewares/auth.js:110:109
    at new Promise (<anonymous>)
[31merror[39m: GET /v1/node?page=1&limit=10 401 - 23.379 ms - message: Please authenticate
--- AUTH DEBUG ---
Route: /v1/node?page=1&limit=10
HTTP Method: GET
Required Permissions: [ 'view:node' ]
[31merror[39m: Error: Please authenticate
    at /Users/fadebowaley/saby/sabyBackend/src/middlewares/auth.js:16:19
    at allFailed (/Users/fadebowaley/saby/sabyBackend/node_modules/passport/lib/middleware/authenticate.js:107:18)
    at attempt (/Users/fadebowaley/saby/sabyBackend/node_modules/passport/lib/middleware/authenticate.js:180:28)
    at strategy.fail (/Users/fadebowaley/saby/sabyBackend/node_modules/passport/lib/middleware/authenticate.js:302:9)
    at /Users/fadebowaley/saby/sabyBackend/node_modules/passport-jwt/lib/strategy.js:106:33
    at /Users/fadebowaley/saby/sabyBackend/node_modules/jsonwebtoken/verify.js:152:16
    at getSecret (/Users/fadebowaley/saby/sabyBackend/node_modules/jsonwebtoken/verify.js:90:14)
    at module.exports [as verify] (/Users/fadebowaley/saby/sabyBackend/node_modules/jsonwebtoken/verify.js:94:10)
    at module.exports [as JwtVerifier] (/Users/fadebowaley/saby/sabyBackend/node_modules/passport-jwt/lib/verify_jwt.js:4:16)
    at /Users/fadebowaley/saby/sabyBackend/node_modules/passport-jwt/lib/strategy.js:104:25
    at JwtStrategy._secretOrKeyProvider (/Users/fadebowaley/saby/sabyBackend/node_modules/passport-jwt/lib/strategy.js:40:13)
    at JwtStrategy.authenticate (/Users/fadebowaley/saby/sabyBackend/node_modules/passport-jwt/lib/strategy.js:99:10)
    at attempt (/Users/fadebowaley/saby/sabyBackend/node_modules/passport/lib/middleware/authenticate.js:366:16)
    at authenticate (/Users/fadebowaley/saby/sabyBackend/node_modules/passport/lib/middleware/authenticate.js:367:7)
    at /Users/fadebowaley/saby/sabyBackend/src/middlewares/auth.js:110:109
    at new Promise (<anonymous>)
[31merror[39m: GET /v1/node?page=1&limit=10 401 - 8.367 ms - message: Please authenticate
[32minfo[39m: OPTIONS /v1/structure?sortBy=createdAt:desc 204 - 6.439 ms
--- AUTH DEBUG ---
Route: /v1/structure?sortBy=createdAt:desc
HTTP Method: GET
Required Permissions: [ 'view:structures' ]
[31merror[39m: Error: Please authenticate
    at /Users/fadebowaley/saby/sabyBackend/src/middlewares/auth.js:16:19
    at allFailed (/Users/fadebowaley/saby/sabyBackend/node_modules/passport/lib/middleware/authenticate.js:107:18)
    at attempt (/Users/fadebowaley/saby/sabyBackend/node_modules/passport/lib/middleware/authenticate.js:180:28)
    at strategy.fail (/Users/fadebowaley/saby/sabyBackend/node_modules/passport/lib/middleware/authenticate.js:302:9)
    at /Users/fadebowaley/saby/sabyBackend/node_modules/passport-jwt/lib/strategy.js:106:33
    at /Users/fadebowaley/saby/sabyBackend/node_modules/jsonwebtoken/verify.js:152:16
    at getSecret (/Users/fadebowaley/saby/sabyBackend/node_modules/jsonwebtoken/verify.js:90:14)
    at module.exports [as verify] (/Users/fadebowaley/saby/sabyBackend/node_modules/jsonwebtoken/verify.js:94:10)
    at module.exports [as JwtVerifier] (/Users/fadebowaley/saby/sabyBackend/node_modules/passport-jwt/lib/verify_jwt.js:4:16)
    at /Users/fadebowaley/saby/sabyBackend/node_modules/passport-jwt/lib/strategy.js:104:25
    at JwtStrategy._secretOrKeyProvider (/Users/fadebowaley/saby/sabyBackend/node_modules/passport-jwt/lib/strategy.js:40:13)
    at JwtStrategy.authenticate (/Users/fadebowaley/saby/sabyBackend/node_modules/passport-jwt/lib/strategy.js:99:10)
    at attempt (/Users/fadebowaley/saby/sabyBackend/node_modules/passport/lib/middleware/authenticate.js:366:16)
    at authenticate (/Users/fadebowaley/saby/sabyBackend/node_modules/passport/lib/middleware/authenticate.js:367:7)
    at /Users/fadebowaley/saby/sabyBackend/src/middlewares/auth.js:110:109
    at new Promise (<anonymous>)
[31merror[39m: GET /v1/structure?sortBy=createdAt:desc 401 - 58.993 ms - message: Please authenticate
[32minfo[39m: OPTIONS /v1/structure?sortBy=createdAt:desc 204 - 2.233 ms
--- AUTH DEBUG ---
Route: /v1/structure?sortBy=createdAt:desc
HTTP Method: GET
Required Permissions: [ 'view:structures' ]
[31merror[39m: Error: Please authenticate
    at /Users/fadebowaley/saby/sabyBackend/src/middlewares/auth.js:16:19
    at allFailed (/Users/fadebowaley/saby/sabyBackend/node_modules/passport/lib/middleware/authenticate.js:107:18)
    at attempt (/Users/fadebowaley/saby/sabyBackend/node_modules/passport/lib/middleware/authenticate.js:180:28)
    at strategy.fail (/Users/fadebowaley/saby/sabyBackend/node_modules/passport/lib/middleware/authenticate.js:302:9)
    at /Users/fadebowaley/saby/sabyBackend/node_modules/passport-jwt/lib/strategy.js:106:33
    at /Users/fadebowaley/saby/sabyBackend/node_modules/jsonwebtoken/verify.js:152:16
    at getSecret (/Users/fadebowaley/saby/sabyBackend/node_modules/jsonwebtoken/verify.js:90:14)
    at module.exports [as verify] (/Users/fadebowaley/saby/sabyBackend/node_modules/jsonwebtoken/verify.js:94:10)
    at module.exports [as JwtVerifier] (/Users/fadebowaley/saby/sabyBackend/node_modules/passport-jwt/lib/verify_jwt.js:4:16)
    at /Users/fadebowaley/saby/sabyBackend/node_modules/passport-jwt/lib/strategy.js:104:25
    at JwtStrategy._secretOrKeyProvider (/Users/fadebowaley/saby/sabyBackend/node_modules/passport-jwt/lib/strategy.js:40:13)
    at JwtStrategy.authenticate (/Users/fadebowaley/saby/sabyBackend/node_modules/passport-jwt/lib/strategy.js:99:10)
    at attempt (/Users/fadebowaley/saby/sabyBackend/node_modules/passport/lib/middleware/authenticate.js:366:16)
    at authenticate (/Users/fadebowaley/saby/sabyBackend/node_modules/passport/lib/middleware/authenticate.js:367:7)
    at /Users/fadebowaley/saby/sabyBackend/src/middlewares/auth.js:110:109
    at new Promise (<anonymous>)
[31merror[39m: GET /v1/structure?sortBy=createdAt:desc 401 - 5.219 ms - message: Please authenticate
[TenantPlugin] Pre-hook triggered for: findOne
[TenantPlugin] Options: {}
expired token expiry time ---> 30
expired token ---> Moment<2025-10-08T20:16:50+01:00>
expired token ---> Moment<2025-10-08T20:46:50+01:00>
acess token --> eyJhbGciOiJIUzI1NiIsInR5cCI6IkpXVCJ9.eyJzdWIiOiI2OGU0ODdlZjNkOTFhYzZkOTY2MTBmNWQiLCJpYXQiOjE3NTk5NDkyMTAsImV4cCI6MTc1OTk1MTAxMCwidHlwZSI6ImFjY2VzcyJ9.S-XImrxqcZPtaB7Q-2duaEkyAThmRmf9fNPhMNzgsVg
[32minfo[39m: POST /v1/auth/login 200 - 333.211 ms
[32minfo[39m: OPTIONS /v1/storage/stats 204 - 11.999 ms
[32minfo[39m: OPTIONS /v1/storage/stats 204 - 0.249 ms
[TenantPlugin] Pre-hook triggered for: findOne
[TenantPlugin] Options: {}
--- AUTH DEBUG ---
Route: /v1/storage/stats
HTTP Method: GET
Required Permissions: [ 'view:storage:stats' ]
[TenantPlugin] Pre-hook triggered for: findOne
[TenantPlugin] Options: {}
[32minfo[39m: OPTIONS /v1/node?page=1&limit=10 204 - 1.455 ms
[TenantPlugin] Pre-hook triggered for: findOne
[TenantPlugin] Options: {}
--- AUTH DEBUG ---
Route: /v1/node?page=1&limit=10
HTTP Method: GET
Required Permissions: [ 'view:node' ]
[NODE CONTROLLER - QUERY] Query params: { page: 1, limit: 10 } Tenant: YYj9stYAH6
[NODE CONTROLLER - QUERY] Filter with tenantId: { tenantId: 'YYj9stYAH6' }
[TenantPlugin] paginate() - incoming options: { limit: 10, page: 1, populate: 'level,structure,users.roles' }
[TenantPlugin] Pre-hook triggered for: countDocuments
[TenantPlugin] Options: {}
[TenantPlugin] Pre-hook triggered for: find
[TenantPlugin] Options: { sort: { createdAt: 1 }, skip: 0, limit: 10 }
[NODE CONTROLLER - QUERY] Found 0 nodes for tenant: YYj9stYAH6
[32minfo[39m: GET /v1/node?page=1&limit=10 304 - 68.472 ms
[32minfo[39m: GET /v1/storage/stats 304 - 349.607 ms
[TenantPlugin] Pre-hook triggered for: findOne
[TenantPlugin] Options: {}
[TenantPlugin] Pre-hook triggered for: findOne
[TenantPlugin] Options: {}
--- AUTH DEBUG ---
Route: /v1/node?page=1&limit=10
HTTP Method: GET
Required Permissions: [ 'view:node' ]
[NODE CONTROLLER - QUERY] Query params: { page: 1, limit: 10 } Tenant: YYj9stYAH6
[NODE CONTROLLER - QUERY] Filter with tenantId: { tenantId: 'YYj9stYAH6' }
[TenantPlugin] paginate() - incoming options: { limit: 10, page: 1, populate: 'level,structure,users.roles' }
[TenantPlugin] Pre-hook triggered for: countDocuments
[TenantPlugin] Options: {}
[TenantPlugin] Pre-hook triggered for: find
[TenantPlugin] Options: { sort: { createdAt: 1 }, skip: 0, limit: 10 }
--- AUTH DEBUG ---
Route: /v1/storage/stats
HTTP Method: GET
Required Permissions: [ 'view:storage:stats' ]
[TenantPlugin] Pre-hook triggered for: findOne
[TenantPlugin] Options: {}
[NODE CONTROLLER - QUERY] Found 0 nodes for tenant: YYj9stYAH6
[32minfo[39m: GET /v1/node?page=1&limit=10 304 - 76.959 ms
[32minfo[39m: GET /v1/storage/stats 304 - 73.496 ms
[32minfo[39m: OPTIONS /v1/structure 204 - 5.797 ms
[TenantPlugin] Pre-hook triggered for: findOne
[TenantPlugin] Options: {}
--- AUTH DEBUG ---
Route: /v1/structure
HTTP Method: GET
Required Permissions: [ 'view:structures' ]
[STRUCTURE CONTROLLER - QUERY] Query params: {}
[STRUCTURE CONTROLLER - QUERY] User tenant ID: YYj9stYAH6
[STRUCTURE CONTROLLER - QUERY] Filter with tenantId: { tenantId: 'YYj9stYAH6' }
[STRUCTURE CONTROLLER - QUERY] Populate options: level,parent
[TenantPlugin] paginate() - incoming options: { populate: 'level,parent' }
[TenantPlugin] Pre-hook triggered for: countDocuments
[TenantPlugin] Options: {}
[TenantPlugin] Pre-hook triggered for: find
[TenantPlugin] Options: { sort: { createdAt: 1 }, skip: 0, limit: 10 }
[TenantPlugin] Pre-hook triggered for: find
[TenantPlugin] Options: { skip: undefined, limit: undefined, perDocumentLimit: undefined }
[STRUCTURE CONTROLLER - QUERY] Found 4 structures for tenant: YYj9stYAH6
[STRUCTURE CONTROLLER - QUERY] Returning structures: [
  {
    position: { x: -708.8074567042663, y: -1152.8722725068146 },
    isSpecial: false,
    isActive: true,
    type: 'administrative',
    parent: null,
    path: '68e65b4f44b251ec3b95e518',
    identity: [],
    hierarchy: Map(0) {},
    _id: 68e65b4f44b251ec3b95e518,
    tenantId: 'YYj9stYAH6',
    name: 'GLOBAL',
    code: 'jasper',
    description: '',
    level: {
      description: '',
      deletedAt: null,
      _id: 68e4fbbc2f3a6979ded81ee9,
      tenantId: 'YYj9stYAH6',
      name: 'Level 0',
      rank: 0,
      createdAt: 2025-10-07T11:38:36.223Z,
      updatedAt: 2025-10-07T11:38:36.223Z,
      __v: 0
    },
    createdBy: 68e487ef3d91ac6d96610f5d,
    createdAt: 2025-10-08T12:38:39.095Z,
    updatedAt: 2025-10-08T13:14:39.416Z,
    haloId: 'GL-0003O',
    fingerprint: 'level 0:68e65b4f44b251ec3b95e518',
    __v: 0
  },
  {
    position: { x: -1129.2531391860023, y: -850.634030075247 },
    isSpecial: true,
    isActive: true,
    type: 'administrative',
    parent: null,
    path: '68e662ebe8cb8a083d437d22',
    identity: [],
    hierarchy: Map(0) {},
    _id: 68e662ebe8cb8a083d437d22,
    tenantId: 'YYj9stYAH6',
    name: 'branch church op',
    code: 'diamond',
    description: '',
    level: {
      description: '',
      deletedAt: null,
      _id: 68e4fbe42f3a6979ded81f07,
      tenantId: 'YYj9stYAH6',
      name: 'Level 1',
      rank: 1,
      createdAt: 2025-10-07T11:39:16.189Z,
      updatedAt: 2025-10-07T11:39:16.189Z,
      __v: 0
    },
    createdBy: 68e487ef3d91ac6d96610f5d,
    createdAt: 2025-10-08T13:11:07.544Z,
    updatedAt: 2025-10-08T14:42:13.428Z,
    haloId: 'NE-0003T',
    fingerprint: 'level 1:68e662ebe8cb8a083d437d22',
    __v: 0
  },
  {
    position: { x: -320.5156129569781, y: -437.1981350647864 },
    isSpecial: true,
    isActive: true,
    type: 'administrative',
    parent: null,
    path: '68e6631ee8cb8a083d437d41',
    identity: [],
    hierarchy: Map(0) {},
    _id: 68e6631ee8cb8a083d437d41,
    tenantId: 'YYj9stYAH6',
    name: 'New emerald',
    code: 'emerald',
    description: '',
    level: {
      description: '',
      deletedAt: null,
      _id: 68e4fbe42f3a6979ded81f07,
      tenantId: 'YYj9stYAH6',
      name: 'Level 1',
      rank: 1,
      createdAt: 2025-10-07T11:39:16.189Z,
      updatedAt: 2025-10-07T11:39:16.189Z,
      __v: 0
    },
    createdBy: 68e487ef3d91ac6d96610f5d,
    createdAt: 2025-10-08T13:11:58.897Z,
    updatedAt: 2025-10-08T14:00:11.036Z,
    haloId: 'NE-0003U',
    fingerprint: 'level 1:68e6631ee8cb8a083d437d41',
    __v: 0
  },
  {
    position: { x: -968.1164385667662, y: -520.6499132981311 },
    isSpecial: false,
    isActive: true,
    type: 'administrative',
    parent: null,
    path: '68e6784e859f5a6c092c567c',
    identity: [],
    hierarchy: Map(0) {},
    _id: 68e6784e859f5a6c092c567c,
    tenantId: 'YYj9stYAH6',
    name: 'New jasper',
    code: 'jasper',
    description: '',
    level: {
      description: '',
      deletedAt: null,
      _id: 68e58989814ef8f50f45dfb1,
      tenantId: 'YYj9stYAH6',
      name: 'Level 2',
      rank: 2,
      createdAt: 2025-10-07T21:43:37.503Z,
      updatedAt: 2025-10-07T21:43:37.503Z,
      __v: 0
    },
    createdBy: 68e487ef3d91ac6d96610f5d,
    createdAt: 2025-10-08T14:42:22.186Z,
    updatedAt: 2025-10-08T14:42:22.186Z,
    haloId: 'NE-0003W',
    fingerprint: 'level 2:68e6784e859f5a6c092c567c',
    __v: 0
  }
]
[32minfo[39m: GET /v1/structure 304 - 65.941 ms
[TenantPlugin] Pre-hook triggered for: findOne
[TenantPlugin] Options: {}
--- AUTH DEBUG ---
Route: /v1/structure
HTTP Method: GET
Required Permissions: [ 'view:structures' ]
[STRUCTURE CONTROLLER - QUERY] Query params: {}
[STRUCTURE CONTROLLER - QUERY] User tenant ID: YYj9stYAH6
[STRUCTURE CONTROLLER - QUERY] Filter with tenantId: { tenantId: 'YYj9stYAH6' }
[STRUCTURE CONTROLLER - QUERY] Populate options: level,parent
[TenantPlugin] paginate() - incoming options: { populate: 'level,parent' }
[TenantPlugin] Pre-hook triggered for: countDocuments
[TenantPlugin] Options: {}
[TenantPlugin] Pre-hook triggered for: find
[TenantPlugin] Options: { sort: { createdAt: 1 }, skip: 0, limit: 10 }
[TenantPlugin] Pre-hook triggered for: find
[TenantPlugin] Options: { skip: undefined, limit: undefined, perDocumentLimit: undefined }
[STRUCTURE CONTROLLER - QUERY] Found 4 structures for tenant: YYj9stYAH6
[STRUCTURE CONTROLLER - QUERY] Returning structures: [
  {
    position: { x: -708.8074567042663, y: -1152.8722725068146 },
    isSpecial: false,
    isActive: true,
    type: 'administrative',
    parent: null,
    path: '68e65b4f44b251ec3b95e518',
    identity: [],
    hierarchy: Map(0) {},
    _id: 68e65b4f44b251ec3b95e518,
    tenantId: 'YYj9stYAH6',
    name: 'GLOBAL',
    code: 'jasper',
    description: '',
    level: {
      description: '',
      deletedAt: null,
      _id: 68e4fbbc2f3a6979ded81ee9,
      tenantId: 'YYj9stYAH6',
      name: 'Level 0',
      rank: 0,
      createdAt: 2025-10-07T11:38:36.223Z,
      updatedAt: 2025-10-07T11:38:36.223Z,
      __v: 0
    },
    createdBy: 68e487ef3d91ac6d96610f5d,
    createdAt: 2025-10-08T12:38:39.095Z,
    updatedAt: 2025-10-08T13:14:39.416Z,
    haloId: 'GL-0003O',
    fingerprint: 'level 0:68e65b4f44b251ec3b95e518',
    __v: 0
  },
  {
    position: { x: -1129.2531391860023, y: -850.634030075247 },
    isSpecial: true,
    isActive: true,
    type: 'administrative',
    parent: null,
    path: '68e662ebe8cb8a083d437d22',
    identity: [],
    hierarchy: Map(0) {},
    _id: 68e662ebe8cb8a083d437d22,
    tenantId: 'YYj9stYAH6',
    name: 'branch church op',
    code: 'diamond',
    description: '',
    level: {
      description: '',
      deletedAt: null,
      _id: 68e4fbe42f3a6979ded81f07,
      tenantId: 'YYj9stYAH6',
      name: 'Level 1',
      rank: 1,
      createdAt: 2025-10-07T11:39:16.189Z,
      updatedAt: 2025-10-07T11:39:16.189Z,
      __v: 0
    },
    createdBy: 68e487ef3d91ac6d96610f5d,
    createdAt: 2025-10-08T13:11:07.544Z,
    updatedAt: 2025-10-08T14:42:13.428Z,
    haloId: 'NE-0003T',
    fingerprint: 'level 1:68e662ebe8cb8a083d437d22',
    __v: 0
  },
  {
    position: { x: -320.5156129569781, y: -437.1981350647864 },
    isSpecial: true,
    isActive: true,
    type: 'administrative',
    parent: null,
    path: '68e6631ee8cb8a083d437d41',
    identity: [],
    hierarchy: Map(0) {},
    _id: 68e6631ee8cb8a083d437d41,
    tenantId: 'YYj9stYAH6',
    name: 'New emerald',
    code: 'emerald',
    description: '',
    level: {
      description: '',
      deletedAt: null,
      _id: 68e4fbe42f3a6979ded81f07,
      tenantId: 'YYj9stYAH6',
      name: 'Level 1',
      rank: 1,
      createdAt: 2025-10-07T11:39:16.189Z,
      updatedAt: 2025-10-07T11:39:16.189Z,
      __v: 0
    },
    createdBy: 68e487ef3d91ac6d96610f5d,
    createdAt: 2025-10-08T13:11:58.897Z,
    updatedAt: 2025-10-08T14:00:11.036Z,
    haloId: 'NE-0003U',
    fingerprint: 'level 1:68e6631ee8cb8a083d437d41',
    __v: 0
  },
  {
    position: { x: -968.1164385667662, y: -520.6499132981311 },
    isSpecial: false,
    isActive: true,
    type: 'administrative',
    parent: null,
    path: '68e6784e859f5a6c092c567c',
    identity: [],
    hierarchy: Map(0) {},
    _id: 68e6784e859f5a6c092c567c,
    tenantId: 'YYj9stYAH6',
    name: 'New jasper',
    code: 'jasper',
    description: '',
    level: {
      description: '',
      deletedAt: null,
      _id: 68e58989814ef8f50f45dfb1,
      tenantId: 'YYj9stYAH6',
      name: 'Level 2',
      rank: 2,
      createdAt: 2025-10-07T21:43:37.503Z,
      updatedAt: 2025-10-07T21:43:37.503Z,
      __v: 0
    },
    createdBy: 68e487ef3d91ac6d96610f5d,
    createdAt: 2025-10-08T14:42:22.186Z,
    updatedAt: 2025-10-08T14:42:22.186Z,
    haloId: 'NE-0003W',
    fingerprint: 'level 2:68e6784e859f5a6c092c567c',
    __v: 0
  }
]
[32minfo[39m: GET /v1/structure 304 - 25.592 ms
[TenantPlugin] Pre-hook triggered for: findOne
[TenantPlugin] Options: {}
--- AUTH DEBUG ---
Route: /v1/structure
HTTP Method: GET
Required Permissions: [ 'view:structures' ]
[STRUCTURE CONTROLLER - QUERY] Query params: {}
[STRUCTURE CONTROLLER - QUERY] User tenant ID: YYj9stYAH6
[STRUCTURE CONTROLLER - QUERY] Filter with tenantId: { tenantId: 'YYj9stYAH6' }
[STRUCTURE CONTROLLER - QUERY] Populate options: level,parent
[TenantPlugin] paginate() - incoming options: { populate: 'level,parent' }
[TenantPlugin] Pre-hook triggered for: countDocuments
[TenantPlugin] Options: {}
[TenantPlugin] Pre-hook triggered for: find
[TenantPlugin] Options: { sort: { createdAt: 1 }, skip: 0, limit: 10 }
[TenantPlugin] Pre-hook triggered for: find
[TenantPlugin] Options: { skip: undefined, limit: undefined, perDocumentLimit: undefined }
[STRUCTURE CONTROLLER - QUERY] Found 4 structures for tenant: YYj9stYAH6
[STRUCTURE CONTROLLER - QUERY] Returning structures: [
  {
    position: { x: -708.8074567042663, y: -1152.8722725068146 },
    isSpecial: false,
    isActive: true,
    type: 'administrative',
    parent: null,
    path: '68e65b4f44b251ec3b95e518',
    identity: [],
    hierarchy: Map(0) {},
    _id: 68e65b4f44b251ec3b95e518,
    tenantId: 'YYj9stYAH6',
    name: 'GLOBAL',
    code: 'jasper',
    description: '',
    level: {
      description: '',
      deletedAt: null,
      _id: 68e4fbbc2f3a6979ded81ee9,
      tenantId: 'YYj9stYAH6',
      name: 'Level 0',
      rank: 0,
      createdAt: 2025-10-07T11:38:36.223Z,
      updatedAt: 2025-10-07T11:38:36.223Z,
      __v: 0
    },
    createdBy: 68e487ef3d91ac6d96610f5d,
    createdAt: 2025-10-08T12:38:39.095Z,
    updatedAt: 2025-10-08T13:14:39.416Z,
    haloId: 'GL-0003O',
    fingerprint: 'level 0:68e65b4f44b251ec3b95e518',
    __v: 0
  },
  {
    position: { x: -1129.2531391860023, y: -850.634030075247 },
    isSpecial: true,
    isActive: true,
    type: 'administrative',
    parent: null,
    path: '68e662ebe8cb8a083d437d22',
    identity: [],
    hierarchy: Map(0) {},
    _id: 68e662ebe8cb8a083d437d22,
    tenantId: 'YYj9stYAH6',
    name: 'branch church op',
    code: 'diamond',
    description: '',
    level: {
      description: '',
      deletedAt: null,
      _id: 68e4fbe42f3a6979ded81f07,
      tenantId: 'YYj9stYAH6',
      name: 'Level 1',
      rank: 1,
      createdAt: 2025-10-07T11:39:16.189Z,
      updatedAt: 2025-10-07T11:39:16.189Z,
      __v: 0
    },
    createdBy: 68e487ef3d91ac6d96610f5d,
    createdAt: 2025-10-08T13:11:07.544Z,
    updatedAt: 2025-10-08T14:42:13.428Z,
    haloId: 'NE-0003T',
    fingerprint: 'level 1:68e662ebe8cb8a083d437d22',
    __v: 0
  },
  {
    position: { x: -320.5156129569781, y: -437.1981350647864 },
    isSpecial: true,
    isActive: true,
    type: 'administrative',
    parent: null,
    path: '68e6631ee8cb8a083d437d41',
    identity: [],
    hierarchy: Map(0) {},
    _id: 68e6631ee8cb8a083d437d41,
    tenantId: 'YYj9stYAH6',
    name: 'New emerald',
    code: 'emerald',
    description: '',
    level: {
      description: '',
      deletedAt: null,
      _id: 68e4fbe42f3a6979ded81f07,
      tenantId: 'YYj9stYAH6',
      name: 'Level 1',
      rank: 1,
      createdAt: 2025-10-07T11:39:16.189Z,
      updatedAt: 2025-10-07T11:39:16.189Z,
      __v: 0
    },
    createdBy: 68e487ef3d91ac6d96610f5d,
    createdAt: 2025-10-08T13:11:58.897Z,
    updatedAt: 2025-10-08T14:00:11.036Z,
    haloId: 'NE-0003U',
    fingerprint: 'level 1:68e6631ee8cb8a083d437d41',
    __v: 0
  },
  {
    position: { x: -968.1164385667662, y: -520.6499132981311 },
    isSpecial: false,
    isActive: true,
    type: 'administrative',
    parent: null,
    path: '68e6784e859f5a6c092c567c',
    identity: [],
    hierarchy: Map(0) {},
    _id: 68e6784e859f5a6c092c567c,
    tenantId: 'YYj9stYAH6',
    name: 'New jasper',
    code: 'jasper',
    description: '',
    level: {
      description: '',
      deletedAt: null,
      _id: 68e58989814ef8f50f45dfb1,
      tenantId: 'YYj9stYAH6',
      name: 'Level 2',
      rank: 2,
      createdAt: 2025-10-07T21:43:37.503Z,
      updatedAt: 2025-10-07T21:43:37.503Z,
      __v: 0
    },
    createdBy: 68e487ef3d91ac6d96610f5d,
    createdAt: 2025-10-08T14:42:22.186Z,
    updatedAt: 2025-10-08T14:42:22.186Z,
    haloId: 'NE-0003W',
    fingerprint: 'level 2:68e6784e859f5a6c092c567c',
    __v: 0
  }
]
[32minfo[39m: GET /v1/structure 304 - 13.267 ms
[32minfo[39m: OPTIONS /v1/structure?sortBy=createdAt:desc 204 - 3.873 ms
[TenantPlugin] Pre-hook triggered for: findOne
[TenantPlugin] Options: {}
--- AUTH DEBUG ---
Route: /v1/structure?sortBy=createdAt:desc
HTTP Method: GET
Required Permissions: [ 'view:structures' ]
[STRUCTURE CONTROLLER - QUERY] Query params: { sortBy: 'createdAt:desc' }
[STRUCTURE CONTROLLER - QUERY] User tenant ID: YYj9stYAH6
[STRUCTURE CONTROLLER - QUERY] Filter with tenantId: { tenantId: 'YYj9stYAH6' }
[STRUCTURE CONTROLLER - QUERY] Populate options: level,parent
[TenantPlugin] paginate() - incoming options: { sortBy: 'createdAt:desc', populate: 'level,parent' }
[TenantPlugin] Pre-hook triggered for: countDocuments
[TenantPlugin] Options: {}
[TenantPlugin] Pre-hook triggered for: find
[TenantPlugin] Options: { sort: { createdAt: -1 }, skip: 0, limit: 10 }
[TenantPlugin] Pre-hook triggered for: find
[TenantPlugin] Options: { skip: undefined, limit: undefined, perDocumentLimit: undefined }
[STRUCTURE CONTROLLER - QUERY] Found 4 structures for tenant: YYj9stYAH6
[STRUCTURE CONTROLLER - QUERY] Returning structures: [
  {
    position: { x: -968.1164385667662, y: -520.6499132981311 },
    isSpecial: false,
    isActive: true,
    type: 'administrative',
    parent: null,
    path: '68e6784e859f5a6c092c567c',
    identity: [],
    hierarchy: Map(0) {},
    _id: 68e6784e859f5a6c092c567c,
    tenantId: 'YYj9stYAH6',
    name: 'New jasper',
    code: 'jasper',
    description: '',
    level: {
      description: '',
      deletedAt: null,
      _id: 68e58989814ef8f50f45dfb1,
      tenantId: 'YYj9stYAH6',
      name: 'Level 2',
      rank: 2,
      createdAt: 2025-10-07T21:43:37.503Z,
      updatedAt: 2025-10-07T21:43:37.503Z,
      __v: 0
    },
    createdBy: 68e487ef3d91ac6d96610f5d,
    createdAt: 2025-10-08T14:42:22.186Z,
    updatedAt: 2025-10-08T14:42:22.186Z,
    haloId: 'NE-0003W',
    fingerprint: 'level 2:68e6784e859f5a6c092c567c',
    __v: 0
  },
  {
    position: { x: -320.5156129569781, y: -437.1981350647864 },
    isSpecial: true,
    isActive: true,
    type: 'administrative',
    parent: null,
    path: '68e6631ee8cb8a083d437d41',
    identity: [],
    hierarchy: Map(0) {},
    _id: 68e6631ee8cb8a083d437d41,
    tenantId: 'YYj9stYAH6',
    name: 'New emerald',
    code: 'emerald',
    description: '',
    level: {
      description: '',
      deletedAt: null,
      _id: 68e4fbe42f3a6979ded81f07,
      tenantId: 'YYj9stYAH6',
      name: 'Level 1',
      rank: 1,
      createdAt: 2025-10-07T11:39:16.189Z,
      updatedAt: 2025-10-07T11:39:16.189Z,
      __v: 0
    },
    createdBy: 68e487ef3d91ac6d96610f5d,
    createdAt: 2025-10-08T13:11:58.897Z,
    updatedAt: 2025-10-08T14:00:11.036Z,
    haloId: 'NE-0003U',
    fingerprint: 'level 1:68e6631ee8cb8a083d437d41',
    __v: 0
  },
  {
    position: { x: -1129.2531391860023, y: -850.634030075247 },
    isSpecial: true,
    isActive: true,
    type: 'administrative',
    parent: null,
    path: '68e662ebe8cb8a083d437d22',
    identity: [],
    hierarchy: Map(0) {},
    _id: 68e662ebe8cb8a083d437d22,
    tenantId: 'YYj9stYAH6',
    name: 'branch church op',
    code: 'diamond',
    description: '',
    level: {
      description: '',
      deletedAt: null,
      _id: 68e4fbe42f3a6979ded81f07,
      tenantId: 'YYj9stYAH6',
      name: 'Level 1',
      rank: 1,
      createdAt: 2025-10-07T11:39:16.189Z,
      updatedAt: 2025-10-07T11:39:16.189Z,
      __v: 0
    },
    createdBy: 68e487ef3d91ac6d96610f5d,
    createdAt: 2025-10-08T13:11:07.544Z,
    updatedAt: 2025-10-08T14:42:13.428Z,
    haloId: 'NE-0003T',
    fingerprint: 'level 1:68e662ebe8cb8a083d437d22',
    __v: 0
  },
  {
    position: { x: -708.8074567042663, y: -1152.8722725068146 },
    isSpecial: false,
    isActive: true,
    type: 'administrative',
    parent: null,
    path: '68e65b4f44b251ec3b95e518',
    identity: [],
    hierarchy: Map(0) {},
    _id: 68e65b4f44b251ec3b95e518,
    tenantId: 'YYj9stYAH6',
    name: 'GLOBAL',
    code: 'jasper',
    description: '',
    level: {
      description: '',
      deletedAt: null,
      _id: 68e4fbbc2f3a6979ded81ee9,
      tenantId: 'YYj9stYAH6',
      name: 'Level 0',
      rank: 0,
      createdAt: 2025-10-07T11:38:36.223Z,
      updatedAt: 2025-10-07T11:38:36.223Z,
      __v: 0
    },
    createdBy: 68e487ef3d91ac6d96610f5d,
    createdAt: 2025-10-08T12:38:39.095Z,
    updatedAt: 2025-10-08T13:14:39.416Z,
    haloId: 'GL-0003O',
    fingerprint: 'level 0:68e65b4f44b251ec3b95e518',
    __v: 0
  }
]
[32minfo[39m: GET /v1/structure?sortBy=createdAt:desc 304 - 88.981 ms
[32minfo[39m: OPTIONS /v1/structure?sortBy=createdAt:desc 204 - 4.956 ms
[TenantPlugin] Pre-hook triggered for: findOne
[TenantPlugin] Options: {}
--- AUTH DEBUG ---
Route: /v1/structure?sortBy=createdAt:desc
HTTP Method: GET
Required Permissions: [ 'view:structures' ]
[STRUCTURE CONTROLLER - QUERY] Query params: { sortBy: 'createdAt:desc' }
[STRUCTURE CONTROLLER - QUERY] User tenant ID: YYj9stYAH6
[STRUCTURE CONTROLLER - QUERY] Filter with tenantId: { tenantId: 'YYj9stYAH6' }
[STRUCTURE CONTROLLER - QUERY] Populate options: level,parent
[TenantPlugin] paginate() - incoming options: { sortBy: 'createdAt:desc', populate: 'level,parent' }
[TenantPlugin] Pre-hook triggered for: countDocuments
[TenantPlugin] Options: {}
[TenantPlugin] Pre-hook triggered for: find
[TenantPlugin] Options: { sort: { createdAt: -1 }, skip: 0, limit: 10 }
[TenantPlugin] Pre-hook triggered for: find
[TenantPlugin] Options: { skip: undefined, limit: undefined, perDocumentLimit: undefined }
[STRUCTURE CONTROLLER - QUERY] Found 4 structures for tenant: YYj9stYAH6
[STRUCTURE CONTROLLER - QUERY] Returning structures: [
  {
    position: { x: -968.1164385667662, y: -520.6499132981311 },
    isSpecial: false,
    isActive: true,
    type: 'administrative',
    parent: null,
    path: '68e6784e859f5a6c092c567c',
    identity: [],
    hierarchy: Map(0) {},
    _id: 68e6784e859f5a6c092c567c,
    tenantId: 'YYj9stYAH6',
    name: 'New jasper',
    code: 'jasper',
    description: '',
    level: {
      description: '',
      deletedAt: null,
      _id: 68e58989814ef8f50f45dfb1,
      tenantId: 'YYj9stYAH6',
      name: 'Level 2',
      rank: 2,
      createdAt: 2025-10-07T21:43:37.503Z,
      updatedAt: 2025-10-07T21:43:37.503Z,
      __v: 0
    },
    createdBy: 68e487ef3d91ac6d96610f5d,
    createdAt: 2025-10-08T14:42:22.186Z,
    updatedAt: 2025-10-08T14:42:22.186Z,
    haloId: 'NE-0003W',
    fingerprint: 'level 2:68e6784e859f5a6c092c567c',
    __v: 0
  },
  {
    position: { x: -320.5156129569781, y: -437.1981350647864 },
    isSpecial: true,
    isActive: true,
    type: 'administrative',
    parent: null,
    path: '68e6631ee8cb8a083d437d41',
    identity: [],
    hierarchy: Map(0) {},
    _id: 68e6631ee8cb8a083d437d41,
    tenantId: 'YYj9stYAH6',
    name: 'New emerald',
    code: 'emerald',
    description: '',
    level: {
      description: '',
      deletedAt: null,
      _id: 68e4fbe42f3a6979ded81f07,
      tenantId: 'YYj9stYAH6',
      name: 'Level 1',
      rank: 1,
      createdAt: 2025-10-07T11:39:16.189Z,
      updatedAt: 2025-10-07T11:39:16.189Z,
      __v: 0
    },
    createdBy: 68e487ef3d91ac6d96610f5d,
    createdAt: 2025-10-08T13:11:58.897Z,
    updatedAt: 2025-10-08T14:00:11.036Z,
    haloId: 'NE-0003U',
    fingerprint: 'level 1:68e6631ee8cb8a083d437d41',
    __v: 0
  },
  {
    position: { x: -1129.2531391860023, y: -850.634030075247 },
    isSpecial: true,
    isActive: true,
    type: 'administrative',
    parent: null,
    path: '68e662ebe8cb8a083d437d22',
    identity: [],
    hierarchy: Map(0) {},
    _id: 68e662ebe8cb8a083d437d22,
    tenantId: 'YYj9stYAH6',
    name: 'branch church op',
    code: 'diamond',
    description: '',
    level: {
      description: '',
      deletedAt: null,
      _id: 68e4fbe42f3a6979ded81f07,
      tenantId: 'YYj9stYAH6',
      name: 'Level 1',
      rank: 1,
      createdAt: 2025-10-07T11:39:16.189Z,
      updatedAt: 2025-10-07T11:39:16.189Z,
      __v: 0
    },
    createdBy: 68e487ef3d91ac6d96610f5d,
    createdAt: 2025-10-08T13:11:07.544Z,
    updatedAt: 2025-10-08T14:42:13.428Z,
    haloId: 'NE-0003T',
    fingerprint: 'level 1:68e662ebe8cb8a083d437d22',
    __v: 0
  },
  {
    position: { x: -708.8074567042663, y: -1152.8722725068146 },
    isSpecial: false,
    isActive: true,
    type: 'administrative',
    parent: null,
    path: '68e65b4f44b251ec3b95e518',
    identity: [],
    hierarchy: Map(0) {},
    _id: 68e65b4f44b251ec3b95e518,
    tenantId: 'YYj9stYAH6',
    name: 'GLOBAL',
    code: 'jasper',
    description: '',
    level: {
      description: '',
      deletedAt: null,
      _id: 68e4fbbc2f3a6979ded81ee9,
      tenantId: 'YYj9stYAH6',
      name: 'Level 0',
      rank: 0,
      createdAt: 2025-10-07T11:38:36.223Z,
      updatedAt: 2025-10-07T11:38:36.223Z,
      __v: 0
    },
    createdBy: 68e487ef3d91ac6d96610f5d,
    createdAt: 2025-10-08T12:38:39.095Z,
    updatedAt: 2025-10-08T13:14:39.416Z,
    haloId: 'GL-0003O',
    fingerprint: 'level 0:68e65b4f44b251ec3b95e518',
    __v: 0
  }
]
[32minfo[39m: GET /v1/structure?sortBy=createdAt:desc 304 - 54.396 ms
[31m[nodemon] app crashed - waiting for file changes before starting...[39m
[32m[nodemon] restarting due to changes...[39m
[32m[nodemon] starting `node src/index.js`[39m
(node:91420) MaxListenersExceededWarning: Possible EventEmitter memory leak detected. 11 exit listeners added to [Bus]. Use emitter.setMaxListeners() to increase limit
(Use `node --trace-warnings ...` to show where the warning was created)
(node:4496) NOTE: The AWS SDK for JavaScript (v2) is in maintenance mode.
 SDK releases are limited to address critical bug fixes and security issues only.

Please migrate your code to use AWS SDK for JavaScript (v3).
For more information, check the blog post at https://a.co/cUPnyil
(Use `node --trace-warnings ...` to show where the warning was created)
[32minfo[39m: ✅ Connected to MongoDB
[32minfo[39m: 🔄 Testing PostgreSQL connection...
[32minfo[39m: 📊 Host: 20.169.129.160:5432
[32minfo[39m: 👤 User: sabyagentic_user
[32minfo[39m: 🗄️  Database: halograph
[32minfo[39m: ✅ PostgreSQL connected successfully
[32minfo[39m: 📋 PostgreSQL Version: PostgreSQL 15.14 (Debian 15.14-1.pgdg13+1) on x86_64-pc-linux-gnu, compiled by gcc (Debian 14.2.0-19) 14.2.0, 64-bit
[32minfo[39m: ✅ Redis connected
[32minfo[39m: ⚙️  Redis ready for commands
[32minfo[39m: ✅ Redis ping successful
[31merror[39m: Error: listen EADDRINUSE: address already in use :::4000
    at Server.setupListenHandle [as _listen2] (node:net:1817:16)
    at listenInCluster (node:net:1865:12)
    at doListen (node:net:2014:7)
    at process.processTicksAndRejections (node:internal/process/task_queues:83:21)
[32minfo[39m: Server closed
[31m[nodemon] app crashed - waiting for file changes before starting...[39m
[32m[nodemon] restarting due to changes...[39m
[32m[nodemon] starting `node src/index.js`[39m
/Users/fadebowaley/saby/sabyBackend/src/controllers/structure.controller.js:153
};);
^

SyntaxError: missing ) after argument list
    at internalCompileFunction (node:internal/vm:76:18)
    at wrapSafe (node:internal/modules/cjs/loader:1283:20)
    at Module._compile (node:internal/modules/cjs/loader:1328:27)
    at Module._extensions..js (node:internal/modules/cjs/loader:1422:10)
    at Module.load (node:internal/modules/cjs/loader:1203:32)
    at Module._load (node:internal/modules/cjs/loader:1019:12)
    at Module.require (node:internal/modules/cjs/loader:1231:19)
    at require (node:internal/modules/helpers:177:18)
    at Object.<anonymous> (/Users/fadebowaley/saby/sabyBackend/src/routes/v1/structure.route.js:5:29)
    at Module._compile (node:internal/modules/cjs/loader:1364:14)
    at Module._extensions..js (node:internal/modules/cjs/loader:1422:10)
    at Module.load (node:internal/modules/cjs/loader:1203:32)
    at Module._load (node:internal/modules/cjs/loader:1019:12)
    at Module.require (node:internal/modules/cjs/loader:1231:19)
    at require (node:internal/modules/helpers:177:18)
    at Object.<anonymous> (/Users/fadebowaley/saby/sabyBackend/src/routes/v1/index.js:14:24)

Node.js v18.20.2
[31m[nodemon] app crashed - waiting for file changes before starting...[39m
[32m[nodemon] restarting due to changes...[39m
[32m[nodemon] starting `node src/index.js`[39m
[32m[nodemon] restarting due to changes...[39m
[32m[nodemon] restarting due to changes...[39m
[32m[nodemon] starting `node src/index.js`[39m
(node:21907) NOTE: The AWS SDK for JavaScript (v2) is in maintenance mode.
 SDK releases are limited to address critical bug fixes and security issues only.

Please migrate your code to use AWS SDK for JavaScript (v3).
For more information, check the blog post at https://a.co/cUPnyil
(Use `node --trace-warnings ...` to show where the warning was created)
[32minfo[39m: ✅ Connected to MongoDB
[32minfo[39m: 🔄 Testing PostgreSQL connection...
[32minfo[39m: 📊 Host: 20.169.129.160:5432
[32minfo[39m: 👤 User: sabyagentic_user
[32minfo[39m: 🗄️  Database: halograph
[32minfo[39m: ✅ PostgreSQL connected successfully
[32minfo[39m: 📋 PostgreSQL Version: PostgreSQL 15.14 (Debian 15.14-1.pgdg13+1) on x86_64-pc-linux-gnu, compiled by gcc (Debian 14.2.0-19) 14.2.0, 64-bit
[32minfo[39m: ✅ Redis connected
[32minfo[39m: ⚙️  Redis ready for commands
[32minfo[39m: ✅ Redis ping successful
[31merror[39m: Error: listen EADDRINUSE: address already in use :::4000
    at Server.setupListenHandle [as _listen2] (node:net:1817:16)
    at listenInCluster (node:net:1865:12)
    at doListen (node:net:2014:7)
    at process.processTicksAndRejections (node:internal/process/task_queues:83:21)
[32minfo[39m: Server closed
[31m[nodemon] app crashed - waiting for file changes before starting...[39m
[32m[nodemon] restarting due to changes...[39m
[32m[nodemon] starting `node src/index.js`[39m
[32m[nodemon] restarting due to changes...[39m
[32m[nodemon] starting `node src/index.js`[39m
[32m[nodemon] restarting due to changes...[39m
[32m[nodemon] starting `node src/index.js`[39m
(node:35618) NOTE: The AWS SDK for JavaScript (v2) is in maintenance mode.
 SDK releases are limited to address critical bug fixes and security issues only.

Please migrate your code to use AWS SDK for JavaScript (v3).
For more information, check the blog post at https://a.co/cUPnyil
(Use `node --trace-warnings ...` to show where the warning was created)
[32minfo[39m: ✅ Connected to MongoDB
[32minfo[39m: 🔄 Testing PostgreSQL connection...
[32minfo[39m: 📊 Host: 20.169.129.160:5432
[32minfo[39m: 👤 User: sabyagentic_user
[32minfo[39m: 🗄️  Database: halograph
[32minfo[39m: ✅ PostgreSQL connected successfully
[32minfo[39m: 📋 PostgreSQL Version: PostgreSQL 15.14 (Debian 15.14-1.pgdg13+1) on x86_64-pc-linux-gnu, compiled by gcc (Debian 14.2.0-19) 14.2.0, 64-bit
[32minfo[39m: ✅ Redis connected
[32minfo[39m: ⚙️  Redis ready for commands
[32minfo[39m: ✅ Redis ping successful
[31merror[39m: Error: listen EADDRINUSE: address already in use :::4000
    at Server.setupListenHandle [as _listen2] (node:net:1817:16)
    at listenInCluster (node:net:1865:12)
    at doListen (node:net:2014:7)
    at process.processTicksAndRejections (node:internal/process/task_queues:83:21)
[32minfo[39m: Server closed
[31m[nodemon] app crashed - waiting for file changes before starting...[39m
[32m[nodemon] restarting due to changes...[39m
[32m[nodemon] starting `node src/index.js`[39m
(node:59211) NOTE: The AWS SDK for JavaScript (v2) is in maintenance mode.
 SDK releases are limited to address critical bug fixes and security issues only.

Please migrate your code to use AWS SDK for JavaScript (v3).
For more information, check the blog post at https://a.co/cUPnyil
(Use `node --trace-warnings ...` to show where the warning was created)
[32minfo[39m: Connected to email server
[31merror[39m: connect ECONNREFUSED ::1:27017
[31m[nodemon] app crashed - waiting for file changes before starting...[39m
[32m[nodemon] restarting due to changes...[39m
[32m[nodemon] starting `node src/index.js`[39m
(node:70226) NOTE: The AWS SDK for JavaScript (v2) is in maintenance mode.
 SDK releases are limited to address critical bug fixes and security issues only.

Please migrate your code to use AWS SDK for JavaScript (v3).
For more information, check the blog post at https://a.co/cUPnyil
(Use `node --trace-warnings ...` to show where the warning was created)
[32minfo[39m: ✅ Connected to MongoDB
[32minfo[39m: 🔄 Testing PostgreSQL connection...
[32minfo[39m: 📊 Host: 20.169.129.160:5432
[32minfo[39m: 👤 User: sabyagentic_user
[32minfo[39m: 🗄️  Database: halograph
[32minfo[39m: ✅ PostgreSQL connected successfully
[32minfo[39m: 📋 PostgreSQL Version: PostgreSQL 15.14 (Debian 15.14-1.pgdg13+1) on x86_64-pc-linux-gnu, compiled by gcc (Debian 14.2.0-19) 14.2.0, 64-bit
[32minfo[39m: ✅ Redis connected
[32minfo[39m: ⚙️  Redis ready for commands
[32minfo[39m: ✅ Redis ping successful
[31merror[39m: Error: listen EADDRINUSE: address already in use :::4000
    at Server.setupListenHandle [as _listen2] (node:net:1817:16)
    at listenInCluster (node:net:1865:12)
    at doListen (node:net:2014:7)
    at process.processTicksAndRejections (node:internal/process/task_queues:83:21)
[32minfo[39m: Server closed
[31m[nodemon] app crashed - waiting for file changes before starting...[39m
[32m[nodemon] restarting due to changes...[39m
[32m[nodemon] starting `node src/index.js`[39m
(node:73560) NOTE: The AWS SDK for JavaScript (v2) is in maintenance mode.
 SDK releases are limited to address critical bug fixes and security issues only.

Please migrate your code to use AWS SDK for JavaScript (v3).
For more information, check the blog post at https://a.co/cUPnyil
(Use `node --trace-warnings ...` to show where the warning was created)
[32minfo[39m: ✅ Connected to MongoDB
[32minfo[39m: 🔄 Testing PostgreSQL connection...
[32minfo[39m: 📊 Host: 20.169.129.160:5432
[32minfo[39m: 👤 User: sabyagentic_user
[32minfo[39m: 🗄️  Database: halograph
[32minfo[39m: ✅ PostgreSQL connected successfully
[32minfo[39m: 📋 PostgreSQL Version: PostgreSQL 15.14 (Debian 15.14-1.pgdg13+1) on x86_64-pc-linux-gnu, compiled by gcc (Debian 14.2.0-19) 14.2.0, 64-bit
[32minfo[39m: ✅ Redis connected
[32minfo[39m: ⚙️  Redis ready for commands
[32minfo[39m: ✅ Redis ping successful
[31merror[39m: Error: listen EADDRINUSE: address already in use :::4000
    at Server.setupListenHandle [as _listen2] (node:net:1817:16)
    at listenInCluster (node:net:1865:12)
    at doListen (node:net:2014:7)
    at process.processTicksAndRejections (node:internal/process/task_queues:83:21)
[32minfo[39m: Server closed
[31m[nodemon] app crashed - waiting for file changes before starting...[39m
[32m[nodemon] restarting due to changes...[39m
[32m[nodemon] starting `node src/index.js`[39m
(node:63957) NOTE: The AWS SDK for JavaScript (v2) is in maintenance mode.
 SDK releases are limited to address critical bug fixes and security issues only.

Please migrate your code to use AWS SDK for JavaScript (v3).
For more information, check the blog post at https://a.co/cUPnyil
(Use `node --trace-warnings ...` to show where the warning was created)
[32minfo[39m: ✅ Connected to MongoDB
[32minfo[39m: 🔄 Testing PostgreSQL connection...
[32minfo[39m: 📊 Host: 20.169.129.160:5432
[32minfo[39m: 👤 User: sabyagentic_user
[32minfo[39m: 🗄️  Database: halograph
[32minfo[39m: ✅ PostgreSQL connected successfully
[32minfo[39m: 📋 PostgreSQL Version: PostgreSQL 15.14 (Debian 15.14-1.pgdg13+1) on x86_64-pc-linux-gnu, compiled by gcc (Debian 14.2.0-19) 14.2.0, 64-bit
[32minfo[39m: ✅ Redis connected
[32minfo[39m: ⚙️  Redis ready for commands
[32minfo[39m: ✅ Redis ping successful
[31merror[39m: Error: listen EADDRINUSE: address already in use :::4000
    at Server.setupListenHandle [as _listen2] (node:net:1817:16)
    at listenInCluster (node:net:1865:12)
    at doListen (node:net:2014:7)
    at process.processTicksAndRejections (node:internal/process/task_queues:83:21)
[32minfo[39m: Server closed
[31m[nodemon] app crashed - waiting for file changes before starting...[39m
[32m[nodemon] restarting due to changes...[39m
[32m[nodemon] starting `node src/index.js`[39m
[32m[nodemon] restarting due to changes...[39m
[32m[nodemon] starting `node src/index.js`[39m
[32m[nodemon] restarting due to changes...[39m
[32m[nodemon] starting `node src/index.js`[39m
[32m[nodemon] restarting due to changes...[39m
[32m[nodemon] starting `node src/index.js`[39m
[32m[nodemon] restarting due to changes...[39m
[32m[nodemon] restarting due to changes...[39m
[32m[nodemon] restarting due to changes...[39m
[32m[nodemon] starting `node src/index.js`[39m
[32m[nodemon] restarting due to changes...[39m
[32m[nodemon] restarting due to changes...[39m
[32m[nodemon] starting `node src/index.js`[39m
(node:70458) NOTE: The AWS SDK for JavaScript (v2) is in maintenance mode.
 SDK releases are limited to address critical bug fixes and security issues only.

Please migrate your code to use AWS SDK for JavaScript (v3).
For more information, check the blog post at https://a.co/cUPnyil
(Use `node --trace-warnings ...` to show where the warning was created)
[32minfo[39m: ✅ Connected to MongoDB
[32minfo[39m: 🔄 Testing PostgreSQL connection...
[32minfo[39m: 📊 Host: 20.169.129.160:5432
[32minfo[39m: 👤 User: sabyagentic_user
[32minfo[39m: 🗄️  Database: halograph
[32minfo[39m: ✅ PostgreSQL connected successfully
[32minfo[39m: 📋 PostgreSQL Version: PostgreSQL 15.14 (Debian 15.14-1.pgdg13+1) on x86_64-pc-linux-gnu, compiled by gcc (Debian 14.2.0-19) 14.2.0, 64-bit
[32minfo[39m: ✅ Redis connected
[32minfo[39m: ⚙️  Redis ready for commands
[32minfo[39m: ✅ Redis ping successful
[31merror[39m: Error: listen EADDRINUSE: address already in use :::4000
    at Server.setupListenHandle [as _listen2] (node:net:1817:16)
    at listenInCluster (node:net:1865:12)
    at doListen (node:net:2014:7)
    at process.processTicksAndRejections (node:internal/process/task_queues:83:21)
[32minfo[39m: Server closed
[31m[nodemon] app crashed - waiting for file changes before starting...[39m
[32m[nodemon] restarting due to changes...[39m
[32m[nodemon] starting `node src/index.js`[39m
[32m[nodemon] restarting due to changes...[39m
[32m[nodemon] starting `node src/index.js`[39m
(node:73521) NOTE: The AWS SDK for JavaScript (v2) is in maintenance mode.
 SDK releases are limited to address critical bug fixes and security issues only.

Please migrate your code to use AWS SDK for JavaScript (v3).
For more information, check the blog post at https://a.co/cUPnyil
(Use `node --trace-warnings ...` to show where the warning was created)
[32minfo[39m: ✅ Connected to MongoDB
[32minfo[39m: 🔄 Testing PostgreSQL connection...
[32minfo[39m: 📊 Host: 20.169.129.160:5432
[32minfo[39m: 👤 User: sabyagentic_user
[32minfo[39m: 🗄️  Database: halograph
[32minfo[39m: ✅ PostgreSQL connected successfully
[32minfo[39m: 📋 PostgreSQL Version: PostgreSQL 15.14 (Debian 15.14-1.pgdg13+1) on x86_64-pc-linux-gnu, compiled by gcc (Debian 14.2.0-19) 14.2.0, 64-bit
[32minfo[39m: ✅ Redis connected
[32minfo[39m: ⚙️  Redis ready for commands
[32minfo[39m: ✅ Redis ping successful
[31merror[39m: Error: listen EADDRINUSE: address already in use :::4000
    at Server.setupListenHandle [as _listen2] (node:net:1817:16)
    at listenInCluster (node:net:1865:12)
    at doListen (node:net:2014:7)
    at process.processTicksAndRejections (node:internal/process/task_queues:83:21)
[32minfo[39m: Server closed
[31m[nodemon] app crashed - waiting for file changes before starting...[39m
[32m[nodemon] restarting due to changes...[39m
[32m[nodemon] starting `node src/index.js`[39m
[32m[nodemon] restarting due to changes...[39m
[32m[nodemon] restarting due to changes...[39m
[32m[nodemon] restarting due to changes...[39m
[32m[nodemon] starting `node src/index.js`[39m
(node:80315) NOTE: The AWS SDK for JavaScript (v2) is in maintenance mode.
 SDK releases are limited to address critical bug fixes and security issues only.

Please migrate your code to use AWS SDK for JavaScript (v3).
For more information, check the blog post at https://a.co/cUPnyil
(Use `node --trace-warnings ...` to show where the warning was created)
[32minfo[39m: ✅ Connected to MongoDB
[32minfo[39m: 🔄 Testing PostgreSQL connection...
[32minfo[39m: 📊 Host: 20.169.129.160:5432
[32minfo[39m: 👤 User: sabyagentic_user
[32minfo[39m: 🗄️  Database: halograph
[32minfo[39m: ✅ PostgreSQL connected successfully
[32minfo[39m: 📋 PostgreSQL Version: PostgreSQL 15.14 (Debian 15.14-1.pgdg13+1) on x86_64-pc-linux-gnu, compiled by gcc (Debian 14.2.0-19) 14.2.0, 64-bit
[32minfo[39m: ✅ Redis connected
[32minfo[39m: ⚙️  Redis ready for commands
[32minfo[39m: ✅ Redis ping successful
[31merror[39m: Error: listen EADDRINUSE: address already in use :::4000
    at Server.setupListenHandle [as _listen2] (node:net:1817:16)
    at listenInCluster (node:net:1865:12)
    at doListen (node:net:2014:7)
    at process.processTicksAndRejections (node:internal/process/task_queues:83:21)
[32minfo[39m: Server closed
[31m[nodemon] app crashed - waiting for file changes before starting...[39m
                                                                                                                                                                                                                                                                                                                                                                                                                                                                                                                                                                                                                                                                                                                                                                                                                                                                                                                                                                                                                                                                                                                                                                                                                                                                                                                                                                                                                                                                                                                                                                                                                                                                                                                                                                                                                                                                                                                                                                                                                                                                                                                                                                                                                                                                                                                                                                                                                                                                                                                                                                                                                                                                                                                                                                                                                                                                                                                                                                                                                                                                                                                                                                                                                                                                                                                                                                                                                                                                                                                                                                                                                                                                                                                                                                                                                                                                                                                                                                                                                                                                                                                                                                                                                                                                                                                                                                                                                                                                                                                                                                                                                                                                                                                                                                                                                                                                                                                                                                                                                                                                                                          [32m[nodemon] restarting due to changes...[39m
[32m[nodemon] starting `node src/index.js`[39m
/Users/fadebowaley/saby/sabyBackend/src/controllers/structure.controller.js:83
};);
^

SyntaxError: missing ) after argument list
    at internalCompileFunction (node:internal/vm:76:18)
    at wrapSafe (node:internal/modules/cjs/loader:1283:20)
    at Module._compile (node:internal/modules/cjs/loader:1328:27)
    at Module._extensions..js (node:internal/modules/cjs/loader:1422:10)
    at Module.load (node:internal/modules/cjs/loader:1203:32)
    at Module._load (node:internal/modules/cjs/loader:1019:12)
    at Module.require (node:internal/modules/cjs/loader:1231:19)
    at require (node:internal/modules/helpers:177:18)
    at Object.<anonymous> (/Users/fadebowaley/saby/sabyBackend/src/routes/v1/structure.route.js:5:29)
    at Module._compile (node:internal/modules/cjs/loader:1364:14)
    at Module._extensions..js (node:internal/modules/cjs/loader:1422:10)
    at Module.load (node:internal/modules/cjs/loader:1203:32)
    at Module._load (node:internal/modules/cjs/loader:1019:12)
    at Module.require (node:internal/modules/cjs/loader:1231:19)
    at require (node:internal/modules/helpers:177:18)
    at Object.<anonymous> (/Users/fadebowaley/saby/sabyBackend/src/routes/v1/index.js:14:24)

Node.js v18.20.2
[31m[nodemon] app crashed - waiting for file changes before starting...[39m
[32m[nodemon] restarting due to changes...[39m
[32m[nodemon] starting `node src/index.js`[39m
(node:41295) NOTE: The AWS SDK for JavaScript (v2) is in maintenance mode.
 SDK releases are limited to address critical bug fixes and security issues only.

Please migrate your code to use AWS SDK for JavaScript (v3).
For more information, check the blog post at https://a.co/cUPnyil
(Use `node --trace-warnings ...` to show where the warning was created)
[32minfo[39m: ✅ Connected to MongoDB
[32minfo[39m: 🔄 Testing PostgreSQL connection...
[32minfo[39m: 📊 Host: 20.169.129.160:5432
[32minfo[39m: 👤 User: sabyagentic_user
[32minfo[39m: 🗄️  Database: halograph
[32minfo[39m: ✅ PostgreSQL connected successfully
[32minfo[39m: 📋 PostgreSQL Version: PostgreSQL 15.14 (Debian 15.14-1.pgdg13+1) on x86_64-pc-linux-gnu, compiled by gcc (Debian 14.2.0-19) 14.2.0, 64-bit
[32minfo[39m: ✅ Redis connected
[32minfo[39m: ⚙️  Redis ready for commands
[32minfo[39m: ✅ Redis ping successful
[31merror[39m: Error: listen EADDRINUSE: address already in use :::4000
    at Server.setupListenHandle [as _listen2] (node:net:1817:16)
    at listenInCluster (node:net:1865:12)
    at doListen (node:net:2014:7)
    at process.processTicksAndRejections (node:internal/process/task_queues:83:21)
[32minfo[39m: Server closed
[31m[nodemon] app crashed - waiting for file changes before starting...[39m
[32m[nodemon] restarting due to changes...[39m
[32m[nodemon] starting `node src/index.js`[39m
[32m[nodemon] restarting due to changes...[39m
[32m[nodemon] restarting due to changes...[39m
[32m[nodemon] starting `node src/index.js`[39m
[32m[nodemon] restarting due to changes...[39m
[32m[nodemon] restarting due to changes...[39m
[32m[nodemon] starting `node src/index.js`[39m
[32m[nodemon] restarting due to changes...[39m
[32m[nodemon] restarting due to changes...[39m
[32m[nodemon] starting `node src/index.js`[39m
[32m[nodemon] restarting due to changes...[39m
[32m[nodemon] starting `node src/index.js`[39m
[32m[nodemon] restarting due to changes...[39m
[32m[nodemon] restarting due to changes...[39m
[32m[nodemon] restarting due to changes...[39m
[32m[nodemon] restarting due to changes...[39m
[32m[nodemon] starting `node src/index.js`[39m
[32m[nodemon] restarting due to changes...[39m
[32m[nodemon] restarting due to changes...[39m
[32m[nodemon] restarting due to changes...[39m
[32m[nodemon] restarting due to changes...[39m
[32m[nodemon] starting `node src/index.js`[39m
(node:88297) NOTE: The AWS SDK for JavaScript (v2) is in maintenance mode.
 SDK releases are limited to address critical bug fixes and security issues only.

Please migrate your code to use AWS SDK for JavaScript (v3).
For more information, check the blog post at https://a.co/cUPnyil
(Use `node --trace-warnings ...` to show where the warning was created)
[32minfo[39m: ✅ Connected to MongoDB
[32minfo[39m: 🔄 Testing PostgreSQL connection...
[32minfo[39m: 📊 Host: 20.169.129.160:5432
[32minfo[39m: 👤 User: sabyagentic_user
[32minfo[39m: 🗄️  Database: halograph
[32minfo[39m: ✅ PostgreSQL connected successfully
[32minfo[39m: 📋 PostgreSQL Version: PostgreSQL 15.14 (Debian 15.14-1.pgdg13+1) on x86_64-pc-linux-gnu, compiled by gcc (Debian 14.2.0-19) 14.2.0, 64-bit
[32minfo[39m: ✅ Redis connected
[32minfo[39m: ⚙️  Redis ready for commands
[32minfo[39m: ✅ Redis ping successful
[31merror[39m: Error: listen EADDRINUSE: address already in use :::4000
    at Server.setupListenHandle [as _listen2] (node:net:1817:16)
    at listenInCluster (node:net:1865:12)
    at doListen (node:net:2014:7)
    at process.processTicksAndRejections (node:internal/process/task_queues:83:21)
[32minfo[39m: Server closed
[31m[nodemon] app crashed - waiting for file changes before starting...[39m
[32m[nodemon] restarting due to changes...[39m
[32m[nodemon] starting `node src/index.js`[39m
[32m[nodemon] restarting due to changes...[39m
[32m[nodemon] restarting due to changes...[39m
[32m[nodemon] restarting due to changes...[39m
[32m[nodemon] starting `node src/index.js`[39m
/Users/fadebowaley/saby/sabyBackend/src/controllers/structure.controller.js:130
};);
^

SyntaxError: missing ) after argument list
    at internalCompileFunction (node:internal/vm:76:18)
    at wrapSafe (node:internal/modules/cjs/loader:1283:20)
    at Module._compile (node:internal/modules/cjs/loader:1328:27)
    at Module._extensions..js (node:internal/modules/cjs/loader:1422:10)
    at Module.load (node:internal/modules/cjs/loader:1203:32)
    at Module._load (node:internal/modules/cjs/loader:1019:12)
    at Module.require (node:internal/modules/cjs/loader:1231:19)
    at require (node:internal/modules/helpers:177:18)
    at Object.<anonymous> (/Users/fadebowaley/saby/sabyBackend/src/routes/v1/structure.route.js:5:29)
    at Module._compile (node:internal/modules/cjs/loader:1364:14)
    at Module._extensions..js (node:internal/modules/cjs/loader:1422:10)
    at Module.load (node:internal/modules/cjs/loader:1203:32)
    at Module._load (node:internal/modules/cjs/loader:1019:12)
    at Module.require (node:internal/modules/cjs/loader:1231:19)
    at require (node:internal/modules/helpers:177:18)
    at Object.<anonymous> (/Users/fadebowaley/saby/sabyBackend/src/routes/v1/index.js:14:24)

Node.js v18.20.2
[31m[nodemon] app crashed - waiting for file changes before starting...[39m
[32m[nodemon] restarting due to changes...[39m
[32m[nodemon] starting `node src/index.js`[39m
[32m[nodemon] restarting due to changes...[39m
[32m[nodemon] starting `node src/index.js`[39m
/Users/fadebowaley/saby/sabyBackend/src/controllers/structure.controller.js:133
};);
^

SyntaxError: missing ) after argument list
    at internalCompileFunction (node:internal/vm:76:18)
    at wrapSafe (node:internal/modules/cjs/loader:1283:20)
    at Module._compile (node:internal/modules/cjs/loader:1328:27)
    at Module._extensions..js (node:internal/modules/cjs/loader:1422:10)
    at Module.load (node:internal/modules/cjs/loader:1203:32)
    at Module._load (node:internal/modules/cjs/loader:1019:12)
    at Module.require (node:internal/modules/cjs/loader:1231:19)
    at require (node:internal/modules/helpers:177:18)
    at Object.<anonymous> (/Users/fadebowaley/saby/sabyBackend/src/routes/v1/structure.route.js:5:29)
    at Module._compile (node:internal/modules/cjs/loader:1364:14)
    at Module._extensions..js (node:internal/modules/cjs/loader:1422:10)
    at Module.load (node:internal/modules/cjs/loader:1203:32)
    at Module._load (node:internal/modules/cjs/loader:1019:12)
    at Module.require (node:internal/modules/cjs/loader:1231:19)
    at require (node:internal/modules/helpers:177:18)
    at Object.<anonymous> (/Users/fadebowaley/saby/sabyBackend/src/routes/v1/index.js:14:24)

Node.js v18.20.2
[31m[nodemon] app crashed - waiting for file changes before starting...[39m
[32m[nodemon] restarting due to changes...[39m
[32m[nodemon] starting `node src/index.js`[39m
[32m[nodemon] restarting due to changes...[39m
[32m[nodemon] starting `node src/index.js`[39m
(node:658) NOTE: The AWS SDK for JavaScript (v2) is in maintenance mode.
 SDK releases are limited to address critical bug fixes and security issues only.

Please migrate your code to use AWS SDK for JavaScript (v3).
For more information, check the blog post at https://a.co/cUPnyil
(Use `node --trace-warnings ...` to show where the warning was created)
[32minfo[39m: ✅ Connected to MongoDB
[32minfo[39m: 🔄 Testing PostgreSQL connection...
[32minfo[39m: 📊 Host: 20.169.129.160:5432
[32minfo[39m: 👤 User: sabyagentic_user
[32minfo[39m: 🗄️  Database: halograph
[32minfo[39m: ✅ PostgreSQL connected successfully
[32minfo[39m: 📋 PostgreSQL Version: PostgreSQL 15.14 (Debian 15.14-1.pgdg13+1) on x86_64-pc-linux-gnu, compiled by gcc (Debian 14.2.0-19) 14.2.0, 64-bit
[32minfo[39m: ✅ Redis connected
[32minfo[39m: ⚙️  Redis ready for commands
[32minfo[39m: ✅ Redis ping successful
[31merror[39m: Error: listen EADDRINUSE: address already in use :::4000
    at Server.setupListenHandle [as _listen2] (node:net:1817:16)
    at listenInCluster (node:net:1865:12)
    at doListen (node:net:2014:7)
    at process.processTicksAndRejections (node:internal/process/task_queues:83:21)
[32minfo[39m: Server closed
[31m[nodemon] app crashed - waiting for file changes before starting...[39m
[32m[nodemon] restarting due to changes...[39m
[32m[nodemon] starting `node src/index.js`[39m
[32m[nodemon] restarting due to changes...[39m
[32m[nodemon] starting `node src/index.js`[39m
(node:5575) NOTE: The AWS SDK for JavaScript (v2) is in maintenance mode.
 SDK releases are limited to address critical bug fixes and security issues only.

Please migrate your code to use AWS SDK for JavaScript (v3).
For more information, check the blog post at https://a.co/cUPnyil
(Use `node --trace-warnings ...` to show where the warning was created)
[32minfo[39m: Connected to email server
[32minfo[39m: ✅ Connected to MongoDB
[32minfo[39m: 🔄 Testing PostgreSQL connection...
[32minfo[39m: 📊 Host: 20.169.129.160:5432
[32minfo[39m: 👤 User: sabyagentic_user
[32minfo[39m: 🗄️  Database: halograph
[32minfo[39m: ✅ PostgreSQL connected successfully
[32minfo[39m: 📋 PostgreSQL Version: PostgreSQL 15.14 (Debian 15.14-1.pgdg13+1) on x86_64-pc-linux-gnu, compiled by gcc (Debian 14.2.0-19) 14.2.0, 64-bit
[32minfo[39m: ✅ Redis connected
[32minfo[39m: ⚙️  Redis ready for commands
[32minfo[39m: ✅ Redis ping successful
[31merror[39m: Error: listen EADDRINUSE: address already in use :::4000
    at Server.setupListenHandle [as _listen2] (node:net:1817:16)
    at listenInCluster (node:net:1865:12)
    at doListen (node:net:2014:7)
    at process.processTicksAndRejections (node:internal/process/task_queues:83:21)
[32minfo[39m: Server closed
[31m[nodemon] app crashed - waiting for file changes before starting...[39m
[32m[nodemon] restarting due to changes...[39m
[32m[nodemon] starting `node src/index.js`[39m
[32m[nodemon] restarting due to changes...[39m
[32m[nodemon] starting `node src/index.js`[39m
(node:52232) NOTE: The AWS SDK for JavaScript (v2) is in maintenance mode.
 SDK releases are limited to address critical bug fixes and security issues only.

Please migrate your code to use AWS SDK for JavaScript (v3).
For more information, check the blog post at https://a.co/cUPnyil
(Use `node --trace-warnings ...` to show where the warning was created)
[32minfo[39m: ✅ Connected to MongoDB
[32minfo[39m: 🔄 Testing PostgreSQL connection...
[32minfo[39m: 📊 Host: 20.169.129.160:5432
[32minfo[39m: 👤 User: sabyagentic_user
[32minfo[39m: 🗄️  Database: halograph
[32minfo[39m: Connected to email server
[32minfo[39m: ✅ PostgreSQL connected successfully
[32minfo[39m: 📋 PostgreSQL Version: PostgreSQL 15.14 (Debian 15.14-1.pgdg13+1) on x86_64-pc-linux-gnu, compiled by gcc (Debian 14.2.0-19) 14.2.0, 64-bit
[32minfo[39m: ✅ Redis connected
[32minfo[39m: ⚙️  Redis ready for commands
[32minfo[39m: ✅ Redis ping successful
[31merror[39m: Error: listen EADDRINUSE: address already in use :::4000
    at Server.setupListenHandle [as _listen2] (node:net:1817:16)
    at listenInCluster (node:net:1865:12)
    at doListen (node:net:2014:7)
    at process.processTicksAndRejections (node:internal/process/task_queues:83:21)
[32minfo[39m: Server closed
[31m[nodemon] app crashed - waiting for file changes before starting...[39m
[32m[nodemon] restarting due to changes...[39m
[32m[nodemon] starting `node src/index.js`[39m
[32m[nodemon] restarting due to changes...[39m
[32m[nodemon] starting `node src/index.js`[39m
(node:54738) NOTE: The AWS SDK for JavaScript (v2) is in maintenance mode.
 SDK releases are limited to address critical bug fixes and security issues only.

Please migrate your code to use AWS SDK for JavaScript (v3).
For more information, check the blog post at https://a.co/cUPnyil
(Use `node --trace-warnings ...` to show where the warning was created)
[32minfo[39m: ✅ Connected to MongoDB
[32minfo[39m: 🔄 Testing PostgreSQL connection...
[32minfo[39m: 📊 Host: 20.169.129.160:5432
[32minfo[39m: 👤 User: sabyagentic_user
[32minfo[39m: 🗄️  Database: halograph
[32minfo[39m: Connected to email server
[32minfo[39m: ✅ PostgreSQL connected successfully
[32minfo[39m: 📋 PostgreSQL Version: PostgreSQL 15.14 (Debian 15.14-1.pgdg13+1) on x86_64-pc-linux-gnu, compiled by gcc (Debian 14.2.0-19) 14.2.0, 64-bit
[32minfo[39m: ✅ Redis connected
[32minfo[39m: ⚙️  Redis ready for commands
[32minfo[39m: ✅ Redis ping successful
[31merror[39m: Error: listen EADDRINUSE: address already in use :::4000
    at Server.setupListenHandle [as _listen2] (node:net:1817:16)
    at listenInCluster (node:net:1865:12)
    at doListen (node:net:2014:7)
    at process.processTicksAndRejections (node:internal/process/task_queues:83:21)
[32minfo[39m: Server closed
[31m[nodemon] app crashed - waiting for file changes before starting...[39m
[32m[nodemon] restarting due to changes...[39m
[32m[nodemon] starting `node src/index.js`[39m
(node:15590) NOTE: The AWS SDK for JavaScript (v2) is in maintenance mode.
 SDK releases are limited to address critical bug fixes and security issues only.

Please migrate your code to use AWS SDK for JavaScript (v3).
For more information, check the blog post at https://a.co/cUPnyil
(Use `node --trace-warnings ...` to show where the warning was created)
[32minfo[39m: ✅ Connected to MongoDB
[32minfo[39m: 🔄 Testing PostgreSQL connection...
[32minfo[39m: 📊 Host: 20.169.129.160:5432
[32minfo[39m: 👤 User: sabyagentic_user
[32minfo[39m: 🗄️  Database: halograph
[32minfo[39m: ✅ PostgreSQL connected successfully
[32minfo[39m: 📋 PostgreSQL Version: PostgreSQL 15.14 (Debian 15.14-1.pgdg13+1) on x86_64-pc-linux-gnu, compiled by gcc (Debian 14.2.0-19) 14.2.0, 64-bit
[32minfo[39m: ✅ Redis connected
[32minfo[39m: ⚙️  Redis ready for commands
[32minfo[39m: ✅ Redis ping successful
[31merror[39m: Error: listen EADDRINUSE: address already in use :::4000
    at Server.setupListenHandle [as _listen2] (node:net:1817:16)
    at listenInCluster (node:net:1865:12)
    at doListen (node:net:2014:7)
    at process.processTicksAndRejections (node:internal/process/task_queues:83:21)
[32minfo[39m: Server closed
[31m[nodemon] app crashed - waiting for file changes before starting...[39m
[32m[nodemon] restarting due to changes...[39m
[32m[nodemon] starting `node src/index.js`[39m
[32m[nodemon] restarting due to changes...[39m
[32m[nodemon] restarting due to changes...[39m
[32m[nodemon] starting `node src/index.js`[39m
[32m[nodemon] restarting due to changes...[39m
[32m[nodemon] restarting due to changes...[39m
[32m[nodemon] starting `node src/index.js`[39m
(node:19814) NOTE: The AWS SDK for JavaScript (v2) is in maintenance mode.
 SDK releases are limited to address critical bug fixes and security issues only.

Please migrate your code to use AWS SDK for JavaScript (v3).
For more information, check the blog post at https://a.co/cUPnyil
(Use `node --trace-warnings ...` to show where the warning was created)
[32minfo[39m: ✅ Connected to MongoDB
[32minfo[39m: 🔄 Testing PostgreSQL connection...
[32minfo[39m: 📊 Host: 20.169.129.160:5432
[32minfo[39m: 👤 User: sabyagentic_user
[32minfo[39m: 🗄️  Database: halograph
[32minfo[39m: ✅ PostgreSQL connected successfully
[32minfo[39m: 📋 PostgreSQL Version: PostgreSQL 15.14 (Debian 15.14-1.pgdg13+1) on x86_64-pc-linux-gnu, compiled by gcc (Debian 14.2.0-19) 14.2.0, 64-bit
[32minfo[39m: ✅ Redis connected
[32minfo[39m: ⚙️  Redis ready for commands
[32minfo[39m: ✅ Redis ping successful
[31merror[39m: Error: listen EADDRINUSE: address already in use :::4000
    at Server.setupListenHandle [as _listen2] (node:net:1817:16)
    at listenInCluster (node:net:1865:12)
    at doListen (node:net:2014:7)
    at process.processTicksAndRejections (node:internal/process/task_queues:83:21)
[32minfo[39m: Server closed
[31m[nodemon] app crashed - waiting for file changes before starting...[39m
[32m[nodemon] restarting due to changes...[39m
[32m[nodemon] starting `node src/index.js`[39m
(node:23461) NOTE: The AWS SDK for JavaScript (v2) is in maintenance mode.
 SDK releases are limited to address critical bug fixes and security issues only.

Please migrate your code to use AWS SDK for JavaScript (v3).
For more information, check the blog post at https://a.co/cUPnyil
(Use `node --trace-warnings ...` to show where the warning was created)
[32minfo[39m: ✅ Connected to MongoDB
[32minfo[39m: 🔄 Testing PostgreSQL connection...
[32minfo[39m: 📊 Host: 20.169.129.160:5432
[32minfo[39m: 👤 User: sabyagentic_user
[32minfo[39m: 🗄️  Database: halograph
[32minfo[39m: ✅ PostgreSQL connected successfully
[32minfo[39m: 📋 PostgreSQL Version: PostgreSQL 15.14 (Debian 15.14-1.pgdg13+1) on x86_64-pc-linux-gnu, compiled by gcc (Debian 14.2.0-19) 14.2.0, 64-bit
[32minfo[39m: ✅ Redis connected
[32minfo[39m: ⚙️  Redis ready for commands
[32minfo[39m: ✅ Redis ping successful
[31merror[39m: Error: listen EADDRINUSE: address already in use :::4000
    at Server.setupListenHandle [as _listen2] (node:net:1817:16)
    at listenInCluster (node:net:1865:12)
    at doListen (node:net:2014:7)
    at process.processTicksAndRejections (node:internal/process/task_queues:83:21)
[32minfo[39m: Server closed
[31m[nodemon] app crashed - waiting for file changes before starting...[39m
[32m[nodemon] restarting due to changes...[39m
[32m[nodemon] starting `node src/index.js`[39m
(node:24695) NOTE: The AWS SDK for JavaScript (v2) is in maintenance mode.
 SDK releases are limited to address critical bug fixes and security issues only.

Please migrate your code to use AWS SDK for JavaScript (v3).
For more information, check the blog post at https://a.co/cUPnyil
(Use `node --trace-warnings ...` to show where the warning was created)
[32minfo[39m: ✅ Connected to MongoDB
[32minfo[39m: 🔄 Testing PostgreSQL connection...
[32minfo[39m: 📊 Host: 20.169.129.160:5432
[32minfo[39m: 👤 User: sabyagentic_user
[32minfo[39m: 🗄️  Database: halograph
[32minfo[39m: ✅ PostgreSQL connected successfully
[32minfo[39m: 📋 PostgreSQL Version: PostgreSQL 15.14 (Debian 15.14-1.pgdg13+1) on x86_64-pc-linux-gnu, compiled by gcc (Debian 14.2.0-19) 14.2.0, 64-bit
[32minfo[39m: ✅ Redis connected
[32minfo[39m: ⚙️  Redis ready for commands
[32minfo[39m: ✅ Redis ping successful
[31merror[39m: Error: listen EADDRINUSE: address already in use :::4000
    at Server.setupListenHandle [as _listen2] (node:net:1817:16)
    at listenInCluster (node:net:1865:12)
    at doListen (node:net:2014:7)
    at process.processTicksAndRejections (node:internal/process/task_queues:83:21)
[32minfo[39m: Server closed
[31m[nodemon] app crashed - waiting for file changes before starting...[39m
[32m[nodemon] restarting due to changes...[39m
[32m[nodemon] starting `node src/index.js`[39m
[32m[nodemon] restarting due to changes...[39m
[32m[nodemon] starting `node src/index.js`[39m
[32m[nodemon] restarting due to changes...[39m
[32m[nodemon] restarting due to changes...[39m
[32m[nodemon] starting `node src/index.js`[39m
[32m[nodemon] restarting due to changes...[39m
[32m[nodemon] starting `node src/index.js`[39m
[32m[nodemon] restarting due to changes...[39m
[32m[nodemon] starting `node src/index.js`[39m
(node:33221) NOTE: The AWS SDK for JavaScript (v2) is in maintenance mode.
 SDK releases are limited to address critical bug fixes and security issues only.

Please migrate your code to use AWS SDK for JavaScript (v3).
For more information, check the blog post at https://a.co/cUPnyil
(Use `node --trace-warnings ...` to show where the warning was created)
[32minfo[39m: ✅ Connected to MongoDB
[32minfo[39m: 🔄 Testing PostgreSQL connection...
[32minfo[39m: 📊 Host: 20.169.129.160:5432
[32minfo[39m: 👤 User: sabyagentic_user
[32minfo[39m: 🗄️  Database: halograph
[32minfo[39m: ✅ PostgreSQL connected successfully
[32minfo[39m: 📋 PostgreSQL Version: PostgreSQL 15.14 (Debian 15.14-1.pgdg13+1) on x86_64-pc-linux-gnu, compiled by gcc (Debian 14.2.0-19) 14.2.0, 64-bit
[32minfo[39m: ✅ Redis connected
[32minfo[39m: ⚙️  Redis ready for commands
[32minfo[39m: ✅ Redis ping successful
[31merror[39m: Error: listen EADDRINUSE: address already in use :::4000
    at Server.setupListenHandle [as _listen2] (node:net:1817:16)
    at listenInCluster (node:net:1865:12)
    at doListen (node:net:2014:7)
    at process.processTicksAndRejections (node:internal/process/task_queues:83:21)
[32minfo[39m: Server closed
[31m[nodemon] app crashed - waiting for file changes before starting...[39m
[32m[nodemon] restarting due to changes...[39m
[32m[nodemon] starting `node src/index.js`[39m
(node:64309) NOTE: The AWS SDK for JavaScript (v2) is in maintenance mode.
 SDK releases are limited to address critical bug fixes and security issues only.

Please migrate your code to use AWS SDK for JavaScript (v3).
For more information, check the blog post at https://a.co/cUPnyil
(Use `node --trace-warnings ...` to show where the warning was created)
[32minfo[39m: ✅ Connected to MongoDB
[32minfo[39m: 🔄 Testing PostgreSQL connection...
[32minfo[39m: 📊 Host: 20.169.129.160:5432
[32minfo[39m: 👤 User: sabyagentic_user
[32minfo[39m: 🗄️  Database: halograph
[32minfo[39m: ✅ PostgreSQL connected successfully
[32minfo[39m: 📋 PostgreSQL Version: PostgreSQL 15.14 (Debian 15.14-1.pgdg13+1) on x86_64-pc-linux-gnu, compiled by gcc (Debian 14.2.0-19) 14.2.0, 64-bit
[32minfo[39m: ✅ Redis connected
[32minfo[39m: ⚙️  Redis ready for commands
[32minfo[39m: ✅ Redis ping successful
[31merror[39m: Error: listen EADDRINUSE: address already in use :::4000
    at Server.setupListenHandle [as _listen2] (node:net:1817:16)
    at listenInCluster (node:net:1865:12)
    at doListen (node:net:2014:7)
    at process.processTicksAndRejections (node:internal/process/task_queues:83:21)
[32minfo[39m: Server closed
[31m[nodemon] app crashed - waiting for file changes before starting...[39m
[32m[nodemon] restarting due to changes...[39m
[32m[nodemon] starting `node src/index.js`[39m
(node:78443) NOTE: The AWS SDK for JavaScript (v2) is in maintenance mode.
 SDK releases are limited to address critical bug fixes and security issues only.

Please migrate your code to use AWS SDK for JavaScript (v3).
For more information, check the blog post at https://a.co/cUPnyil
(Use `node --trace-warnings ...` to show where the warning was created)
[32minfo[39m: ✅ Connected to MongoDB
[32minfo[39m: 🔄 Testing PostgreSQL connection...
[32minfo[39m: 📊 Host: 20.169.129.160:5432
[32minfo[39m: 👤 User: sabyagentic_user
[32minfo[39m: 🗄️  Database: halograph
[32minfo[39m: ✅ PostgreSQL connected successfully
[32minfo[39m: 📋 PostgreSQL Version: PostgreSQL 15.14 (Debian 15.14-1.pgdg13+1) on x86_64-pc-linux-gnu, compiled by gcc (Debian 14.2.0-19) 14.2.0, 64-bit
[32minfo[39m: ✅ Redis connected
[32minfo[39m: ⚙️  Redis ready for commands
[32minfo[39m: ✅ Redis ping successful
[31merror[39m: Error: listen EADDRINUSE: address already in use :::4000
    at Server.setupListenHandle [as _listen2] (node:net:1817:16)
    at listenInCluster (node:net:1865:12)
    at doListen (node:net:2014:7)
    at process.processTicksAndRejections (node:internal/process/task_queues:83:21)
[32minfo[39m: Server closed
[31m[nodemon] app crashed - waiting for file changes before starting...[39m
[32m[nodemon] restarting due to changes...[39m
[32m[nodemon] starting `node src/index.js`[39m
(node:72703) NOTE: The AWS SDK for JavaScript (v2) is in maintenance mode.
 SDK releases are limited to address critical bug fixes and security issues only.

Please migrate your code to use AWS SDK for JavaScript (v3).
For more information, check the blog post at https://a.co/cUPnyil
(Use `node --trace-warnings ...` to show where the warning was created)
[32minfo[39m: ✅ Connected to MongoDB
[32minfo[39m: 🔄 Testing PostgreSQL connection...
[32minfo[39m: 📊 Host: 20.169.129.160:5432
[32minfo[39m: 👤 User: sabyagentic_user
[32minfo[39m: 🗄️  Database: halograph
[32minfo[39m: ✅ PostgreSQL connected successfully
[32minfo[39m: 📋 PostgreSQL Version: PostgreSQL 15.14 (Debian 15.14-1.pgdg13+1) on x86_64-pc-linux-gnu, compiled by gcc (Debian 14.2.0-19) 14.2.0, 64-bit
[32minfo[39m: ✅ Redis connected
[32minfo[39m: ⚙️  Redis ready for commands
[32minfo[39m: ✅ Redis ping successful
[31merror[39m: Error: listen EADDRINUSE: address already in use :::4000
    at Server.setupListenHandle [as _listen2] (node:net:1817:16)
    at listenInCluster (node:net:1865:12)
    at doListen (node:net:2014:7)
    at process.processTicksAndRejections (node:internal/process/task_queues:83:21)
[32minfo[39m: Server closed
[31m[nodemon] app crashed - waiting for file changes before starting...[39m
[32m[nodemon] restarting due to changes...[39m
[32m[nodemon] starting `node src/index.js`[39m
(node:75076) NOTE: The AWS SDK for JavaScript (v2) is in maintenance mode.
 SDK releases are limited to address critical bug fixes and security issues only.

Please migrate your code to use AWS SDK for JavaScript (v3).
For more information, check the blog post at https://a.co/cUPnyil
(Use `node --trace-warnings ...` to show where the warning was created)
[32minfo[39m: ✅ Connected to MongoDB
[32minfo[39m: 🔄 Testing PostgreSQL connection...
[32minfo[39m: 📊 Host: 20.169.129.160:5432
[32minfo[39m: 👤 User: sabyagentic_user
[32minfo[39m: 🗄️  Database: halograph
[32minfo[39m: ✅ PostgreSQL connected successfully
[32minfo[39m: 📋 PostgreSQL Version: PostgreSQL 15.14 (Debian 15.14-1.pgdg13+1) on x86_64-pc-linux-gnu, compiled by gcc (Debian 14.2.0-19) 14.2.0, 64-bit
[32minfo[39m: ✅ Redis connected
[32minfo[39m: ⚙️  Redis ready for commands
[32minfo[39m: ✅ Redis ping successful
[31merror[39m: Error: listen EADDRINUSE: address already in use :::4000
    at Server.setupListenHandle [as _listen2] (node:net:1817:16)
    at listenInCluster (node:net:1865:12)
    at doListen (node:net:2014:7)
    at process.processTicksAndRejections (node:internal/process/task_queues:83:21)
[32minfo[39m: Server closed
[31m[nodemon] app crashed - waiting for file changes before starting...[39m
[32m[nodemon] restarting due to changes...[39m
[32m[nodemon] starting `node src/index.js`[39m
(node:78002) NOTE: The AWS SDK for JavaScript (v2) is in maintenance mode.
 SDK releases are limited to address critical bug fixes and security issues only.

Please migrate your code to use AWS SDK for JavaScript (v3).
For more information, check the blog post at https://a.co/cUPnyil
(Use `node --trace-warnings ...` to show where the warning was created)
[32minfo[39m: ✅ Connected to MongoDB
[32minfo[39m: 🔄 Testing PostgreSQL connection...
[32minfo[39m: 📊 Host: 20.169.129.160:5432
[32minfo[39m: 👤 User: sabyagentic_user
[32minfo[39m: 🗄️  Database: halograph
[32minfo[39m: ✅ PostgreSQL connected successfully
[32minfo[39m: 📋 PostgreSQL Version: PostgreSQL 15.14 (Debian 15.14-1.pgdg13+1) on x86_64-pc-linux-gnu, compiled by gcc (Debian 14.2.0-19) 14.2.0, 64-bit
[32minfo[39m: ✅ Redis connected
[32minfo[39m: ⚙️  Redis ready for commands
[32minfo[39m: ✅ Redis ping successful
[31merror[39m: Error: listen EADDRINUSE: address already in use :::4000
    at Server.setupListenHandle [as _listen2] (node:net:1817:16)
    at listenInCluster (node:net:1865:12)
    at doListen (node:net:2014:7)
    at process.processTicksAndRejections (node:internal/process/task_queues:83:21)
[32minfo[39m: Server closed
[31m[nodemon] app crashed - waiting for file changes before starting...[39m
[32m[nodemon] restarting due to changes...[39m
[32m[nodemon] starting `node src/index.js`[39m
(node:93150) NOTE: The AWS SDK for JavaScript (v2) is in maintenance mode.
 SDK releases are limited to address critical bug fixes and security issues only.

Please migrate your code to use AWS SDK for JavaScript (v3).
For more information, check the blog post at https://a.co/cUPnyil
(Use `node --trace-warnings ...` to show where the warning was created)
[32minfo[39m: ✅ Connected to MongoDB
[32minfo[39m: 🔄 Testing PostgreSQL connection...
[32minfo[39m: 📊 Host: 20.169.129.160:5432
[32minfo[39m: 👤 User: sabyagentic_user
[32minfo[39m: 🗄️  Database: halograph
[32minfo[39m: ✅ PostgreSQL connected successfully
[32minfo[39m: 📋 PostgreSQL Version: PostgreSQL 15.14 (Debian 15.14-1.pgdg13+1) on x86_64-pc-linux-gnu, compiled by gcc (Debian 14.2.0-19) 14.2.0, 64-bit
[32minfo[39m: ✅ Redis connected
[32minfo[39m: ⚙️  Redis ready for commands
[32minfo[39m: ✅ Redis ping successful
[31merror[39m: Error: listen EADDRINUSE: address already in use :::4000
    at Server.setupListenHandle [as _listen2] (node:net:1817:16)
    at listenInCluster (node:net:1865:12)
    at doListen (node:net:2014:7)
    at process.processTicksAndRejections (node:internal/process/task_queues:83:21)
[32minfo[39m: Server closed
[31m[nodemon] app crashed - waiting for file changes before starting...[39m
[32m[nodemon] restarting due to changes...[39m
[32m[nodemon] starting `node src/index.js`[39m
(node:24554) NOTE: The AWS SDK for JavaScript (v2) is in maintenance mode.
 SDK releases are limited to address critical bug fixes and security issues only.

Please migrate your code to use AWS SDK for JavaScript (v3).
For more information, check the blog post at https://a.co/cUPnyil
(Use `node --trace-warnings ...` to show where the warning was created)
[32minfo[39m: ✅ Connected to MongoDB
[32minfo[39m: 🔄 Testing PostgreSQL connection...
[32minfo[39m: 📊 Host: 20.169.129.160:5432
[32minfo[39m: 👤 User: sabyagentic_user
[32minfo[39m: 🗄️  Database: halograph
[32minfo[39m: Connected to email server
[32minfo[39m: ✅ PostgreSQL connected successfully
[32minfo[39m: 📋 PostgreSQL Version: PostgreSQL 15.14 (Debian 15.14-1.pgdg13+1) on x86_64-pc-linux-gnu, compiled by gcc (Debian 14.2.0-19) 14.2.0, 64-bit
[32minfo[39m: ✅ Redis connected
[32minfo[39m: ⚙️  Redis ready for commands
[32minfo[39m: ✅ Redis ping successful
[31merror[39m: Error: listen EADDRINUSE: address already in use :::4000
    at Server.setupListenHandle [as _listen2] (node:net:1817:16)
    at listenInCluster (node:net:1865:12)
    at doListen (node:net:2014:7)
    at process.processTicksAndRejections (node:internal/process/task_queues:83:21)
[32minfo[39m: Server closed
[31m[nodemon] app crashed - waiting for file changes before starting...[39m
[32m[nodemon] restarting due to changes...[39m
[32m[nodemon] starting `node src/index.js`[39m
(node:26217) NOTE: The AWS SDK for JavaScript (v2) is in maintenance mode.
 SDK releases are limited to address critical bug fixes and security issues only.

Please migrate your code to use AWS SDK for JavaScript (v3).
For more information, check the blog post at https://a.co/cUPnyil
(Use `node --trace-warnings ...` to show where the warning was created)
[32minfo[39m: ✅ Connected to MongoDB
[32minfo[39m: 🔄 Testing PostgreSQL connection...
[32minfo[39m: 📊 Host: 20.169.129.160:5432
[32minfo[39m: 👤 User: sabyagentic_user
[32minfo[39m: 🗄️  Database: halograph
[32minfo[39m: ✅ PostgreSQL connected successfully
[32minfo[39m: 📋 PostgreSQL Version: PostgreSQL 15.14 (Debian 15.14-1.pgdg13+1) on x86_64-pc-linux-gnu, compiled by gcc (Debian 14.2.0-19) 14.2.0, 64-bit
[32minfo[39m: ✅ Redis connected
[32minfo[39m: ⚙️  Redis ready for commands
[32minfo[39m: ✅ Redis ping successful
[31merror[39m: Error: listen EADDRINUSE: address already in use :::4000
    at Server.setupListenHandle [as _listen2] (node:net:1817:16)
    at listenInCluster (node:net:1865:12)
    at doListen (node:net:2014:7)
    at process.processTicksAndRejections (node:internal/process/task_queues:83:21)
[32minfo[39m: Server closed
[31m[nodemon] app crashed - waiting for file changes before starting...[39m
[32m[nodemon] restarting due to changes...[39m
[32m[nodemon] starting `node src/index.js`[39m
(node:7992) MaxListenersExceededWarning: Possible EventEmitter memory leak detected. 11 exit listeners added to [Bus]. Use emitter.setMaxListeners() to increase limit
(Use `node --trace-warnings ...` to show where the warning was created)
(node:4533) NOTE: The AWS SDK for JavaScript (v2) is in maintenance mode.
 SDK releases are limited to address critical bug fixes and security issues only.

Please migrate your code to use AWS SDK for JavaScript (v3).
For more information, check the blog post at https://a.co/cUPnyil
(Use `node --trace-warnings ...` to show where the warning was created)
[32minfo[39m: ✅ Connected to MongoDB
[32minfo[39m: 🔄 Testing PostgreSQL connection...
[32minfo[39m: 📊 Host: 20.169.129.160:5432
[32minfo[39m: 👤 User: sabyagentic_user
[32minfo[39m: 🗄️  Database: halograph
[32minfo[39m: ✅ PostgreSQL connected successfully
[32minfo[39m: 📋 PostgreSQL Version: PostgreSQL 15.14 (Debian 15.14-1.pgdg13+1) on x86_64-pc-linux-gnu, compiled by gcc (Debian 14.2.0-19) 14.2.0, 64-bit
[32minfo[39m: ✅ Redis connected
[32minfo[39m: ⚙️  Redis ready for commands
[32minfo[39m: ✅ Redis ping successful
[31merror[39m: Error: listen EADDRINUSE: address already in use :::4000
    at Server.setupListenHandle [as _listen2] (node:net:1817:16)
    at listenInCluster (node:net:1865:12)
    at doListen (node:net:2014:7)
    at process.processTicksAndRejections (node:internal/process/task_queues:83:21)
[32minfo[39m: Server closed
[31m[nodemon] app crashed - waiting for file changes before starting...[39m
[32m[nodemon] restarting due to changes...[39m
[32m[nodemon] starting `node src/index.js`[39m
/Users/fadebowaley/saby/sabyBackend/src/controllers/structure.controller.js:153
};);
^

SyntaxError: missing ) after argument list
    at internalCompileFunction (node:internal/vm:76:18)
    at wrapSafe (node:internal/modules/cjs/loader:1283:20)
    at Module._compile (node:internal/modules/cjs/loader:1328:27)
    at Module._extensions..js (node:internal/modules/cjs/loader:1422:10)
    at Module.load (node:internal/modules/cjs/loader:1203:32)
    at Module._load (node:internal/modules/cjs/loader:1019:12)
    at Module.require (node:internal/modules/cjs/loader:1231:19)
    at require (node:internal/modules/helpers:177:18)
    at Object.<anonymous> (/Users/fadebowaley/saby/sabyBackend/src/routes/v1/structure.route.js:5:29)
    at Module._compile (node:internal/modules/cjs/loader:1364:14)
    at Module._extensions..js (node:internal/modules/cjs/loader:1422:10)
    at Module.load (node:internal/modules/cjs/loader:1203:32)
    at Module._load (node:internal/modules/cjs/loader:1019:12)
    at Module.require (node:internal/modules/cjs/loader:1231:19)
    at require (node:internal/modules/helpers:177:18)
    at Object.<anonymous> (/Users/fadebowaley/saby/sabyBackend/src/routes/v1/index.js:14:24)

Node.js v18.20.2
[31m[nodemon] app crashed - waiting for file changes before starting...[39m
[32m[nodemon] restarting due to changes...[39m
[32m[nodemon] starting `node src/index.js`[39m
[32m[nodemon] restarting due to changes...[39m
[32m[nodemon] restarting due to changes...[39m
[32m[nodemon] starting `node src/index.js`[39m
(node:21970) NOTE: The AWS SDK for JavaScript (v2) is in maintenance mode.
 SDK releases are limited to address critical bug fixes and security issues only.

Please migrate your code to use AWS SDK for JavaScript (v3).
For more information, check the blog post at https://a.co/cUPnyil
(Use `node --trace-warnings ...` to show where the warning was created)
[32minfo[39m: ✅ Connected to MongoDB
[32minfo[39m: 🔄 Testing PostgreSQL connection...
[32minfo[39m: 📊 Host: 20.169.129.160:5432
[32minfo[39m: 👤 User: sabyagentic_user
[32minfo[39m: 🗄️  Database: halograph
[32minfo[39m: ✅ PostgreSQL connected successfully
[32minfo[39m: 📋 PostgreSQL Version: PostgreSQL 15.14 (Debian 15.14-1.pgdg13+1) on x86_64-pc-linux-gnu, compiled by gcc (Debian 14.2.0-19) 14.2.0, 64-bit
[32minfo[39m: ✅ Redis connected
[32minfo[39m: ⚙️  Redis ready for commands
[32minfo[39m: ✅ Redis ping successful
[31merror[39m: Error: listen EADDRINUSE: address already in use :::4000
    at Server.setupListenHandle [as _listen2] (node:net:1817:16)
    at listenInCluster (node:net:1865:12)
    at doListen (node:net:2014:7)
    at process.processTicksAndRejections (node:internal/process/task_queues:83:21)
[32minfo[39m: Server closed
[31m[nodemon] app crashed - waiting for file changes before starting...[39m
[32m[nodemon] restarting due to changes...[39m
[32m[nodemon] starting `node src/index.js`[39m
[32m[nodemon] restarting due to changes...[39m
[32m[nodemon] starting `node src/index.js`[39m
[32m[nodemon] restarting due to changes...[39m
[32m[nodemon] starting `node src/index.js`[39m
(node:35836) NOTE: The AWS SDK for JavaScript (v2) is in maintenance mode.
 SDK releases are limited to address critical bug fixes and security issues only.

Please migrate your code to use AWS SDK for JavaScript (v3).
For more information, check the blog post at https://a.co/cUPnyil
(Use `node --trace-warnings ...` to show where the warning was created)
[32minfo[39m: ✅ Connected to MongoDB
[32minfo[39m: 🔄 Testing PostgreSQL connection...
[32minfo[39m: 📊 Host: 20.169.129.160:5432
[32minfo[39m: 👤 User: sabyagentic_user
[32minfo[39m: 🗄️  Database: halograph
[32minfo[39m: ✅ PostgreSQL connected successfully
[32minfo[39m: 📋 PostgreSQL Version: PostgreSQL 15.14 (Debian 15.14-1.pgdg13+1) on x86_64-pc-linux-gnu, compiled by gcc (Debian 14.2.0-19) 14.2.0, 64-bit
[32minfo[39m: ✅ Redis connected
[32minfo[39m: ⚙️  Redis ready for commands
[32minfo[39m: ✅ Redis ping successful
[31merror[39m: Error: listen EADDRINUSE: address already in use :::4000
    at Server.setupListenHandle [as _listen2] (node:net:1817:16)
    at listenInCluster (node:net:1865:12)
    at doListen (node:net:2014:7)
    at process.processTicksAndRejections (node:internal/process/task_queues:83:21)
[32minfo[39m: Server closed
[31m[nodemon] app crashed - waiting for file changes before starting...[39m
[32m[nodemon] restarting due to changes...[39m
[32m[nodemon] starting `node src/index.js`[39m
(node:59209) NOTE: The AWS SDK for JavaScript (v2) is in maintenance mode.
 SDK releases are limited to address critical bug fixes and security issues only.

Please migrate your code to use AWS SDK for JavaScript (v3).
For more information, check the blog post at https://a.co/cUPnyil
(Use `node --trace-warnings ...` to show where the warning was created)
[32minfo[39m: Connected to email server
[31merror[39m: connect ECONNREFUSED ::1:27017
[31m[nodemon] app crashed - waiting for file changes before starting...[39m
[32m[nodemon] restarting due to changes...[39m
[32m[nodemon] starting `node src/index.js`[39m
(node:70242) NOTE: The AWS SDK for JavaScript (v2) is in maintenance mode.
 SDK releases are limited to address critical bug fixes and security issues only.

Please migrate your code to use AWS SDK for JavaScript (v3).
For more information, check the blog post at https://a.co/cUPnyil
(Use `node --trace-warnings ...` to show where the warning was created)
[32minfo[39m: ✅ Connected to MongoDB
[32minfo[39m: 🔄 Testing PostgreSQL connection...
[32minfo[39m: 📊 Host: 20.169.129.160:5432
[32minfo[39m: 👤 User: sabyagentic_user
[32minfo[39m: 🗄️  Database: halograph
[32minfo[39m: ✅ PostgreSQL connected successfully
[32minfo[39m: 📋 PostgreSQL Version: PostgreSQL 15.14 (Debian 15.14-1.pgdg13+1) on x86_64-pc-linux-gnu, compiled by gcc (Debian 14.2.0-19) 14.2.0, 64-bit
[32minfo[39m: ✅ Redis connected
[32minfo[39m: ⚙️  Redis ready for commands
[32minfo[39m: ✅ Redis ping successful
[31merror[39m: Error: listen EADDRINUSE: address already in use :::4000
    at Server.setupListenHandle [as _listen2] (node:net:1817:16)
    at listenInCluster (node:net:1865:12)
    at doListen (node:net:2014:7)
    at process.processTicksAndRejections (node:internal/process/task_queues:83:21)
[32minfo[39m: Server closed
[31m[nodemon] app crashed - waiting for file changes before starting...[39m
[32m[nodemon] restarting due to changes...[39m
[32m[nodemon] starting `node src/index.js`[39m
(node:73554) NOTE: The AWS SDK for JavaScript (v2) is in maintenance mode.
 SDK releases are limited to address critical bug fixes and security issues only.

Please migrate your code to use AWS SDK for JavaScript (v3).
For more information, check the blog post at https://a.co/cUPnyil
(Use `node --trace-warnings ...` to show where the warning was created)
[32minfo[39m: ✅ Connected to MongoDB
[32minfo[39m: 🔄 Testing PostgreSQL connection...
[32minfo[39m: 📊 Host: 20.169.129.160:5432
[32minfo[39m: 👤 User: sabyagentic_user
[32minfo[39m: 🗄️  Database: halograph
[32minfo[39m: ✅ PostgreSQL connected successfully
[32minfo[39m: 📋 PostgreSQL Version: PostgreSQL 15.14 (Debian 15.14-1.pgdg13+1) on x86_64-pc-linux-gnu, compiled by gcc (Debian 14.2.0-19) 14.2.0, 64-bit
[32minfo[39m: ✅ Redis connected
[32minfo[39m: ⚙️  Redis ready for commands
[32minfo[39m: ✅ Redis ping successful
[31merror[39m: Error: listen EADDRINUSE: address already in use :::4000
    at Server.setupListenHandle [as _listen2] (node:net:1817:16)
    at listenInCluster (node:net:1865:12)
    at doListen (node:net:2014:7)
    at process.processTicksAndRejections (node:internal/process/task_queues:83:21)
[32minfo[39m: Server closed
[31m[nodemon] app crashed - waiting for file changes before starting...[39m
[32m[nodemon] restarting due to changes...[39m
[32m[nodemon] starting `node src/index.js`[39m
(node:63961) NOTE: The AWS SDK for JavaScript (v2) is in maintenance mode.
 SDK releases are limited to address critical bug fixes and security issues only.

Please migrate your code to use AWS SDK for JavaScript (v3).
For more information, check the blog post at https://a.co/cUPnyil
(Use `node --trace-warnings ...` to show where the warning was created)
[32minfo[39m: ✅ Connected to MongoDB
[32minfo[39m: 🔄 Testing PostgreSQL connection...
[32minfo[39m: 📊 Host: 20.169.129.160:5432
[32minfo[39m: 👤 User: sabyagentic_user
[32minfo[39m: 🗄️  Database: halograph
[32minfo[39m: ✅ PostgreSQL connected successfully
[32minfo[39m: 📋 PostgreSQL Version: PostgreSQL 15.14 (Debian 15.14-1.pgdg13+1) on x86_64-pc-linux-gnu, compiled by gcc (Debian 14.2.0-19) 14.2.0, 64-bit
[32minfo[39m: ✅ Redis connected
[32minfo[39m: ⚙️  Redis ready for commands
[32minfo[39m: ✅ Redis ping successful
[31merror[39m: Error: listen EADDRINUSE: address already in use :::4000
    at Server.setupListenHandle [as _listen2] (node:net:1817:16)
    at listenInCluster (node:net:1865:12)
    at doListen (node:net:2014:7)
    at process.processTicksAndRejections (node:internal/process/task_queues:83:21)
[32minfo[39m: Server closed
[31m[nodemon] app crashed - waiting for file changes before starting...[39m
[32m[nodemon] restarting due to changes...[39m
[32m[nodemon] starting `node src/index.js`[39m
[32m[nodemon] restarting due to changes...[39m
[32m[nodemon] starting `node src/index.js`[39m
[32m[nodemon] restarting due to changes...[39m
[32m[nodemon] starting `node src/index.js`[39m
[32m[nodemon] restarting due to changes...[39m
[32m[nodemon] starting `node src/index.js`[39m
[32m[nodemon] restarting due to changes...[39m
[32m[nodemon] restarting due to changes...[39m
[32m[nodemon] restarting due to changes...[39m
[32m[nodemon] starting `node src/index.js`[39m
[32m[nodemon] restarting due to changes...[39m
[32m[nodemon] restarting due to changes...[39m
[32m[nodemon] starting `node src/index.js`[39m
(node:70640) NOTE: The AWS SDK for JavaScript (v2) is in maintenance mode.
 SDK releases are limited to address critical bug fixes and security issues only.

Please migrate your code to use AWS SDK for JavaScript (v3).
For more information, check the blog post at https://a.co/cUPnyil
(Use `node --trace-warnings ...` to show where the warning was created)
[32minfo[39m: ✅ Connected to MongoDB
[32minfo[39m: 🔄 Testing PostgreSQL connection...
[32minfo[39m: 📊 Host: 20.169.129.160:5432
[32minfo[39m: 👤 User: sabyagentic_user
[32minfo[39m: 🗄️  Database: halograph
[32minfo[39m: ✅ PostgreSQL connected successfully
[32minfo[39m: 📋 PostgreSQL Version: PostgreSQL 15.14 (Debian 15.14-1.pgdg13+1) on x86_64-pc-linux-gnu, compiled by gcc (Debian 14.2.0-19) 14.2.0, 64-bit
[32minfo[39m: ✅ Redis connected
[32minfo[39m: ⚙️  Redis ready for commands
[32minfo[39m: ✅ Redis ping successful
[31merror[39m: Error: listen EADDRINUSE: address already in use :::4000
    at Server.setupListenHandle [as _listen2] (node:net:1817:16)
    at listenInCluster (node:net:1865:12)
    at doListen (node:net:2014:7)
    at process.processTicksAndRejections (node:internal/process/task_queues:83:21)
[32minfo[39m: Server closed
[31m[nodemon] app crashed - waiting for file changes before starting...[39m
[32m[nodemon] restarting due to changes...[39m
[32m[nodemon] starting `node src/index.js`[39m
[32m[nodemon] restarting due to changes...[39m
[32m[nodemon] starting `node src/index.js`[39m
(node:73606) NOTE: The AWS SDK for JavaScript (v2) is in maintenance mode.
 SDK releases are limited to address critical bug fixes and security issues only.

Please migrate your code to use AWS SDK for JavaScript (v3).
For more information, check the blog post at https://a.co/cUPnyil
(Use `node --trace-warnings ...` to show where the warning was created)
[32minfo[39m: ✅ Connected to MongoDB
[32minfo[39m: 🔄 Testing PostgreSQL connection...
[32minfo[39m: 📊 Host: 20.169.129.160:5432
[32minfo[39m: 👤 User: sabyagentic_user
[32minfo[39m: 🗄️  Database: halograph
[32minfo[39m: ✅ PostgreSQL connected successfully
[32minfo[39m: 📋 PostgreSQL Version: PostgreSQL 15.14 (Debian 15.14-1.pgdg13+1) on x86_64-pc-linux-gnu, compiled by gcc (Debian 14.2.0-19) 14.2.0, 64-bit
[32minfo[39m: ✅ Redis connected
[32minfo[39m: ⚙️  Redis ready for commands
[32minfo[39m: ✅ Redis ping successful
[31merror[39m: Error: listen EADDRINUSE: address already in use :::4000
    at Server.setupListenHandle [as _listen2] (node:net:1817:16)
    at listenInCluster (node:net:1865:12)
    at doListen (node:net:2014:7)
    at process.processTicksAndRejections (node:internal/process/task_queues:83:21)
[32minfo[39m: Server closed
[31m[nodemon] app crashed - waiting for file changes before starting...[39m
[32m[nodemon] restarting due to changes...[39m
[32m[nodemon] starting `node src/index.js`[39m
[32m[nodemon] restarting due to changes...[39m
[32m[nodemon] restarting due to changes...[39m
[32m[nodemon] starting `node src/index.js`[39m
[32m[nodemon] restarting due to changes...[39m
[32m[nodemon] starting `node src/index.js`[39m
(node:80909) NOTE: The AWS SDK for JavaScript (v2) is in maintenance mode.
 SDK releases are limited to address critical bug fixes and security issues only.

Please migrate your code to use AWS SDK for JavaScript (v3).
For more information, check the blog post at https://a.co/cUPnyil
(Use `node --trace-warnings ...` to show where the warning was created)
[32minfo[39m: ✅ Connected to MongoDB
[32minfo[39m: 🔄 Testing PostgreSQL connection...
[32minfo[39m: 📊 Host: 20.169.129.160:5432
[32minfo[39m: 👤 User: sabyagentic_user
[32minfo[39m: 🗄️  Database: halograph
[32minfo[39m: ✅ PostgreSQL connected successfully
[32minfo[39m: 📋 PostgreSQL Version: PostgreSQL 15.14 (Debian 15.14-1.pgdg13+1) on x86_64-pc-linux-gnu, compiled by gcc (Debian 14.2.0-19) 14.2.0, 64-bit
[32minfo[39m: ✅ Redis connected
[32minfo[39m: ⚙️  Redis ready for commands
[32minfo[39m: ✅ Redis ping successful
[31merror[39m: Error: listen EADDRINUSE: address already in use :::4000
    at Server.setupListenHandle [as _listen2] (node:net:1817:16)
    at listenInCluster (node:net:1865:12)
    at doListen (node:net:2014:7)
    at process.processTicksAndRejections (node:internal/process/task_queues:83:21)
[32minfo[39m: Server closed
[31m[nodemon] app crashed - waiting for file changes before starting...[39m
re starting...[39m
[32m[nodemon] restarting due to changes...[39m
[32m[nodemon] starting `node src/index.js`[39m
(node:73553) NOTE: The AWS SDK for JavaScript (v2) is in maintenance mode.
 SDK releases are limited to address critical bug fixes and security issues only.

Please migrate your code to use AWS SDK for JavaScript (v3).
For more information, check the blog post at https://a.co/cUPnyil
(Use `node --trace-warnings ...` to show where the warning was created)
[32minfo[39m: ✅ Connected to MongoDB
[32minfo[39m: 🔄 Testing PostgreSQL connection...
[32minfo[39m: 📊 Host: 20.169.129.160:5432
[32minfo[39m: 👤 User: sabyagentic_user
[32minfo[39m: 🗄️  Database: halograph
[32minfo[39m: ✅ PostgreSQL connected successfully
[32minfo[39m: 📋 PostgreSQL Version: PostgreSQL 15.14 (Debian 15.14-1.pgdg13+1) on x86_64-pc-linux-gnu, compiled by gcc (Debian 14.2.0-19) 14.2.0, 64-bit
[32minfo[39m: ✅ Redis connected
[32minfo[39m: ⚙️  Redis ready for commands
[32minfo[39m: ✅ Redis ping successful
[31merror[39m: Error: listen EADDRINUSE: address already in use :::4000
    at Server.setupListenHandle [as _listen2] (node:net:1817:16)
    at listenInCluster (node:net:1865:12)
    at doListen (node:net:2014:7)
    at process.processTicksAndRejections (node:internal/process/task_queues:83:21)
[32minfo[39m: Server closed
[31m[nodemon] app crashed - waiting for file changes before starting...[39m
[32m[nodemon] restarting due to changes...[39m
[32m[nodemon] starting `node src/index.js`[39m
(node:63964) NOTE: The AWS SDK for JavaScript (v2) is in maintenance mode.
 SDK releases are limited to address critical bug fixes and security issues only.

Please migrate your code to use AWS SDK for JavaScript (v3).
For more information, check the blog post at https://a.co/cUPnyil
(Use `node --trace-warnings ...` to show where the warning was created)
[32minfo[39m: ✅ Connected to MongoDB
[32minfo[39m: 🔄 Testing PostgreSQL connection...
[32minfo[39m: 📊 Host: 20.169.129.160:5432
[32minfo[39m: 👤 User: sabyagentic_user
[32minfo[39m: 🗄️  Database: halograph
[32minfo[39m: ✅ PostgreSQL connected successfully
[32minfo[39m: 📋 PostgreSQL Version: PostgreSQL 15.14 (Debian 15.14-1.pgdg13+1) on x86_64-pc-linux-gnu, compiled by gcc (Debian 14.2.0-19) 14.2.0, 64-bit
[32minfo[39m: ✅ Redis connected
[32minfo[39m: ⚙️  Redis ready for commands
[32minfo[39m: ✅ Redis ping successful
[31merror[39m: Error: listen EADDRINUSE: address already in use :::4000
    at Server.setupListenHandle [as _listen2] (node:net:1817:16)
    at listenInCluster (node:net:1865:12)
    at doListen (node:net:2014:7)
    at process.processTicksAndRejections (node:internal/process/task_queues:83:21)
[32minfo[39m: Server closed
[31m[nodemon] app crashed - waiting for file changes before starting...[39m
[32m[nodemon] restarting due to changes...[39m
[32m[nodemon] starting `node src/index.js`[39m
[32m[nodemon] restarting due to changes...[39m
[32m[nodemon] starting `node src/index.js`[39m
[32m[nodemon] restarting due to changes...[39m
[32m[nodemon] starting `node src/index.js`[39m
[32m[nodemon] restarting due to changes...[39m
[32m[nodemon] starting `node src/index.js`[39m
[32m[nodemon] restarting due to changes...[39m
[32m[nodemon] restarting due to changes...[39m
[32m[nodemon] restarting due to changes...[39m
[32m[nodemon] starting `node src/index.js`[39m
[32m[nodemon] restarting due to changes...[39m
[32m[nodemon] restarting due to changes...[39m
[32m[nodemon] starting `node src/index.js`[39m
(node:70576) NOTE: The AWS SDK for JavaScript (v2) is in maintenance mode.
 SDK releases are limited to address critical bug fixes and security issues only.

Please migrate your code to use AWS SDK for JavaScript (v3).
For more information, check the blog post at https://a.co/cUPnyil
(Use `node --trace-warnings ...` to show where the warning was created)
[32minfo[39m: ✅ Connected to MongoDB
[32minfo[39m: 🔄 Testing PostgreSQL connection...
[32minfo[39m: 📊 Host: 20.169.129.160:5432
[32minfo[39m: 👤 User: sabyagentic_user
[32minfo[39m: 🗄️  Database: halograph
[32minfo[39m: Connected to email server
[32minfo[39m: ✅ PostgreSQL connected successfully
[32minfo[39m: 📋 PostgreSQL Version: PostgreSQL 15.14 (Debian 15.14-1.pgdg13+1) on x86_64-pc-linux-gnu, compiled by gcc (Debian 14.2.0-19) 14.2.0, 64-bit
[32minfo[39m: ✅ Redis connected
[32minfo[39m: ⚙️  Redis ready for commands
[32minfo[39m: ✅ Redis ping successful
[31merror[39m: Error: listen EADDRINUSE: address already in use :::4000
    at Server.setupListenHandle [as _listen2] (node:net:1817:16)
    at listenInCluster (node:net:1865:12)
    at doListen (node:net:2014:7)
    at process.processTicksAndRejections (node:internal/process/task_queues:83:21)
[32minfo[39m: Server closed
[31m[nodemon] app crashed - waiting for file changes before starting...[39m
[32m[nodemon] restarting due to changes...[39m
[32m[nodemon] starting `node src/index.js`[39m
[32m[nodemon] restarting due to changes...[39m
[32m[nodemon] starting `node src/index.js`[39m
(node:73563) NOTE: The AWS SDK for JavaScript (v2) is in maintenance mode.
 SDK releases are limited to address critical bug fixes and security issues only.

Please migrate your code to use AWS SDK for JavaScript (v3).
For more information, check the blog post at https://a.co/cUPnyil
(Use `node --trace-warnings ...` to show where the warning was created)
[32minfo[39m: ✅ Connected to MongoDB
[32minfo[39m: 🔄 Testing PostgreSQL connection...
[32minfo[39m: 📊 Host: 20.169.129.160:5432
[32minfo[39m: 👤 User: sabyagentic_user
[32minfo[39m: 🗄️  Database: halograph
[32minfo[39m: ✅ PostgreSQL connected successfully
[32minfo[39m: 📋 PostgreSQL Version: PostgreSQL 15.14 (Debian 15.14-1.pgdg13+1) on x86_64-pc-linux-gnu, compiled by gcc (Debian 14.2.0-19) 14.2.0, 64-bit
[32minfo[39m: ✅ Redis connected
[32minfo[39m: ⚙️  Redis ready for commands
[32minfo[39m: ✅ Redis ping successful
[31merror[39m: Error: listen EADDRINUSE: address already in use :::4000
    at Server.setupListenHandle [as _listen2] (node:net:1817:16)
    at listenInCluster (node:net:1865:12)
    at doListen (node:net:2014:7)
    at process.processTicksAndRejections (node:internal/process/task_queues:83:21)
[32minfo[39m: Server closed
[31m[nodemon] app crashed - waiting for file changes before starting...[39m
[32m[nodemon] restarting due to changes...[39m
[32m[nodemon] starting `node src/index.js`[39m
[32m[nodemon] restarting due to changes...[39m
[32m[nodemon] restarting due to changes...[39m
[32m[nodemon] starting `node src/index.js`[39m
[32m[nodemon] restarting due to changes...[39m
[32m[nodemon] starting `node src/index.js`[39m
(node:80930) NOTE: The AWS SDK for JavaScript (v2) is in maintenance mode.
 SDK releases are limited to address critical bug fixes and security issues only.

Please migrate your code to use AWS SDK for JavaScript (v3).
For more information, check the blog post at https://a.co/cUPnyil
(Use `node --trace-warnings ...` to show where the warning was created)
[32minfo[39m: ✅ Connected to MongoDB
[32minfo[39m: 🔄 Testing PostgreSQL connection...
[32minfo[39m: 📊 Host: 20.169.129.160:5432
[32minfo[39m: 👤 User: sabyagentic_user
[32minfo[39m: 🗄️  Database: halograph
[32minfo[39m: ✅ PostgreSQL connected successfully
[32minfo[39m: 📋 PostgreSQL Version: PostgreSQL 15.14 (Debian 15.14-1.pgdg13+1) on x86_64-pc-linux-gnu, compiled by gcc (Debian 14.2.0-19) 14.2.0, 64-bit
[32minfo[39m: ✅ Redis connected
[32minfo[39m: ⚙️  Redis ready for commands
[32minfo[39m: ✅ Redis ping successful
[31merror[39m: Error: listen EADDRINUSE: address already in use :::4000
    at Server.setupListenHandle [as _listen2] (node:net:1817:16)
    at listenInCluster (node:net:1865:12)
    at doListen (node:net:2014:7)
    at process.processTicksAndRejections (node:internal/process/task_queues:83:21)
[32minfo[39m: Server closed
[31m[nodemon] app crashed - waiting for file changes before starting...[39m
                                                                                                                                                                                                                                                                                                                                                                                                                                                                                                                                                                                                                                                                                                                                                                                                                                                                                                                                                                                                                                                                                                                                                                                                                                                                                                                                                                                                                                                                                                                                                                                                                                                                                                                                                                                                                                                                                                                                                                                                                                                                                                                                                                                                                                                                                                                                                                                                                                                                                                                                                                                                                                                                                                                                                                                                                                                                                                                                                                                                                                                                                                                                                                                                                                                                                                                                                                                                                                                                                                                                                                                                                                                                                                                                                                                                                                                                                                                                                                                                                                                                                                                                                                                                                                                                                                                                                                                                                                                                                                                                                                                                                                                                                                                                                                                                                                                                                                                                                                                                                                                                                                                                                                                                                                                                                                                                                                                                                                                                                                                                                                                                                                                                                                                                                                                                                                                                                                                                                                                                                                                                                                                                                                                                                                                                                                                                                                                                                                                                                                                                                                                                                                                                                                                                                                                                                                                                                                                                                                                                                                                                                                                                                                                                                                                                                                                                                                                                                                                                                                                                                                                                                                                                                                                                                                                                                                                                                                                                                                                                                                                                                                                                                                                                                                                                                                                                                                                                                                                                                                                                                                                                                                                                                                                                                                                                                                                                                                                                                                                                                                                                                                                                                                                                                                                                                                                                                                                                                                                                                                                                                                                                                                                                                                                                                                                                                                                                                                                                                                                                                                                                                                                                                                                                                                                                                                                                                                                                                                                                                                                                                                                                                                                                                                                                                                                                                                                                                                                                                                                                                                                                                                                                                                                                                                                                                                                                                                                                                                                                                                                                                                                                                                                                                                                                                                                                                                                                                                                                                                                                                                                                                                                                                                                                                                                                                                                                                                                                                                                                                                                                                                                                                                                                                                                                                                                                                                                                                                                                                                                                                                                                                                                                                                                                                                                                                                                                                                                                                                                                                                                                                                                                                                                                                                                                                                                                                                                                                                                                                                                                                                                                                                                                                                                                                                                                                                                                                                                                                                                                                                                                                                                                                                                                                                                                                                                                                                                                                                                                                                                                                                                                                                                                                                                                                                                                                                                                                                                                                                                                                                                                                                                                                                                                                                                                                                                                                                                                                                                                                                                                                                                                                                                                                                                                                                                                                                                                                                                                                                                                                                                                                                                                                                                                                                                                                                                                                                                                                                                                                                                                                                                                                                                                                                                                                                                                                                                                                                                                                                                                                                                                                                                                                                                                                                                                                                                                                                                                                                                                                                                                                                                                                                                                                                                                                                                                                                                                                                                                                                                                                                                                                                                                                                                                                                                                                                                                                                                                                                                                                                                                                                                                                                                                                                                                                                                                                                                                                                                                                                                                                                                                                                                                                                                                                                                                                                                                                                                                                                                                                                                                                                                                                                                                                                                                                                                                                                                                                                                                                                                                                                                                                                                                                                                                                                                                                                                                                                                                                                                                                                                                                                                                                                                                                                                                                                                                                                                                                                                                                                                                                                                                                                                                                                                                                                                                                                                                                                                                                                                                                                                                                                                                                                                                                                                                                                                                                                                                                                                                                                                                                                                                                                                                                                                                                                                                                                                                                                                                                                                                                                                                                                                                                                                                                                                                                                                                                                                                                                                                                                                                                                                                                                                                                                                                                                                                                                                                                                                                                                                                                                                                                                                                                                                                                                                                                                                                                                                                                                                                                                                                                                                                                                                                                                                                                                                                                                                                                                                                                                                                                                                                                                                                                                                                                                                                                                                                                                                                                                                                                                                                                                                                                                                                                                                                                                                                                                                                                                                                                                                                                                                                                                                                                                                                                                                                                                                                                                                                                                                                                                                                                                                                                                                                                                                                                                                                                                                                                                                                                                                                                                                                                                                                                                                                                                                                                                                                                                                                                                                                                                                                                                                                                                                                                                                                                                                                                                                                                                                                                                                                                                                                                                                                                                                                                                                                                                                                                                                                                                                                                                                                                                                                                                                                                                                                                                                                                                                                                                                                                                                                                                                                                                                                                                                                                                                                                                                                                                                                                                                                                                                                                                                                                                                                                                                                                                                                                                                                                                                                                                                                                                                                                                                                                                                                                                                                                                                                                                                                                                                                                                                                                                                                                                                                                                                                                                                                                                                                                                                                                                                                                                                                                                                                                                                                                                                                                                                                                                                                                                                                                                                                                                                                                                                                                                                                                                                                                                                                                                                                                                                                                                                                                                                                                                                                                                                                                                                                                                                                                                                                                                                                                                                                                                                                                                                                                                                                                                                                                                                                                                                                                                                                                                                                                                                                                                                                                                                                                                                                                                                                                                                                                                                                                                                                                                                                                                                                                                                                                                                                                                                                                                                                                                                                                                                                                                                                                                                                                                                                                                                                                                                                                                                                                                                                                                                                                                                                                                                                                                                                                                                                                                                                                                                                                                                                                                                                                                                                                                                                                                                                                                                                                                                                                                                                                                                                                                                                                                                                                                                                                                                                                                                                                                                                                                                                                                                                                                                                                                                                                                                                                                                                                                                                                                                                                                                                                                                                                                                                                                                                                                                                                                                                                                                                                                                                                                                                                                                                                                                                                                                                                                                                                                                                                                                                                                                                                                                                                                                                                                                                                                                                                                                                                                                                                                                                                                                                                                                                                                                                                                                                                                                                                                                                                                                                                                                                                                                                                                                                                                                                                                                                                                                                                                                                                                                                                                                                                                                                                                                                                                                                                                                                                                                                                                                                                                                                                                                                                                                                                                                                                                                                                                                                                                                                                                                                                                                                                                                                                                                                                                                                                                                                                                                                                                                                                                                                                                                                                                                                                                                                                                                                                                                                                                                                                                                                                                                                                                                                                                                                                                                                                                                                                                                                                                                                                                                                                                                                                                                                                                                                                                                                                                                                                                                                                                                                                                                                                                                                                                                                                                                                                                                                                                                                                                                                                                                                                                                                                                                                                                                                                                                                                                                                                                                                                                                                                                                                                                                                                                                                                                                                                                                                                                                                                                                                                                                                                                                                                                                                                                                                                                                                                                                                                                                                                                                                                                                                                                                                                                                                                                                                                                                                                                                                                                                                                                                                                                                                                                                                                                                                                                                                                                                                                                                                                                                                                                                                                                                                                                                                                                                                                                                                                                                                                                                                                                                                                                                                                                                                                                                                                                                                                                                                                                                                                                                                                                                                                                                                                                                                                                                                                                                                                                                                                                                                                                                                                                                                                                                                                                                                                                                                                                                                                                                                                                                                                                                                                                                                                                                                                                                                                                                                                                                                                                                                                                                                                                                                                                                                                                                                                                                                                                                                                                                                                                                                                                                                                                                                                                                                                                                                                                                                                                                                                                                                                                                                                                                                                                                                                                                                                                                                                                                                                                                                                                                                                                                                                                                                                                                                                                                                                                                                                                                                                                                                                                                                                                                                                                                                                                                                                                                                                                                                                                                                                                                                                                                                                                                                                                                                                                                                                                                                                                                                                                                                                                                                                                                                                                                                                                                                                                                                                                                                                                                                                                                                                                                                                                                                                                                                                                                                                                                                                                                                                                                                                                                                                                                                                                                                                                                                                                                                                                                                                                                                                                                                                                                                                                                                                                                                                                                                                                                                                                                                                                                                                                                                                                                                                                                                                                                                                                                                                                                                                                                                                                                                                                                                                                                                                                                                                                                                                                                                                                                                                                                                                                                                                                                                                                                                                                                                                                                                                                                                                                                                                                                                                                                                                                                                                                                                                                                                                                                                                                                                                                                                                                                                                                                                                                                                                                                                                                                                                                                                                                                                                                                                                                                                                                                                                                                                                                                                                                                                                                                                                                                                                                                                                                                                                                                                                                                                                                                                                                                                                                                                                                                                                                                                                                                                                                                                                                                                                                                                                                                                                                                                                                                                                                                                                                                                                                                                                                                                                                                                                                                                                                                                                                                                                                                                                                                                                                                                                                                                                                                                                                                                                                                                                                                                                                                                                                                                                                                                                                                                                                                                                                                                                                                                                                                                                                                                                                                                                                                                                                                                                                                                                                                                                                                                                                                                                                                                                                                                                                                                                                                                                                                                                                                                                                                                                                                                                                                                                                                                                                                                                                                                                                                                                                                                                                                                                                                                                                                                                                                                                                                                                                                                                                                                                                                                                                                                                                                                                                                                                                                                                                                                                                                                                                                                                                                                                                                                                                                                                                                                                                                                                                                                                                                                                                                                                                                                                                                                                                                                                                                                                                                                                                                                                                                                                                                                                                                                                                                                                                                                                                                                                                                                                                                                                                                                                                                                                                                                                                                                                                                                                                                                                                                                                                                                                                                                                                                                                                                                                                                                                                                                                                                                                                                                                                                                                                                                                                                                                                                                                                                                                                                                                                                                                                                                                                                                                                                                                                                                                                                                                                                                                                                                                                                                                                                                                                                                                                                                                                                                                                                                                                                                                                                                                                                                                                                                                                                                                                                                                                                                                                                                                                                                                                                                                                                                                                                                                                                                                                                                                                                                                                                                                                                                                                                                                                                                                                                                                                                                                                                                                                                                                                                                                                                                                                                                                                                                                                                                                                                                                                                                                                                                                                                                                                                                                                                                                                                                                                                                                                                                                                                                                                                                                                                                                                                                                                                                                                                                                                                                                                                                                                                                                                                                                                                                                                                                                                                                                                                                                                                                                                                                                                                                                                                                                                                                                                                                                                                                                                                                                                                                                                                                                                                                                                                                                                                                                                                                                                                                                                                                                                                                                                                                                                                                                                                                                                                                                                                                                                                                                                                                                                                                                                                                                                                                                                                                                                                                                                                                                                                                                                                                                                                                                                                                                                                                                                                                                                                                                                                                                                                                                                                                                                                                                                                                                                                                                                                                                                                                                                                                                                                                                                                                                                                                                                                                                                                                                                                                                                                                                                                                                                                                                                                                                                                                                                                                                                                                                                                                                                                                                                                                                                                                                                                                                                                                                                                                                                                                                                                                                                                                                                                                                                                                                                                                                                                                                                                                                                                                                                                                                                                                                                                                                                                                                                                                                                                                                                                                                                                                                                                                                                                                                                                                                                                                                                                                                                                                                                                                                                                                                                                                                                                                                                                                                                                                                                                                                                                                                                                                                                                                                                                                                                                                                                                                                                                                                                                                                                                                                                                                                                                                                                                                                                                                                                                                                                                                                                                                                                                                                                                                                                                                                                                                                                                                                                                                                                                                                                                                                                                                                                                                                                                                                                                                                                                                                                                                                                                                                                                                                                                                                                                                                                                                                                                                                                                                                                                                                                                                                                                                                                                                                                                                                                                                                                                                                                                                                                                                                                                                                                                                                                                                                                                                                                                                                                                                                                                                                                                                                                                                                                                                                                                                                                                                                                                                                                                                                                                                                                                                                                                                                                                                                                                                                                                                                                                                                                                                                                                                                                                                                                                                                                                                                                                                                                                                                                                                                                                                                                                                                                                                                                                                                                                                                                                                                                                                                                                                                                                                                                                                                                                                                                                                                                                                                                                                                                                                                                                                                                                                                                                                                                                                                                                                                                                                                                                                                                                                                                                                                                                                                                                                                                                                                                                                                                                                                                                                                                                                                                                                                                                                                                                                                                                                                                                                                                                                                                                                                                                                                                                                                                                                                                                                                                                                                                                                                                                                                                                                                                                                                                                                                                                                                                                                                                                                                                                                                                                                                                                                                                                                                                                                                                                                                                                                                                                                                                                                                                                                                                                                                                                                                                                                                                                                                                                                                                                                                                                                                                                                                                                                                                                                                                                                                                                                                                                                                                                                                                                                                                                                                                                                                                                                                                                                                                                                                                                                                                                                                                                                                                                                                                                                                                                                                                                                                                                                                                                                                                                                                                                                                                                                                                                                                                                                                                                                                                                                                                                                                                                                                                                                                                                                                                                                                                                                                                                                                                                                                                                                                                                                                                                                                                                                                                                                                                                                                                                                                                                                                                                                                                                                                                                                                                                                                                                                                                                                                                                                                                                                                                                                                                                                                                                                                                                                                                                                                                                                                                                                                                                                                                                                                                                                                                                                                                                                                                                                                                                                                                                                                                                                                                                                                                                                                                                                                                                                                                                                                                                                                                                                                                                                                                                                                                                                                                                                                                                                                                                                                                                                                                                                                                                                                                                                                                                                                                                                                                                                                                                                                                                                                                                                                                                                                                                                                                                                                                                                                                                                                                                                                                                                                                                                                                                                                                                                                                                                                                                                                                                                                                                                                                                                                                                                                                                                                                                                                                                                                                                                                                                                                                                                                                                                                                                                                                                                                                                                                                                                                                                                                                                                                                                                                                                                                                                                                                                                                                                                                                                                                                                                                                                                                                                                                                                                                                                                                                                                                                                                                                                                                                                                                                                                                                                                                                                                                                                                                                                                                                                                                                                                                                                                                                                                                                                                                                                                                                                                                                                                                                                                                                                                                                                                                                                                                                                                                                                                                                                                                                                                                                                                                                                                                                                                                                                                                                                                                                                                                                                                                                                                                                                                                                                                                                                                                                                                                                                                                                                                                                                                                                                                                                                                                                                                                                                                                                                                                                                                                                                                                                                                                                                                                                                                                                                                                                                                                                                                                                                                                                                                                                                                                                                                                                                                                                                                                                                                                                                                                                                                                                                                                                                                                                                                                                                                                                                                                                                                                                                                                                                                                                                                                                                                                                                                                                                                                                                                                                                                                                                                                                                                                                                                                                                                                                                                                                                                                                                                                                                                                                                                                                                                                                                                                                                                                                                                                                                                                                                                                                                                                                                                                                                                                                                                                                                                                                                                                                                                                                                                                                                                                                                                                                                                                                                                                                                                                                                                                                                                                                                                                                                                                                                                                                                                                                                                                                                                                                                                                                                                                                                                                                                                                                                                                                                                                                                                                                                                                                                                                                                                                                                                                                                                                                                                                                                                                                                                                                                                                                                                                                                                                                                                                                                                                                                                                                                                                                                                                                                                                                                                                                                                                                                                                                                                                                                                                                                                                                                                                                                                                                                                                                                                                                                                                                                                                                                                                                                                                                                                                                                                                                                                                                                                                                                                                                                                                                                                                                                                                                                                                                                                                                                                                                                                                                                                                                                                                                                                                                                                                                                                                                                                                                                                                                                                                                                                                                                                                                                                                                                                                                                                                                                                                                                                                                                                                                                                                                                                                                                                                                                                                                                                                                                                                                                                                                                                                                                                                                                                                                                                                                                                                                                                                                                                                                                                                                                                                                                                                                                                                                                                                                                                                                                                                                                                                                                                                                                                                                                                                                                                                                                                                                                                                                                                                                                                                                                                                                                                                                                                                                                                                                                                                                                                                                                                                                                                                                                                                                                                                                                                                                                                                                                                                                                                                                                                                                                                                                                                                                                                                                                                                                                                                                                                                                                                                                                                                                                                                                                                                                                                                                                                                                                                                                                                                                                                                                                                                                                                                                                                                                                                                                                                                                                                                                                                                                                                                                                                                                                                                                                                                                                                                                                                                                                                                                                                                                                                                                                                                                                                                                                                                                                                                                                                                                                                                                                                                                                                                                                                                                                                                                                                                                                                                                                                                                                                                                                                                                                                                                                                                                                                                                                                                                                                                                                                                                                                                                                                                                                                                                                                                                                                                                                                                                                                                                                                                                                                                                                                                                                                                                                                                                                                                                                                                                                                                                                                                                                                                                                                                                                                                                                                                                                                                                                                                                                                                                                                                                                                                                                                                                                                                                                                                                                                                                                                                                                                                                                                                                                                                                                                                                                                                                                                                                                                                                                                                                                                                                                                                                                                                                                                                                                                                                                                                                                                                                                                                                                                                                                                                                                                                                                                                                                                                                                                                                                                                                                                                                                                                                                                                                                                                                                                                                                                                                                                                                                                                                                                                                                                                                                                                                                                                                                                                                                                                                                                                                                                                                                                                                                                                                                                                                                                                                                                                                                                                                                                                                                                                                                                                                                                                                                                                                                                                                                                                                                                                                                                                                                                                                                                                                                                                                                                                                                                                                                                                                                                                                                                                                                                                                                                                                                                                                                                                                                                                                                                                                                                                                                                                                                                                                                                                                                                                                                                                                                                                                                                                                                                                                                                                                                                                                                                                                                                                                                                                                                                                                                                                                                                                                                                                                                                                                                                                                                                                                                                                                                                                                                                                                                                                                                                                                                                                                                                                                                                                                                                                                                                                                                                                                                                                                                                                                                                                                                                                                                                                                                                                                                                                                                                                                                                                                                                                                                                                                                                                                                                                                                                                                                                                                                                                                                                                                                                                                                                                                                                                                                                                                                                                                                                                                                                                                                                                                                                                                                                                                                                                                                                                                                                                                                                                                                                                                                                                                                                                                                                                                                                                                                                                                                                                                                                                                                                                                                                                                                                                                                                                                                                                                                                                                                                                                                                                                                                                                                                                                                                                                                                                                                                                                                                                                                                                                                                                                                                                                                                                                                                                                                                                                                                                                                                                                                                                                                                                                                                                                                                                                                                                                                                                                                                                                                                                                                                                                                                                                                                                                                                                                                                                                                                                                                                                                                                                                                                                                                                                                                                                                                                                                                                                                                                                                                                                                                                                                                                                                                                                                                                                                                                                                                                                                                                                                                                                                                                                                                                                                                                                                                                                                                                                                                                                                                                                                                                                                                                                                                                                                                                                                                                                                                                                                                                                                                                                                                                                                                                                                                                                                                                                                                                                                                                                                                                                                                                                                                                                                                                                                                                                                                                                                                                                                                                                                                                                                                                                                                                                                                                                                                                                                                                                                                                                                                                                                                                                                                                                                                                                                                                                                                                                                                                                                                                                                                                                                                                                                                                                                                                                                                                                                                                                                                                                                                                                                                                                                                                                                                                                                                                                                                                                                                                                                                                                                                                                                                                                                                                                                                                                                                                                                                                                                                                                                                                                                                                                                                                                                                                                                                                                                                                                                                                                                                                                                                                                                                                                                                                                                                                                                                                                                                                                                                                                                                                                                                                                                                                                                                                                                                                                                                                                                                                                                                                                                                                                                                                                                                                                                                                                                                                                                                                                                                                                                                                                                                                                                                                                                                                                                                                                                                                                                                                                                                                                                                                                                                                                                                                                                                                                                                                                                                                                                                                                                                                                                                                                                                                                                                                                                                                                                                                                                                                                                                                                                                                                                                                                                                                                                                                                                                                                                                                                                                                                                                                                                                                                                                                                                                                                                                                                                                                                                                                                                                                                                                                                                                                                                                                                                                                                                                                                                                                                                                                                                                                                                                                                                                                                                                                                                                                                                                                                                                                                                                                                                                                                                                                                                                                                                                                                                                                                                                                                                                                                                                                                                                                                                                                                                                                                                                                                                                                                                                                                                                                                                                                                                                                                                                                                                                                                                                                                                                                                                                                                                                                                                                                                                                                                                                                                                                                                                                                                                                                                                                                                                                                                                                                                                                                                                                                                                                                                                                                                                                                                                                                                                                                                                                                                                                                                                                                                                                                                                                                                                                                                                                                                                                                                                                                                                                                                                                                                                                                                                                                                                                                                                                                                                                                                                                                                                                                                                                                                                                                                                                                                                                                                                                                                                                                                                                                                                                                                                                                                                                                                                                                                                                                                                                                                                                                                                                                                                                                                                                                                                                                                                                                                                                                                                                                                                                                                                                                                                                                                                                                                                                                                                                                                                                                                                                                                                                                                                                                                                                                                                                                                                                                                                                                                                                                                                                                                                                                                                                                                                                                                                                                                                                                                                                                                                                                                                                                                                                                                                                                                                                                                                                                                                                                                                                                                                                                                                                                                                                                                                                                                                                                                                                                                                                                                                                                                                                                                                                                                                                                                                                                                                                                                                                                                                                                                                                                                                                                                                                                                                                                                                                                                                                                                                                                                                                                                                                                                                                                                                                                                                                                                                                                                                                                                                                                                                                                                                                                                                                                                                                                                                                                                                                                                                                                                                                                                                                                                                                                                                                                                                                                                                                                                                                                                                                                                                                                                                                                                                                                                                                                                                                                                                                                                                                                                                                                                                                                                                                                                                                                                                                                                                                                                                                                                                                                                                                                                                                                                                                                                                                                                                                                                                                                                                                                                                                                                                                                                                                                                                                                                                                                                                                                                                                                                                                                                                                                                                                                                                                                                                                                                                                                                                                                                                                                                                                                                                                                                                                                                                                                                                                                                                                                                                                                                                                                                                                                                                                                                                                                                                                                                                                                                                                                                                                                                                                                                                                                                                                                                                                                                                                                                                                                                                                                                                                                                                                                                                                                                                                                                                                                                                                                                                                                                                                                                                                                                                                                                                                                                                                                                                                                                                                                                                                                                                                                                                                                                                                                                                                                                                                                                                                                                                                                                                                                                                                                                                                                                                                                                                                                                                                                                                                                                                                                                                                                                                                                                                                                                                                                                                                                                                                                                                                                                                                                                                                                                                                                                                                                                                                                                                                                                                                                                                                                                                                                                                                                                                                                                                                                                                                                                                                                                                                                                                                                                                                                                                                                                                                                                                                                                                                                                                                                                                                                                                                                                                                                                                                                                                                                                                                                                                                                                                                                                                                                                                                                                                                                                                                                                                                                                                                                                                                                                                                                                                                                                                                                                                                                                                                                                                                                                                                                                                                                                                                                                                                                                                                                                                                                                                                                                                                                                                                                                                                                                                                                                                                                                                                                                                                                                                                                                                                                                                                                                                                                                                                                                                                                                                                                                                                                                                                                                                                                                                                                                                                                                                                                                                                                                                                                                                                                                                                                                                                                                                                                                                                                                                                                                                                                                                                                                                                                                                                                                                                                                                                                                                                                                                                                                                                                                                                                                                                                                                                                                                                                                                                                                                                                                                                                                                                                                                                                                                                                                                                                                                                                                                                                                                                                                                                                                                                                                                                                                                                                                                                                                                                                                                                                                                                                                                                                                                                                                                                                                                                                                                                                                                                                                                                                                                                                                                                                                                                                                                                                                                                                                                                                                                                                                                                                                                                                                                                                                                                                                                                                                                                                                                                                                                                                                                                                                                                                                                                                                                                                                                                                                                                                                                                                                                                                                                                                                                                                                                                                                                                                                                                                                                                                                                                                                                                                                                                                                                                                                                                                                                                                                                                                                                                                                                                                                                                                                                                                                                                                                                                                                                                                                                                                                                                                                                                                                                                                                                                                                                                                                                                                                                                                                                                                                                                                                                                                                                                                                                                                                                                                                                                                                                                                                                                                                                                                                                                                                                                                                                                                                                                                                                                                                                                                                                                                                                                                                                                                                                                                                                                                                                                                                                                                                                                                                                                                                                                                                                                                                                                                                                                                                                                                                                                                                                                                                                                                                                                                                                                                                                                                                                                                                                                                                                                                                                                                                                                                                                                                                                                                                                                                                                                                                                                                                                                                                                                                                                                                                                                                                                                                                                                                                                                                                                                                                                                                                                                                                                                                                                                                                                                                                                                                                                                                                                                                                                                                                                                                                                                                                                                                                                                                                                                                                                                                                                                                                                                                                                                                                                                                                                                                                                                                                                                                                                                                                                                                                                                                                                                                                                                                                                                                                                                                                                                                                                                                                                                                                                                                                                                                                                                                                                                                                                                                                                                                                                                                                                                                                                                                                                                                                                                                                                                                                                                                                                                                                                                                                                                                                                                                                                                                                                                                                                                                                                                                                                                                                                                                                                                                                                                                                                                                                                                                                                                                                                                                                                                                                                                                                                                                                                                                                                                                                                                                                                                                                                                                                                                                                                                                                                                                                                                                                                                                                                                                                                                                                                                                                                                                                                                                                                                                                                                                                                                                                                                                                                                                                                                                                                                                                                                                                                                                                                                                                                                                                                                                                                                                                                                                                                                                                                                                                                                                                                                                                                                                                                                                                                                                                                                                                                                                                                                                                                                                                                                                                                                                                                                                                                                                                                                                                                                                                                                                                                                                                                                                                                                                                                                                                                                                                                                                                                                                                                                                                                                                                                                                                                                                                                                                                                                                                                                                                                                                                                                                                                                                                                                                                                                                                                                                                                                                                                                                                                                                                                                                                                                                                                                                                                                                                                                                                                                                                                                                                                                                                                                                                                                                                                                                                                                                                                                                                                                                                                                                                                                                                                                                                                                                                                                                                                                                                                                                                                                                                                                                                                                                                                                                                                                                                                                                                                                                                                                                                                                                                                                                                                                                                                                                                                                                                                                                                                                                                                                                                                                                                                                                                                                                                                                                                                                                                                                                                                                                                                                                                                                                                                                                                                                                                                                                                                                                                                                                                                                                                                                                                                                                                                                                                                                                                                                                                                                                                                                                                                                                                                                                                                                                                                                                                                                                                                                                                                                                                                                                                                                                                                                                                                                                                                                                                                                                                                                                                                                                                                                                                                                                                                                                                                                                                                                                                                                                                                                                                                                                                                                                                                                                                                                                                                                                                                                                                                                                                                                                                                                                                                                                                                                                                                                                                                                                                                                                                                                                                                                                                                                                                                                                                                                                                                                                                                                                                                                                                                                                                                                                                                                                                                                                                                                                                                                                                                                                                                                                                                                                                                                                                                                                                                                                                                                                                                                                                                                                                                                                                                                                                                                                                                                                                                                                                                                                                                                                                                                                                                                                                                                                                                                                                                                                                                                                                                                                                                                                                                                                                                                                                                                                                                                                                                                                                                                                                                                                                                                                                                                                                                                                                                                                                                                                                                                                                                                                                                                                                                                                                                                                                                                                                                                                                                                                                                                                                                                                                                                                                                                                                                                                                                                                                                                                                                                                                                                                                                                                                                                                                                                                                                                                                                                                                                                                                                                                                                                                                                                                                                                                                                                                                                                                                                                                                                                                                                                                                                                                                                                                                                                                                                                                                                                                                                                                                                                                                                                                                                                                                                                                                                                                                                                                                                                                                                                                                                                                                                                                                                                                                                                                                                                                                                                                                                                                                                                                                                                                                                                                                                                                                                                                                                                                                                                                                                                                                                                                                                                                                                                                                                                                                                                                                                                                                                                                                                                                                                                                                                                                                                                                                                                                                                                                                                                                                                                                                                                                                                                                                                                                                                                                                                                                                                                                                                                                                                                                                                                                                                                                                                                                                                                                                                                                                                                                                                                                                                                                                                                                                                                                                                                                                                                                                                                                                                                                                                                                                                                                                                                                                                                                                                                                                                                                                                                                                                                                                                                                                                                                                                                                                                                                                                                                                                                                                                                                                                                                                                                                                                                                                                                                                                                                                                                                                                                                                                                                                                                                                                                                                                                                                                                                                                                                                                                                                                                                                                                                                                                                                                                                                                                                                                                                                                                                                                                                                                                                                                                                                                                                                                                                                                                                                                                                                                                                                                                                                                                                                                                                                                                                                                                                                                                                                                                                                                                                                                                                                                                                                                                                                                                                                                                                                                                                                                                                                                                                                                                                                                                                                                                                                                                                                                                                                                                                                                                                                                                                                                                                                                                                                                                                                                                                                                                                                                                                                                                                                                                                                                                                                                                                                                                                                                                                                                                                                                                                                                                                                                                                                                                                                                                                                                                                                                                                                                                                                                                                                                                                                                                                                                                                                                                                                                                                                                                                                                                                                                                                                                                                                                                                                                                                                                                                                                                                                                                                                                                                                                                                                                                                                                                                                                                                                                                                                                                                                                                                                                                                                                                                                                                                                                                                                                                                                                                                                                                                                                                                                                                                                                                                                                                                                                                                                                                                                                                                                                                                                                                                                                                                                                                                                                                                                                                                                                                                                                                                                                                                                                                                                                                                                                                                                                                                                                                                                                                                                                                                                                                                                                                                                                                                                                                                                                                                                                                                                                                                                                                                                                                                                                                                                                                                                                                                                                                                                                                                                                                                                                                                                                                                                                                                                                                                                                                                                                                                                                                                                                                                                                                                                                                                                                                                                                                                                                                                                                                                                                                                                                                                                                                                                                                                                                                                                                                                                                                                                                                                                                                                                                                                                                                                                                                                                                                                                                                                                                                                                                                                                                                                                                                                                                                                                                                                                                                                                                                                                                                                                                                                                                                                                                                                                                                                                                                                                                                                                                                                                                                                                                                                                                                                                                                                                                                                                                                                                                                                                                                                                                                                                                                                                                                                                                                                                                                                                                                                                                                                                                                                                                                                                                                                                                                                                                                                                                                                                                                                                                                                                                                                                                                                                                                                                                                                                                                                                                                                                                                                                                                                                                                                                                                                                                                                                                                                                                                                                                                                                                                                                                                                                                                                                                                                                                                                                                                                                                                                                                                                                                                                                                                                                                                                                                                                                                                                                                                                                                                                                                                                                                                                                                                                                                                                                                                                                                                                                                                                                                                                                                                                                                                                                                                                                                                                                                                                                                                                                                                                                                                                                                                                                                                                                                                                                                                                                                                                                                                                                                                                                                                                                                                                                                                                                                                                                                                                                                                                                                                                                                                                                                                                                                                                                                                                                                                                                                                                                                                                                                                                                                                                                                                                                                                                                                                                                                                                                                                                                                                                                                                                                                                                                                                                                                                                                                                                                                                                                                                                                                                                                                                                                                                                                                                                                                                                                                                                                                                                                                                                                                                                                                                                                                                                                                                                                                                                                                                                                                                                                                                                                                                                                                                                                                                                                                                                                                                                                                                                                                                                                                                                                                                                                                                                                                                                                                                                                                                                                                                                                                                                                                                                                                                                                                                                                                                                                                                                                                                                                                                                                                                                                                                                                                                                                                                                                                                                                                                                                                                                                                                                                                                                                                                                                                                                                                                                                                                                                                                                                                                                                                                                                                                                                                                                                                                                                                                                                                                                                                                                                                                                                                                                                                                                                                                                                                                                                                                                                                                                                                                                                                                                                                                                                                                                                                                                                                                                                                                                                                                                                                                                                                                                                                                                                                                                                                                                                                                                                                                                                                                                                                                                                                                                                                                                                                                                                                                                                                                                                                                                                                                                                                                                                                                                                                                                                                                                                                                                                                                                                                                                                                                                                                                                                                                                                                                                                                                                                                                                                                                                                                                                                                                                                                                                                                                                                                                                                                                                                                                                                                                                                                                                                                                                                                                                                                                                                                                                                                                                                                                                                                                                                                                                                                                                                                                                                                                                                                                                                                                                                                                                                                                                                                                                                                                                                                                                                                                                                                                                                                                                                                                                                                                                                                                                                                                                                                                                                                                                                                                                                                                                                                                                                                                                                                                                                                                                                                                                                                                                                                                                                                                                                                                                                                                                                                                                                                                                                                                                                                                                                                                                                                                                                                                                                                                                                                                                                                                                                                                                                                                                                                                                                                                                                                                                                                                                                                                                                                                                                                                                                                                                                                                                                                                                                                                                                                                                                                                                                                                                                                                                                                                                                                                                                                                                                                                                                                                                                                                                                                                                                                                                                                                                                                                                                                                                                                                                                                                                                                                                                                                                                                                                                                                                                                                                                                                                                                                                                                                                                                                                                                                                                                                                                                                                                                                                                                                                                                                                                                                                                                                                                                                                                                                                                                                                                                                                                                                                                                                                                                                                                                                                                                                                                                                                                                                                                                                                                                                                                                                                                                                                                                                                                                                                                                                                                                                                                                                                                                                                                                                                                                                                                                                                                                                                                                                                                                                                                                                                                                                                                                                                                                                                                                                                                                                                                                                                                                                                                                                                                                                                                                                                                                                                                                                                                                                                                                                                                                                                                                                                                                                                                                                                                                                                                                                                                                                                                                                                                                                                                                                                                                                                                                                                                                                                                                                                                                                                                                                                                                                                                                                                                                                                                                                                                                                                                                                                                                                                                                                                                                                                                                                                                                                                                                                                                                                                                                                                                                                                                                                                                                                                                                                                                                                                                                                                                                                                                                                                                                                                                                                                                                                                                                                                                                                                                                                                                                                                                                                                                                                                                                                                                                                                                                                                                                                                                                                                                                                                                                                                                                                                                                                                                                                                                                                                                                                                                                                                                                                                                                                                                                                                                                                                                                                                                                                                                                                                                                                                                                                                                                                                                                                                                                                                                                                                                                                                                                                                                                                                                                                                                                                                                                                                                                                                                                                                                                                                                                                                                                                                                                                                                                                                                                                                                                                                                                                                                                                                                                                                                                                                                                                                                                                                                                                                                                                                                                                                                                                                                                                                                                                                                                                                                                                                                                                                                                                                                                                                                                                                                                                                                                                                                                                                                                                                                                                                                                                                                                                                                                                                                                                                                                                                                                                                                                                                                                                                                                                                                                                                                                                                                                                                                                                                                                                                                                                                                                                                                                                                                                                                                                                                                                                                                                                                                                                                                                                                                                                                                                                                                                                                                                                                                                                                                                                                                                                                                                                                                                                                                                                                                                                                                                                                                                                                                                                                                                                                                                                                                                                                                                                                                                                                                                                                                                                                                                                                                                                                                                                                                                                                                                                                                                                                                                                                                                                                                                                                                                                                                                                                                                                                                                                                                                                                                                                                                                                                                                                                                                                                                                                                                                                                                                                                                                                                                                                                                                                                                                                                                                                                                                                                                                                                                                                                                                                                                                                                                                                                                                                                                                                                                                                                                                                                                                                                                                                                                                                                                                                                                                                                                                                                                                                                                                                                                                                                                                                                                                                                                                                                                                                                                                                                                                                                                                                                                                                                                                                                                                                                                                                                                                                                                                                                                                                                                                                                                                                                                                                                                                                                                                                                                                                                                                                                                                                                                                                                                                                                                                                                                                                                                                                                                                                                                                                                                                                                                                                                                                                                                                                                                                                                                                                                                                                                                                                                                                                                                                                                                                                                                                                                                                                                                                                                                                                                                                                                                                                                                                                                                                                                                                                                                                                                                                                                                                                                                                                                                                                                                                                                                                                                                                                                                                                                                                                                                                                                                                                                                                                                                                                                                                                                                                                                                                                                                                                                                                                                                                                                                                                                                                                                                                                                                                                                                                                                                                                                                                                                                                                                                                                                                                                                                                                                                                                                                                                                                                                                                                                                                                                                                                                                                                                                                                                                                                                                                                                                                                                                                                                                                                                                                                                                                                                                                                                                                                                                                                                                                                                                                                                                                                                                                                                                                                                                                                                                                                                                                                                                                                                                                                                                                                                                                                                                                                                                                                                                                                                                                                                                                                                                                                                                                                                                                                                                                                                                                                                                                                                                                                                                                                                                                                                                                                                                                                                                                                                                                                                                                                                                                                                                                                                                                                                                                                                                                                                                                                                                                                                                                                                                                                                                                                                                                                                                                                                                                                                                                                                                                                                                                                                                                                                                                                                                                                                                                                                                                                                                                                                                                                                                                                                                                                                                                                                                                                                                                                                                                                                                                                                                                                                                                                                                                                                                                                                                                                                                                                                                                                                                                                                                                                                                                                                                                                                                                                                                                                                                                                                                                                                                                                                                                                                                                                                                                                                                                                                                                                                                                                                                                                                                                                                                                                                                                                                                                                                                                                                                                                                                                                                                                                                                                                                                                                                                                                                                                                                                                                                                                                                                                                                                                                                                                                                                                                                                                                                                                                                                                                                                                                                                                                                                                                                                                                                                                                                                                                                                                                                                                                                                                                                                                                                                                                                                                                                                                                                                                                                                                                                                                                                                                                                                                                                                                                                                                                                                                                                                                                                                                                                                                                                                                                                                                                                                                                                                                                                                                                                                                                                                                                                                                                                                                                                                                                                                                                                                                                                                                                                                                                                                                                                                                                                                                                                                                                                                                                                                                                                                                                                                                                                                                                                                                                                                                                                                                                                                                                                                                                                                                                                                                                                                                                                                                                                                                                                                                                                                                                                                                                                                                                                                                                                                                                                                                                                                                                                                                                                                                                                                                                                                                                                                                                                                                                                                                                                                                                                                                                                                                                                                                                                                                                                                                                                                                                                                                                                                                                                                                                                                                                                                                                                                                                                                                                                                                                                                                                                                                                                                                                                                                                                                                                                                                                                                                                                                                                                                                                                                                                                                                                                                                                                                                                                                                                                                                                                                                                                                                                                                                                                                                                                                                                                                                                                                                                                                                                                                                                                                                                                                                                                                                                                                                                                                                                                                                                                                                                                                                                                                                                                                                                                                                                                                                                                                                                                                                                                                                                                                                                                                                                                                                                                                                                                                                                                                                                                                                                                                                                                                                                                                                                                                                                                                                                                                                                                                                                                                                                                                                                                                                                                                                                                                                                                                                                                                                                                                                                                                                                                                                                                                                                                                                                                                                                                                                                                                                                                                                                                                                                                                                                                                                                                                                                                                                                                                                                                                                                                                                                                                                                                                                                                                                                                                                                                                                                                                                                                                                                                                                                                                                                                                                                                                                                                                                                                                                                                                                                                                                                                                                                                                                                                                                                                                                                                                                                                                                                                                                                                                                                                                                                                                                                                                                                                                                                                                                                                                                                                                                                                                                                                                                                                                                                                                                                                                                                                                                                                                                                                                                                                                                                                                                                                                                                                                                                                                                                                                                                                                                                                                                                                                                                                                                                                                                                                                                                                                                                                                                                                                                                                                                                                                                                                                                                                                                                                                                                                                                                                                                                                                                                                                                                                                                                                                                                                                                                                                                                                                                                                                                                                                                                                                                                                                                                                                                                                                                                                                                                                                                                                                                                                                                                                                                                                                                                                                                                                                                                                                                                                                                                                                                                                                                                                                                                                                                                                                                                                                                                                                                                                                                                                                                                                                                                                                                                                                                                                                                                                                                                                                                                                                                                                                                                                                                                                                                                                                                                                                                                                                                                                                                                                                                                                                                                                                                                                                                                                                                                                                                                                                                                                                                                                                                                                                                                                                                                                                                                                                                                                                                                                                                                                                                                                                                                                                                                                                                                                                                                                                                                                                                                                                                                                                                                                                                                                                                                                                                                                                                                                                                                                                                                                                                                                                                                                                                                                                                                                                                                                                                                                                                                                                                                                                                                                                                                                                                                                                                                                                                                                                                                                                                                                                                                                                                                                                                                                                                                                                                                                                                                                                                                                                                                                                                                                                                                                                                                                                                                                                                                                                                                                                                                                                                                                                                                                                                                                                                                                                                                                                                                                                                                                                                                                                                                                                                                                                                                                                                                                                                                                                                                                                                                                                                                                                                                                                                                                                                                                                                                                                                                                                                                                                                                                                                                                                                                                                                                                                                                                                                                                                                                                                                                                                                                                                                                                                                                                                                                                                                                                                                                                                                                                                                                                                                                                                                                                                                                                                                                                                                                                                                                                                                                                                                                                                                                                                                                                                                                                                                                                                                                                                                                                                                                                                                                                                                                                                                                                                                                                                                                                                                                                                                                                                                                                                                                                                                                                                                                                                                                                                                                                                                                                                                                                                                                                                                                                                                                                                                                                                                                                                                                                                                                                                                                                                                                                                                                                                                                                                                                                                                                                                                                                                                                                                                                                                                                                                                                                                                                                                                                                                                                                                                                                                                                                                                                                                                                                                                                                                                                                                                                                                                                                                                                                                                                                                                                                                                                                                                                                                                                                                                                                                                                                                                                                                                                                                                                                                                                                                                                                                                                                                                                                                                                                                                                                                                                                                                                                                                                                                                                                                                                                                                                                                                                                                                                                                                                                                                                                                                                                                                                                                                                                                                                                                                                                                                                                                                                                                                                                                                                                                                                                                                                                                                                                                                                                                                                                                                                                                                                                                                                                                                                                                                                                                                                                                                                                                                                                                                                                                                                                                                                                                                                                                                                                                                                                                                                                                                                                                                                                                                                                                                                                                                                                                                                                                                                                                                                                                                                                                                                                                                                                                                                                                                                                                                                                                                                                                                                                                                                                                                                                                                                                                                                                                                                                                                                                                                                                                                                                                                                                                                                                                                                                                                                                                                                                                                                                                                                                                                                                                                                                                                                                                                                                                                                                                                                                                                                                                                                                                                                                                                                                                                                                                                                                                                                                                                                                                                                                                                                                                                                                                                                                                                                                                                                                                                                                                                                                                                                                                                                                                                                                                                                                                                                                                                                                                                                                                                                                                                                                                                                                                                                                                                                                                                                                                                                                                                                                                                                                                                                                                                                                                                                                                                                                                                                                                                                                                                                                                                                                                                                                                                                                                                                                                                                                                                                                                                                                                                                                                                                                                                                                                                                                                                                                                                                                                                                                                                                                                                                                                                                                                                                                                                                                                                                                                                                                                                                                                                                                                                                                                                                                                                                                                                                                                                                                                                                                                                                                                                                                                                                                                                                                                                                                                                                                                                                                                                                                                                                                                                                                                                                                                                                                                                                                                                                                                                                                                                                                                                                                                                                                                                                                                                                                                                                                                                                                                                                                                                                                                                                                                                                                                                                                                                                                                                                                                                                                                                                                                                                                                                                                                                                                                                                                                                                                                                                                                                                                                                                                                                                                                                                                                                                                                                                                                                                                                                                                                                                                                                                                                                                                                                                                                                                                                                                                                                                                                                                                                                                                                                                                                                                                                                                                                                                                                                                                                                                                                                                                                                                                                                                                                                                                                                                                                                                                                                                                                                                                                                                                                                                                                                                                                                                                                                                                                                                                                                                                                                                                                                                                                                                                                                                                                                                                                                                                                                                                                                                                                                                                                                                                                                                                                                                                                                                                                                                                                                                                                                                                                                                                                                                                                                                                                                                                                                                                                                                                                                                                                                                                                                                                                                                                                                                                                                                                                                                                                                                                                                                                                                                                                                                                                                                                                                                                                                                                                                                                                                                                                                                                                                                                                                                                                                                                                                                                                                                                                                                                                                                                                                                                                                                                                                                                                                                                                                                                                                                                                                                                                                                                                                                                                                                                                                                                                                                                                                                                                                                                                                                                                                                                                                                                                                                                                                                                                                                                                                                                                                                                                                                                                                                                                                                                                                                                                                                                                                                                                                                                                                                                                                                                                                                                                                                                                                                                                                                                                                                                                                                                                                                                                                                                                                                                                                                                                                                                                                                                                                                                                                                                                                                                                                                                                                                                                                                                                                                                                                                                                                                                                                                                                                                                                                                                                                                                                                                                                                                                                                                                                                                                                                                                                                                                                                                                                                                                                                                                                                                                                                                                                                                                                                                                                                                                                                                                                                                                                                                                                                                                                                                                                                                                                                                                                                                                                                                                                                                                                                                                                                                                                                                                                                                                                                                                                                                                                                                                                                                                                                                                                                                                                                                                                                                                                                                                                                                                                                                                                                                                                                                                                                                                                                                                                                                                                                                                                                                                                                                                                                                                                                                                                                                                                                                                                                                                                                                                                                                                                                                                                                                                                                                                                                                                                                                                                                                                                                                                                                                                                                                                                                                                                                                                                                                                                                                                                                                                                                                                                                                                                                                                                                                                                                                                                                                                                                                                                                                                                                                                                                                                                                                                                                                                                                                                                                                                                                                                                                                                                                                                                                                                                                                                                                                                                                                                                                                                                                                                                                                                                                                                                                                                                                                                                                                                                                                                                                                                                                                                                                                                                                                                                                                                                                                                                                                                                                                                                                                                                                                                                                                                                                                                                                                                                                                                                                                                                                                                                                                                                                                                                                                                                                                                                                                                                                                                                                                                                                                                                                                                                                                                                                                                                                                                                                                                                                                                                                                                                                                                                                                                                                                                                                                                                                                                                                                                                                                                                                                                                                                                                                                                                                                                                                                                                                                                                                                                                                                                                                                                                                                                                                                                                                                                                                                                                                                                                                                                                                                                                                                                                                                                                                                                                                                                                                                                                                                                                                                                                                                                                                                                                                                                                                                                                                                                                                                                                                                                                                                                                                                                                                                                                                                                                                                                                                                                                                                                                                                                                                                                                                                                                                                                                                                                                                                                                                                                                                                                                                                                                                                                                                                                                                                                                                                                                                                                                                                                                                                                                                                                                                                                                                                                                                                                                                                                                                                                                                                                                                                                                                                                                                                                                                                                                                                                                                                                                                                                                                                                                                                                                                                                                                                                                                                                                                                                                                                                                                                                                                                                                                                                                                                                                                                                                                                                                                                                                                                                                                                                                                                                                                                                                                                                                                                                                                                                                                                                                                                                                                                                                                                                                                                                                                                                                                                                                                                                                                                                                                                                                                                                                                                                                                                                                                                                                                                                                                                                                                                                                                                                                                                                                                                                                                                                                                                                                                                                                                                                                                                                                                                                                                                                                                                                                                                                                                                                                                                                                                                                                                                                                                                                                                                                                                                                                                                                                                                                                                                                                                                                                                                                                                                                                                                                                                                                                                                                                                                                                                                                                                                                                                                                                                                                                                                                                                                                                                                                                                                                                                                                                                                                                                                                                                                                                                                                                                                                                                                                                                                                                                                                                                                                                                                                                                                                                                                                                                                                                                                                                                                                                                                                                                                                                                                                                                                                                                                                                                                                                                                                                                                                                                                                                                                                                                                                                                                                                                                                                                                                                                                                                                                                                                                                                                                                                                                                                                                                                                                                                                                                                                                                                                                                                                                                                                                                                                                                                                                                                                                                                                                                                                                                                                                                                                                                                                                                                                                                                                                                                                                                                                                                                                                                                                                                                                                                                                                                                                                                                                                                                                                                                                                                                                                                                                                                                                                                                                                                                                                                                                                                                                                                                                                                                                                                                                                                                                                                                                                                                                                                                                                                                                                                                                                                                                                                                                                                                                                                                                                                                                                                                                                                                                                                                                                                                                                                                                                                                                                                                                                                                                                                                                                                                                                                                                                                                                                                                                                                                                                                                                                                                                                                                                                                                                                                                                                                                                                                                                                                                                                                                                                                                                                                                                                                                                                                                                                                                                                                                                                                                                                                                                                                                                                                                                                                                                                                                                                                                                                                                                                                                                                                                                                                                                                                                                                                                                                                                                                                                                                                                                                                                                                                                                                                                                                                                                                                                                                                                                                                                                                                                                                                                                                                                                                                                                                                                                                                                                                                                                                                                                                                                                                                                                                                                                                                                                                                                                                                                                                                                                                                                                                                                                                                                                                                                                                                                                                                                                                                                                                                                                                                                                                                                                                                                                                                                                                                                                                                                                                                                                                                                                                                                                                                                                                                                                                                                                                                                                                                                                                                                                                                                                                                                                                                                                                                                                                                                                                                                                                                                                                                                                                                                                                                                                                                                                                                                                                                                                                                                                                                                                                                                                                                                                                                                                                                                                                                                                                                                                                                                                                                                                                                                                                                                                                                                                                                                                                                                                                                                                                                                                                                                                                                                                                                                                                                                                                                                                                                                                                                                                                                                                                                                                                                                                                                                                                                                                                                                                                                                                                                                                                                                                                                                                                                                                                                                                                                                                                                                                                                                                                                                                                                                                                                                                                                                                                                                                                                                                                                                                                                                                                                                                                                                                                                                                                                                                                                                                                                                                                                                                                                                                                                                                                                                                                                                                                                                                                                                                                                                                                                                                                                                                                                                                                                                                                                                                                                                                                                                                                                                                                                                                                                                                                                                                                                                                                                                                                                                                                                                                                                                                                                                                                                                                                                                                                                                                                                                                                                                                                                                                                                                                                                                                                                                                                                                                                                                                                                                                                                                                                                                                                                                                                                                                                                                                                                                                                                                                                                                                                                                                                                                                                                                                                                                                                                                                                                                                                                                                                                                                                                                                                                                                                                                                                                                                                                                                                                                                                                                                                                                                                                                                                                                                                                                                                                                                                                                                                                                                                                                                                                                                                                                                                                                                                                                                                                                                                                                                                                                                                                                                                                                                                                                                                                                                                                                                                                                                                                                                                                                                                                                                                                                                                                                                                                                                                                                                                                                                                                                                                                                                                                                                                                                                                                                                                                                                                                                                                                                                                                                                                                                                                                                                                                                                                                                                                                                                                                                                                                                                                                                                                                                                                                                                                                                                                                                                                                                                                                                                                                                                                                                                                                                                                                                                                                                                                                                                                                                                                                                                                                                                                                                                                                                                                                                                                                                                                                                                                                                                                                                                                                                                                                                                                                                                                                                                                                                                                                                                                                                                                                                                                                                                                                                                                                                                                                                                                                                                                                                                                                                                                                                                                                                                                                                                                                                                                                                                                                                                                                                                                                                                                                                                                                                                                                                                                                                                                                                                                                                                                                                                                                                                                                                                                                                                                                                                                                                                                                                                                                                                                                                                                                                                                                                                                                                                                                                                                                                                                                                                                                                                                                                                                                                                                                                                                                                                                                                                                                                                                                                                                                                                                                                                                                                                                                                                                                                                                                                                                                                                                                                                                                                                                                                                                                                                                                                                                                                                                                                                                                                                                                                                                                                                                                                                                                                                                                                                                                                                                                                                                                                                                                                                                                                                                                                                                                                                                                                                                                                                                                                                                                                                                                                                                                                                                                                                                                                                                                                                                                                                                                                                                                                                                                                                                                                                                                                                                                                                                                                                                                                                                                                                                                                                                                                                                                                                                                                                                                                                                                                                                                                                                                                                                                                                                                                                                                                                                                                                                                                                                                                                                                                                                                                                                                                                                                                                                                                                                                                                                                                                                                                                                                                                                                                                                                                                                                                                                                                                                                                                                                                                                                                                                                                                                                                                                                                                                                                                                                                                                                                                                                                                                                                                                                                                                                                                                                                                                                                                                                                                                                                                                                                                                                                                                                                                                                                                                                                                                                                                                                                                                                                                                                                                                                                                                                                                                                                                                                                                                                                                                                                                                                                                                                                                                                                                                                                                                                                                                                                                                                                                                                                                                                                                                                                                                                                                                                                                                                                                                                                                                                                                                                                                                                                                                                                                                                                                                                                                                                                                                                                                                                                                                                                                                                                                                                                                                                                                                                                                                                                                                                                                                                                                                                                                                                                                                                                                                                                                                                                                                                                                                                                                                                                                                                                                                                                                                                                                                                                                                                                                                                                                                                                                                                                                                                                                                                                                                                                                                                                                                                                                                                                                                                                                                                                                                                                                                                                                                                                                                                                                                                                                                                                                                                                                                                                                                                                                                                                                                                                                                                                                                                                                                                                                                                                                                                                                                                                                                                                                                                                                                                                                                                                                                                                                                                                                                                                                                                                                                                                                                                                                                                                                                                                                                                                                                                                                                                                                                                                                                                                                                                                                                                                                                                                                                                                                                                                                                                                                                                                                                                                                                                                                                                                                                                                                                                                                                                                                                                                                                                                                                                                                                                                                                                                                                                                                                                                                                                                                                                                                                                                                                                                                                                                                                                                                                                                                                                                                                                                                                                                                                                                                                                                                                                                                                                                                                                                                                                                                                                                                                                                                                                                                                                                                                                                                                                                                                                                                                                                                                                                                                                                                                                                                                                                                                                                                                                                                                                                                                                                                                                                                                                                                                                                                                                                                                                                                                                                                                                                                                                                                                                                                                                                                                                                                                                                                                                                                                                                                                                                                                                                                                                                                                                                                                                                                                                                                                                                                                                                                                                                                                                                                                                                                                                                                                                                                                                                                                                                                                                                                                                                                                                                                                                                                                                                                                                                                                                                                                                                                                                                                                                                                                                                                                                                                                                                                                                                                                                                                                                                                                                                                                                                                                                                                                                                                                                                                                                                                                                                                                                                                                                                                                                                                                                                                                                                                                                                                                                                                                                                                                                                                                                                                                                                                                                                                                                                                                                                                                                                                                                                                                                                                                                                                                                                                                                                                                                                                                                                                                                                                                                                                                                                                                                                                                                                                                                                                                                                                                                                                                                                                                                                                                                                                                                                                                                                                                                                                                                                                                                                                                                                                                                                                                                                                                                                                                                                                                                                                                                                                                                                                                                                                                                                                                                                                                                                                                                                                                                                                                                                                                                                                                                                                                                                                                                                                                                                                                                                                                                                                                                                                                                                                                                                                                                                                                                                                                                                                                                                                                                                                                                                                                                                                                                                                                                                                                                                                                                                                                                                                                                                                                                                                                                                                                                                                                                                                                                                                                                                                                                                                                                                                                                                                                                                                                                                                                                                                                                                                                                                                                                                                                                                                                                                                                                                                                                                                                                                                                                                                                                                                                                                                                                                                                                                                                                                                                                                                                                                                                                                                                                                                                                                                                                                                                                                                                                                                                                                                                                                                                                                                                                                                                                                                                                                                                                                                                                                                                                                                                                                                                                                                                                                                                                                                                                                                                                                                                                                                                                                                                                                                                                                                                                                                                                                                                                                                                                                                                                                                                                                                                                                                                                                                                                                                                                                                                                                                                                                                                                                                                                                                                                                                                                                                                                                                                                                                                                                                                                                                                                                                                                                                                                                                                                                                                                                                                                                                                                                                                                                                                                                                                                                                                                                                                                                                                                                                                                                                                                                                                                                                                                                                                                                                                                                                                                                                                                                                                                                                                                                                                                                                                                                                                                                                                                                                                                                                                                                                                                                                                                                                                                                                                                                                                                                                                                                                                                                                                                                                                                                                                                                                                                                                                                                                                                                                                                                                                                                                                                                                                                                                                                                                                                                                                                                                                                                                                                                                                                                                                                                                                                                                                                                                                                                                                                                                                                                                                                                                                                                                                                                                                                                                                                                                                                                                                                                                                                                                                                                                                                                                                                                                                                                                                                                                                                                                                                                                                                                                                                                                                                                                                                                                                                                                                                                                                                                                                                                                                                                                                                                                                                                                                                                                                                                                                                                                                                                                                                                                                                                                                                                                                                                                                                                                                                                                                                                                                                                                                                                                                                                                                                                                                                                                                                                                                                                                                                                                                                                                                                                                                                                                                                                                                                                                                                                                                                                                                                                                                                                                                                                                                                                                                                                                                                                                                                                                                                                                                                                                                                                                                                                                                                                                                                                                                                                                                                                                                                                                                                                                                                                                                                                                                                                                                                                                                                                                                                                                                                                                                                                                                                                                                                                                                                                                                                                                                                                                                                                                                                                                                                                                                                                                                                                                                                                                                                                                                                                                                                                                                                                                                                                                                                                                                                                                                                                                                                                                                                                                                                                                                                                                                                                                                                                                                                                                                                                                                                                                                                                                                                                                                                                                                                                                                                                                                                                                                                                                                                                                                                                                                                                                                                                                                                                                                                                                                                                                                                                                                                                                                                                                                                                                                                                                                                                                                                                                                                                                                                                                                                                                                                                                                                                                                                                                                                                                                                                                                                                                                                                                                                                                                                                                                                                                                                                                                                                                                                                                                                                                                                                                                                                                                                                                                                                                                                                                                                                                                                                                                                                                                                                                                                                                                                                                                                                                                                                                                                                                                                                                                                                                                                                                                                                                                                                                                                                                                                                                                                                                                                                                                                                                                                                                                                                                                                                                                                                                                                                                                                                                                                                                                                                                                                                                                                                                                                                                                                                                                                                                                                                                                                                                                                                                                                                                                                                                                                                                                                                                                                                                                                                                                                                                                                                                                                                                                                                                                                                                                                                                                                                                                                                                                                                                                                                                                                                                                                                                                                                                                                                                                                                                                                                                                                                                                                                                                                                                                                                                                                                                                                                                                                                                                                                                                                                                                                                                                                                                                                                                                                                                                                                                                                                                                                                                                                                                                                                                                                                                                                                                                                                                                                                                                                                                                                                                                                                                                                                                                                                                                                                                                                                                                                                                                                                                                                                                                                                                                                                                                                                                                                                                                                                                                                                                                                                                                                                                                                                                                                                                                                                                                                                                                                                                                                                                                                                                                                                                                                                                                                                                                                                                                                                                                                                                                                                                                                                                                                                                                                                                                                                                                                                                                                                                                                                                                                                                                                                                                                                                                                                                                                                                                                                                                                                                                                                                                                                                                                                                                                                                                                                                                                                                                                                                                                                                                                                                                                                                                                                                                                                                                                                                                                                                                                                                                                                                                                                                                                                                                                                                                                                                                                                                                                                                                                                                                                                                                                                                                                                                                                                                                                                                                                                                                                                                                                                                                                                                                                                                                                                                                                                                                                                                                                                                                                                                                                                                                                                                                                                                                                                                                                                                                                                                                                                                                                                                                                                                                                                                                                                                                                                                                                                                                                                                                                                                                                                                                                                                                                                                                                                                                                                                                                                                                                                                                                                                                                                                                                                                                                                                                                                                                                                                                                                                                                                                                                                                                                                                                                                                                                                                                                                                                                                                                                                                                                                                                                                                                                                                                                                                                                                                                                                                                                                                                                                                                                                                                                                                                                                                                                                                                                                                                                                                                                                                                                                                                                                                                                                                                                                                                                                                                                                                                                                                                                                                                                                                                                                                                                                                                                                                                                                                                                                                                                                                                                                                                                                                                                                                                                                                                                                                                                                                                                                                                                                                                                                                                                                                                                                                                                                                                                                                                                                                                                                                                                                                                                                                                                                                                                                                                                                                                                                                                                                                                                                                                                                                                                                                                                                                                                                                                                                                                                                                                                                                                                                                                                                                                                                                                                                                                                                                                                                                                                                                                                                                                                                                                                                                                                                                                                                                                                                                                                                                                                                                                                                                                                                                                                                                                                                                                                                                                                                                                                                                                                                                                                                                                                                                                                                                                                                                                                                                                                                                                                                                                                                                                                                                                                                                                                                                                                                                                                                                                                                                                                                                                                                                                                                                                                                                                                                                                                                                                                                                                                                                                                                                                                                                                                                                                                                                                                                                                                                                                                                                                                                                                                                                                                                                                                                                                                                                                                                                                                                                                                                                                                                                                                                                                                                                                                                                                                                                                                                                                                                                                                                                                                                                                                                                                                                                                                                                                                                                                                                                                                                                                                                                                                                                                                                                                                                                                                                                                                                                                                                                                                         [32m[nodemon] restarting due to changes...[39m
[32m[nodemon] starting `node src/index.js`[39m
/Users/fadebowaley/saby/sabyBackend/src/controllers/structure.controller.js:83
};);
^

SyntaxError: missing ) after argument list
    at internalCompileFunction (node:internal/vm:76:18)
    at wrapSafe (node:internal/modules/cjs/loader:1283:20)
    at Module._compile (node:internal/modules/cjs/loader:1328:27)
    at Module._extensions..js (node:internal/modules/cjs/loader:1422:10)
    at Module.load (node:internal/modules/cjs/loader:1203:32)
    at Module._load (node:internal/modules/cjs/loader:1019:12)
    at Module.require (node:internal/modules/cjs/loader:1231:19)
    at require (node:internal/modules/helpers:177:18)
    at Object.<anonymous> (/Users/fadebowaley/saby/sabyBackend/src/routes/v1/structure.route.js:5:29)
    at Module._compile (node:internal/modules/cjs/loader:1364:14)
    at Module._extensions..js (node:internal/modules/cjs/loader:1422:10)
    at Module.load (node:internal/modules/cjs/loader:1203:32)
    at Module._load (node:internal/modules/cjs/loader:1019:12)
    at Module.require (node:internal/modules/cjs/loader:1231:19)
    at require (node:internal/modules/helpers:177:18)
    at Object.<anonymous> (/Users/fadebowaley/saby/sabyBackend/src/routes/v1/index.js:14:24)

Node.js v18.20.2
[31m[nodemon] app crashed - waiting for file changes before starting...[39m
[32m[nodemon] restarting due to changes...[39m
[32m[nodemon] starting `node src/index.js`[39m
(node:41301) NOTE: The AWS SDK for JavaScript (v2) is in maintenance mode.
 SDK releases are limited to address critical bug fixes and security issues only.

Please migrate your code to use AWS SDK for JavaScript (v3).
For more information, check the blog post at https://a.co/cUPnyil
(Use `node --trace-warnings ...` to show where the warning was created)
[32minfo[39m: ✅ Connected to MongoDB
[32minfo[39m: 🔄 Testing PostgreSQL connection...
[32minfo[39m: 📊 Host: 20.169.129.160:5432
[32minfo[39m: 👤 User: sabyagentic_user
[32minfo[39m: 🗄️  Database: halograph
[32minfo[39m: Connected to email server
[32minfo[39m: ✅ PostgreSQL connected successfully
[32minfo[39m: 📋 PostgreSQL Version: PostgreSQL 15.14 (Debian 15.14-1.pgdg13+1) on x86_64-pc-linux-gnu, compiled by gcc (Debian 14.2.0-19) 14.2.0, 64-bit
[32minfo[39m: ✅ Redis connected
[32minfo[39m: ⚙️  Redis ready for commands
[32minfo[39m: ✅ Redis ping successful
[31merror[39m: Error: listen EADDRINUSE: address already in use :::4000
    at Server.setupListenHandle [as _listen2] (node:net:1817:16)
    at listenInCluster (node:net:1865:12)
    at doListen (node:net:2014:7)
    at process.processTicksAndRejections (node:internal/process/task_queues:83:21)
[32minfo[39m: Server closed
[31m[nodemon] app crashed - waiting for file changes before starting...[39m
[32m[nodemon] restarting due to changes...[39m
[32m[nodemon] starting `node src/index.js`[39m
[32m[nodemon] restarting due to changes...[39m
[32m[nodemon] starting `node src/index.js`[39m
[32m[nodemon] restarting due to changes...[39m
[32m[nodemon] starting `node src/index.js`[39m
[32m[nodemon] restarting due to changes...[39m
[32m[nodemon] restarting due to changes...[39m
[32m[nodemon] starting `node src/index.js`[39m
[32m[nodemon] restarting due to changes...[39m
[32m[nodemon] restarting due to changes...[39m
[32m[nodemon] starting `node src/index.js`[39m
[32m[nodemon] restarting due to changes...[39m
[32m[nodemon] starting `node src/index.js`[39m
[32m[nodemon] restarting due to changes...[39m
[32m[nodemon] restarting due to changes...[39m
[32m[nodemon] restarting due to changes...[39m
[32m[nodemon] restarting due to changes...[39m
[32m[nodemon] starting `node src/index.js`[39m
[32m[nodemon] restarting due to changes...[39m
[32m[nodemon] starting `node src/index.js`[39m
(node:89292) NOTE: The AWS SDK for JavaScript (v2) is in maintenance mode.
 SDK releases are limited to address critical bug fixes and security issues only.

Please migrate your code to use AWS SDK for JavaScript (v3).
For more information, check the blog post at https://a.co/cUPnyil
(Use `node --trace-warnings ...` to show where the warning was created)
[32minfo[39m: ✅ Connected to MongoDB
[32minfo[39m: 🔄 Testing PostgreSQL connection...
[32minfo[39m: 📊 Host: 20.169.129.160:5432
[32minfo[39m: 👤 User: sabyagentic_user
[32minfo[39m: 🗄️  Database: halograph
[32minfo[39m: ✅ PostgreSQL connected successfully
[32minfo[39m: 📋 PostgreSQL Version: PostgreSQL 15.14 (Debian 15.14-1.pgdg13+1) on x86_64-pc-linux-gnu, compiled by gcc (Debian 14.2.0-19) 14.2.0, 64-bit
[32minfo[39m: ✅ Redis connected
[32minfo[39m: ⚙️  Redis ready for commands
[32minfo[39m: ✅ Redis ping successful
[31merror[39m: Error: listen EADDRINUSE: address already in use :::4000
    at Server.setupListenHandle [as _listen2] (node:net:1817:16)
    at listenInCluster (node:net:1865:12)
    at doListen (node:net:2014:7)
    at process.processTicksAndRejections (node:internal/process/task_queues:83:21)
[32minfo[39m: Server closed
[31m[nodemon] app crashed - waiting for file changes before starting...[39m
[32m[nodemon] restarting due to changes...[39m
[32m[nodemon] starting `node src/index.js`[39m
[32m[nodemon] restarting due to changes...[39m
[32m[nodemon] restarting due to changes...[39m
[32m[nodemon] starting `node src/index.js`[39m
/Users/fadebowaley/saby/sabyBackend/src/controllers/structure.controller.js:130
};);
^

SyntaxError: missing ) after argument list
    at internalCompileFunction (node:internal/vm:76:18)
    at wrapSafe (node:internal/modules/cjs/loader:1283:20)
    at Module._compile (node:internal/modules/cjs/loader:1328:27)
    at Module._extensions..js (node:internal/modules/cjs/loader:1422:10)
    at Module.load (node:internal/modules/cjs/loader:1203:32)
    at Module._load (node:internal/modules/cjs/loader:1019:12)
    at Module.require (node:internal/modules/cjs/loader:1231:19)
    at require (node:internal/modules/helpers:177:18)
    at Object.<anonymous> (/Users/fadebowaley/saby/sabyBackend/src/routes/v1/structure.route.js:5:29)
    at Module._compile (node:internal/modules/cjs/loader:1364:14)
    at Module._extensions..js (node:internal/modules/cjs/loader:1422:10)
    at Module.load (node:internal/modules/cjs/loader:1203:32)
    at Module._load (node:internal/modules/cjs/loader:1019:12)
    at Module.require (node:internal/modules/cjs/loader:1231:19)
    at require (node:internal/modules/helpers:177:18)
    at Object.<anonymous> (/Users/fadebowaley/saby/sabyBackend/src/routes/v1/index.js:14:24)

Node.js v18.20.2
[31m[nodemon] app crashed - waiting for file changes before starting...[39m
[32m[nodemon] restarting due to changes...[39m
[32m[nodemon] starting `node src/index.js`[39m
[32m[nodemon] restarting due to changes...[39m
[32m[nodemon] starting `node src/index.js`[39m
/Users/fadebowaley/saby/sabyBackend/src/controllers/structure.controller.js:133
};);
^

SyntaxError: missing ) after argument list
    at internalCompileFunction (node:internal/vm:76:18)
    at wrapSafe (node:internal/modules/cjs/loader:1283:20)
    at Module._compile (node:internal/modules/cjs/loader:1328:27)
    at Module._extensions..js (node:internal/modules/cjs/loader:1422:10)
    at Module.load (node:internal/modules/cjs/loader:1203:32)
    at Module._load (node:internal/modules/cjs/loader:1019:12)
    at Module.require (node:internal/modules/cjs/loader:1231:19)
    at require (node:internal/modules/helpers:177:18)
    at Object.<anonymous> (/Users/fadebowaley/saby/sabyBackend/src/routes/v1/structure.route.js:5:29)
    at Module._compile (node:internal/modules/cjs/loader:1364:14)
    at Module._extensions..js (node:internal/modules/cjs/loader:1422:10)
    at Module.load (node:internal/modules/cjs/loader:1203:32)
    at Module._load (node:internal/modules/cjs/loader:1019:12)
    at Module.require (node:internal/modules/cjs/loader:1231:19)
    at require (node:internal/modules/helpers:177:18)
    at Object.<anonymous> (/Users/fadebowaley/saby/sabyBackend/src/routes/v1/index.js:14:24)

Node.js v18.20.2
[31m[nodemon] app crashed - waiting for file changes before starting...[39m
[32m[nodemon] restarting due to changes...[39m
[32m[nodemon] starting `node src/index.js`[39m
[32m[nodemon] restarting due to changes...[39m
[32m[nodemon] starting `node src/index.js`[39m
(node:771) NOTE: The AWS SDK for JavaScript (v2) is in maintenance mode.
 SDK releases are limited to address critical bug fixes and security issues only.

Please migrate your code to use AWS SDK for JavaScript (v3).
For more information, check the blog post at https://a.co/cUPnyil
(Use `node --trace-warnings ...` to show where the warning was created)
[32minfo[39m: ✅ Connected to MongoDB
[32minfo[39m: 🔄 Testing PostgreSQL connection...
[32minfo[39m: 📊 Host: 20.169.129.160:5432
[32minfo[39m: 👤 User: sabyagentic_user
[32minfo[39m: 🗄️  Database: halograph
[32minfo[39m: ✅ PostgreSQL connected successfully
[32minfo[39m: 📋 PostgreSQL Version: PostgreSQL 15.14 (Debian 15.14-1.pgdg13+1) on x86_64-pc-linux-gnu, compiled by gcc (Debian 14.2.0-19) 14.2.0, 64-bit
[32minfo[39m: ✅ Redis connected
[32minfo[39m: ⚙️  Redis ready for commands
[32minfo[39m: ✅ Redis ping successful
[32minfo[39m: 🚀 Server is running on port 4000
[32minfo[39m: 🌍 Environment: development
[32minfo[39m: 📊 Database Status:
[32minfo[39m:    - MongoDB: ✅ Connected
[32minfo[39m:    - PostgreSQL: ✅ Connected
[32minfo[39m:    - Redis: ✅ Connected
[32minfo[39m: Connected to email server
[32m[nodemon] restarting due to changes...[39m
[32m[nodemon] starting `node src/index.js`[39m
[32m[nodemon] restarting due to changes...[39m
[32m[nodemon] starting `node src/index.js`[39m
(node:5612) NOTE: The AWS SDK for JavaScript (v2) is in maintenance mode.
 SDK releases are limited to address critical bug fixes and security issues only.

Please migrate your code to use AWS SDK for JavaScript (v3).
For more information, check the blog post at https://a.co/cUPnyil
(Use `node --trace-warnings ...` to show where the warning was created)
[32minfo[39m: Connected to email server
[32minfo[39m: ✅ Connected to MongoDB
[32minfo[39m: 🔄 Testing PostgreSQL connection...
[32minfo[39m: 📊 Host: 20.169.129.160:5432
[32minfo[39m: 👤 User: sabyagentic_user
[32minfo[39m: 🗄️  Database: halograph
[32minfo[39m: ✅ PostgreSQL connected successfully
[32minfo[39m: 📋 PostgreSQL Version: PostgreSQL 15.14 (Debian 15.14-1.pgdg13+1) on x86_64-pc-linux-gnu, compiled by gcc (Debian 14.2.0-19) 14.2.0, 64-bit
[32minfo[39m: ✅ Redis connected
[32minfo[39m: ⚙️  Redis ready for commands
[32minfo[39m: ✅ Redis ping successful
[31merror[39m: Error: listen EADDRINUSE: address already in use :::4000
    at Server.setupListenHandle [as _listen2] (node:net:1817:16)
    at listenInCluster (node:net:1865:12)
    at doListen (node:net:2014:7)
    at process.processTicksAndRejections (node:internal/process/task_queues:83:21)
[32minfo[39m: Server closed
[31m[nodemon] app crashed - waiting for file changes before starting...[39m
[32m[nodemon] restarting due to changes...[39m
[32m[nodemon] starting `node src/index.js`[39m
[32m[nodemon] restarting due to changes...[39m
[32m[nodemon] starting `node src/index.js`[39m
(node:52078) NOTE: The AWS SDK for JavaScript (v2) is in maintenance mode.
 SDK releases are limited to address critical bug fixes and security issues only.

Please migrate your code to use AWS SDK for JavaScript (v3).
For more information, check the blog post at https://a.co/cUPnyil
(Use `node --trace-warnings ...` to show where the warning was created)
[32minfo[39m: ✅ Connected to MongoDB
[32minfo[39m: 🔄 Testing PostgreSQL connection...
[32minfo[39m: 📊 Host: 20.169.129.160:5432
[32minfo[39m: 👤 User: sabyagentic_user
[32minfo[39m: 🗄️  Database: halograph
[32minfo[39m: Connected to email server
[32minfo[39m: ✅ PostgreSQL connected successfully
[32minfo[39m: 📋 PostgreSQL Version: PostgreSQL 15.14 (Debian 15.14-1.pgdg13+1) on x86_64-pc-linux-gnu, compiled by gcc (Debian 14.2.0-19) 14.2.0, 64-bit
[32minfo[39m: ✅ Redis connected
[32minfo[39m: ⚙️  Redis ready for commands
[32minfo[39m: ✅ Redis ping successful
[31merror[39m: Error: listen EADDRINUSE: address already in use :::4000
    at Server.setupListenHandle [as _listen2] (node:net:1817:16)
    at listenInCluster (node:net:1865:12)
    at doListen (node:net:2014:7)
    at process.processTicksAndRejections (node:internal/process/task_queues:83:21)
[32minfo[39m: Server closed
[31m[nodemon] app crashed - waiting for file changes before starting...[39m
[32m[nodemon] restarting due to changes...[39m
[32m[nodemon] starting `node src/index.js`[39m
[32m[nodemon] restarting due to changes...[39m
[32m[nodemon] starting `node src/index.js`[39m
(node:54759) NOTE: The AWS SDK for JavaScript (v2) is in maintenance mode.
 SDK releases are limited to address critical bug fixes and security issues only.

Please migrate your code to use AWS SDK for JavaScript (v3).
For more information, check the blog post at https://a.co/cUPnyil
(Use `node --trace-warnings ...` to show where the warning was created)
[32minfo[39m: Connected to email server
[32minfo[39m: ✅ Connected to MongoDB
[32minfo[39m: 🔄 Testing PostgreSQL connection...
[32minfo[39m: 📊 Host: 20.169.129.160:5432
[32minfo[39m: 👤 User: sabyagentic_user
[32minfo[39m: 🗄️  Database: halograph
[32minfo[39m: ✅ PostgreSQL connected successfully
[32minfo[39m: 📋 PostgreSQL Version: PostgreSQL 15.14 (Debian 15.14-1.pgdg13+1) on x86_64-pc-linux-gnu, compiled by gcc (Debian 14.2.0-19) 14.2.0, 64-bit
[32minfo[39m: ✅ Redis connected
[32minfo[39m: ⚙️  Redis ready for commands
[32minfo[39m: ✅ Redis ping successful
[31merror[39m: Error: listen EADDRINUSE: address already in use :::4000
    at Server.setupListenHandle [as _listen2] (node:net:1817:16)
    at listenInCluster (node:net:1865:12)
    at doListen (node:net:2014:7)
    at process.processTicksAndRejections (node:internal/process/task_queues:83:21)
[32minfo[39m: Server closed
[31m[nodemon] app crashed - waiting for file changes before starting...[39m
[32m[nodemon] restarting due to changes...[39m
[32m[nodemon] starting `node src/index.js`[39m
(node:15618) NOTE: The AWS SDK for JavaScript (v2) is in maintenance mode.
 SDK releases are limited to address critical bug fixes and security issues only.

Please migrate your code to use AWS SDK for JavaScript (v3).
For more information, check the blog post at https://a.co/cUPnyil
(Use `node --trace-warnings ...` to show where the warning was created)
[32minfo[39m: ✅ Connected to MongoDB
[32minfo[39m: 🔄 Testing PostgreSQL connection...
[32minfo[39m: 📊 Host: 20.169.129.160:5432
[32minfo[39m: 👤 User: sabyagentic_user
[32minfo[39m: 🗄️  Database: halograph
[32minfo[39m: Connected to email server
[32minfo[39m: ✅ PostgreSQL connected successfully
[32minfo[39m: 📋 PostgreSQL Version: PostgreSQL 15.14 (Debian 15.14-1.pgdg13+1) on x86_64-pc-linux-gnu, compiled by gcc (Debian 14.2.0-19) 14.2.0, 64-bit
[32minfo[39m: ✅ Redis connected
[32minfo[39m: ⚙️  Redis ready for commands
[32minfo[39m: ✅ Redis ping successful
[31merror[39m: Error: listen EADDRINUSE: address already in use :::4000
    at Server.setupListenHandle [as _listen2] (node:net:1817:16)
    at listenInCluster (node:net:1865:12)
    at doListen (node:net:2014:7)
    at process.processTicksAndRejections (node:internal/process/task_queues:83:21)
[32minfo[39m: Server closed
[31m[nodemon] app crashed - waiting for file changes before starting...[39m
[32m[nodemon] restarting due to changes...[39m
[32m[nodemon] starting `node src/index.js`[39m
[32m[nodemon] restarting due to changes...[39m
[32m[nodemon] restarting due to changes...[39m
[32m[nodemon] starting `node src/index.js`[39m
[32m[nodemon] restarting due to changes...[39m
[32m[nodemon] restarting due to changes...[39m
[32m[nodemon] starting `node src/index.js`[39m
(node:19607) NOTE: The AWS SDK for JavaScript (v2) is in maintenance mode.
 SDK releases are limited to address critical bug fixes and security issues only.

Please migrate your code to use AWS SDK for JavaScript (v3).
For more information, check the blog post at https://a.co/cUPnyil
(Use `node --trace-warnings ...` to show where the warning was created)
[32minfo[39m: ✅ Connected to MongoDB
[32minfo[39m: 🔄 Testing PostgreSQL connection...
[32minfo[39m: 📊 Host: 20.169.129.160:5432
[32minfo[39m: 👤 User: sabyagentic_user
[32minfo[39m: 🗄️  Database: halograph
[32minfo[39m: ✅ PostgreSQL connected successfully
[32minfo[39m: 📋 PostgreSQL Version: PostgreSQL 15.14 (Debian 15.14-1.pgdg13+1) on x86_64-pc-linux-gnu, compiled by gcc (Debian 14.2.0-19) 14.2.0, 64-bit
[32minfo[39m: ✅ Redis connected
[32minfo[39m: ⚙️  Redis ready for commands
[32minfo[39m: ✅ Redis ping successful
[31merror[39m: Error: listen EADDRINUSE: address already in use :::4000
    at Server.setupListenHandle [as _listen2] (node:net:1817:16)
    at listenInCluster (node:net:1865:12)
    at doListen (node:net:2014:7)
    at process.processTicksAndRejections (node:internal/process/task_queues:83:21)
[32minfo[39m: Server closed
[31m[nodemon] app crashed - waiting for file changes before starting...[39m
[32m[nodemon] restarting due to changes...[39m
[32m[nodemon] starting `node src/index.js`[39m
(node:23503) NOTE: The AWS SDK for JavaScript (v2) is in maintenance mode.
 SDK releases are limited to address critical bug fixes and security issues only.

Please migrate your code to use AWS SDK for JavaScript (v3).
For more information, check the blog post at https://a.co/cUPnyil
(Use `node --trace-warnings ...` to show where the warning was created)
[32minfo[39m: ✅ Connected to MongoDB
[32minfo[39m: 🔄 Testing PostgreSQL connection...
[32minfo[39m: 📊 Host: 20.169.129.160:5432
[32minfo[39m: 👤 User: sabyagentic_user
[32minfo[39m: 🗄️  Database: halograph
[32minfo[39m: ✅ PostgreSQL connected successfully
[32minfo[39m: 📋 PostgreSQL Version: PostgreSQL 15.14 (Debian 15.14-1.pgdg13+1) on x86_64-pc-linux-gnu, compiled by gcc (Debian 14.2.0-19) 14.2.0, 64-bit
[32minfo[39m: ✅ Redis connected
[32minfo[39m: ⚙️  Redis ready for commands
[32minfo[39m: ✅ Redis ping successful
[31merror[39m: Error: listen EADDRINUSE: address already in use :::4000
    at Server.setupListenHandle [as _listen2] (node:net:1817:16)
    at listenInCluster (node:net:1865:12)
    at doListen (node:net:2014:7)
    at process.processTicksAndRejections (node:internal/process/task_queues:83:21)
[32minfo[39m: Server closed
[31m[nodemon] app crashed - waiting for file changes before starting...[39m
[32m[nodemon] restarting due to changes...[39m
[32m[nodemon] starting `node src/index.js`[39m
(node:24700) NOTE: The AWS SDK for JavaScript (v2) is in maintenance mode.
 SDK releases are limited to address critical bug fixes and security issues only.

Please migrate your code to use AWS SDK for JavaScript (v3).
For more information, check the blog post at https://a.co/cUPnyil
(Use `node --trace-warnings ...` to show where the warning was created)
[32minfo[39m: ✅ Connected to MongoDB
[32minfo[39m: 🔄 Testing PostgreSQL connection...
[32minfo[39m: 📊 Host: 20.169.129.160:5432
[32minfo[39m: 👤 User: sabyagentic_user
[32minfo[39m: 🗄️  Database: halograph
[32minfo[39m: Connected to email server
[32minfo[39m: ✅ PostgreSQL connected successfully
[32minfo[39m: 📋 PostgreSQL Version: PostgreSQL 15.14 (Debian 15.14-1.pgdg13+1) on x86_64-pc-linux-gnu, compiled by gcc (Debian 14.2.0-19) 14.2.0, 64-bit
[32minfo[39m: ✅ Redis connected
[32minfo[39m: ⚙️  Redis ready for commands
[32minfo[39m: ✅ Redis ping successful
[31merror[39m: Error: listen EADDRINUSE: address already in use :::4000
    at Server.setupListenHandle [as _listen2] (node:net:1817:16)
    at listenInCluster (node:net:1865:12)
    at doListen (node:net:2014:7)
    at process.processTicksAndRejections (node:internal/process/task_queues:83:21)
[32minfo[39m: Server closed
[31m[nodemon] app crashed - waiting for file changes before starting...[39m
[32m[nodemon] restarting due to changes...[39m
[32m[nodemon] starting `node src/index.js`[39m
[32m[nodemon] restarting due to changes...[39m
[32m[nodemon] starting `node src/index.js`[39m
[32m[nodemon] restarting due to changes...[39m
[32m[nodemon] starting `node src/index.js`[39m
[32m[nodemon] restarting due to changes...[39m
[32m[nodemon] starting `node src/index.js`[39m
[32m[nodemon] restarting due to changes...[39m
[32m[nodemon] starting `node src/index.js`[39m
(node:33488) NOTE: The AWS SDK for JavaScript (v2) is in maintenance mode.
 SDK releases are limited to address critical bug fixes and security issues only.

Please migrate your code to use AWS SDK for JavaScript (v3).
For more information, check the blog post at https://a.co/cUPnyil
(Use `node --trace-warnings ...` to show where the warning was created)
[32minfo[39m: ✅ Connected to MongoDB
[32minfo[39m: 🔄 Testing PostgreSQL connection...
[32minfo[39m: 📊 Host: 20.169.129.160:5432
[32minfo[39m: 👤 User: sabyagentic_user
[32minfo[39m: 🗄️  Database: halograph
[32minfo[39m: Connected to email server
[32minfo[39m: ✅ PostgreSQL connected successfully
[32minfo[39m: 📋 PostgreSQL Version: PostgreSQL 15.14 (Debian 15.14-1.pgdg13+1) on x86_64-pc-linux-gnu, compiled by gcc (Debian 14.2.0-19) 14.2.0, 64-bit
[32minfo[39m: ✅ Redis connected
[32minfo[39m: ⚙️  Redis ready for commands
[32minfo[39m: ✅ Redis ping successful
[32minfo[39m: 🚀 Server is running on port 4000
[32minfo[39m: 🌍 Environment: development
[32minfo[39m: 📊 Database Status:
[32minfo[39m:    - MongoDB: ✅ Connected
[32minfo[39m:    - PostgreSQL: ✅ Connected
[32minfo[39m:    - Redis: ✅ Connected
[TenantPlugin] Pre-hook triggered for: findOne
[TenantPlugin] Options: {}
expired token expiry time ---> 30
expired token ---> Moment<2025-10-08T12:26:35+01:00>
expired token ---> Moment<2025-10-08T12:56:35+01:00>
acess token --> eyJhbGciOiJIUzI1NiIsInR5cCI6IkpXVCJ9.eyJzdWIiOiI2OGU0ODdlZjNkOTFhYzZkOTY2MTBmNWQiLCJpYXQiOjE3NTk5MjA5OTUsImV4cCI6MTc1OTkyMjc5NSwidHlwZSI6ImFjY2VzcyJ9.8W23ORookjGAPTuSVB54DksoJk8oJkn226ZmICDxmfQ
[32minfo[39m: POST /v1/auth/login 200 - 539.698 ms
[32minfo[39m: OPTIONS /v1/storage/stats 204 - 3.440 ms
[TenantPlugin] Pre-hook triggered for: findOne
[TenantPlugin] Options: {}
--- AUTH DEBUG ---
Route: /v1/storage/stats
HTTP Method: GET
Required Permissions: [ 'view:storage:stats' ]
[TenantPlugin] Pre-hook triggered for: findOne
[TenantPlugin] Options: {}
[32minfo[39m: GET /v1/storage/stats 304 - 2188.904 ms
[TenantPlugin] Pre-hook triggered for: findOne
[TenantPlugin] Options: {}
--- AUTH DEBUG ---
Route: /v1/storage/stats
HTTP Method: GET
Required Permissions: [ 'view:storage:stats' ]
[TenantPlugin] Pre-hook triggered for: findOne
[TenantPlugin] Options: {}
[32minfo[39m: GET /v1/storage/stats 304 - 143.274 ms
[32minfo[39m: OPTIONS /v1/structure 204 - 5.242 ms
[TenantPlugin] Pre-hook triggered for: findOne
[TenantPlugin] Options: {}
--- AUTH DEBUG ---
Route: /v1/structure
HTTP Method: GET
Required Permissions: [ 'view:structures' ]
[STRUCTURE CONTROLLER - QUERY] Query params: {}
[STRUCTURE CONTROLLER - QUERY] User tenant ID: YYj9stYAH6
[STRUCTURE CONTROLLER - QUERY] Filter with tenantId: { tenantId: 'YYj9stYAH6' }
[TenantPlugin] paginate() - incoming options: { populate: 'level' }
[TenantPlugin] Pre-hook triggered for: countDocuments
[TenantPlugin] Options: {}
[TenantPlugin] Pre-hook triggered for: find
[TenantPlugin] Options: { sort: { createdAt: 1 }, skip: 0, limit: 10 }
[TenantPlugin] Pre-hook triggered for: find
[TenantPlugin] Options: { skip: undefined, limit: undefined, perDocumentLimit: undefined }
[STRUCTURE CONTROLLER - QUERY] Found 2 structures for tenant: YYj9stYAH6
[STRUCTURE CONTROLLER - QUERY] Returning structures: [
  {
    position: { x: -264.98152000905225, y: -547.1179340700442 },
    isSpecial: false,
    isActive: true,
    type: 'administrative',
    parent: null,
    path: '68e6376ae38b50e03f546447',
    identity: [],
    hierarchy: Map(0) {},
    _id: 68e6376ae38b50e03f546447,
    tenantId: 'YYj9stYAH6',
    name: 'continent',
    code: 'administrative',
    description: '',
    level: {
      description: '',
      deletedAt: null,
      _id: 68e4fbbc2f3a6979ded81ee9,
      tenantId: 'YYj9stYAH6',
      name: 'Level 0',
      rank: 0,
      createdAt: 2025-10-07T11:38:36.223Z,
      updatedAt: 2025-10-07T11:38:36.223Z,
      __v: 0
    },
    createdBy: 68e487ef3d91ac6d96610f5d,
    createdAt: 2025-10-08T10:05:30.663Z,
    updatedAt: 2025-10-08T10:05:30.663Z,
    haloId: 'CO-0003K',
    fingerprint: 'level 0:68e6376ae38b50e03f546447',
    __v: 0
  },
  {
    position: { x: -734.7900349003788, y: 109.19519923020613 },
    isSpecial: false,
    isActive: true,
    type: 'administrative',
    parent: 68e6376ae38b50e03f546447,
    path: '68e6376ae38b50e03f546447/68e6376ae38b50e03f54644b',
    identity: [ 68e6376ae38b50e03f546447 ],
    hierarchy: Map(1) { 'level 0' => 68e6376ae38b50e03f546447 },
    _id: 68e6376ae38b50e03f54644b,
    tenantId: 'YYj9stYAH6',
    name: 'region',
    code: 'administrative',
    description: '',
    level: {
      description: '',
      deletedAt: null,
      _id: 68e4fbe42f3a6979ded81f07,
      tenantId: 'YYj9stYAH6',
      name: 'Level 1',
      rank: 1,
      createdAt: 2025-10-07T11:39:16.189Z,
      updatedAt: 2025-10-07T11:39:16.189Z,
      __v: 0
    },
    createdBy: 68e487ef3d91ac6d96610f5d,
    createdAt: 2025-10-08T10:05:30.679Z,
    updatedAt: 2025-10-08T10:05:30.679Z,
    haloId: 'RE-0003L',
    fingerprint: 'level 1:68e6376ae38b50e03f546447/68e6376ae38b50e03f54644b',
    __v: 0
  }
]
[32minfo[39m: GET /v1/structure 200 - 428.118 ms
[TenantPlugin] Pre-hook triggered for: findOne
[TenantPlugin] Options: {}
--- AUTH DEBUG ---
Route: /v1/structure
HTTP Method: GET
Required Permissions: [ 'view:structures' ]
[STRUCTURE CONTROLLER - QUERY] Query params: {}
[STRUCTURE CONTROLLER - QUERY] User tenant ID: YYj9stYAH6
[STRUCTURE CONTROLLER - QUERY] Filter with tenantId: { tenantId: 'YYj9stYAH6' }
[TenantPlugin] paginate() - incoming options: { populate: 'level' }
[TenantPlugin] Pre-hook triggered for: countDocuments
[TenantPlugin] Options: {}
[TenantPlugin] Pre-hook triggered for: find
[TenantPlugin] Options: { sort: { createdAt: 1 }, skip: 0, limit: 10 }
[TenantPlugin] Pre-hook triggered for: find
[TenantPlugin] Options: { skip: undefined, limit: undefined, perDocumentLimit: undefined }
[STRUCTURE CONTROLLER - QUERY] Found 2 structures for tenant: YYj9stYAH6
[STRUCTURE CONTROLLER - QUERY] Returning structures: [
  {
    position: { x: -264.98152000905225, y: -547.1179340700442 },
    isSpecial: false,
    isActive: true,
    type: 'administrative',
    parent: null,
    path: '68e6376ae38b50e03f546447',
    identity: [],
    hierarchy: Map(0) {},
    _id: 68e6376ae38b50e03f546447,
    tenantId: 'YYj9stYAH6',
    name: 'continent',
    code: 'administrative',
    description: '',
    level: {
      description: '',
      deletedAt: null,
      _id: 68e4fbbc2f3a6979ded81ee9,
      tenantId: 'YYj9stYAH6',
      name: 'Level 0',
      rank: 0,
      createdAt: 2025-10-07T11:38:36.223Z,
      updatedAt: 2025-10-07T11:38:36.223Z,
      __v: 0
    },
    createdBy: 68e487ef3d91ac6d96610f5d,
    createdAt: 2025-10-08T10:05:30.663Z,
    updatedAt: 2025-10-08T10:05:30.663Z,
    haloId: 'CO-0003K',
    fingerprint: 'level 0:68e6376ae38b50e03f546447',
    __v: 0
  },
  {
    position: { x: -734.7900349003788, y: 109.19519923020613 },
    isSpecial: false,
    isActive: true,
    type: 'administrative',
    parent: 68e6376ae38b50e03f546447,
    path: '68e6376ae38b50e03f546447/68e6376ae38b50e03f54644b',
    identity: [ 68e6376ae38b50e03f546447 ],
    hierarchy: Map(1) { 'level 0' => 68e6376ae38b50e03f546447 },
    _id: 68e6376ae38b50e03f54644b,
    tenantId: 'YYj9stYAH6',
    name: 'region',
    code: 'administrative',
    description: '',
    level: {
      description: '',
      deletedAt: null,
      _id: 68e4fbe42f3a6979ded81f07,
      tenantId: 'YYj9stYAH6',
      name: 'Level 1',
      rank: 1,
      createdAt: 2025-10-07T11:39:16.189Z,
      updatedAt: 2025-10-07T11:39:16.189Z,
      __v: 0
    },
    createdBy: 68e487ef3d91ac6d96610f5d,
    createdAt: 2025-10-08T10:05:30.679Z,
    updatedAt: 2025-10-08T10:05:30.679Z,
    haloId: 'RE-0003L',
    fingerprint: 'level 1:68e6376ae38b50e03f546447/68e6376ae38b50e03f54644b',
    __v: 0
  }
]
[32minfo[39m: GET /v1/structure 304 - 173.670 ms
[TenantPlugin] Pre-hook triggered for: findOne
[TenantPlugin] Options: {}
--- AUTH DEBUG ---
Route: /v1/structure
HTTP Method: GET
Required Permissions: [ 'view:structures' ]
[STRUCTURE CONTROLLER - QUERY] Query params: {}
[STRUCTURE CONTROLLER - QUERY] User tenant ID: YYj9stYAH6
[STRUCTURE CONTROLLER - QUERY] Filter with tenantId: { tenantId: 'YYj9stYAH6' }
[TenantPlugin] paginate() - incoming options: { populate: 'level' }
[TenantPlugin] Pre-hook triggered for: countDocuments
[TenantPlugin] Options: {}
[TenantPlugin] Pre-hook triggered for: find
[TenantPlugin] Options: { sort: { createdAt: 1 }, skip: 0, limit: 10 }
[TenantPlugin] Pre-hook triggered for: find
[TenantPlugin] Options: { skip: undefined, limit: undefined, perDocumentLimit: undefined }
[STRUCTURE CONTROLLER - QUERY] Found 2 structures for tenant: YYj9stYAH6
[STRUCTURE CONTROLLER - QUERY] Returning structures: [
  {
    position: { x: -264.98152000905225, y: -547.1179340700442 },
    isSpecial: false,
    isActive: true,
    type: 'administrative',
    parent: null,
    path: '68e6376ae38b50e03f546447',
    identity: [],
    hierarchy: Map(0) {},
    _id: 68e6376ae38b50e03f546447,
    tenantId: 'YYj9stYAH6',
    name: 'continent',
    code: 'administrative',
    description: '',
    level: {
      description: '',
      deletedAt: null,
      _id: 68e4fbbc2f3a6979ded81ee9,
      tenantId: 'YYj9stYAH6',
      name: 'Level 0',
      rank: 0,
      createdAt: 2025-10-07T11:38:36.223Z,
      updatedAt: 2025-10-07T11:38:36.223Z,
      __v: 0
    },
    createdBy: 68e487ef3d91ac6d96610f5d,
    createdAt: 2025-10-08T10:05:30.663Z,
    updatedAt: 2025-10-08T10:05:30.663Z,
    haloId: 'CO-0003K',
    fingerprint: 'level 0:68e6376ae38b50e03f546447',
    __v: 0
  },
  {
    position: { x: -734.7900349003788, y: 109.19519923020613 },
    isSpecial: false,
    isActive: true,
    type: 'administrative',
    parent: 68e6376ae38b50e03f546447,
    path: '68e6376ae38b50e03f546447/68e6376ae38b50e03f54644b',
    identity: [ 68e6376ae38b50e03f546447 ],
    hierarchy: Map(1) { 'level 0' => 68e6376ae38b50e03f546447 },
    _id: 68e6376ae38b50e03f54644b,
    tenantId: 'YYj9stYAH6',
    name: 'region',
    code: 'administrative',
    description: '',
    level: {
      description: '',
      deletedAt: null,
      _id: 68e4fbe42f3a6979ded81f07,
      tenantId: 'YYj9stYAH6',
      name: 'Level 1',
      rank: 1,
      createdAt: 2025-10-07T11:39:16.189Z,
      updatedAt: 2025-10-07T11:39:16.189Z,
      __v: 0
    },
    createdBy: 68e487ef3d91ac6d96610f5d,
    createdAt: 2025-10-08T10:05:30.679Z,
    updatedAt: 2025-10-08T10:05:30.679Z,
    haloId: 'RE-0003L',
    fingerprint: 'level 1:68e6376ae38b50e03f546447/68e6376ae38b50e03f54644b',
    __v: 0
  }
]
[32minfo[39m: GET /v1/structure 304 - 90.313 ms
[32minfo[39m: OPTIONS /v1/storage/stats 204 - 8.243 ms
[32minfo[39m: OPTIONS /v1/storage/stats 204 - 1.070 ms
[TenantPlugin] Pre-hook triggered for: findOne
[TenantPlugin] Options: {}
--- AUTH DEBUG ---
Route: /v1/storage/stats
HTTP Method: GET
Required Permissions: [ 'view:storage:stats' ]
[TenantPlugin] Pre-hook triggered for: findOne
[TenantPlugin] Options: {}
[32minfo[39m: GET /v1/storage/stats 304 - 418.381 ms
[TenantPlugin] Pre-hook triggered for: findOne
[TenantPlugin] Options: {}
--- AUTH DEBUG ---
Route: /v1/storage/stats
HTTP Method: GET
Required Permissions: [ 'view:storage:stats' ]
[TenantPlugin] Pre-hook triggered for: findOne
[TenantPlugin] Options: {}
[32minfo[39m: GET /v1/storage/stats 304 - 86.247 ms
[32minfo[39m: OPTIONS /v1/structure/node_1759921015715 204 - 0.497 ms
[TenantPlugin] Pre-hook triggered for: findOne
[TenantPlugin] Options: {}
--- AUTH DEBUG ---
Route: /v1/structure/node_1759921015715
HTTP Method: PATCH
Required Permissions: [ 'update:structures' ]
[STRUCTURE CONTROLLER - UPDATE] Structure ID: node_1759921015715 Tenant: YYj9stYAH6
[TenantPlugin] Pre-hook triggered for: findOne
[TenantPlugin] Options: {}
[31merror[39m: CastError: Cast to ObjectId failed for value "node_1759921015715" (type string) at path "_id" for model "Structures"
    at model.Query.exec (/Users/fadebowaley/saby/sabyBackend/node_modules/mongoose/lib/query.js:4498:21)
    at Query.then (/Users/fadebowaley/saby/sabyBackend/node_modules/mongoose/lib/query.js:4592:15)
    at process.processTicksAndRejections (node:internal/process/task_queues:95:5)
[31merror[39m: PATCH /v1/structure/node_1759921015715 400 - 91.268 ms - message: Cast to ObjectId failed for value "node_1759921015715" (type string) at path "_id" for model "Structures"
[31m[nodemon] app crashed - waiting for file changes before starting...[39m
[32m[nodemon] restarting due to changes...[39m
[32m[nodemon] starting `node src/index.js`[39m
(node:64316) NOTE: The AWS SDK for JavaScript (v2) is in maintenance mode.
 SDK releases are limited to address critical bug fixes and security issues only.

Please migrate your code to use AWS SDK for JavaScript (v3).
For more information, check the blog post at https://a.co/cUPnyil
(Use `node --trace-warnings ...` to show where the warning was created)
[32minfo[39m: ✅ Connected to MongoDB
[32minfo[39m: 🔄 Testing PostgreSQL connection...
[32minfo[39m: 📊 Host: 20.169.129.160:5432
[32minfo[39m: 👤 User: sabyagentic_user
[32minfo[39m: 🗄️  Database: halograph
[32minfo[39m: ✅ PostgreSQL connected successfully
[32minfo[39m: 📋 PostgreSQL Version: PostgreSQL 15.14 (Debian 15.14-1.pgdg13+1) on x86_64-pc-linux-gnu, compiled by gcc (Debian 14.2.0-19) 14.2.0, 64-bit
[32minfo[39m: ✅ Redis connected
[32minfo[39m: Connected to email server
[32minfo[39m: ⚙️  Redis ready for commands
[32minfo[39m: ✅ Redis ping successful
[31merror[39m: Error: listen EADDRINUSE: address already in use :::4000
    at Server.setupListenHandle [as _listen2] (node:net:1817:16)
    at listenInCluster (node:net:1865:12)
    at doListen (node:net:2014:7)
    at process.processTicksAndRejections (node:internal/process/task_queues:83:21)
[32minfo[39m: Server closed
[31m[nodemon] app crashed - waiting for file changes before starting...[39m
[32m[nodemon] restarting due to changes...[39m
[32m[nodemon] starting `node src/index.js`[39m
(node:78436) NOTE: The AWS SDK for JavaScript (v2) is in maintenance mode.
 SDK releases are limited to address critical bug fixes and security issues only.

Please migrate your code to use AWS SDK for JavaScript (v3).
For more information, check the blog post at https://a.co/cUPnyil
(Use `node --trace-warnings ...` to show where the warning was created)
[32minfo[39m: ✅ Connected to MongoDB
[32minfo[39m: 🔄 Testing PostgreSQL connection...
[32minfo[39m: 📊 Host: 20.169.129.160:5432
[32minfo[39m: 👤 User: sabyagentic_user
[32minfo[39m: 🗄️  Database: halograph
[32minfo[39m: Connected to email server
[32minfo[39m: ✅ PostgreSQL connected successfully
[32minfo[39m: 📋 PostgreSQL Version: PostgreSQL 15.14 (Debian 15.14-1.pgdg13+1) on x86_64-pc-linux-gnu, compiled by gcc (Debian 14.2.0-19) 14.2.0, 64-bit
[32minfo[39m: ✅ Redis connected
[32minfo[39m: ⚙️  Redis ready for commands
[32minfo[39m: ✅ Redis ping successful
[31merror[39m: Error: listen EADDRINUSE: address already in use :::4000
    at Server.setupListenHandle [as _listen2] (node:net:1817:16)
    at listenInCluster (node:net:1865:12)
    at doListen (node:net:2014:7)
    at process.processTicksAndRejections (node:internal/process/task_queues:83:21)
[32minfo[39m: Server closed
[31m[nodemon] app crashed - waiting for file changes before starting...[39m
[32m[nodemon] restarting due to changes...[39m
[32m[nodemon] starting `node src/index.js`[39m
(node:72727) NOTE: The AWS SDK for JavaScript (v2) is in maintenance mode.
 SDK releases are limited to address critical bug fixes and security issues only.

Please migrate your code to use AWS SDK for JavaScript (v3).
For more information, check the blog post at https://a.co/cUPnyil
(Use `node --trace-warnings ...` to show where the warning was created)
[32minfo[39m: ✅ Connected to MongoDB
[32minfo[39m: 🔄 Testing PostgreSQL connection...
[32minfo[39m: 📊 Host: 20.169.129.160:5432
[32minfo[39m: 👤 User: sabyagentic_user
[32minfo[39m: 🗄️  Database: halograph
[32minfo[39m: ✅ PostgreSQL connected successfully
[32minfo[39m: 📋 PostgreSQL Version: PostgreSQL 15.14 (Debian 15.14-1.pgdg13+1) on x86_64-pc-linux-gnu, compiled by gcc (Debian 14.2.0-19) 14.2.0, 64-bit
[32minfo[39m: ✅ Redis connected
[32minfo[39m: ⚙️  Redis ready for commands
[32minfo[39m: ✅ Redis ping successful
[31merror[39m: Error: listen EADDRINUSE: address already in use :::4000
    at Server.setupListenHandle [as _listen2] (node:net:1817:16)
    at listenInCluster (node:net:1865:12)
    at doListen (node:net:2014:7)
    at process.processTicksAndRejections (node:internal/process/task_queues:83:21)
[32minfo[39m: Server closed
[31m[nodemon] app crashed - waiting for file changes before starting...[39m
[32m[nodemon] restarting due to changes...[39m
[32m[nodemon] starting `node src/index.js`[39m
(node:75099) NOTE: The AWS SDK for JavaScript (v2) is in maintenance mode.
 SDK releases are limited to address critical bug fixes and security issues only.

Please migrate your code to use AWS SDK for JavaScript (v3).
For more information, check the blog post at https://a.co/cUPnyil
(Use `node --trace-warnings ...` to show where the warning was created)
[32minfo[39m: ✅ Connected to MongoDB
[32minfo[39m: 🔄 Testing PostgreSQL connection...
[32minfo[39m: 📊 Host: 20.169.129.160:5432
[32minfo[39m: 👤 User: sabyagentic_user
[32minfo[39m: 🗄️  Database: halograph
[32minfo[39m: ✅ PostgreSQL connected successfully
[32minfo[39m: 📋 PostgreSQL Version: PostgreSQL 15.14 (Debian 15.14-1.pgdg13+1) on x86_64-pc-linux-gnu, compiled by gcc (Debian 14.2.0-19) 14.2.0, 64-bit
[32minfo[39m: Connected to email server
[32minfo[39m: ✅ Redis connected
[32minfo[39m: ⚙️  Redis ready for commands
[32minfo[39m: ✅ Redis ping successful
[31merror[39m: Error: listen EADDRINUSE: address already in use :::4000
    at Server.setupListenHandle [as _listen2] (node:net:1817:16)
    at listenInCluster (node:net:1865:12)
    at doListen (node:net:2014:7)
    at process.processTicksAndRejections (node:internal/process/task_queues:83:21)
[32minfo[39m: Server closed
[31m[nodemon] app crashed - waiting for file changes before starting...[39m
[32m[nodemon] restarting due to changes...[39m
[32m[nodemon] starting `node src/index.js`[39m
(node:78000) NOTE: The AWS SDK for JavaScript (v2) is in maintenance mode.
 SDK releases are limited to address critical bug fixes and security issues only.

Please migrate your code to use AWS SDK for JavaScript (v3).
For more information, check the blog post at https://a.co/cUPnyil
(Use `node --trace-warnings ...` to show where the warning was created)
[32minfo[39m: ✅ Connected to MongoDB
[32minfo[39m: 🔄 Testing PostgreSQL connection...
[32minfo[39m: 📊 Host: 20.169.129.160:5432
[32minfo[39m: 👤 User: sabyagentic_user
[32minfo[39m: 🗄️  Database: halograph
[32minfo[39m: ✅ PostgreSQL connected successfully
[32minfo[39m: 📋 PostgreSQL Version: PostgreSQL 15.14 (Debian 15.14-1.pgdg13+1) on x86_64-pc-linux-gnu, compiled by gcc (Debian 14.2.0-19) 14.2.0, 64-bit
[32minfo[39m: ✅ Redis connected
[32minfo[39m: ⚙️  Redis ready for commands
[32minfo[39m: ✅ Redis ping successful
[31merror[39m: Error: listen EADDRINUSE: address already in use :::4000
    at Server.setupListenHandle [as _listen2] (node:net:1817:16)
    at listenInCluster (node:net:1865:12)
    at doListen (node:net:2014:7)
    at process.processTicksAndRejections (node:internal/process/task_queues:83:21)
[32minfo[39m: Server closed
[31m[nodemon] app crashed - waiting for file changes before starting...[39m
[32m[nodemon] restarting due to changes...[39m
[32m[nodemon] starting `node src/index.js`[39m
(node:93189) NOTE: The AWS SDK for JavaScript (v2) is in maintenance mode.
 SDK releases are limited to address critical bug fixes and security issues only.

Please migrate your code to use AWS SDK for JavaScript (v3).
For more information, check the blog post at https://a.co/cUPnyil
(Use `node --trace-warnings ...` to show where the warning was created)
[32minfo[39m: ✅ Connected to MongoDB
[32minfo[39m: 🔄 Testing PostgreSQL connection...
[32minfo[39m: 📊 Host: 20.169.129.160:5432
[32minfo[39m: 👤 User: sabyagentic_user
[32minfo[39m: 🗄️  Database: halograph
[32minfo[39m: ✅ PostgreSQL connected successfully
[32minfo[39m: 📋 PostgreSQL Version: PostgreSQL 15.14 (Debian 15.14-1.pgdg13+1) on x86_64-pc-linux-gnu, compiled by gcc (Debian 14.2.0-19) 14.2.0, 64-bit
[32minfo[39m: ✅ Redis connected
[32minfo[39m: ⚙️  Redis ready for commands
[32minfo[39m: ✅ Redis ping successful
[31merror[39m: Error: listen EADDRINUSE: address already in use :::4000
    at Server.setupListenHandle [as _listen2] (node:net:1817:16)
    at listenInCluster (node:net:1865:12)
    at doListen (node:net:2014:7)
    at process.processTicksAndRejections (node:internal/process/task_queues:83:21)
[32minfo[39m: Server closed
[31m[nodemon] app crashed - waiting for file changes before starting...[39m
[32m[nodemon] restarting due to changes...[39m
[32m[nodemon] starting `node src/index.js`[39m
(node:24544) NOTE: The AWS SDK for JavaScript (v2) is in maintenance mode.
 SDK releases are limited to address critical bug fixes and security issues only.

Please migrate your code to use AWS SDK for JavaScript (v3).
For more information, check the blog post at https://a.co/cUPnyil
(Use `node --trace-warnings ...` to show where the warning was created)
[32minfo[39m: ✅ Connected to MongoDB
[32minfo[39m: 🔄 Testing PostgreSQL connection...
[32minfo[39m: 📊 Host: 20.169.129.160:5432
[32minfo[39m: 👤 User: sabyagentic_user
[32minfo[39m: 🗄️  Database: halograph
[32minfo[39m: ✅ PostgreSQL connected successfully
[32minfo[39m: 📋 PostgreSQL Version: PostgreSQL 15.14 (Debian 15.14-1.pgdg13+1) on x86_64-pc-linux-gnu, compiled by gcc (Debian 14.2.0-19) 14.2.0, 64-bit
[32minfo[39m: ✅ Redis connected
[32minfo[39m: ⚙️  Redis ready for commands
[32minfo[39m: ✅ Redis ping successful
[31merror[39m: Error: listen EADDRINUSE: address already in use :::4000
    at Server.setupListenHandle [as _listen2] (node:net:1817:16)
    at listenInCluster (node:net:1865:12)
    at doListen (node:net:2014:7)
    at process.processTicksAndRejections (node:internal/process/task_queues:83:21)
[32minfo[39m: Server closed
[31m[nodemon] app crashed - waiting for file changes before starting...[39m
[32m[nodemon] restarting due to changes...[39m
[32m[nodemon] starting `node src/index.js`[39m
(node:26273) NOTE: The AWS SDK for JavaScript (v2) is in maintenance mode.
 SDK releases are limited to address critical bug fixes and security issues only.

Please migrate your code to use AWS SDK for JavaScript (v3).
For more information, check the blog post at https://a.co/cUPnyil
(Use `node --trace-warnings ...` to show where the warning was created)
[32minfo[39m: ✅ Connected to MongoDB
[32minfo[39m: 🔄 Testing PostgreSQL connection...
[32minfo[39m: 📊 Host: 20.169.129.160:5432
[32minfo[39m: 👤 User: sabyagentic_user
[32minfo[39m: 🗄️  Database: halograph
[32minfo[39m: Connected to email server
[32minfo[39m: ✅ PostgreSQL connected successfully
[32minfo[39m: 📋 PostgreSQL Version: PostgreSQL 15.14 (Debian 15.14-1.pgdg13+1) on x86_64-pc-linux-gnu, compiled by gcc (Debian 14.2.0-19) 14.2.0, 64-bit
[32minfo[39m: ✅ Redis connected
[32minfo[39m: ⚙️  Redis ready for commands
[32minfo[39m: ✅ Redis ping successful
[31merror[39m: Error: listen EADDRINUSE: address already in use :::4000
    at Server.setupListenHandle [as _listen2] (node:net:1817:16)
    at listenInCluster (node:net:1865:12)
    at doListen (node:net:2014:7)
    at process.processTicksAndRejections (node:internal/process/task_queues:83:21)
[32minfo[39m: Server closed
[31m[nodemon] app crashed - waiting for file changes before starting...[39m
[32m[nodemon] restarting due to changes...[39m
[32m[nodemon] starting `node src/index.js`[39m
(node:49352) MaxListenersExceededWarning: Possible EventEmitter memory leak detected. 11 exit listeners added to [Bus]. Use emitter.setMaxListeners() to increase limit
(Use `node --trace-warnings ...` to show where the warning was created)
(node:4526) NOTE: The AWS SDK for JavaScript (v2) is in maintenance mode.
 SDK releases are limited to address critical bug fixes and security issues only.

Please migrate your code to use AWS SDK for JavaScript (v3).
For more information, check the blog post at https://a.co/cUPnyil
(Use `node --trace-warnings ...` to show where the warning was created)
[32minfo[39m: ✅ Connected to MongoDB
[32minfo[39m: 🔄 Testing PostgreSQL connection...
[32minfo[39m: 📊 Host: 20.169.129.160:5432
[32minfo[39m: 👤 User: sabyagentic_user
[32minfo[39m: 🗄️  Database: halograph
[32minfo[39m: ✅ PostgreSQL connected successfully
[32minfo[39m: 📋 PostgreSQL Version: PostgreSQL 15.14 (Debian 15.14-1.pgdg13+1) on x86_64-pc-linux-gnu, compiled by gcc (Debian 14.2.0-19) 14.2.0, 64-bit
[32minfo[39m: ✅ Redis connected
[32minfo[39m: ⚙️  Redis ready for commands
[32minfo[39m: ✅ Redis ping successful
[31merror[39m: Error: listen EADDRINUSE: address already in use :::4000
    at Server.setupListenHandle [as _listen2] (node:net:1817:16)
    at listenInCluster (node:net:1865:12)
    at doListen (node:net:2014:7)
    at process.processTicksAndRejections (node:internal/process/task_queues:83:21)
[32minfo[39m: Server closed
[31m[nodemon] app crashed - waiting for file changes before starting...[39m
[32m[nodemon] restarting due to changes...[39m
[32m[nodemon] starting `node src/index.js`[39m
/Users/fadebowaley/saby/sabyBackend/src/controllers/structure.controller.js:153
};);
^

SyntaxError: missing ) after argument list
    at internalCompileFunction (node:internal/vm:76:18)
    at wrapSafe (node:internal/modules/cjs/loader:1283:20)
    at Module._compile (node:internal/modules/cjs/loader:1328:27)
    at Module._extensions..js (node:internal/modules/cjs/loader:1422:10)
    at Module.load (node:internal/modules/cjs/loader:1203:32)
    at Module._load (node:internal/modules/cjs/loader:1019:12)
    at Module.require (node:internal/modules/cjs/loader:1231:19)
    at require (node:internal/modules/helpers:177:18)
    at Object.<anonymous> (/Users/fadebowaley/saby/sabyBackend/src/routes/v1/structure.route.js:5:29)
    at Module._compile (node:internal/modules/cjs/loader:1364:14)
    at Module._extensions..js (node:internal/modules/cjs/loader:1422:10)
    at Module.load (node:internal/modules/cjs/loader:1203:32)
    at Module._load (node:internal/modules/cjs/loader:1019:12)
    at Module.require (node:internal/modules/cjs/loader:1231:19)
    at require (node:internal/modules/helpers:177:18)
    at Object.<anonymous> (/Users/fadebowaley/saby/sabyBackend/src/routes/v1/index.js:14:24)

Node.js v18.20.2
[31m[nodemon] app crashed - waiting for file changes before starting...[39m
[32m[nodemon] restarting due to changes...[39m
[32m[nodemon] starting `node src/index.js`[39m
[32m[nodemon] restarting due to changes...[39m
[32m[nodemon] restarting due to changes...[39m
[32m[nodemon] starting `node src/index.js`[39m
(node:22076) NOTE: The AWS SDK for JavaScript (v2) is in maintenance mode.
 SDK releases are limited to address critical bug fixes and security issues only.

Please migrate your code to use AWS SDK for JavaScript (v3).
For more information, check the blog post at https://a.co/cUPnyil
(Use `node --trace-warnings ...` to show where the warning was created)
[32minfo[39m: ✅ Connected to MongoDB
[32minfo[39m: 🔄 Testing PostgreSQL connection...
[32minfo[39m: 📊 Host: 20.169.129.160:5432
[32minfo[39m: 👤 User: sabyagentic_user
[32minfo[39m: 🗄️  Database: halograph
[32minfo[39m: ✅ PostgreSQL connected successfully
[32minfo[39m: 📋 PostgreSQL Version: PostgreSQL 15.14 (Debian 15.14-1.pgdg13+1) on x86_64-pc-linux-gnu, compiled by gcc (Debian 14.2.0-19) 14.2.0, 64-bit
[32minfo[39m: ✅ Redis connected
[32minfo[39m: ⚙️  Redis ready for commands
[32minfo[39m: ✅ Redis ping successful
[31merror[39m: Error: listen EADDRINUSE: address already in use :::4000
    at Server.setupListenHandle [as _listen2] (node:net:1817:16)
    at listenInCluster (node:net:1865:12)
    at doListen (node:net:2014:7)
    at process.processTicksAndRejections (node:internal/process/task_queues:83:21)
[32minfo[39m: Server closed
[31m[nodemon] app crashed - waiting for file changes before starting...[39m
[32m[nodemon] restarting due to changes...[39m
[32m[nodemon] starting `node src/index.js`[39m
[32m[nodemon] restarting due to changes...[39m
[32m[nodemon] starting `node src/index.js`[39m
[32m[nodemon] restarting due to changes...[39m
[32m[nodemon] starting `node src/index.js`[39m
(node:35552) NOTE: The AWS SDK for JavaScript (v2) is in maintenance mode.
 SDK releases are limited to address critical bug fixes and security issues only.

Please migrate your code to use AWS SDK for JavaScript (v3).
For more information, check the blog post at https://a.co/cUPnyil
(Use `node --trace-warnings ...` to show where the warning was created)
[32minfo[39m: ✅ Connected to MongoDB
[32minfo[39m: 🔄 Testing PostgreSQL connection...
[32minfo[39m: 📊 Host: 20.169.129.160:5432
[32minfo[39m: 👤 User: sabyagentic_user
[32minfo[39m: 🗄️  Database: halograph
[32minfo[39m: ✅ PostgreSQL connected successfully
[32minfo[39m: 📋 PostgreSQL Version: PostgreSQL 15.14 (Debian 15.14-1.pgdg13+1) on x86_64-pc-linux-gnu, compiled by gcc (Debian 14.2.0-19) 14.2.0, 64-bit
[32minfo[39m: Connected to email server
[32minfo[39m: ✅ Redis connected
[32minfo[39m: ⚙️  Redis ready for commands
[32minfo[39m: ✅ Redis ping successful
[31merror[39m: Error: listen EADDRINUSE: address already in use :::4000
    at Server.setupListenHandle [as _listen2] (node:net:1817:16)
    at listenInCluster (node:net:1865:12)
    at doListen (node:net:2014:7)
    at process.processTicksAndRejections (node:internal/process/task_queues:83:21)
[32minfo[39m: Server closed
[31m[nodemon] app crashed - waiting for file changes before starting...[39m
[32m[nodemon] restarting due to changes...[39m
[32m[nodemon] starting `node src/index.js`[39m
(node:59215) NOTE: The AWS SDK for JavaScript (v2) is in maintenance mode.
 SDK releases are limited to address critical bug fixes and security issues only.

Please migrate your code to use AWS SDK for JavaScript (v3).
For more information, check the blog post at https://a.co/cUPnyil
(Use `node --trace-warnings ...` to show where the warning was created)
[32minfo[39m: Connected to email server
[31merror[39m: connect ECONNREFUSED ::1:27017
[31m[nodemon] app crashed - waiting for file changes before starting...[39m
[32m[nodemon] restarting due to changes...[39m
[32m[nodemon] starting `node src/index.js`[39m
(node:70278) NOTE: The AWS SDK for JavaScript (v2) is in maintenance mode.
 SDK releases are limited to address critical bug fixes and security issues only.

Please migrate your code to use AWS SDK for JavaScript (v3).
For more information, check the blog post at https://a.co/cUPnyil
(Use `node --trace-warnings ...` to show where the warning was created)
[32minfo[39m: ✅ Connected to MongoDB
[32minfo[39m: 🔄 Testing PostgreSQL connection...
[32minfo[39m: 📊 Host: 20.169.129.160:5432
[32minfo[39m: 👤 User: sabyagentic_user
[32minfo[39m: 🗄️  Database: halograph
[32minfo[39m: ✅ PostgreSQL connected successfully
[32minfo[39m: 📋 PostgreSQL Version: PostgreSQL 15.14 (Debian 15.14-1.pgdg13+1) on x86_64-pc-linux-gnu, compiled by gcc (Debian 14.2.0-19) 14.2.0, 64-bit
[32minfo[39m: ✅ Redis connected
[32minfo[39m: ⚙️  Redis ready for commands
[32minfo[39m: ✅ Redis ping successful
[31merror[39m: Error: listen EADDRINUSE: address already in use :::4000
    at Server.setupListenHandle [as _listen2] (node:net:1817:16)
    at listenInCluster (node:net:1865:12)
    at doListen (node:net:2014:7)
    at process.processTicksAndRejections (node:internal/process/task_queues:83:21)
[32minfo[39m: Server closed
[31m[nodemon] app crashed - waiting for file changes before starting...[39m
[32m[nodemon] restarting due to changes...[39m
[32m[nodemon] starting `node src/index.js`[39m
(node:73570) NOTE: The AWS SDK for JavaScript (v2) is in maintenance mode.
 SDK releases are limited to address critical bug fixes and security issues only.

Please migrate your code to use AWS SDK for JavaScript (v3).
For more information, check the blog post at https://a.co/cUPnyil
(Use `node --trace-warnings ...` to show where the warning was created)
[32minfo[39m: ✅ Connected to MongoDB
[32minfo[39m: 🔄 Testing PostgreSQL connection...
[32minfo[39m: 📊 Host: 20.169.129.160:5432
[32minfo[39m: 👤 User: sabyagentic_user
[32minfo[39m: 🗄️  Database: halograph
[32minfo[39m: ✅ PostgreSQL connected successfully
[32minfo[39m: 📋 PostgreSQL Version: PostgreSQL 15.14 (Debian 15.14-1.pgdg13+1) on x86_64-pc-linux-gnu, compiled by gcc (Debian 14.2.0-19) 14.2.0, 64-bit
[32minfo[39m: ✅ Redis connected
[32minfo[39m: ⚙️  Redis ready for commands
[32minfo[39m: ✅ Redis ping successful
[31merror[39m: Error: listen EADDRINUSE: address already in use :::4000
    at Server.setupListenHandle [as _listen2] (node:net:1817:16)
    at listenInCluster (node:net:1865:12)
    at doListen (node:net:2014:7)
    at process.processTicksAndRejections (node:internal/process/task_queues:83:21)
[32minfo[39m: Server closed
[31m[nodemon] app crashed - waiting for file changes before starting...[39m
[32m[nodemon] restarting due to changes...[39m
[32m[nodemon] starting `node src/index.js`[39m
(node:63986) NOTE: The AWS SDK for JavaScript (v2) is in maintenance mode.
 SDK releases are limited to address critical bug fixes and security issues only.

Please migrate your code to use AWS SDK for JavaScript (v3).
For more information, check the blog post at https://a.co/cUPnyil
(Use `node --trace-warnings ...` to show where the warning was created)
[32minfo[39m: ✅ Connected to MongoDB
[32minfo[39m: 🔄 Testing PostgreSQL connection...
[32minfo[39m: 📊 Host: 20.169.129.160:5432
[32minfo[39m: 👤 User: sabyagentic_user
[32minfo[39m: 🗄️  Database: halograph
[32minfo[39m: ✅ PostgreSQL connected successfully
[32minfo[39m: 📋 PostgreSQL Version: PostgreSQL 15.14 (Debian 15.14-1.pgdg13+1) on x86_64-pc-linux-gnu, compiled by gcc (Debian 14.2.0-19) 14.2.0, 64-bit
[32minfo[39m: ✅ Redis connected
[32minfo[39m: ⚙️  Redis ready for commands
[32minfo[39m: ✅ Redis ping successful
[31merror[39m: Error: listen EADDRINUSE: address already in use :::4000
    at Server.setupListenHandle [as _listen2] (node:net:1817:16)
    at listenInCluster (node:net:1865:12)
    at doListen (node:net:2014:7)
    at process.processTicksAndRejections (node:internal/process/task_queues:83:21)
[32minfo[39m: Server closed
[31m[nodemon] app crashed - waiting for file changes before starting...[39m
[32m[nodemon] restarting due to changes...[39m
[32m[nodemon] starting `node src/index.js`[39m
[32m[nodemon] restarting due to changes...[39m
[32m[nodemon] starting `node src/index.js`[39m
[32m[nodemon] restarting due to changes...[39m
[32m[nodemon] starting `node src/index.js`[39m
[32m[nodemon] restarting due to changes...[39m
[32m[nodemon] starting `node src/index.js`[39m
[32m[nodemon] restarting due to changes...[39m
[32m[nodemon] restarting due to changes...[39m
[32m[nodemon] restarting due to changes...[39m
[32m[nodemon] starting `node src/index.js`[39m
[32m[nodemon] restarting due to changes...[39m
[32m[nodemon] starting `node src/index.js`[39m
(node:70973) NOTE: The AWS SDK for JavaScript (v2) is in maintenance mode.
 SDK releases are limited to address critical bug fixes and security issues only.

Please migrate your code to use AWS SDK for JavaScript (v3).
For more information, check the blog post at https://a.co/cUPnyil
(Use `node --trace-warnings ...` to show where the warning was created)
[32minfo[39m: ✅ Connected to MongoDB
[32minfo[39m: 🔄 Testing PostgreSQL connection...
[32minfo[39m: 📊 Host: 20.169.129.160:5432
[32minfo[39m: 👤 User: sabyagentic_user
[32minfo[39m: 🗄️  Database: halograph
[32minfo[39m: ✅ PostgreSQL connected successfully
[32minfo[39m: 📋 PostgreSQL Version: PostgreSQL 15.14 (Debian 15.14-1.pgdg13+1) on x86_64-pc-linux-gnu, compiled by gcc (Debian 14.2.0-19) 14.2.0, 64-bit
[32minfo[39m: ✅ Redis connected
[32minfo[39m: ⚙️  Redis ready for commands
[32minfo[39m: ✅ Redis ping successful
[31merror[39m: Error: listen EADDRINUSE: address already in use :::4000
    at Server.setupListenHandle [as _listen2] (node:net:1817:16)
    at listenInCluster (node:net:1865:12)
    at doListen (node:net:2014:7)
    at process.processTicksAndRejections (node:internal/process/task_queues:83:21)
[32minfo[39m: Server closed
[31m[nodemon] app crashed - waiting for file changes before starting...[39m
[32m[nodemon] restarting due to changes...[39m
[32m[nodemon] starting `node src/index.js`[39m
[32m[nodemon] restarting due to changes...[39m
[32m[nodemon] starting `node src/index.js`[39m
(node:73380) NOTE: The AWS SDK for JavaScript (v2) is in maintenance mode.
 SDK releases are limited to address critical bug fixes and security issues only.

Please migrate your code to use AWS SDK for JavaScript (v3).
For more information, check the blog post at https://a.co/cUPnyil
(Use `node --trace-warnings ...` to show where the warning was created)
[32minfo[39m: ✅ Connected to MongoDB
[32minfo[39m: 🔄 Testing PostgreSQL connection...
[32minfo[39m: 📊 Host: 20.169.129.160:5432
[32minfo[39m: 👤 User: sabyagentic_user
[32minfo[39m: 🗄️  Database: halograph
[32minfo[39m: Connected to email server
[32minfo[39m: ✅ PostgreSQL connected successfully
[32minfo[39m: 📋 PostgreSQL Version: PostgreSQL 15.14 (Debian 15.14-1.pgdg13+1) on x86_64-pc-linux-gnu, compiled by gcc (Debian 14.2.0-19) 14.2.0, 64-bit
[32minfo[39m: ✅ Redis connected
[32minfo[39m: ⚙️  Redis ready for commands
[32minfo[39m: ✅ Redis ping successful
[31merror[39m: Error: listen EADDRINUSE: address already in use :::4000
    at Server.setupListenHandle [as _listen2] (node:net:1817:16)
    at listenInCluster (node:net:1865:12)
    at doListen (node:net:2014:7)
    at process.processTicksAndRejections (node:internal/process/task_queues:83:21)
[32minfo[39m: Server closed
[31m[nodemon] app crashed - waiting for file changes before starting...[39m
[32m[nodemon] restarting due to changes...[39m
[32m[nodemon] starting `node src/index.js`[39m
[32m[nodemon] restarting due to changes...[39m
[32m[nodemon] restarting due to changes...[39m
[32m[nodemon] restarting due to changes...[39m
[32m[nodemon] starting `node src/index.js`[39m
(node:80336) NOTE: The AWS SDK for JavaScript (v2) is in maintenance mode.
 SDK releases are limited to address critical bug fixes and security issues only.

Please migrate your code to use AWS SDK for JavaScript (v3).
For more information, check the blog post at https://a.co/cUPnyil
(Use `node --trace-warnings ...` to show where the warning was created)
[32minfo[39m: ✅ Connected to MongoDB
[32minfo[39m: 🔄 Testing PostgreSQL connection...
[32minfo[39m: 📊 Host: 20.169.129.160:5432
[32minfo[39m: 👤 User: sabyagentic_user
[32minfo[39m: 🗄️  Database: halograph
[32minfo[39m: ✅ PostgreSQL connected successfully
[32minfo[39m: 📋 PostgreSQL Version: PostgreSQL 15.14 (Debian 15.14-1.pgdg13+1) on x86_64-pc-linux-gnu, compiled by gcc (Debian 14.2.0-19) 14.2.0, 64-bit
[32minfo[39m: ✅ Redis connected
[32minfo[39m: ⚙️  Redis ready for commands
[32minfo[39m: ✅ Redis ping successful
[31merror[39m: Error: listen EADDRINUSE: address already in use :::4000
    at Server.setupListenHandle [as _listen2] (node:net:1817:16)
    at listenInCluster (node:net:1865:12)
    at doListen (node:net:2014:7)
    at process.processTicksAndRejections (node:internal/process/task_queues:83:21)
[32minfo[39m: Server closed
[31m[nodemon] app crashed - waiting for file changes before starting...[39m
