
> halo@1.0.0 dev
> cross-env NODE_ENV=development nodemon src/index.js

[33m[nodemon] 2.0.9[39m
[33m[nodemon] to restart at any time, enter `rs`[39m
[33m[nodemon] watching path(s): *.*[39m
[33m[nodemon] watching extensions: js,mjs,json[39m
[32m[nodemon] starting `node src/index.js`[39m
🔍 [REQUIRE ACCESS] Owner Resource Bundle loaded: [
  'user',       'app',
  'structures', 'node',
  'payment',    'level',
  'storage',    'project',
  'apikeys',    'project-form',
  'roles',      'permissions'
]
🔍 [REQUIRE ACCESS] Bundle type: object
🔍 [REQUIRE ACCESS] Is Array?: true
🔍 [AUTH MIDDLEWARE] Owner Resource Bundle loaded: [
  'user',       'app',
  'structures', 'node',
  'payment',    'level',
  'storage',    'project',
  'apikeys',    'project-form',
  'roles',      'permissions'
]
🔍 [AUTH MIDDLEWARE] Bundle type: object
🔍 [AUTH MIDDLEWARE] Is Array?: true
[33mwarn[39m: ⚠️  Email ingestor worker not available (missing dependencies)
(node:17128) NOTE: The AWS SDK for JavaScript (v2) is in maintenance mode.
 SDK releases are limited to address critical bug fixes and security issues only.

Please migrate your code to use AWS SDK for JavaScript (v3).
For more information, check the blog post at https://a.co/cUPnyil
(Use `node --trace-warnings ...` to show where the warning was created)
[32minfo[39m: ✅ Connected to MongoDB
[32minfo[39m: 🔄 Testing PostgreSQL connection...
[32minfo[39m: 📊 Host: 20.169.129.160:5432
[32minfo[39m: 👤 User: sabyagentic_user
[32minfo[39m: 🗄️  Database: halograph
[32minfo[39m: ✅ PostgreSQL connected successfully
[32minfo[39m: 📋 PostgreSQL Version: PostgreSQL 15.14 (Debian 15.14-1.pgdg13+1) on x86_64-pc-linux-gnu, compiled by gcc (Debian 14.2.0-19) 14.2.0, 64-bit
[32minfo[39m: ✅ Redis connected
[32minfo[39m: ⚙️  Redis ready for commands
[32minfo[39m: ✅ Redis ping successful
[32minfo[39m: 🚀 Initializing background workers...
[32minfo[39m: ✅ Submission worker started
[32minfo[39m: ✅ PERM notification worker started
[32minfo[39m: 🔔 Notification worker initialized
[32minfo[39m: ✅ Notification worker started
[32minfo[39m: ⊘ Email ingestor worker not available (missing dependencies)
[32minfo[39m: 🎉 All workers initialized successfully
[32minfo[39m: 🚀 Server is running on port 4000
[32minfo[39m: 🌍 Environment: development
[32minfo[39m: 📊 Database Status:
[32minfo[39m:    - MongoDB: ✅ Connected
[32minfo[39m:    - PostgreSQL: ✅ Connected
[32minfo[39m:    - Redis: ✅ Connected
[32minfo[39m: Connected to email server
[32minfo[39m: GET / 200 - 14.261 ms
[TenantPlugin] Pre-hook triggered for: findOne
[TenantPlugin] Options: {}
expired token expiry time ---> 30
expired token ---> Moment<2025-10-23T12:23:54+01:00>
expired token ---> Moment<2025-10-23T12:53:54+01:00>
acess token --> eyJhbGciOiJIUzI1NiIsInR5cCI6IkpXVCJ9.eyJzdWIiOiI2OGU0Y2I5NmQxODBiMDI4NWQ5YTcwMWQiLCJpYXQiOjE3NjEyMTY4MzQsImV4cCI6MTc2MTIxODYzNCwidHlwZSI6ImFjY2VzcyJ9.ylK-QFsN0hmB1kTcBiSef-wnHisyK8aY1SCXz0WBFH8
[32minfo[39m: POST /v1/auth/login 200 - 240.486 ms
[TenantPlugin] Pre-hook triggered for: findOne
[TenantPlugin] Options: {}
--- AUTH DEBUG ---
Route: /v1/node?tenantId=hWiWJ_X0m6&limit=1
HTTP Method: GET
Required Permissions: [ 'view:node' ]
[NODE CONTROLLER - QUERY] Query params: { tenantId: 'hWiWJ_X0m6', limit: 1 } Tenant: hWiWJ_X0m6
[NODE CONTROLLER - QUERY] Filter with tenantId: { tenantId: 'hWiWJ_X0m6' }
[TenantPlugin] paginate() - incoming options: { limit: 1, populate: 'level,structure,users.roles' }
[TenantPlugin] Pre-hook triggered for: countDocuments
[TenantPlugin] Options: {}
[TenantPlugin] Pre-hook triggered for: find
[TenantPlugin] Options: { sort: { createdAt: 1 }, skip: 0, limit: 1 }
[NODE CONTROLLER - QUERY] Found 0 nodes for tenant: hWiWJ_X0m6
[32minfo[39m: GET /v1/node?tenantId=hWiWJ_X0m6&limit=1 200 - 40.301 ms
[requireAccess] Checking access for endpoint: /v1/submissions {
  permissions: [],
  scope: undefined,
  environment: undefined,
  jwtOnly: false,
  apiOnly: false
}
[requireAccess] Incoming headers: {
  Authorization: 'Bearer eyJhbGciOiJIUzI1NiIsInR5cCI6IkpXVCJ9.eyJzdWIiOiI2OGU0Y2I5NmQxODBiMDI4NWQ5YTcwMWQiLCJpYXQiOjE3NjEyMTY4MzQsImV4cCI6MTc2MTIxODYzNCwidHlwZSI6ImFjY2VzcyJ9.ylK-QFsN0hmB1kTcBiSef-wnHisyK8aY1SCXz0WBFH8',
  'x-api-key': undefined,
  requiredPermissions: []
}
[requireAccess] Full request headers: {
  accept: 'application/json, text/plain, */*',
  'content-type': 'application/json',
  authorization: 'Bearer eyJhbGciOiJIUzI1NiIsInR5cCI6IkpXVCJ9.eyJzdWIiOiI2OGU0Y2I5NmQxODBiMDI4NWQ5YTcwMWQiLCJpYXQiOjE3NjEyMTY4MzQsImV4cCI6MTc2MTIxODYzNCwidHlwZSI6ImFjY2VzcyJ9.ylK-QFsN0hmB1kTcBiSef-wnHisyK8aY1SCXz0WBFH8',
  'user-agent': 'axios/1.12.2',
  'content-length': '510',
  'accept-encoding': 'gzip, compress, deflate, br',
  host: 'localhost:4000',
  connection: 'close'
}
[requireAccess] Detected JWT
[TenantPlugin] Pre-hook triggered for: findOne
[TenantPlugin] Options: {}
[requireAccess] Authenticated user: {
  roles: [],
  isOwner: true,
  isSuper: true,
  isSaby: true,
  isAgreed: false,
  createdBy: null,
  otp: null,
  otpExpires: null,
  otpVerified: true,
  phoneNumber: null,
  isPhoneVerified: false,
  isEmailVerified: true,
  avatar: 'https://halocrm.s3.us-east-1.amazonaws.com/user/avatar-09.webp',
  status: true,
  deletedAt: null,
  _id: 68e4cb96d180b0285d9a701d,
  firstname: 'Debby',
  lastname: 'Adebowale',
  email: 'saby@saby.ai',
  password: '$2a$08$o1.0/o0J3cDHswtnBPpdO.0KNYtXslW0gYv8ZcwaRkUdsupCw5dH.',
  userId: '0YXBcDcxPH',
  tenantId: 'hWiWJ_X0m6',
  createdAt: 2025-10-07T08:13:10.710Z,
  updatedAt: 2025-10-10T19:17:53.368Z,
  haloId: 'HL-00030',
  __v: 0
}
[requireAccess] Resolved access: user
[31merror[39m: ReferenceError: logger is not defined
    at /Users/fadebowaley/saby/sabyBackend/src/controllers/unifiedSubmission.controller.js:69:3
    at /Users/fadebowaley/saby/sabyBackend/src/utils/catchAsync.js:31:19
    at Layer.handle [as handle_request] (/Users/fadebowaley/saby/sabyBackend/node_modules/express/lib/router/layer.js:95:5)
    at next (/Users/fadebowaley/saby/sabyBackend/node_modules/express/lib/router/route.js:137:13)
    at /Users/fadebowaley/saby/sabyBackend/src/middlewares/validate.js:53:10
    at Layer.handle [as handle_request] (/Users/fadebowaley/saby/sabyBackend/node_modules/express/lib/router/layer.js:95:5)
    at next (/Users/fadebowaley/saby/sabyBackend/node_modules/express/lib/router/route.js:137:13)
    at /Users/fadebowaley/saby/sabyBackend/src/middlewares/requireAccess.js:328:7
    at process.processTicksAndRejections (node:internal/process/task_queues:95:5)
[31merror[39m: POST /v1/submissions 500 - 20.462 ms - message: logger is not defined
[32m[nodemon] restarting due to changes...[39m
[32m[nodemon] starting `node src/index.js`[39m
🔍 [REQUIRE ACCESS] Owner Resource Bundle loaded: [
  'user',       'app',
  'structures', 'node',
  'payment',    'level',
  'storage',    'project',
  'apikeys',    'project-form',
  'roles',      'permissions'
]
🔍 [REQUIRE ACCESS] Bundle type: object
🔍 [REQUIRE ACCESS] Is Array?: true
🔍 [AUTH MIDDLEWARE] Owner Resource Bundle loaded: [
  'user',       'app',
  'structures', 'node',
  'payment',    'level',
  'storage',    'project',
  'apikeys',    'project-form',
  'roles',      'permissions'
]
🔍 [AUTH MIDDLEWARE] Bundle type: object
🔍 [AUTH MIDDLEWARE] Is Array?: true
[33mwarn[39m: ⚠️  Email ingestor worker not available (missing dependencies)
(node:19906) NOTE: The AWS SDK for JavaScript (v2) is in maintenance mode.
 SDK releases are limited to address critical bug fixes and security issues only.

Please migrate your code to use AWS SDK for JavaScript (v3).
For more information, check the blog post at https://a.co/cUPnyil
(Use `node --trace-warnings ...` to show where the warning was created)
[32minfo[39m: ✅ Connected to MongoDB
[32minfo[39m: 🔄 Testing PostgreSQL connection...
[32minfo[39m: 📊 Host: 20.169.129.160:5432
[32minfo[39m: 👤 User: sabyagentic_user
[32minfo[39m: 🗄️  Database: halograph
[32minfo[39m: ✅ PostgreSQL connected successfully
[32minfo[39m: 📋 PostgreSQL Version: PostgreSQL 15.14 (Debian 15.14-1.pgdg13+1) on x86_64-pc-linux-gnu, compiled by gcc (Debian 14.2.0-19) 14.2.0, 64-bit
[32minfo[39m: ✅ Redis connected
[32minfo[39m: ⚙️  Redis ready for commands
[32minfo[39m: ✅ Redis ping successful
[32minfo[39m: 🚀 Initializing background workers...
[32minfo[39m: ✅ Submission worker started
[32minfo[39m: ✅ PERM notification worker started
[32minfo[39m: 🔔 Notification worker initialized
[32minfo[39m: ✅ Notification worker started
[32minfo[39m: ⊘ Email ingestor worker not available (missing dependencies)
[32minfo[39m: 🎉 All workers initialized successfully
[32minfo[39m: 🚀 Server is running on port 4000
[32minfo[39m: 🌍 Environment: development
[32minfo[39m: 📊 Database Status:
[32minfo[39m:    - MongoDB: ✅ Connected
[32minfo[39m:    - PostgreSQL: ✅ Connected
[32minfo[39m:    - Redis: ✅ Connected
[32minfo[39m: Connected to email server
[32minfo[39m: GET / 200 - 3.529 ms
[TenantPlugin] Pre-hook triggered for: findOne
[TenantPlugin] Options: {}
expired token expiry time ---> 30
expired token ---> Moment<2025-10-23T12:24:44+01:00>
expired token ---> Moment<2025-10-23T12:54:44+01:00>
acess token --> eyJhbGciOiJIUzI1NiIsInR5cCI6IkpXVCJ9.eyJzdWIiOiI2OGU0Y2I5NmQxODBiMDI4NWQ5YTcwMWQiLCJpYXQiOjE3NjEyMTY4ODQsImV4cCI6MTc2MTIxODY4NCwidHlwZSI6ImFjY2VzcyJ9.ySbjOTJFLOHz0bksDnFn8fVSHiD0hKj2RjwwCsTsJ-A
[32minfo[39m: POST /v1/auth/login 200 - 199.043 ms
[TenantPlugin] Pre-hook triggered for: findOne
[TenantPlugin] Options: {}
--- AUTH DEBUG ---
Route: /v1/node?tenantId=hWiWJ_X0m6&limit=1
HTTP Method: GET
Required Permissions: [ 'view:node' ]
[NODE CONTROLLER - QUERY] Query params: { tenantId: 'hWiWJ_X0m6', limit: 1 } Tenant: hWiWJ_X0m6
[NODE CONTROLLER - QUERY] Filter with tenantId: { tenantId: 'hWiWJ_X0m6' }
[TenantPlugin] paginate() - incoming options: { limit: 1, populate: 'level,structure,users.roles' }
[TenantPlugin] Pre-hook triggered for: countDocuments
[TenantPlugin] Options: {}
[TenantPlugin] Pre-hook triggered for: find
[TenantPlugin] Options: { sort: { createdAt: 1 }, skip: 0, limit: 1 }
[NODE CONTROLLER - QUERY] Found 0 nodes for tenant: hWiWJ_X0m6
[32minfo[39m: GET /v1/node?tenantId=hWiWJ_X0m6&limit=1 200 - 602.752 ms
[requireAccess] Checking access for endpoint: /v1/submissions {
  permissions: [],
  scope: undefined,
  environment: undefined,
  jwtOnly: false,
  apiOnly: false
}
[requireAccess] Incoming headers: {
  Authorization: 'Bearer eyJhbGciOiJIUzI1NiIsInR5cCI6IkpXVCJ9.eyJzdWIiOiI2OGU0Y2I5NmQxODBiMDI4NWQ5YTcwMWQiLCJpYXQiOjE3NjEyMTY4ODQsImV4cCI6MTc2MTIxODY4NCwidHlwZSI6ImFjY2VzcyJ9.ySbjOTJFLOHz0bksDnFn8fVSHiD0hKj2RjwwCsTsJ-A',
  'x-api-key': undefined,
  requiredPermissions: []
}
[requireAccess] Full request headers: {
  accept: 'application/json, text/plain, */*',
  'content-type': 'application/json',
  authorization: 'Bearer eyJhbGciOiJIUzI1NiIsInR5cCI6IkpXVCJ9.eyJzdWIiOiI2OGU0Y2I5NmQxODBiMDI4NWQ5YTcwMWQiLCJpYXQiOjE3NjEyMTY4ODQsImV4cCI6MTc2MTIxODY4NCwidHlwZSI6ImFjY2VzcyJ9.ySbjOTJFLOHz0bksDnFn8fVSHiD0hKj2RjwwCsTsJ-A',
  'user-agent': 'axios/1.12.2',
  'content-length': '510',
  'accept-encoding': 'gzip, compress, deflate, br',
  host: 'localhost:4000',
  connection: 'close'
}
[requireAccess] Detected JWT
[TenantPlugin] Pre-hook triggered for: findOne
[TenantPlugin] Options: {}
[requireAccess] Authenticated user: {
  roles: [],
  isOwner: true,
  isSuper: true,
  isSaby: true,
  isAgreed: false,
  createdBy: null,
  otp: null,
  otpExpires: null,
  otpVerified: true,
  phoneNumber: null,
  isPhoneVerified: false,
  isEmailVerified: true,
  avatar: 'https://halocrm.s3.us-east-1.amazonaws.com/user/avatar-09.webp',
  status: true,
  deletedAt: null,
  _id: 68e4cb96d180b0285d9a701d,
  firstname: 'Debby',
  lastname: 'Adebowale',
  email: 'saby@saby.ai',
  password: '$2a$08$o1.0/o0J3cDHswtnBPpdO.0KNYtXslW0gYv8ZcwaRkUdsupCw5dH.',
  userId: '0YXBcDcxPH',
  tenantId: 'hWiWJ_X0m6',
  createdAt: 2025-10-07T08:13:10.710Z,
  updatedAt: 2025-10-10T19:17:53.368Z,
  haloId: 'HL-00030',
  __v: 0
}
[requireAccess] Resolved access: user
[32minfo[39m: 📝 Accepting submission for project proj_Mrs538IYtOfd (form validation: disabled)
[32minfo[39m: 📥 Submission enqueued - Job ID: hWiWJ_X0m6-1761216885779 | Tenant: hWiWJ_X0m6
📡 Emitted activity update to tenant:hWiWJ_X0m6
[32minfo[39m: [Activity] queued - queued - Job: hWiWJ_X0m6-1761216885779 - PERM submission queued for 2025-10-01
[32minfo[39m: POST /v1/submissions 202 - 242.985 ms
[32minfo[39m: [Worker] Processing PERM submission for project=proj_Mrs538IYtOfd (Attempt 1/3)
📡 Emitted activity update to tenant:hWiWJ_X0m6
[32minfo[39m: [Activity] processing - in progress - Job: hWiWJ_X0m6-1761216885779 - Processing PERM submission for 2025-10-01
[32minfo[39m: [Worker] Calling permSubmissionService.submitPERMData for PERM submission
[32minfo[39m: ✅ PERM submission created: b4fa1769-54a1-4b0b-93c3-c80afaee071d
[32minfo[39m: [Worker] PERM submission created - b4fa1769-54a1-4b0b-93c3-c80afaee071d (40% compliance, 2/5 events, status: partial)
📡 Emitted activity update to tenant:hWiWJ_X0m6
[32minfo[39m: [Activity] completed - success - Job: hWiWJ_X0m6-1761216885779 - PERM submission completed (40.00% compliance)
[32minfo[39m: ✅ Submission job completed - ID: hWiWJ_X0m6-1761216885779
[32minfo[39m: ✅ Submission worker completed job: hWiWJ_X0m6-1761216885779
[requireAccess] Checking access for endpoint: /v1/submissions/activity-log?tenant_id=hWiWJ_X0m6&limit=5 {
  permissions: [],
  scope: undefined,
  environment: undefined,
  jwtOnly: false,
  apiOnly: false
}
[requireAccess] Incoming headers: {
  Authorization: 'Bearer eyJhbGciOiJIUzI1NiIsInR5cCI6IkpXVCJ9.eyJzdWIiOiI2OGU0Y2I5NmQxODBiMDI4NWQ5YTcwMWQiLCJpYXQiOjE3NjEyMTY4ODQsImV4cCI6MTc2MTIxODY4NCwidHlwZSI6ImFjY2VzcyJ9.ySbjOTJFLOHz0bksDnFn8fVSHiD0hKj2RjwwCsTsJ-A',
  'x-api-key': undefined,
  requiredPermissions: []
}
[requireAccess] Full request headers: {
  accept: 'application/json, text/plain, */*',
  'content-type': 'application/json',
  authorization: 'Bearer eyJhbGciOiJIUzI1NiIsInR5cCI6IkpXVCJ9.eyJzdWIiOiI2OGU0Y2I5NmQxODBiMDI4NWQ5YTcwMWQiLCJpYXQiOjE3NjEyMTY4ODQsImV4cCI6MTc2MTIxODY4NCwidHlwZSI6ImFjY2VzcyJ9.ySbjOTJFLOHz0bksDnFn8fVSHiD0hKj2RjwwCsTsJ-A',
  'user-agent': 'axios/1.12.2',
  'accept-encoding': 'gzip, compress, deflate, br',
  host: 'localhost:4000',
  connection: 'close'
}
[requireAccess] Detected JWT
[TenantPlugin] Pre-hook triggered for: findOne
[TenantPlugin] Options: {}
[requireAccess] Authenticated user: {
  roles: [],
  isOwner: true,
  isSuper: true,
  isSaby: true,
  isAgreed: false,
  createdBy: null,
  otp: null,
  otpExpires: null,
  otpVerified: true,
  phoneNumber: null,
  isPhoneVerified: false,
  isEmailVerified: true,
  avatar: 'https://halocrm.s3.us-east-1.amazonaws.com/user/avatar-09.webp',
  status: true,
  deletedAt: null,
  _id: 68e4cb96d180b0285d9a701d,
  firstname: 'Debby',
  lastname: 'Adebowale',
  email: 'saby@saby.ai',
  password: '$2a$08$o1.0/o0J3cDHswtnBPpdO.0KNYtXslW0gYv8ZcwaRkUdsupCw5dH.',
  userId: '0YXBcDcxPH',
  tenantId: 'hWiWJ_X0m6',
  createdAt: 2025-10-07T08:13:10.710Z,
  updatedAt: 2025-10-10T19:17:53.368Z,
  haloId: 'HL-00030',
  __v: 0
}
[requireAccess] Resolved access: user
[32minfo[39m: GET /v1/submissions/activity-log?tenant_id=hWiWJ_X0m6&limit=5 200 - 372.157 ms
[requireAccess] Checking access for endpoint: /v1/submissions?tenant_id=hWiWJ_X0m6&project_id=proj_Mrs538IYtOfd&node_id=node_test_1761216885765&month=2025-10-01&perm_enabled=true {
  permissions: [],
  scope: undefined,
  environment: undefined,
  jwtOnly: false,
  apiOnly: false
}
[requireAccess] Incoming headers: {
  Authorization: 'Bearer eyJhbGciOiJIUzI1NiIsInR5cCI6IkpXVCJ9.eyJzdWIiOiI2OGU0Y2I5NmQxODBiMDI4NWQ5YTcwMWQiLCJpYXQiOjE3NjEyMTY4ODQsImV4cCI6MTc2MTIxODY4NCwidHlwZSI6ImFjY2VzcyJ9.ySbjOTJFLOHz0bksDnFn8fVSHiD0hKj2RjwwCsTsJ-A',
  'x-api-key': undefined,
  requiredPermissions: []
}
[requireAccess] Full request headers: {
  accept: 'application/json, text/plain, */*',
  'content-type': 'application/json',
  authorization: 'Bearer eyJhbGciOiJIUzI1NiIsInR5cCI6IkpXVCJ9.eyJzdWIiOiI2OGU0Y2I5NmQxODBiMDI4NWQ5YTcwMWQiLCJpYXQiOjE3NjEyMTY4ODQsImV4cCI6MTc2MTIxODY4NCwidHlwZSI6ImFjY2VzcyJ9.ySbjOTJFLOHz0bksDnFn8fVSHiD0hKj2RjwwCsTsJ-A',
  'user-agent': 'axios/1.12.2',
  'accept-encoding': 'gzip, compress, deflate, br',
  host: 'localhost:4000',
  connection: 'close'
}
[requireAccess] Detected JWT
[TenantPlugin] Pre-hook triggered for: findOne
[TenantPlugin] Options: {}
[requireAccess] Authenticated user: {
  roles: [],
  isOwner: true,
  isSuper: true,
  isSaby: true,
  isAgreed: false,
  createdBy: null,
  otp: null,
  otpExpires: null,
  otpVerified: true,
  phoneNumber: null,
  isPhoneVerified: false,
  isEmailVerified: true,
  avatar: 'https://halocrm.s3.us-east-1.amazonaws.com/user/avatar-09.webp',
  status: true,
  deletedAt: null,
  _id: 68e4cb96d180b0285d9a701d,
  firstname: 'Debby',
  lastname: 'Adebowale',
  email: 'saby@saby.ai',
  password: '$2a$08$o1.0/o0J3cDHswtnBPpdO.0KNYtXslW0gYv8ZcwaRkUdsupCw5dH.',
  userId: '0YXBcDcxPH',
  tenantId: 'hWiWJ_X0m6',
  createdAt: 2025-10-07T08:13:10.710Z,
  updatedAt: 2025-10-10T19:17:53.368Z,
  haloId: 'HL-00030',
  __v: 0
}
[requireAccess] Resolved access: user
[32minfo[39m: GET /v1/submissions?tenant_id=hWiWJ_X0m6&project_id=proj_Mrs538IYtOfd&node_id=node_test_1761216885765&month=2025-10-01&perm_enabled=true 200 - 186.985 ms
[requireAccess] Checking access for endpoint: /v1/submissions {
  permissions: [],
  scope: undefined,
  environment: undefined,
  jwtOnly: false,
  apiOnly: false
}
[requireAccess] Incoming headers: {
  Authorization: 'Bearer eyJhbGciOiJIUzI1NiIsInR5cCI6IkpXVCJ9.eyJzdWIiOiI2OGU0Y2I5NmQxODBiMDI4NWQ5YTcwMWQiLCJpYXQiOjE3NjEyMTY4ODQsImV4cCI6MTc2MTIxODY4NCwidHlwZSI6ImFjY2VzcyJ9.ySbjOTJFLOHz0bksDnFn8fVSHiD0hKj2RjwwCsTsJ-A',
  'x-api-key': undefined,
  requiredPermissions: []
}
[requireAccess] Full request headers: {
  accept: 'application/json, text/plain, */*',
  'content-type': 'application/json',
  authorization: 'Bearer eyJhbGciOiJIUzI1NiIsInR5cCI6IkpXVCJ9.eyJzdWIiOiI2OGU0Y2I5NmQxODBiMDI4NWQ5YTcwMWQiLCJpYXQiOjE3NjEyMTY4ODQsImV4cCI6MTc2MTIxODY4NCwidHlwZSI6ImFjY2VzcyJ9.ySbjOTJFLOHz0bksDnFn8fVSHiD0hKj2RjwwCsTsJ-A',
  'user-agent': 'axios/1.12.2',
  'content-length': '539',
  'accept-encoding': 'gzip, compress, deflate, br',
  host: 'localhost:4000',
  connection: 'close'
}
[requireAccess] Detected JWT
[TenantPlugin] Pre-hook triggered for: findOne
[TenantPlugin] Options: {}
[requireAccess] Authenticated user: {
  roles: [],
  isOwner: true,
  isSuper: true,
  isSaby: true,
  isAgreed: false,
  createdBy: null,
  otp: null,
  otpExpires: null,
  otpVerified: true,
  phoneNumber: null,
  isPhoneVerified: false,
  isEmailVerified: true,
  avatar: 'https://halocrm.s3.us-east-1.amazonaws.com/user/avatar-09.webp',
  status: true,
  deletedAt: null,
  _id: 68e4cb96d180b0285d9a701d,
  firstname: 'Debby',
  lastname: 'Adebowale',
  email: 'saby@saby.ai',
  password: '$2a$08$o1.0/o0J3cDHswtnBPpdO.0KNYtXslW0gYv8ZcwaRkUdsupCw5dH.',
  userId: '0YXBcDcxPH',
  tenantId: 'hWiWJ_X0m6',
  createdAt: 2025-10-07T08:13:10.710Z,
  updatedAt: 2025-10-10T19:17:53.368Z,
  haloId: 'HL-00030',
  __v: 0
}
[requireAccess] Resolved access: user
[32minfo[39m: 📝 Accepting submission for project proj_Mrs538IYtOfd (form validation: disabled)
[32minfo[39m: 📥 Submission enqueued - Job ID: hWiWJ_X0m6-1761216889599 | Tenant: hWiWJ_X0m6
📡 Emitted activity update to tenant:hWiWJ_X0m6
[32minfo[39m: [Activity] queued - queued - Job: hWiWJ_X0m6-1761216889599 - PERM submission queued for 2025-10-01
[32minfo[39m: POST /v1/submissions 202 - 191.575 ms
[32minfo[39m: [Worker] Processing PERM submission for project=proj_Mrs538IYtOfd (Attempt 1/3)
📡 Emitted activity update to tenant:hWiWJ_X0m6
[32minfo[39m: [Activity] processing - in progress - Job: hWiWJ_X0m6-1761216889599 - Processing PERM submission for 2025-10-01
[32minfo[39m: [Worker] Calling permSubmissionService.submitPERMData for PERM submission
[32minfo[39m: ✅ PERM submission updated: b4fa1769-54a1-4b0b-93c3-c80afaee071d
[32minfo[39m: [Worker] PERM submission updated - b4fa1769-54a1-4b0b-93c3-c80afaee071d (80% compliance, 4/5 events, status: partial)
📡 Emitted activity update to tenant:hWiWJ_X0m6
[32minfo[39m: [Activity] completed - success - Job: hWiWJ_X0m6-1761216889599 - PERM submission completed (80.00% compliance)
[32minfo[39m: ✅ Submission job completed - ID: hWiWJ_X0m6-1761216889599
[32minfo[39m: ✅ Submission worker completed job: hWiWJ_X0m6-1761216889599
[requireAccess] Checking access for endpoint: /v1/submissions?tenant_id=hWiWJ_X0m6&project_id=proj_Mrs538IYtOfd&node_id=node_test_1761216885765&month=2025-10-01&perm_enabled=true {
  permissions: [],
  scope: undefined,
  environment: undefined,
  jwtOnly: false,
  apiOnly: false
}
[requireAccess] Incoming headers: {
  Authorization: 'Bearer eyJhbGciOiJIUzI1NiIsInR5cCI6IkpXVCJ9.eyJzdWIiOiI2OGU0Y2I5NmQxODBiMDI4NWQ5YTcwMWQiLCJpYXQiOjE3NjEyMTY4ODQsImV4cCI6MTc2MTIxODY4NCwidHlwZSI6ImFjY2VzcyJ9.ySbjOTJFLOHz0bksDnFn8fVSHiD0hKj2RjwwCsTsJ-A',
  'x-api-key': undefined,
  requiredPermissions: []
}
[requireAccess] Full request headers: {
  accept: 'application/json, text/plain, */*',
  'content-type': 'application/json',
  authorization: 'Bearer eyJhbGciOiJIUzI1NiIsInR5cCI6IkpXVCJ9.eyJzdWIiOiI2OGU0Y2I5NmQxODBiMDI4NWQ5YTcwMWQiLCJpYXQiOjE3NjEyMTY4ODQsImV4cCI6MTc2MTIxODY4NCwidHlwZSI6ImFjY2VzcyJ9.ySbjOTJFLOHz0bksDnFn8fVSHiD0hKj2RjwwCsTsJ-A',
  'user-agent': 'axios/1.12.2',
  'accept-encoding': 'gzip, compress, deflate, br',
  host: 'localhost:4000',
  connection: 'close'
}
[requireAccess] Detected JWT
[TenantPlugin] Pre-hook triggered for: findOne
[TenantPlugin] Options: {}
[requireAccess] Authenticated user: {
  roles: [],
  isOwner: true,
  isSuper: true,
  isSaby: true,
  isAgreed: false,
  createdBy: null,
  otp: null,
  otpExpires: null,
  otpVerified: true,
  phoneNumber: null,
  isPhoneVerified: false,
  isEmailVerified: true,
  avatar: 'https://halocrm.s3.us-east-1.amazonaws.com/user/avatar-09.webp',
  status: true,
  deletedAt: null,
  _id: 68e4cb96d180b0285d9a701d,
  firstname: 'Debby',
  lastname: 'Adebowale',
  email: 'saby@saby.ai',
  password: '$2a$08$o1.0/o0J3cDHswtnBPpdO.0KNYtXslW0gYv8ZcwaRkUdsupCw5dH.',
  userId: '0YXBcDcxPH',
  tenantId: 'hWiWJ_X0m6',
  createdAt: 2025-10-07T08:13:10.710Z,
  updatedAt: 2025-10-10T19:17:53.368Z,
  haloId: 'HL-00030',
  __v: 0
}
[requireAccess] Resolved access: user
[32minfo[39m: GET /v1/submissions?tenant_id=hWiWJ_X0m6&project_id=proj_Mrs538IYtOfd&node_id=node_test_1761216885765&month=2025-10-01&perm_enabled=true 200 - 185.659 ms
[requireAccess] Checking access for endpoint: /v1/submissions {
  permissions: [],
  scope: undefined,
  environment: undefined,
  jwtOnly: false,
  apiOnly: false
}
[requireAccess] Incoming headers: {
  Authorization: 'Bearer eyJhbGciOiJIUzI1NiIsInR5cCI6IkpXVCJ9.eyJzdWIiOiI2OGU0Y2I5NmQxODBiMDI4NWQ5YTcwMWQiLCJpYXQiOjE3NjEyMTY4ODQsImV4cCI6MTc2MTIxODY4NCwidHlwZSI6ImFjY2VzcyJ9.ySbjOTJFLOHz0bksDnFn8fVSHiD0hKj2RjwwCsTsJ-A',
  'x-api-key': undefined,
  requiredPermissions: []
}
[requireAccess] Full request headers: {
  accept: 'application/json, text/plain, */*',
  'content-type': 'application/json',
  authorization: 'Bearer eyJhbGciOiJIUzI1NiIsInR5cCI6IkpXVCJ9.eyJzdWIiOiI2OGU0Y2I5NmQxODBiMDI4NWQ5YTcwMWQiLCJpYXQiOjE3NjEyMTY4ODQsImV4cCI6MTc2MTIxODY4NCwidHlwZSI6ImFjY2VzcyJ9.ySbjOTJFLOHz0bksDnFn8fVSHiD0hKj2RjwwCsTsJ-A',
  'user-agent': 'axios/1.12.2',
  'content-length': '479',
  'accept-encoding': 'gzip, compress, deflate, br',
  host: 'localhost:4000',
  connection: 'close'
}
[requireAccess] Detected JWT
[TenantPlugin] Pre-hook triggered for: findOne
[TenantPlugin] Options: {}
[requireAccess] Authenticated user: {
  roles: [],
  isOwner: true,
  isSuper: true,
  isSaby: true,
  isAgreed: false,
  createdBy: null,
  otp: null,
  otpExpires: null,
  otpVerified: true,
  phoneNumber: null,
  isPhoneVerified: false,
  isEmailVerified: true,
  avatar: 'https://halocrm.s3.us-east-1.amazonaws.com/user/avatar-09.webp',
  status: true,
  deletedAt: null,
  _id: 68e4cb96d180b0285d9a701d,
  firstname: 'Debby',
  lastname: 'Adebowale',
  email: 'saby@saby.ai',
  password: '$2a$08$o1.0/o0J3cDHswtnBPpdO.0KNYtXslW0gYv8ZcwaRkUdsupCw5dH.',
  userId: '0YXBcDcxPH',
  tenantId: 'hWiWJ_X0m6',
  createdAt: 2025-10-07T08:13:10.710Z,
  updatedAt: 2025-10-10T19:17:53.368Z,
  haloId: 'HL-00030',
  __v: 0
}
[requireAccess] Resolved access: user
[32minfo[39m: 📝 Accepting submission for project proj_Mrs538IYtOfd (form validation: disabled)
[32minfo[39m: 📥 Submission enqueued - Job ID: hWiWJ_X0m6-1761216892985 | Tenant: hWiWJ_X0m6
📡 Emitted activity update to tenant:hWiWJ_X0m6
[32minfo[39m: [Activity] queued - queued - Job: hWiWJ_X0m6-1761216892985 - PERM submission queued for 2025-10-01
[32minfo[39m: POST /v1/submissions 202 - 191.777 ms
[requireAccess] Checking access for endpoint: /v1/submissions?tenant_id=hWiWJ_X0m6&project_id=proj_Mrs538IYtOfd&node_id=node_test_1761216885765&month=2025-10-01&perm_enabled=true {
  permissions: [],
  scope: undefined,
  environment: undefined,
  jwtOnly: false,
  apiOnly: false
}
[requireAccess] Incoming headers: {
  Authorization: 'Bearer eyJhbGciOiJIUzI1NiIsInR5cCI6IkpXVCJ9.eyJzdWIiOiI2OGU0Y2I5NmQxODBiMDI4NWQ5YTcwMWQiLCJpYXQiOjE3NjEyMTY4ODQsImV4cCI6MTc2MTIxODY4NCwidHlwZSI6ImFjY2VzcyJ9.ySbjOTJFLOHz0bksDnFn8fVSHiD0hKj2RjwwCsTsJ-A',
  'x-api-key': undefined,
  requiredPermissions: []
}
[requireAccess] Full request headers: {
  accept: 'application/json, text/plain, */*',
  'content-type': 'application/json',
  authorization: 'Bearer eyJhbGciOiJIUzI1NiIsInR5cCI6IkpXVCJ9.eyJzdWIiOiI2OGU0Y2I5NmQxODBiMDI4NWQ5YTcwMWQiLCJpYXQiOjE3NjEyMTY4ODQsImV4cCI6MTc2MTIxODY4NCwidHlwZSI6ImFjY2VzcyJ9.ySbjOTJFLOHz0bksDnFn8fVSHiD0hKj2RjwwCsTsJ-A',
  'user-agent': 'axios/1.12.2',
  'accept-encoding': 'gzip, compress, deflate, br',
  host: 'localhost:4000',
  connection: 'close'
}
[requireAccess] Detected JWT
[TenantPlugin] Pre-hook triggered for: findOne
[TenantPlugin] Options: {}
[requireAccess] Authenticated user: {
  roles: [],
  isOwner: true,
  isSuper: true,
  isSaby: true,
  isAgreed: false,
  createdBy: null,
  otp: null,
  otpExpires: null,
  otpVerified: true,
  phoneNumber: null,
  isPhoneVerified: false,
  isEmailVerified: true,
  avatar: 'https://halocrm.s3.us-east-1.amazonaws.com/user/avatar-09.webp',
  status: true,
  deletedAt: null,
  _id: 68e4cb96d180b0285d9a701d,
  firstname: 'Debby',
  lastname: 'Adebowale',
  email: 'saby@saby.ai',
  password: '$2a$08$o1.0/o0J3cDHswtnBPpdO.0KNYtXslW0gYv8ZcwaRkUdsupCw5dH.',
  userId: '0YXBcDcxPH',
  tenantId: 'hWiWJ_X0m6',
  createdAt: 2025-10-07T08:13:10.710Z,
  updatedAt: 2025-10-10T19:17:53.368Z,
  haloId: 'HL-00030',
  __v: 0
}
[requireAccess] Resolved access: user
[32minfo[39m: GET /v1/submissions?tenant_id=hWiWJ_X0m6&project_id=proj_Mrs538IYtOfd&node_id=node_test_1761216885765&month=2025-10-01&perm_enabled=true 200 - 192.266 ms
[requireAccess] Checking access for endpoint: /v1/submissions {
  permissions: [],
  scope: undefined,
  environment: undefined,
  jwtOnly: false,
  apiOnly: false
}
[requireAccess] Incoming headers: {
  Authorization: 'Bearer eyJhbGciOiJIUzI1NiIsInR5cCI6IkpXVCJ9.eyJzdWIiOiI2OGU0Y2I5NmQxODBiMDI4NWQ5YTcwMWQiLCJpYXQiOjE3NjEyMTY4ODQsImV4cCI6MTc2MTIxODY4NCwidHlwZSI6ImFjY2VzcyJ9.ySbjOTJFLOHz0bksDnFn8fVSHiD0hKj2RjwwCsTsJ-A',
  'x-api-key': undefined,
  requiredPermissions: []
}
[requireAccess] Full request headers: {
  accept: 'application/json, text/plain, */*',
  'content-type': 'application/json',
  authorization: 'Bearer eyJhbGciOiJIUzI1NiIsInR5cCI6IkpXVCJ9.eyJzdWIiOiI2OGU0Y2I5NmQxODBiMDI4NWQ5YTcwMWQiLCJpYXQiOjE3NjEyMTY4ODQsImV4cCI6MTc2MTIxODY4NCwidHlwZSI6ImFjY2VzcyJ9.ySbjOTJFLOHz0bksDnFn8fVSHiD0hKj2RjwwCsTsJ-A',
  'user-agent': 'axios/1.12.2',
  'content-length': '431',
  'accept-encoding': 'gzip, compress, deflate, br',
  host: 'localhost:4000',
  connection: 'close'
}
[requireAccess] Detected JWT
[TenantPlugin] Pre-hook triggered for: findOne
[TenantPlugin] Options: {}
[requireAccess] Authenticated user: {
  roles: [],
  isOwner: true,
  isSuper: true,
  isSaby: true,
  isAgreed: false,
  createdBy: null,
  otp: null,
  otpExpires: null,
  otpVerified: true,
  phoneNumber: null,
  isPhoneVerified: false,
  isEmailVerified: true,
  avatar: 'https://halocrm.s3.us-east-1.amazonaws.com/user/avatar-09.webp',
  status: true,
  deletedAt: null,
  _id: 68e4cb96d180b0285d9a701d,
  firstname: 'Debby',
  lastname: 'Adebowale',
  email: 'saby@saby.ai',
  password: '$2a$08$o1.0/o0J3cDHswtnBPpdO.0KNYtXslW0gYv8ZcwaRkUdsupCw5dH.',
  userId: '0YXBcDcxPH',
  tenantId: 'hWiWJ_X0m6',
  createdAt: 2025-10-07T08:13:10.710Z,
  updatedAt: 2025-10-10T19:17:53.368Z,
  haloId: 'HL-00030',
  __v: 0
}
[requireAccess] Resolved access: user
[32minfo[39m: 📝 Accepting submission for project proj_Mrs538IYtOfd (form validation: disabled)
[32minfo[39m: 📥 Submission enqueued - Job ID: hWiWJ_X0m6-1761216896382 | Tenant: hWiWJ_X0m6
[32minfo[39m: [Worker] Processing PERM submission for project=proj_Mrs538IYtOfd (Attempt 1/3)
[32minfo[39m: [Worker] Processing PERM submission for project=proj_Mrs538IYtOfd (Attempt 1/3)
📡 Emitted activity update to tenant:hWiWJ_X0m6
[32minfo[39m: [Activity] queued - queued - Job: hWiWJ_X0m6-1761216896382 - PERM submission queued for 2025-10-01
[32minfo[39m: POST /v1/submissions 202 - 184.742 ms
📡 Emitted activity update to tenant:hWiWJ_X0m6
[32minfo[39m: [Activity] processing - in progress - Job: hWiWJ_X0m6-1761216892985 - Processing PERM submission for 2025-10-01
[32minfo[39m: [Worker] Calling permSubmissionService.submitPERMData for PERM submission
📡 Emitted activity update to tenant:hWiWJ_X0m6
[32minfo[39m: [Activity] processing - in progress - Job: hWiWJ_X0m6-1761216896382 - Processing PERM submission for 2025-10-01
[32minfo[39m: [Worker] Calling permSubmissionService.submitPERMData for PERM submission
[32minfo[39m: ✅ PERM submission updated: b4fa1769-54a1-4b0b-93c3-c80afaee071d
[32minfo[39m: [Worker] PERM submission updated - b4fa1769-54a1-4b0b-93c3-c80afaee071d (100% compliance, 5/5 events, status: complete)
[32minfo[39m: ✅ PERM submission created: ea027e3a-f742-47ea-a08a-77987c20df5a
[32minfo[39m: [Worker] PERM submission created - ea027e3a-f742-47ea-a08a-77987c20df5a (20% compliance, 1/5 events, status: incomplete)
📡 Emitted activity update to tenant:hWiWJ_X0m6
[32minfo[39m: [Activity] completed - success - Job: hWiWJ_X0m6-1761216892985 - PERM submission completed (100.00% compliance)
[32minfo[39m: ✅ Submission job completed - ID: hWiWJ_X0m6-1761216892985
[32minfo[39m: ✅ Submission worker completed job: hWiWJ_X0m6-1761216892985
📡 Emitted activity update to tenant:hWiWJ_X0m6
[32minfo[39m: [Activity] completed - success - Job: hWiWJ_X0m6-1761216896382 - PERM submission completed (20.00% compliance)
[32minfo[39m: ✅ Submission job completed - ID: hWiWJ_X0m6-1761216896382
[32minfo[39m: ✅ Submission worker completed job: hWiWJ_X0m6-1761216896382
[requireAccess] Checking access for endpoint: /v1/submissions?tenant_id=hWiWJ_X0m6&project_id=proj_Mrs538IYtOfd&month=2025-10-01&perm_enabled=true {
  permissions: [],
  scope: undefined,
  environment: undefined,
  jwtOnly: false,
  apiOnly: false
}
[requireAccess] Incoming headers: {
  Authorization: 'Bearer eyJhbGciOiJIUzI1NiIsInR5cCI6IkpXVCJ9.eyJzdWIiOiI2OGU0Y2I5NmQxODBiMDI4NWQ5YTcwMWQiLCJpYXQiOjE3NjEyMTY4ODQsImV4cCI6MTc2MTIxODY4NCwidHlwZSI6ImFjY2VzcyJ9.ySbjOTJFLOHz0bksDnFn8fVSHiD0hKj2RjwwCsTsJ-A',
  'x-api-key': undefined,
  requiredPermissions: []
}
[requireAccess] Full request headers: {
  accept: 'application/json, text/plain, */*',
  'content-type': 'application/json',
  authorization: 'Bearer eyJhbGciOiJIUzI1NiIsInR5cCI6IkpXVCJ9.eyJzdWIiOiI2OGU0Y2I5NmQxODBiMDI4NWQ5YTcwMWQiLCJpYXQiOjE3NjEyMTY4ODQsImV4cCI6MTc2MTIxODY4NCwidHlwZSI6ImFjY2VzcyJ9.ySbjOTJFLOHz0bksDnFn8fVSHiD0hKj2RjwwCsTsJ-A',
  'user-agent': 'axios/1.12.2',
  'accept-encoding': 'gzip, compress, deflate, br',
  host: 'localhost:4000',
  connection: 'close'
}
[requireAccess] Detected JWT
[TenantPlugin] Pre-hook triggered for: findOne
[TenantPlugin] Options: {}
[requireAccess] Authenticated user: {
  roles: [],
  isOwner: true,
  isSuper: true,
  isSaby: true,
  isAgreed: false,
  createdBy: null,
  otp: null,
  otpExpires: null,
  otpVerified: true,
  phoneNumber: null,
  isPhoneVerified: false,
  isEmailVerified: true,
  avatar: 'https://halocrm.s3.us-east-1.amazonaws.com/user/avatar-09.webp',
  status: true,
  deletedAt: null,
  _id: 68e4cb96d180b0285d9a701d,
  firstname: 'Debby',
  lastname: 'Adebowale',
  email: 'saby@saby.ai',
  password: '$2a$08$o1.0/o0J3cDHswtnBPpdO.0KNYtXslW0gYv8ZcwaRkUdsupCw5dH.',
  userId: '0YXBcDcxPH',
  tenantId: 'hWiWJ_X0m6',
  createdAt: 2025-10-07T08:13:10.710Z,
  updatedAt: 2025-10-10T19:17:53.368Z,
  haloId: 'HL-00030',
  __v: 0
}
[requireAccess] Resolved access: user
[32minfo[39m: GET /v1/submissions?tenant_id=hWiWJ_X0m6&project_id=proj_Mrs538IYtOfd&month=2025-10-01&perm_enabled=true 200 - 410.163 ms
[requireAccess] Checking access for endpoint: /v1/submissions {
  permissions: [],
  scope: undefined,
  environment: undefined,
  jwtOnly: false,
  apiOnly: false
}
[requireAccess] Incoming headers: {
  Authorization: 'Bearer eyJhbGciOiJIUzI1NiIsInR5cCI6IkpXVCJ9.eyJzdWIiOiI2OGU0Y2I5NmQxODBiMDI4NWQ5YTcwMWQiLCJpYXQiOjE3NjEyMTY4ODQsImV4cCI6MTc2MTIxODY4NCwidHlwZSI6ImFjY2VzcyJ9.ySbjOTJFLOHz0bksDnFn8fVSHiD0hKj2RjwwCsTsJ-A',
  'x-api-key': undefined,
  requiredPermissions: []
}
[requireAccess] Full request headers: {
  accept: 'application/json, text/plain, */*',
  'content-type': 'application/json',
  authorization: 'Bearer eyJhbGciOiJIUzI1NiIsInR5cCI6IkpXVCJ9.eyJzdWIiOiI2OGU0Y2I5NmQxODBiMDI4NWQ5YTcwMWQiLCJpYXQiOjE3NjEyMTY4ODQsImV4cCI6MTc2MTIxODY4NCwidHlwZSI6ImFjY2VzcyJ9.ySbjOTJFLOHz0bksDnFn8fVSHiD0hKj2RjwwCsTsJ-A',
  'user-agent': 'axios/1.12.2',
  'content-length': '448',
  'accept-encoding': 'gzip, compress, deflate, br',
  host: 'localhost:4000',
  connection: 'close'
}
[requireAccess] Detected JWT
[TenantPlugin] Pre-hook triggered for: findOne
[TenantPlugin] Options: {}
[requireAccess] Authenticated user: {
  roles: [],
  isOwner: true,
  isSuper: true,
  isSaby: true,
  isAgreed: false,
  createdBy: null,
  otp: null,
  otpExpires: null,
  otpVerified: true,
  phoneNumber: null,
  isPhoneVerified: false,
  isEmailVerified: true,
  avatar: 'https://halocrm.s3.us-east-1.amazonaws.com/user/avatar-09.webp',
  status: true,
  deletedAt: null,
  _id: 68e4cb96d180b0285d9a701d,
  firstname: 'Debby',
  lastname: 'Adebowale',
  email: 'saby@saby.ai',
  password: '$2a$08$o1.0/o0J3cDHswtnBPpdO.0KNYtXslW0gYv8ZcwaRkUdsupCw5dH.',
  userId: '0YXBcDcxPH',
  tenantId: 'hWiWJ_X0m6',
  createdAt: 2025-10-07T08:13:10.710Z,
  updatedAt: 2025-10-10T19:17:53.368Z,
  haloId: 'HL-00030',
  __v: 0
}
[requireAccess] Resolved access: user
[32minfo[39m: 📝 Accepting submission for project proj_Mrs538IYtOfd (form validation: disabled)
[32minfo[39m: 📥 Submission enqueued - Job ID: hWiWJ_X0m6-1761216899985 | Tenant: hWiWJ_X0m6
📡 Emitted activity update to tenant:hWiWJ_X0m6
[32minfo[39m: [Activity] queued - queued - Job: hWiWJ_X0m6-1761216899985 - PERM submission queued for 2025-11-01
[32minfo[39m: POST /v1/submissions 202 - 474.909 ms
[32minfo[39m: [Worker] Processing PERM submission for project=proj_Mrs538IYtOfd (Attempt 1/3)
📡 Emitted activity update to tenant:hWiWJ_X0m6
[32minfo[39m: [Activity] processing - in progress - Job: hWiWJ_X0m6-1761216899985 - Processing PERM submission for 2025-11-01
[32minfo[39m: [Worker] Calling permSubmissionService.submitPERMData for PERM submission
[32minfo[39m: ✅ PERM submission created: 15839d1b-3c5a-4f11-9ea8-e0abf5428369
[32minfo[39m: [Worker] PERM submission created - 15839d1b-3c5a-4f11-9ea8-e0abf5428369 (60% compliance, 3/5 events, status: partial)
📡 Emitted activity update to tenant:hWiWJ_X0m6
[32minfo[39m: [Activity] completed - success - Job: hWiWJ_X0m6-1761216899985 - PERM submission completed (60.00% compliance)
[32minfo[39m: ✅ Submission job completed - ID: hWiWJ_X0m6-1761216899985
[32minfo[39m: ✅ Submission worker completed job: hWiWJ_X0m6-1761216899985
[requireAccess] Checking access for endpoint: /v1/submissions?tenant_id=hWiWJ_X0m6&project_id=proj_Mrs538IYtOfd&node_id=node_test_1761216885765&month=2025-11-01&perm_enabled=true {
  permissions: [],
  scope: undefined,
  environment: undefined,
  jwtOnly: false,
  apiOnly: false
}
[requireAccess] Incoming headers: {
  Authorization: 'Bearer eyJhbGciOiJIUzI1NiIsInR5cCI6IkpXVCJ9.eyJzdWIiOiI2OGU0Y2I5NmQxODBiMDI4NWQ5YTcwMWQiLCJpYXQiOjE3NjEyMTY4ODQsImV4cCI6MTc2MTIxODY4NCwidHlwZSI6ImFjY2VzcyJ9.ySbjOTJFLOHz0bksDnFn8fVSHiD0hKj2RjwwCsTsJ-A',
  'x-api-key': undefined,
  requiredPermissions: []
}
[requireAccess] Full request headers: {
  accept: 'application/json, text/plain, */*',
  'content-type': 'application/json',
  authorization: 'Bearer eyJhbGciOiJIUzI1NiIsInR5cCI6IkpXVCJ9.eyJzdWIiOiI2OGU0Y2I5NmQxODBiMDI4NWQ5YTcwMWQiLCJpYXQiOjE3NjEyMTY4ODQsImV4cCI6MTc2MTIxODY4NCwidHlwZSI6ImFjY2VzcyJ9.ySbjOTJFLOHz0bksDnFn8fVSHiD0hKj2RjwwCsTsJ-A',
  'user-agent': 'axios/1.12.2',
  'accept-encoding': 'gzip, compress, deflate, br',
  host: 'localhost:4000',
  connection: 'close'
}
[requireAccess] Detected JWT
[TenantPlugin] Pre-hook triggered for: findOne
[TenantPlugin] Options: {}
[requireAccess] Authenticated user: {
  roles: [],
  isOwner: true,
  isSuper: true,
  isSaby: true,
  isAgreed: false,
  createdBy: null,
  otp: null,
  otpExpires: null,
  otpVerified: true,
  phoneNumber: null,
  isPhoneVerified: false,
  isEmailVerified: true,
  avatar: 'https://halocrm.s3.us-east-1.amazonaws.com/user/avatar-09.webp',
  status: true,
  deletedAt: null,
  _id: 68e4cb96d180b0285d9a701d,
  firstname: 'Debby',
  lastname: 'Adebowale',
  email: 'saby@saby.ai',
  password: '$2a$08$o1.0/o0J3cDHswtnBPpdO.0KNYtXslW0gYv8ZcwaRkUdsupCw5dH.',
  userId: '0YXBcDcxPH',
  tenantId: 'hWiWJ_X0m6',
  createdAt: 2025-10-07T08:13:10.710Z,
  updatedAt: 2025-10-10T19:17:53.368Z,
  haloId: 'HL-00030',
  __v: 0
}
[requireAccess] Resolved access: user
[32minfo[39m: GET /v1/submissions?tenant_id=hWiWJ_X0m6&project_id=proj_Mrs538IYtOfd&node_id=node_test_1761216885765&month=2025-11-01&perm_enabled=true 200 - 213.641 ms
[requireAccess] Checking access for endpoint: /v1/submissions?tenant_id=hWiWJ_X0m6&project_id=proj_Mrs538IYtOfd&perm_enabled=true {
  permissions: [],
  scope: undefined,
  environment: undefined,
  jwtOnly: false,
  apiOnly: false
}
[requireAccess] Incoming headers: {
  Authorization: 'Bearer eyJhbGciOiJIUzI1NiIsInR5cCI6IkpXVCJ9.eyJzdWIiOiI2OGU0Y2I5NmQxODBiMDI4NWQ5YTcwMWQiLCJpYXQiOjE3NjEyMTY4ODQsImV4cCI6MTc2MTIxODY4NCwidHlwZSI6ImFjY2VzcyJ9.ySbjOTJFLOHz0bksDnFn8fVSHiD0hKj2RjwwCsTsJ-A',
  'x-api-key': undefined,
  requiredPermissions: []
}
[requireAccess] Full request headers: {
  accept: 'application/json, text/plain, */*',
  'content-type': 'application/json',
  authorization: 'Bearer eyJhbGciOiJIUzI1NiIsInR5cCI6IkpXVCJ9.eyJzdWIiOiI2OGU0Y2I5NmQxODBiMDI4NWQ5YTcwMWQiLCJpYXQiOjE3NjEyMTY4ODQsImV4cCI6MTc2MTIxODY4NCwidHlwZSI6ImFjY2VzcyJ9.ySbjOTJFLOHz0bksDnFn8fVSHiD0hKj2RjwwCsTsJ-A',
  'user-agent': 'axios/1.12.2',
  'accept-encoding': 'gzip, compress, deflate, br',
  host: 'localhost:4000',
  connection: 'close'
}
[requireAccess] Detected JWT
[TenantPlugin] Pre-hook triggered for: findOne
[TenantPlugin] Options: {}
[requireAccess] Authenticated user: {
  roles: [],
  isOwner: true,
  isSuper: true,
  isSaby: true,
  isAgreed: false,
  createdBy: null,
  otp: null,
  otpExpires: null,
  otpVerified: true,
  phoneNumber: null,
  isPhoneVerified: false,
  isEmailVerified: true,
  avatar: 'https://halocrm.s3.us-east-1.amazonaws.com/user/avatar-09.webp',
  status: true,
  deletedAt: null,
  _id: 68e4cb96d180b0285d9a701d,
  firstname: 'Debby',
  lastname: 'Adebowale',
  email: 'saby@saby.ai',
  password: '$2a$08$o1.0/o0J3cDHswtnBPpdO.0KNYtXslW0gYv8ZcwaRkUdsupCw5dH.',
  userId: '0YXBcDcxPH',
  tenantId: 'hWiWJ_X0m6',
  createdAt: 2025-10-07T08:13:10.710Z,
  updatedAt: 2025-10-10T19:17:53.368Z,
  haloId: 'HL-00030',
  __v: 0
}
[requireAccess] Resolved access: user
[32minfo[39m: GET /v1/submissions?tenant_id=hWiWJ_X0m6&project_id=proj_Mrs538IYtOfd&perm_enabled=true 200 - 401.027 ms
[requireAccess] Checking access for endpoint: /v1/submissions/activity-log/recent?tenant_id=hWiWJ_X0m6&limit=10 {
  permissions: [],
  scope: undefined,
  environment: undefined,
  jwtOnly: false,
  apiOnly: false
}
[requireAccess] Incoming headers: {
  Authorization: 'Bearer eyJhbGciOiJIUzI1NiIsInR5cCI6IkpXVCJ9.eyJzdWIiOiI2OGU0Y2I5NmQxODBiMDI4NWQ5YTcwMWQiLCJpYXQiOjE3NjEyMTY4ODQsImV4cCI6MTc2MTIxODY4NCwidHlwZSI6ImFjY2VzcyJ9.ySbjOTJFLOHz0bksDnFn8fVSHiD0hKj2RjwwCsTsJ-A',
  'x-api-key': undefined,
  requiredPermissions: []
}
[requireAccess] Full request headers: {
  accept: 'application/json, text/plain, */*',
  'content-type': 'application/json',
  authorization: 'Bearer eyJhbGciOiJIUzI1NiIsInR5cCI6IkpXVCJ9.eyJzdWIiOiI2OGU0Y2I5NmQxODBiMDI4NWQ5YTcwMWQiLCJpYXQiOjE3NjEyMTY4ODQsImV4cCI6MTc2MTIxODY4NCwidHlwZSI6ImFjY2VzcyJ9.ySbjOTJFLOHz0bksDnFn8fVSHiD0hKj2RjwwCsTsJ-A',
  'user-agent': 'axios/1.12.2',
  'accept-encoding': 'gzip, compress, deflate, br',
  host: 'localhost:4000',
  connection: 'close'
}
[requireAccess] Detected JWT
[TenantPlugin] Pre-hook triggered for: findOne
[TenantPlugin] Options: {}
[requireAccess] Authenticated user: {
  roles: [],
  isOwner: true,
  isSuper: true,
  isSaby: true,
  isAgreed: false,
  createdBy: null,
  otp: null,
  otpExpires: null,
  otpVerified: true,
  phoneNumber: null,
  isPhoneVerified: false,
  isEmailVerified: true,
  avatar: 'https://halocrm.s3.us-east-1.amazonaws.com/user/avatar-09.webp',
  status: true,
  deletedAt: null,
  _id: 68e4cb96d180b0285d9a701d,
  firstname: 'Debby',
  lastname: 'Adebowale',
  email: 'saby@saby.ai',
  password: '$2a$08$o1.0/o0J3cDHswtnBPpdO.0KNYtXslW0gYv8ZcwaRkUdsupCw5dH.',
  userId: '0YXBcDcxPH',
  tenantId: 'hWiWJ_X0m6',
  createdAt: 2025-10-07T08:13:10.710Z,
  updatedAt: 2025-10-10T19:17:53.368Z,
  haloId: 'HL-00030',
  __v: 0
}
[requireAccess] Resolved access: user
[32minfo[39m: GET /v1/submissions/activity-log/recent?tenant_id=hWiWJ_X0m6&limit=10 200 - 202.468 ms
[32minfo[39m: GET /v1/submissions/activity-log/summary 200 - 207.651 ms
[32m[nodemon] restarting due to changes...[39m
[32m[nodemon] starting `node src/index.js`[39m
[32m[nodemon] restarting due to changes...[39m
[32m[nodemon] starting `node src/index.js`[39m
🔍 [REQUIRE ACCESS] Owner Resource Bundle loaded: [
  'user',       'app',
  'structures', 'node',
  'payment',    'level',
  'storage',    'project',
  'apikeys',    'project-form',
  'roles',      'permissions'
]
🔍 [REQUIRE ACCESS] Bundle type: object
🔍 [REQUIRE ACCESS] Is Array?: true
🔍 [AUTH MIDDLEWARE] Owner Resource Bundle loaded: [
  'user',       'app',
  'structures', 'node',
  'payment',    'level',
  'storage',    'project',
  'apikeys',    'project-form',
  'roles',      'permissions'
]
🔍 [AUTH MIDDLEWARE] Bundle type: object
🔍 [AUTH MIDDLEWARE] Is Array?: true
[33mwarn[39m: ⚠️  Email ingestor worker not available (missing dependencies)
(node:22432) NOTE: The AWS SDK for JavaScript (v2) is in maintenance mode.
 SDK releases are limited to address critical bug fixes and security issues only.

Please migrate your code to use AWS SDK for JavaScript (v3).
For more information, check the blog post at https://a.co/cUPnyil
(Use `node --trace-warnings ...` to show where the warning was created)
[32minfo[39m: ✅ Connected to MongoDB
[32minfo[39m: 🔄 Testing PostgreSQL connection...
[32minfo[39m: 📊 Host: 20.169.129.160:5432
[32minfo[39m: 👤 User: sabyagentic_user
[32minfo[39m: 🗄️  Database: halograph
[32minfo[39m: ✅ PostgreSQL connected successfully
[32minfo[39m: 📋 PostgreSQL Version: PostgreSQL 15.14 (Debian 15.14-1.pgdg13+1) on x86_64-pc-linux-gnu, compiled by gcc (Debian 14.2.0-19) 14.2.0, 64-bit
[32minfo[39m: ✅ Redis connected
[32minfo[39m: ⚙️  Redis ready for commands
[32minfo[39m: ✅ Redis ping successful
[32minfo[39m: 🚀 Initializing background workers...
[32minfo[39m: ✅ Submission worker started
[32minfo[39m: ✅ PERM notification worker started
[32minfo[39m: 🔔 Notification worker initialized
[32minfo[39m: ✅ Notification worker started
[32minfo[39m: ⊘ Email ingestor worker not available (missing dependencies)
[32minfo[39m: 🎉 All workers initialized successfully
[32minfo[39m: 🚀 Server is running on port 4000
[32minfo[39m: 🌍 Environment: development
[32minfo[39m: 📊 Database Status:
[32minfo[39m:    - MongoDB: ✅ Connected
[32minfo[39m:    - PostgreSQL: ✅ Connected
[32minfo[39m:    - Redis: ✅ Connected
[32minfo[39m: Connected to email server
[32minfo[39m: GET / 200 - 4.816 ms
[TenantPlugin] Pre-hook triggered for: findOne
[TenantPlugin] Options: {}
expired token expiry time ---> 30
expired token ---> Moment<2025-10-23T12:26:40+01:00>
expired token ---> Moment<2025-10-23T12:56:40+01:00>
acess token --> eyJhbGciOiJIUzI1NiIsInR5cCI6IkpXVCJ9.eyJzdWIiOiI2OGU0Y2I5NmQxODBiMDI4NWQ5YTcwMWQiLCJpYXQiOjE3NjEyMTcwMDAsImV4cCI6MTc2MTIxODgwMCwidHlwZSI6ImFjY2VzcyJ9.VsUdJ1GXGvoKoJI_PGaEwvtvnXvXLlNECUKoQ_CQzjQ
[32minfo[39m: POST /v1/auth/login 200 - 107.299 ms
[requireAccess] Checking access for endpoint: /v1/submissions {
  permissions: [],
  scope: undefined,
  environment: undefined,
  jwtOnly: false,
  apiOnly: false
}
[requireAccess] Incoming headers: {
  Authorization: 'Bearer eyJhbGciOiJIUzI1NiIsInR5cCI6IkpXVCJ9.eyJzdWIiOiI2OGU0Y2I5NmQxODBiMDI4NWQ5YTcwMWQiLCJpYXQiOjE3NjEyMTcwMDAsImV4cCI6MTc2MTIxODgwMCwidHlwZSI6ImFjY2VzcyJ9.VsUdJ1GXGvoKoJI_PGaEwvtvnXvXLlNECUKoQ_CQzjQ',
  'x-api-key': undefined,
  requiredPermissions: []
}
[requireAccess] Full request headers: {
  accept: 'application/json, text/plain, */*',
  'content-type': 'application/json',
  authorization: 'Bearer eyJhbGciOiJIUzI1NiIsInR5cCI6IkpXVCJ9.eyJzdWIiOiI2OGU0Y2I5NmQxODBiMDI4NWQ5YTcwMWQiLCJpYXQiOjE3NjEyMTcwMDAsImV4cCI6MTc2MTIxODgwMCwidHlwZSI6ImFjY2VzcyJ9.VsUdJ1GXGvoKoJI_PGaEwvtvnXvXLlNECUKoQ_CQzjQ',
  'user-agent': 'axios/1.12.2',
  'content-length': '144',
  'accept-encoding': 'gzip, compress, deflate, br',
  host: 'localhost:4000',
  connection: 'close'
}
[requireAccess] Detected JWT
[TenantPlugin] Pre-hook triggered for: findOne
[TenantPlugin] Options: {}
[requireAccess] Authenticated user: {
  roles: [],
  isOwner: true,
  isSuper: true,
  isSaby: true,
  isAgreed: false,
  createdBy: null,
  otp: null,
  otpExpires: null,
  otpVerified: true,
  phoneNumber: null,
  isPhoneVerified: false,
  isEmailVerified: true,
  avatar: 'https://halocrm.s3.us-east-1.amazonaws.com/user/avatar-09.webp',
  status: true,
  deletedAt: null,
  _id: 68e4cb96d180b0285d9a701d,
  firstname: 'Debby',
  lastname: 'Adebowale',
  email: 'saby@saby.ai',
  password: '$2a$08$o1.0/o0J3cDHswtnBPpdO.0KNYtXslW0gYv8ZcwaRkUdsupCw5dH.',
  userId: '0YXBcDcxPH',
  tenantId: 'hWiWJ_X0m6',
  createdAt: 2025-10-07T08:13:10.710Z,
  updatedAt: 2025-10-10T19:17:53.368Z,
  haloId: 'HL-00030',
  __v: 0
}
[requireAccess] Resolved access: user
[32minfo[39m: 📝 Accepting submission for project proj_nonexistent (form validation: disabled)
[31merror[39m: Error: nodeId is required for PERM submissions
    at /Users/fadebowaley/saby/sabyBackend/src/controllers/unifiedSubmission.controller.js:90:13
    at /Users/fadebowaley/saby/sabyBackend/src/utils/catchAsync.js:31:19
    at Layer.handle [as handle_request] (/Users/fadebowaley/saby/sabyBackend/node_modules/express/lib/router/layer.js:95:5)
    at next (/Users/fadebowaley/saby/sabyBackend/node_modules/express/lib/router/route.js:137:13)
    at /Users/fadebowaley/saby/sabyBackend/src/middlewares/validate.js:53:10
    at Layer.handle [as handle_request] (/Users/fadebowaley/saby/sabyBackend/node_modules/express/lib/router/layer.js:95:5)
    at next (/Users/fadebowaley/saby/sabyBackend/node_modules/express/lib/router/route.js:137:13)
    at /Users/fadebowaley/saby/sabyBackend/src/middlewares/requireAccess.js:328:7
    at process.processTicksAndRejections (node:internal/process/task_queues:95:5)
[31merror[39m: POST /v1/submissions 400 - 9.281 ms - message: nodeId is required for PERM submissions
[requireAccess] Checking access for endpoint: /v1/submissions {
  permissions: [],
  scope: undefined,
  environment: undefined,
  jwtOnly: false,
  apiOnly: false
}
[requireAccess] Incoming headers: {
  Authorization: 'Bearer eyJhbGciOiJIUzI1NiIsInR5cCI6IkpXVCJ9.eyJzdWIiOiI2OGU0Y2I5NmQxODBiMDI4NWQ5YTcwMWQiLCJpYXQiOjE3NjEyMTcwMDAsImV4cCI6MTc2MTIxODgwMCwidHlwZSI6ImFjY2VzcyJ9.VsUdJ1GXGvoKoJI_PGaEwvtvnXvXLlNECUKoQ_CQzjQ',
  'x-api-key': undefined,
  requiredPermissions: []
}
[requireAccess] Full request headers: {
  accept: 'application/json, text/plain, */*',
  'content-type': 'application/json',
  authorization: 'Bearer eyJhbGciOiJIUzI1NiIsInR5cCI6IkpXVCJ9.eyJzdWIiOiI2OGU0Y2I5NmQxODBiMDI4NWQ5YTcwMWQiLCJpYXQiOjE3NjEyMTcwMDAsImV4cCI6MTc2MTIxODgwMCwidHlwZSI6ImFjY2VzcyJ9.VsUdJ1GXGvoKoJI_PGaEwvtvnXvXLlNECUKoQ_CQzjQ',
  'user-agent': 'axios/1.12.2',
  'content-length': '110',
  'accept-encoding': 'gzip, compress, deflate, br',
  host: 'localhost:4000',
  connection: 'close'
}
[requireAccess] Detected JWT
[TenantPlugin] Pre-hook triggered for: findOne
[TenantPlugin] Options: {}
[requireAccess] Authenticated user: {
  roles: [],
  isOwner: true,
  isSuper: true,
  isSaby: true,
  isAgreed: false,
  createdBy: null,
  otp: null,
  otpExpires: null,
  otpVerified: true,
  phoneNumber: null,
  isPhoneVerified: false,
  isEmailVerified: true,
  avatar: 'https://halocrm.s3.us-east-1.amazonaws.com/user/avatar-09.webp',
  status: true,
  deletedAt: null,
  _id: 68e4cb96d180b0285d9a701d,
  firstname: 'Debby',
  lastname: 'Adebowale',
  email: 'saby@saby.ai',
  password: '$2a$08$o1.0/o0J3cDHswtnBPpdO.0KNYtXslW0gYv8ZcwaRkUdsupCw5dH.',
  userId: '0YXBcDcxPH',
  tenantId: 'hWiWJ_X0m6',
  createdAt: 2025-10-07T08:13:10.710Z,
  updatedAt: 2025-10-10T19:17:53.368Z,
  haloId: 'HL-00030',
  __v: 0
}
[requireAccess] Resolved access: user
[32minfo[39m: 📝 Accepting submission for project proj_test (form validation: disabled)
[32minfo[39m: 📥 Submission enqueued - Job ID: hWiWJ_X0m6-1761217000069 | Tenant: hWiWJ_X0m6
📡 Emitted activity update to tenant:hWiWJ_X0m6
[32minfo[39m: [Activity] queued - queued - Job: hWiWJ_X0m6-1761217000069 - Submission queued for processing
[32minfo[39m: POST /v1/submissions 202 - 195.574 ms
[32minfo[39m: [Worker] Processing regular submission for project=proj_test (Attempt 1/3)
📡 Emitted activity update to tenant:hWiWJ_X0m6
[32minfo[39m: [Activity] processing - in progress - Job: hWiWJ_X0m6-1761217000069 - Processing submission
[32minfo[39m: [Worker] Regular submission created - 256e79db-8bee-4049-91b4-39cd0c72f5cd
📡 Emitted activity update to tenant:hWiWJ_X0m6
[32minfo[39m: [Activity] completed - success - Job: hWiWJ_X0m6-1761217000069 - Submission completed successfully
[32minfo[39m: ✅ Submission job completed - ID: hWiWJ_X0m6-1761217000069
[32minfo[39m: ✅ Submission worker completed job: hWiWJ_X0m6-1761217000069
[TenantPlugin] Pre-hook triggered for: findOne
[TenantPlugin] Options: {}
expired token expiry time ---> 30
expired token ---> Moment<2025-10-23T12:27:33+01:00>
expired token ---> Moment<2025-10-23T12:57:33+01:00>
acess token --> eyJhbGciOiJIUzI1NiIsInR5cCI6IkpXVCJ9.eyJzdWIiOiI2OGU0Y2I5NmQxODBiMDI4NWQ5YTcwMWQiLCJpYXQiOjE3NjEyMTcwNTMsImV4cCI6MTc2MTIxODg1MywidHlwZSI6ImFjY2VzcyJ9.aekJ4QfDNszCLTG9CNX45OnRmud80EVPytGXiiYx-p0
[32minfo[39m: POST /v1/auth/login 200 - 85.968 ms
[TenantPlugin] Pre-hook triggered for: findOne
[TenantPlugin] Options: {}
--- AUTH DEBUG ---
Route: /v1/node?tenantId=hWiWJ_X0m6&limit=1
HTTP Method: GET
Required Permissions: [ 'view:node' ]
[NODE CONTROLLER - QUERY] Query params: { tenantId: 'hWiWJ_X0m6', limit: 1 } Tenant: hWiWJ_X0m6
[NODE CONTROLLER - QUERY] Filter with tenantId: { tenantId: 'hWiWJ_X0m6' }
[TenantPlugin] paginate() - incoming options: { limit: 1, populate: 'level,structure,users.roles' }
[TenantPlugin] Pre-hook triggered for: countDocuments
[TenantPlugin] Options: {}
[TenantPlugin] Pre-hook triggered for: find
[TenantPlugin] Options: { sort: { createdAt: 1 }, skip: 0, limit: 1 }
[NODE CONTROLLER - QUERY] Found 0 nodes for tenant: hWiWJ_X0m6
[32minfo[39m: GET /v1/node?tenantId=hWiWJ_X0m6&limit=1 200 - 27.110 ms
[requireAccess] Checking access for endpoint: /v1/submissions {
  permissions: [],
  scope: undefined,
  environment: undefined,
  jwtOnly: false,
  apiOnly: false
}
[requireAccess] Incoming headers: {
  Authorization: 'Bearer eyJhbGciOiJIUzI1NiIsInR5cCI6IkpXVCJ9.eyJzdWIiOiI2OGU0Y2I5NmQxODBiMDI4NWQ5YTcwMWQiLCJpYXQiOjE3NjEyMTcwNTMsImV4cCI6MTc2MTIxODg1MywidHlwZSI6ImFjY2VzcyJ9.aekJ4QfDNszCLTG9CNX45OnRmud80EVPytGXiiYx-p0',
  'x-api-key': undefined,
  requiredPermissions: []
}
[requireAccess] Full request headers: {
  accept: 'application/json, text/plain, */*',
  'content-type': 'application/json',
  authorization: 'Bearer eyJhbGciOiJIUzI1NiIsInR5cCI6IkpXVCJ9.eyJzdWIiOiI2OGU0Y2I5NmQxODBiMDI4NWQ5YTcwMWQiLCJpYXQiOjE3NjEyMTcwNTMsImV4cCI6MTc2MTIxODg1MywidHlwZSI6ImFjY2VzcyJ9.aekJ4QfDNszCLTG9CNX45OnRmud80EVPytGXiiYx-p0',
  'user-agent': 'axios/1.12.2',
  'content-length': '510',
  'accept-encoding': 'gzip, compress, deflate, br',
  host: 'localhost:4000',
  connection: 'close'
}
[requireAccess] Detected JWT
[TenantPlugin] Pre-hook triggered for: findOne
[TenantPlugin] Options: {}
[requireAccess] Authenticated user: {
  roles: [],
  isOwner: true,
  isSuper: true,
  isSaby: true,
  isAgreed: false,
  createdBy: null,
  otp: null,
  otpExpires: null,
  otpVerified: true,
  phoneNumber: null,
  isPhoneVerified: false,
  isEmailVerified: true,
  avatar: 'https://halocrm.s3.us-east-1.amazonaws.com/user/avatar-09.webp',
  status: true,
  deletedAt: null,
  _id: 68e4cb96d180b0285d9a701d,
  firstname: 'Debby',
  lastname: 'Adebowale',
  email: 'saby@saby.ai',
  password: '$2a$08$o1.0/o0J3cDHswtnBPpdO.0KNYtXslW0gYv8ZcwaRkUdsupCw5dH.',
  userId: '0YXBcDcxPH',
  tenantId: 'hWiWJ_X0m6',
  createdAt: 2025-10-07T08:13:10.710Z,
  updatedAt: 2025-10-10T19:17:53.368Z,
  haloId: 'HL-00030',
  __v: 0
}
[requireAccess] Resolved access: user
[32minfo[39m: 📝 Accepting submission for project proj_Mrs538IYtOfd (form validation: disabled)
[32minfo[39m: 📥 Submission enqueued - Job ID: hWiWJ_X0m6-1761217053941 | Tenant: hWiWJ_X0m6
📡 Emitted activity update to tenant:hWiWJ_X0m6
[32minfo[39m: [Activity] queued - queued - Job: hWiWJ_X0m6-1761217053941 - PERM submission queued for 2025-10-01
[32minfo[39m: POST /v1/submissions 202 - 907.132 ms
[requireAccess] Checking access for endpoint: /v1/submissions/activity-log?tenant_id=hWiWJ_X0m6&limit=5 {
  permissions: [],
  scope: undefined,
  environment: undefined,
  jwtOnly: false,
  apiOnly: false
}
[requireAccess] Incoming headers: {
  Authorization: 'Bearer eyJhbGciOiJIUzI1NiIsInR5cCI6IkpXVCJ9.eyJzdWIiOiI2OGU0Y2I5NmQxODBiMDI4NWQ5YTcwMWQiLCJpYXQiOjE3NjEyMTcwNTMsImV4cCI6MTc2MTIxODg1MywidHlwZSI6ImFjY2VzcyJ9.aekJ4QfDNszCLTG9CNX45OnRmud80EVPytGXiiYx-p0',
  'x-api-key': undefined,
  requiredPermissions: []
}
[requireAccess] Full request headers: {
  accept: 'application/json, text/plain, */*',
  'content-type': 'application/json',
  authorization: 'Bearer eyJhbGciOiJIUzI1NiIsInR5cCI6IkpXVCJ9.eyJzdWIiOiI2OGU0Y2I5NmQxODBiMDI4NWQ5YTcwMWQiLCJpYXQiOjE3NjEyMTcwNTMsImV4cCI6MTc2MTIxODg1MywidHlwZSI6ImFjY2VzcyJ9.aekJ4QfDNszCLTG9CNX45OnRmud80EVPytGXiiYx-p0',
  'user-agent': 'axios/1.12.2',
  'accept-encoding': 'gzip, compress, deflate, br',
  host: 'localhost:4000',
  connection: 'close'
}
[requireAccess] Detected JWT
[TenantPlugin] Pre-hook triggered for: findOne
[TenantPlugin] Options: {}
[requireAccess] Authenticated user: {
  roles: [],
  isOwner: true,
  isSuper: true,
  isSaby: true,
  isAgreed: false,
  createdBy: null,
  otp: null,
  otpExpires: null,
  otpVerified: true,
  phoneNumber: null,
  isPhoneVerified: false,
  isEmailVerified: true,
  avatar: 'https://halocrm.s3.us-east-1.amazonaws.com/user/avatar-09.webp',
  status: true,
  deletedAt: null,
  _id: 68e4cb96d180b0285d9a701d,
  firstname: 'Debby',
  lastname: 'Adebowale',
  email: 'saby@saby.ai',
  password: '$2a$08$o1.0/o0J3cDHswtnBPpdO.0KNYtXslW0gYv8ZcwaRkUdsupCw5dH.',
  userId: '0YXBcDcxPH',
  tenantId: 'hWiWJ_X0m6',
  createdAt: 2025-10-07T08:13:10.710Z,
  updatedAt: 2025-10-10T19:17:53.368Z,
  haloId: 'HL-00030',
  __v: 0
}
[requireAccess] Resolved access: user
[32minfo[39m: [Worker] Processing PERM submission for project=proj_Mrs538IYtOfd (Attempt 1/3)
[32minfo[39m: GET /v1/submissions/activity-log?tenant_id=hWiWJ_X0m6&limit=5 200 - 368.892 ms
[requireAccess] Checking access for endpoint: /v1/submissions?tenant_id=hWiWJ_X0m6&project_id=proj_Mrs538IYtOfd&node_id=node_test_1761217053932&month=2025-10-01&perm_enabled=true {
  permissions: [],
  scope: undefined,
  environment: undefined,
  jwtOnly: false,
  apiOnly: false
}
[requireAccess] Incoming headers: {
  Authorization: 'Bearer eyJhbGciOiJIUzI1NiIsInR5cCI6IkpXVCJ9.eyJzdWIiOiI2OGU0Y2I5NmQxODBiMDI4NWQ5YTcwMWQiLCJpYXQiOjE3NjEyMTcwNTMsImV4cCI6MTc2MTIxODg1MywidHlwZSI6ImFjY2VzcyJ9.aekJ4QfDNszCLTG9CNX45OnRmud80EVPytGXiiYx-p0',
  'x-api-key': undefined,
  requiredPermissions: []
}
[requireAccess] Full request headers: {
  accept: 'application/json, text/plain, */*',
  'content-type': 'application/json',
  authorization: 'Bearer eyJhbGciOiJIUzI1NiIsInR5cCI6IkpXVCJ9.eyJzdWIiOiI2OGU0Y2I5NmQxODBiMDI4NWQ5YTcwMWQiLCJpYXQiOjE3NjEyMTcwNTMsImV4cCI6MTc2MTIxODg1MywidHlwZSI6ImFjY2VzcyJ9.aekJ4QfDNszCLTG9CNX45OnRmud80EVPytGXiiYx-p0',
  'user-agent': 'axios/1.12.2',
  'accept-encoding': 'gzip, compress, deflate, br',
  host: 'localhost:4000',
  connection: 'close'
}
[requireAccess] Detected JWT
[TenantPlugin] Pre-hook triggered for: findOne
[TenantPlugin] Options: {}
[requireAccess] Authenticated user: {
  roles: [],
  isOwner: true,
  isSuper: true,
  isSaby: true,
  isAgreed: false,
  createdBy: null,
  otp: null,
  otpExpires: null,
  otpVerified: true,
  phoneNumber: null,
  isPhoneVerified: false,
  isEmailVerified: true,
  avatar: 'https://halocrm.s3.us-east-1.amazonaws.com/user/avatar-09.webp',
  status: true,
  deletedAt: null,
  _id: 68e4cb96d180b0285d9a701d,
  firstname: 'Debby',
  lastname: 'Adebowale',
  email: 'saby@saby.ai',
  password: '$2a$08$o1.0/o0J3cDHswtnBPpdO.0KNYtXslW0gYv8ZcwaRkUdsupCw5dH.',
  userId: '0YXBcDcxPH',
  tenantId: 'hWiWJ_X0m6',
  createdAt: 2025-10-07T08:13:10.710Z,
  updatedAt: 2025-10-10T19:17:53.368Z,
  haloId: 'HL-00030',
  __v: 0
}
[requireAccess] Resolved access: user
[32minfo[39m: GET /v1/submissions?tenant_id=hWiWJ_X0m6&project_id=proj_Mrs538IYtOfd&node_id=node_test_1761217053932&month=2025-10-01&perm_enabled=true 200 - 190.607 ms
📡 Emitted activity update to tenant:hWiWJ_X0m6
[32minfo[39m: [Activity] processing - in progress - Job: hWiWJ_X0m6-1761217053941 - Processing PERM submission for 2025-10-01
[32minfo[39m: [Worker] Calling permSubmissionService.submitPERMData for PERM submission
[32minfo[39m: ✅ PERM submission created: 549a5a52-4817-47d1-b3ae-338010fae7ab
[32minfo[39m: [Worker] PERM submission created - 549a5a52-4817-47d1-b3ae-338010fae7ab (40% compliance, 2/5 events, status: partial)
📡 Emitted activity update to tenant:hWiWJ_X0m6
[32minfo[39m: [Activity] completed - success - Job: hWiWJ_X0m6-1761217053941 - PERM submission completed (40.00% compliance)
[32minfo[39m: ✅ Submission job completed - ID: hWiWJ_X0m6-1761217053941
[32minfo[39m: ✅ Submission worker completed job: hWiWJ_X0m6-1761217053941
[TenantPlugin] Pre-hook triggered for: findOne
[TenantPlugin] Options: {}
expired token expiry time ---> 30
expired token ---> Moment<2025-10-23T12:28:03+01:00>
expired token ---> Moment<2025-10-23T12:58:03+01:00>
acess token --> eyJhbGciOiJIUzI1NiIsInR5cCI6IkpXVCJ9.eyJzdWIiOiI2OGU0Y2I5NmQxODBiMDI4NWQ5YTcwMWQiLCJpYXQiOjE3NjEyMTcwODMsImV4cCI6MTc2MTIxODg4MywidHlwZSI6ImFjY2VzcyJ9.iaPTsmCcZWlqtK2yLqZDfQ4kqdV38J7k6PN_uAeLVVU
[32minfo[39m: POST /v1/auth/login 200 - 45.634 ms
[TenantPlugin] Pre-hook triggered for: findOne
[TenantPlugin] Options: {}
--- AUTH DEBUG ---
Route: /v1/node?tenantId=hWiWJ_X0m6&limit=1
HTTP Method: GET
Required Permissions: [ 'view:node' ]
[NODE CONTROLLER - QUERY] Query params: { tenantId: 'hWiWJ_X0m6', limit: 1 } Tenant: hWiWJ_X0m6
[NODE CONTROLLER - QUERY] Filter with tenantId: { tenantId: 'hWiWJ_X0m6' }
[TenantPlugin] paginate() - incoming options: { limit: 1, populate: 'level,structure,users.roles' }
[TenantPlugin] Pre-hook triggered for: countDocuments
[TenantPlugin] Options: {}
[TenantPlugin] Pre-hook triggered for: find
[TenantPlugin] Options: { sort: { createdAt: 1 }, skip: 0, limit: 1 }
[NODE CONTROLLER - QUERY] Found 0 nodes for tenant: hWiWJ_X0m6
[32minfo[39m: GET /v1/node?tenantId=hWiWJ_X0m6&limit=1 200 - 6.202 ms
[requireAccess] Checking access for endpoint: /v1/submissions {
  permissions: [],
  scope: undefined,
  environment: undefined,
  jwtOnly: false,
  apiOnly: false
}
[requireAccess] Incoming headers: {
  Authorization: 'Bearer eyJhbGciOiJIUzI1NiIsInR5cCI6IkpXVCJ9.eyJzdWIiOiI2OGU0Y2I5NmQxODBiMDI4NWQ5YTcwMWQiLCJpYXQiOjE3NjEyMTcwODMsImV4cCI6MTc2MTIxODg4MywidHlwZSI6ImFjY2VzcyJ9.iaPTsmCcZWlqtK2yLqZDfQ4kqdV38J7k6PN_uAeLVVU',
  'x-api-key': undefined,
  requiredPermissions: []
}
[requireAccess] Full request headers: {
  accept: 'application/json, text/plain, */*',
  'content-type': 'application/json',
  authorization: 'Bearer eyJhbGciOiJIUzI1NiIsInR5cCI6IkpXVCJ9.eyJzdWIiOiI2OGU0Y2I5NmQxODBiMDI4NWQ5YTcwMWQiLCJpYXQiOjE3NjEyMTcwODMsImV4cCI6MTc2MTIxODg4MywidHlwZSI6ImFjY2VzcyJ9.iaPTsmCcZWlqtK2yLqZDfQ4kqdV38J7k6PN_uAeLVVU',
  'user-agent': 'axios/1.12.2',
  'content-length': '510',
  'accept-encoding': 'gzip, compress, deflate, br',
  host: 'localhost:4000',
  connection: 'close'
}
[requireAccess] Detected JWT
[TenantPlugin] Pre-hook triggered for: findOne
[TenantPlugin] Options: {}
[requireAccess] Authenticated user: {
  roles: [],
  isOwner: true,
  isSuper: true,
  isSaby: true,
  isAgreed: false,
  createdBy: null,
  otp: null,
  otpExpires: null,
  otpVerified: true,
  phoneNumber: null,
  isPhoneVerified: false,
  isEmailVerified: true,
  avatar: 'https://halocrm.s3.us-east-1.amazonaws.com/user/avatar-09.webp',
  status: true,
  deletedAt: null,
  _id: 68e4cb96d180b0285d9a701d,
  firstname: 'Debby',
  lastname: 'Adebowale',
  email: 'saby@saby.ai',
  password: '$2a$08$o1.0/o0J3cDHswtnBPpdO.0KNYtXslW0gYv8ZcwaRkUdsupCw5dH.',
  userId: '0YXBcDcxPH',
  tenantId: 'hWiWJ_X0m6',
  createdAt: 2025-10-07T08:13:10.710Z,
  updatedAt: 2025-10-10T19:17:53.368Z,
  haloId: 'HL-00030',
  __v: 0
}
[requireAccess] Resolved access: user
[32minfo[39m: 📝 Accepting submission for project proj_Mrs538IYtOfd (form validation: disabled)
[32minfo[39m: 📥 Submission enqueued - Job ID: hWiWJ_X0m6-1761217083586 | Tenant: hWiWJ_X0m6
📡 Emitted activity update to tenant:hWiWJ_X0m6
[32minfo[39m: [Activity] queued - queued - Job: hWiWJ_X0m6-1761217083586 - PERM submission queued for 2025-10-01
[32minfo[39m: POST /v1/submissions 202 - 206.744 ms
[requireAccess] Checking access for endpoint: /v1/submissions/activity-log?tenant_id=hWiWJ_X0m6&limit=5 {
  permissions: [],
  scope: undefined,
  environment: undefined,
  jwtOnly: false,
  apiOnly: false
}
[requireAccess] Incoming headers: {
  Authorization: 'Bearer eyJhbGciOiJIUzI1NiIsInR5cCI6IkpXVCJ9.eyJzdWIiOiI2OGU0Y2I5NmQxODBiMDI4NWQ5YTcwMWQiLCJpYXQiOjE3NjEyMTcwODMsImV4cCI6MTc2MTIxODg4MywidHlwZSI6ImFjY2VzcyJ9.iaPTsmCcZWlqtK2yLqZDfQ4kqdV38J7k6PN_uAeLVVU',
  'x-api-key': undefined,
  requiredPermissions: []
}
[requireAccess] Full request headers: {
  accept: 'application/json, text/plain, */*',
  'content-type': 'application/json',
  authorization: 'Bearer eyJhbGciOiJIUzI1NiIsInR5cCI6IkpXVCJ9.eyJzdWIiOiI2OGU0Y2I5NmQxODBiMDI4NWQ5YTcwMWQiLCJpYXQiOjE3NjEyMTcwODMsImV4cCI6MTc2MTIxODg4MywidHlwZSI6ImFjY2VzcyJ9.iaPTsmCcZWlqtK2yLqZDfQ4kqdV38J7k6PN_uAeLVVU',
  'user-agent': 'axios/1.12.2',
  'accept-encoding': 'gzip, compress, deflate, br',
  host: 'localhost:4000',
  connection: 'close'
}
[requireAccess] Detected JWT
[TenantPlugin] Pre-hook triggered for: findOne
[TenantPlugin] Options: {}
[requireAccess] Authenticated user: {
  roles: [],
  isOwner: true,
  isSuper: true,
  isSaby: true,
  isAgreed: false,
  createdBy: null,
  otp: null,
  otpExpires: null,
  otpVerified: true,
  phoneNumber: null,
  isPhoneVerified: false,
  isEmailVerified: true,
  avatar: 'https://halocrm.s3.us-east-1.amazonaws.com/user/avatar-09.webp',
  status: true,
  deletedAt: null,
  _id: 68e4cb96d180b0285d9a701d,
  firstname: 'Debby',
  lastname: 'Adebowale',
  email: 'saby@saby.ai',
  password: '$2a$08$o1.0/o0J3cDHswtnBPpdO.0KNYtXslW0gYv8ZcwaRkUdsupCw5dH.',
  userId: '0YXBcDcxPH',
  tenantId: 'hWiWJ_X0m6',
  createdAt: 2025-10-07T08:13:10.710Z,
  updatedAt: 2025-10-10T19:17:53.368Z,
  haloId: 'HL-00030',
  __v: 0
}
[requireAccess] Resolved access: user
[32minfo[39m: GET /v1/submissions/activity-log?tenant_id=hWiWJ_X0m6&limit=5 200 - 415.340 ms
[requireAccess] Checking access for endpoint: /v1/submissions?tenant_id=hWiWJ_X0m6&project_id=proj_Mrs538IYtOfd&node_id=node_test_1761217083579&month=2025-10-01&perm_enabled=true {
  permissions: [],
  scope: undefined,
  environment: undefined,
  jwtOnly: false,
  apiOnly: false
}
[requireAccess] Incoming headers: {
  Authorization: 'Bearer eyJhbGciOiJIUzI1NiIsInR5cCI6IkpXVCJ9.eyJzdWIiOiI2OGU0Y2I5NmQxODBiMDI4NWQ5YTcwMWQiLCJpYXQiOjE3NjEyMTcwODMsImV4cCI6MTc2MTIxODg4MywidHlwZSI6ImFjY2VzcyJ9.iaPTsmCcZWlqtK2yLqZDfQ4kqdV38J7k6PN_uAeLVVU',
  'x-api-key': undefined,
  requiredPermissions: []
}
[requireAccess] Full request headers: {
  accept: 'application/json, text/plain, */*',
  'content-type': 'application/json',
  authorization: 'Bearer eyJhbGciOiJIUzI1NiIsInR5cCI6IkpXVCJ9.eyJzdWIiOiI2OGU0Y2I5NmQxODBiMDI4NWQ5YTcwMWQiLCJpYXQiOjE3NjEyMTcwODMsImV4cCI6MTc2MTIxODg4MywidHlwZSI6ImFjY2VzcyJ9.iaPTsmCcZWlqtK2yLqZDfQ4kqdV38J7k6PN_uAeLVVU',
  'user-agent': 'axios/1.12.2',
  'accept-encoding': 'gzip, compress, deflate, br',
  host: 'localhost:4000',
  connection: 'close'
}
[requireAccess] Detected JWT
[TenantPlugin] Pre-hook triggered for: findOne
[TenantPlugin] Options: {}
[requireAccess] Authenticated user: {
  roles: [],
  isOwner: true,
  isSuper: true,
  isSaby: true,
  isAgreed: false,
  createdBy: null,
  otp: null,
  otpExpires: null,
  otpVerified: true,
  phoneNumber: null,
  isPhoneVerified: false,
  isEmailVerified: true,
  avatar: 'https://halocrm.s3.us-east-1.amazonaws.com/user/avatar-09.webp',
  status: true,
  deletedAt: null,
  _id: 68e4cb96d180b0285d9a701d,
  firstname: 'Debby',
  lastname: 'Adebowale',
  email: 'saby@saby.ai',
  password: '$2a$08$o1.0/o0J3cDHswtnBPpdO.0KNYtXslW0gYv8ZcwaRkUdsupCw5dH.',
  userId: '0YXBcDcxPH',
  tenantId: 'hWiWJ_X0m6',
  createdAt: 2025-10-07T08:13:10.710Z,
  updatedAt: 2025-10-10T19:17:53.368Z,
  haloId: 'HL-00030',
  __v: 0
}
[requireAccess] Resolved access: user
[32minfo[39m: GET /v1/submissions?tenant_id=hWiWJ_X0m6&project_id=proj_Mrs538IYtOfd&node_id=node_test_1761217083579&month=2025-10-01&perm_enabled=true 200 - 205.455 ms
[32minfo[39m: [Worker] Processing PERM submission for project=proj_Mrs538IYtOfd (Attempt 1/3)
📡 Emitted activity update to tenant:hWiWJ_X0m6
[32minfo[39m: [Activity] processing - in progress - Job: hWiWJ_X0m6-1761217083586 - Processing PERM submission for 2025-10-01
[32minfo[39m: [Worker] Calling permSubmissionService.submitPERMData for PERM submission
[32minfo[39m: ✅ PERM submission created: 1c9e89b4-fe9a-45a2-bee1-736d2440602f
[32minfo[39m: [Worker] PERM submission created - 1c9e89b4-fe9a-45a2-bee1-736d2440602f (40% compliance, 2/5 events, status: partial)
📡 Emitted activity update to tenant:hWiWJ_X0m6
[32minfo[39m: [Activity] completed - success - Job: hWiWJ_X0m6-1761217083586 - PERM submission completed (40.00% compliance)
[32minfo[39m: ✅ Submission job completed - ID: hWiWJ_X0m6-1761217083586
[32minfo[39m: ✅ Submission worker completed job: hWiWJ_X0m6-1761217083586
[32m[nodemon] restarting due to changes...[39m
[32m[nodemon] starting `node src/index.js`[39m
[32m[nodemon] restarting due to changes...[39m
[32m[nodemon] starting `node src/index.js`[39m
🔍 [REQUIRE ACCESS] Owner Resource Bundle loaded: [
  'user',       'app',
  'structures', 'node',
  'payment',    'level',
  'storage',    'project',
  'apikeys',    'project-form',
  'roles',      'permissions'
]
🔍 [REQUIRE ACCESS] Bundle type: object
🔍 [REQUIRE ACCESS] Is Array?: true
🔍 [AUTH MIDDLEWARE] Owner Resource Bundle loaded: [
  'user',       'app',
  'structures', 'node',
  'payment',    'level',
  'storage',    'project',
  'apikeys',    'project-form',
  'roles',      'permissions'
]
🔍 [AUTH MIDDLEWARE] Bundle type: object
🔍 [AUTH MIDDLEWARE] Is Array?: true
[33mwarn[39m: ⚠️  Email ingestor worker not available (missing dependencies)
(node:29995) NOTE: The AWS SDK for JavaScript (v2) is in maintenance mode.
 SDK releases are limited to address critical bug fixes and security issues only.

Please migrate your code to use AWS SDK for JavaScript (v3).
For more information, check the blog post at https://a.co/cUPnyil
(Use `node --trace-warnings ...` to show where the warning was created)
[32minfo[39m: ✅ Connected to MongoDB
[32minfo[39m: 🔄 Testing PostgreSQL connection...
[32minfo[39m: 📊 Host: 20.169.129.160:5432
[32minfo[39m: 👤 User: sabyagentic_user
[32minfo[39m: 🗄️  Database: halograph
[32minfo[39m: ✅ PostgreSQL connected successfully
[32minfo[39m: 📋 PostgreSQL Version: PostgreSQL 15.14 (Debian 15.14-1.pgdg13+1) on x86_64-pc-linux-gnu, compiled by gcc (Debian 14.2.0-19) 14.2.0, 64-bit
[32minfo[39m: ✅ Redis connected
[32minfo[39m: ⚙️  Redis ready for commands
[32minfo[39m: ✅ Redis ping successful
[32minfo[39m: 🚀 Initializing background workers...
[32minfo[39m: ✅ Submission worker started
[32minfo[39m: ✅ PERM notification worker started
[32minfo[39m: 🔔 Notification worker initialized
[32minfo[39m: ✅ Notification worker started
[32minfo[39m: ⊘ Email ingestor worker not available (missing dependencies)
[32minfo[39m: 🎉 All workers initialized successfully
[32minfo[39m: 🚀 Server is running on port 4000
[32minfo[39m: 🌍 Environment: development
[32minfo[39m: 📊 Database Status:
[32minfo[39m:    - MongoDB: ✅ Connected
[32minfo[39m:    - PostgreSQL: ✅ Connected
[32minfo[39m:    - Redis: ✅ Connected
[32minfo[39m: Connected to email server
[32m[nodemon] restarting due to changes...[39m
[32m[nodemon] starting `node src/index.js`[39m
[32m[nodemon] restarting due to changes...[39m
[32m[nodemon] starting `node src/index.js`[39m
[32m[nodemon] restarting due to changes...[39m
[32m[nodemon] starting `node src/index.js`[39m
[32m[nodemon] restarting due to changes...[39m
[32m[nodemon] starting `node src/index.js`[39m
🔍 [REQUIRE ACCESS] Owner Resource Bundle loaded: [
  'user',       'app',
  'structures', 'node',
  'payment',    'level',
  'storage',    'project',
  'apikeys',    'project-form',
  'roles',      'permissions'
]
🔍 [REQUIRE ACCESS] Bundle type: object
🔍 [REQUIRE ACCESS] Is Array?: true
🔍 [AUTH MIDDLEWARE] Owner Resource Bundle loaded: [
  'user',       'app',
  'structures', 'node',
  'payment',    'level',
  'storage',    'project',
  'apikeys',    'project-form',
  'roles',      'permissions'
]
🔍 [AUTH MIDDLEWARE] Bundle type: object
🔍 [AUTH MIDDLEWARE] Is Array?: true
[33mwarn[39m: ⚠️  Email ingestor worker not available (missing dependencies)
(node:58287) NOTE: The AWS SDK for JavaScript (v2) is in maintenance mode.
 SDK releases are limited to address critical bug fixes and security issues only.

Please migrate your code to use AWS SDK for JavaScript (v3).
For more information, check the blog post at https://a.co/cUPnyil
(Use `node --trace-warnings ...` to show where the warning was created)
[32minfo[39m: ✅ Connected to MongoDB
[32minfo[39m: 🔄 Testing PostgreSQL connection...
[32minfo[39m: 📊 Host: 20.169.129.160:5432
[32minfo[39m: 👤 User: sabyagentic_user
[32minfo[39m: 🗄️  Database: halograph
[32minfo[39m: ✅ PostgreSQL connected successfully
[32minfo[39m: 📋 PostgreSQL Version: PostgreSQL 15.14 (Debian 15.14-1.pgdg13+1) on x86_64-pc-linux-gnu, compiled by gcc (Debian 14.2.0-19) 14.2.0, 64-bit
[32minfo[39m: ✅ Redis connected
[32minfo[39m: ⚙️  Redis ready for commands
[32minfo[39m: ✅ Redis ping successful
[32minfo[39m: 🚀 Initializing background workers...
[32minfo[39m: ✅ Submission worker started
[32minfo[39m: ✅ PERM notification worker started
[32minfo[39m: 🔔 Notification worker initialized
[32minfo[39m: ✅ Notification worker started
[32minfo[39m: ⊘ Email ingestor worker not available (missing dependencies)
[32minfo[39m: 🎉 All workers initialized successfully
[32minfo[39m: 🚀 Server is running on port 4000
[32minfo[39m: 🌍 Environment: development
[32minfo[39m: 📊 Database Status:
[32minfo[39m:    - MongoDB: ✅ Connected
[32minfo[39m:    - PostgreSQL: ✅ Connected
[32minfo[39m:    - Redis: ✅ Connected
[32minfo[39m: Connected to email server
[32m[nodemon] restarting due to changes...[39m
[32m[nodemon] starting `node src/index.js`[39m
🔍 [REQUIRE ACCESS] Owner Resource Bundle loaded: [
  'user',       'app',
  'structures', 'node',
  'payment',    'level',
  'storage',    'project',
  'apikeys',    'project-form',
  'roles',      'permissions'
]
🔍 [REQUIRE ACCESS] Bundle type: object
🔍 [REQUIRE ACCESS] Is Array?: true
🔍 [AUTH MIDDLEWARE] Owner Resource Bundle loaded: [
  'user',       'app',
  'structures', 'node',
  'payment',    'level',
  'storage',    'project',
  'apikeys',    'project-form',
  'roles',      'permissions'
]
🔍 [AUTH MIDDLEWARE] Bundle type: object
🔍 [AUTH MIDDLEWARE] Is Array?: true
[33mwarn[39m: ⚠️  Email ingestor worker not available (missing dependencies)
(node:59018) NOTE: The AWS SDK for JavaScript (v2) is in maintenance mode.
 SDK releases are limited to address critical bug fixes and security issues only.

Please migrate your code to use AWS SDK for JavaScript (v3).
For more information, check the blog post at https://a.co/cUPnyil
(Use `node --trace-warnings ...` to show where the warning was created)
[32minfo[39m: ✅ Connected to MongoDB
[32minfo[39m: 🔄 Testing PostgreSQL connection...
[32minfo[39m: 📊 Host: 20.169.129.160:5432
[32minfo[39m: 👤 User: sabyagentic_user
[32minfo[39m: 🗄️  Database: halograph
[32minfo[39m: ✅ PostgreSQL connected successfully
[32minfo[39m: 📋 PostgreSQL Version: PostgreSQL 15.14 (Debian 15.14-1.pgdg13+1) on x86_64-pc-linux-gnu, compiled by gcc (Debian 14.2.0-19) 14.2.0, 64-bit
[32minfo[39m: ✅ Redis connected
[32minfo[39m: ⚙️  Redis ready for commands
[32minfo[39m: ✅ Redis ping successful
[32minfo[39m: 🚀 Initializing background workers...
[32minfo[39m: ✅ Submission worker started
[32minfo[39m: ✅ PERM notification worker started
[32minfo[39m: 🔔 Notification worker initialized
[32minfo[39m: ✅ Notification worker started
[32minfo[39m: ⊘ Email ingestor worker not available (missing dependencies)
[32minfo[39m: 🎉 All workers initialized successfully
[32minfo[39m: 🚀 Server is running on port 4000
[32minfo[39m: 🌍 Environment: development
[32minfo[39m: 📊 Database Status:
[32minfo[39m:    - MongoDB: ✅ Connected
[32minfo[39m:    - PostgreSQL: ✅ Connected
[32minfo[39m:    - Redis: ✅ Connected
[32minfo[39m: Connected to email server
[32m[nodemon] restarting due to changes...[39m
[32m[nodemon] starting `node src/index.js`[39m
🔍 [REQUIRE ACCESS] Owner Resource Bundle loaded: [
  'user',       'app',
  'structures', 'node',
  'payment',    'level',
  'storage',    'project',
  'apikeys',    'project-form',
  'roles',      'permissions'
]
🔍 [REQUIRE ACCESS] Bundle type: object
🔍 [REQUIRE ACCESS] Is Array?: true
🔍 [AUTH MIDDLEWARE] Owner Resource Bundle loaded: [
  'user',       'app',
  'structures', 'node',
  'payment',    'level',
  'storage',    'project',
  'apikeys',    'project-form',
  'roles',      'permissions'
]
🔍 [AUTH MIDDLEWARE] Bundle type: object
🔍 [AUTH MIDDLEWARE] Is Array?: true
[33mwarn[39m: ⚠️  Email ingestor worker not available (missing dependencies)
(node:59524) NOTE: The AWS SDK for JavaScript (v2) is in maintenance mode.
 SDK releases are limited to address critical bug fixes and security issues only.

Please migrate your code to use AWS SDK for JavaScript (v3).
For more information, check the blog post at https://a.co/cUPnyil
(Use `node --trace-warnings ...` to show where the warning was created)
[32minfo[39m: ✅ Connected to MongoDB
[32minfo[39m: 🔄 Testing PostgreSQL connection...
[32minfo[39m: 📊 Host: 20.169.129.160:5432
[32minfo[39m: 👤 User: sabyagentic_user
[32minfo[39m: 🗄️  Database: halograph
[32minfo[39m: ✅ PostgreSQL connected successfully
[32minfo[39m: 📋 PostgreSQL Version: PostgreSQL 15.14 (Debian 15.14-1.pgdg13+1) on x86_64-pc-linux-gnu, compiled by gcc (Debian 14.2.0-19) 14.2.0, 64-bit
[32minfo[39m: ✅ Redis connected
[32minfo[39m: ⚙️  Redis ready for commands
[32minfo[39m: ✅ Redis ping successful
[32minfo[39m: 🚀 Initializing background workers...
[32minfo[39m: ✅ Submission worker started
[32minfo[39m: ✅ PERM notification worker started
[32minfo[39m: 🔔 Notification worker initialized
[32minfo[39m: ✅ Notification worker started
[32minfo[39m: ⊘ Email ingestor worker not available (missing dependencies)
[32minfo[39m: 🎉 All workers initialized successfully
[32minfo[39m: 🚀 Server is running on port 4000
[32minfo[39m: 🌍 Environment: development
[32minfo[39m: 📊 Database Status:
[32minfo[39m:    - MongoDB: ✅ Connected
[32minfo[39m:    - PostgreSQL: ✅ Connected
[32minfo[39m:    - Redis: ✅ Connected
[32minfo[39m: Connected to email server
[32m[nodemon] restarting due to changes...[39m
[32m[nodemon] starting `node src/index.js`[39m
🔍 [REQUIRE ACCESS] Owner Resource Bundle loaded: [
  'user',       'app',
  'structures', 'node',
  'payment',    'level',
  'storage',    'project',
  'apikeys',    'project-form',
  'roles',      'permissions'
]
🔍 [REQUIRE ACCESS] Bundle type: object
🔍 [REQUIRE ACCESS] Is Array?: true
🔍 [AUTH MIDDLEWARE] Owner Resource Bundle loaded: [
  'user',       'app',
  'structures', 'node',
  'payment',    'level',
  'storage',    'project',
  'apikeys',    'project-form',
  'roles',      'permissions'
]
🔍 [AUTH MIDDLEWARE] Bundle type: object
🔍 [AUTH MIDDLEWARE] Is Array?: true
[33mwarn[39m: ⚠️  Email ingestor worker not available (missing dependencies)
(node:62818) NOTE: The AWS SDK for JavaScript (v2) is in maintenance mode.
 SDK releases are limited to address critical bug fixes and security issues only.

Please migrate your code to use AWS SDK for JavaScript (v3).
For more information, check the blog post at https://a.co/cUPnyil
(Use `node --trace-warnings ...` to show where the warning was created)
[32minfo[39m: ✅ Connected to MongoDB
[32minfo[39m: 🔄 Testing PostgreSQL connection...
[32minfo[39m: 📊 Host: 20.169.129.160:5432
[32minfo[39m: 👤 User: sabyagentic_user
[32minfo[39m: 🗄️  Database: halograph
[32minfo[39m: ✅ PostgreSQL connected successfully
[32minfo[39m: 📋 PostgreSQL Version: PostgreSQL 15.14 (Debian 15.14-1.pgdg13+1) on x86_64-pc-linux-gnu, compiled by gcc (Debian 14.2.0-19) 14.2.0, 64-bit
[32minfo[39m: ✅ Redis connected
[32minfo[39m: ⚙️  Redis ready for commands
[32minfo[39m: ✅ Redis ping successful
[32minfo[39m: 🚀 Initializing background workers...
[32minfo[39m: ✅ Submission worker started
[32minfo[39m: ✅ PERM notification worker started
[32minfo[39m: 🔔 Notification worker initialized
[32minfo[39m: ✅ Notification worker started
[32minfo[39m: ⊘ Email ingestor worker not available (missing dependencies)
[32minfo[39m: 🎉 All workers initialized successfully
[32minfo[39m: 🚀 Server is running on port 4000
[32minfo[39m: 🌍 Environment: development
[32minfo[39m: 📊 Database Status:
[32minfo[39m:    - MongoDB: ✅ Connected
[32minfo[39m:    - PostgreSQL: ✅ Connected
[32minfo[39m:    - Redis: ✅ Connected
[32minfo[39m: Connected to email server
[32m[nodemon] restarting due to changes...[39m
[32m[nodemon] restarting due to changes...[39m
[32m[nodemon] starting `node src/index.js`[39m
🔍 [REQUIRE ACCESS] Owner Resource Bundle loaded: [
  'user',       'app',
  'structures', 'node',
  'payment',    'level',
  'storage',    'project',
  'apikeys',    'project-form',
  'roles',      'permissions'
]
🔍 [REQUIRE ACCESS] Bundle type: object
🔍 [REQUIRE ACCESS] Is Array?: true
🔍 [AUTH MIDDLEWARE] Owner Resource Bundle loaded: [
  'user',       'app',
  'structures', 'node',
  'payment',    'level',
  'storage',    'project',
  'apikeys',    'project-form',
  'roles',      'permissions'
]
🔍 [AUTH MIDDLEWARE] Bundle type: object
🔍 [AUTH MIDDLEWARE] Is Array?: true
[33mwarn[39m: ⚠️  Email ingestor worker not available (missing dependencies)
(node:63175) NOTE: The AWS SDK for JavaScript (v2) is in maintenance mode.
 SDK releases are limited to address critical bug fixes and security issues only.

Please migrate your code to use AWS SDK for JavaScript (v3).
For more information, check the blog post at https://a.co/cUPnyil
(Use `node --trace-warnings ...` to show where the warning was created)
[32minfo[39m: ✅ Connected to MongoDB
[32minfo[39m: 🔄 Testing PostgreSQL connection...
[32minfo[39m: 📊 Host: 20.169.129.160:5432
[32minfo[39m: 👤 User: sabyagentic_user
[32minfo[39m: 🗄️  Database: halograph
[32minfo[39m: ✅ PostgreSQL connected successfully
[32minfo[39m: 📋 PostgreSQL Version: PostgreSQL 15.14 (Debian 15.14-1.pgdg13+1) on x86_64-pc-linux-gnu, compiled by gcc (Debian 14.2.0-19) 14.2.0, 64-bit
[32minfo[39m: ✅ Redis connected
[32minfo[39m: ⚙️  Redis ready for commands
[32minfo[39m: ✅ Redis ping successful
[32minfo[39m: 🚀 Initializing background workers...
[32minfo[39m: ✅ Submission worker started
[32minfo[39m: ✅ PERM notification worker started
[32minfo[39m: 🔔 Notification worker initialized
[32minfo[39m: ✅ Notification worker started
[32minfo[39m: ⊘ Email ingestor worker not available (missing dependencies)
[32minfo[39m: 🎉 All workers initialized successfully
[32minfo[39m: 🚀 Server is running on port 4000
[32minfo[39m: 🌍 Environment: development
[32minfo[39m: 📊 Database Status:
[32minfo[39m:    - MongoDB: ✅ Connected
[32minfo[39m:    - PostgreSQL: ✅ Connected
[32minfo[39m:    - Redis: ✅ Connected
[32minfo[39m: Connected to email server
[32m[nodemon] restarting due to changes...[39m
[32m[nodemon] starting `node src/index.js`[39m
🔍 [REQUIRE ACCESS] Owner Resource Bundle loaded: [
  'user',       'app',
  'structures', 'node',
  'payment',    'level',
  'storage',    'project',
  'apikeys',    'project-form',
  'roles',      'permissions'
]
🔍 [REQUIRE ACCESS] Bundle type: object
🔍 [REQUIRE ACCESS] Is Array?: true
🔍 [AUTH MIDDLEWARE] Owner Resource Bundle loaded: [
  'user',       'app',
  'structures', 'node',
  'payment',    'level',
  'storage',    'project',
  'apikeys',    'project-form',
  'roles',      'permissions'
]
🔍 [AUTH MIDDLEWARE] Bundle type: object
🔍 [AUTH MIDDLEWARE] Is Array?: true
[33mwarn[39m: ⚠️  Email ingestor worker not available (missing dependencies)
(node:63980) NOTE: The AWS SDK for JavaScript (v2) is in maintenance mode.
 SDK releases are limited to address critical bug fixes and security issues only.

Please migrate your code to use AWS SDK for JavaScript (v3).
For more information, check the blog post at https://a.co/cUPnyil
(Use `node --trace-warnings ...` to show where the warning was created)
[32minfo[39m: ✅ Connected to MongoDB
[32minfo[39m: 🔄 Testing PostgreSQL connection...
[32minfo[39m: 📊 Host: 20.169.129.160:5432
[32minfo[39m: 👤 User: sabyagentic_user
[32minfo[39m: 🗄️  Database: halograph
[32minfo[39m: ✅ PostgreSQL connected successfully
[32minfo[39m: 📋 PostgreSQL Version: PostgreSQL 15.14 (Debian 15.14-1.pgdg13+1) on x86_64-pc-linux-gnu, compiled by gcc (Debian 14.2.0-19) 14.2.0, 64-bit
[32minfo[39m: ✅ Redis connected
[32minfo[39m: ⚙️  Redis ready for commands
[32minfo[39m: ✅ Redis ping successful
[32minfo[39m: 🚀 Initializing background workers...
[32minfo[39m: ✅ Submission worker started
[32minfo[39m: ✅ PERM notification worker started
[32minfo[39m: 🔔 Notification worker initialized
[32minfo[39m: ✅ Notification worker started
[32minfo[39m: ⊘ Email ingestor worker not available (missing dependencies)
[32minfo[39m: 🎉 All workers initialized successfully
[32minfo[39m: 🚀 Server is running on port 4000
[32minfo[39m: 🌍 Environment: development
[32minfo[39m: 📊 Database Status:
[32minfo[39m:    - MongoDB: ✅ Connected
[32minfo[39m:    - PostgreSQL: ✅ Connected
[32minfo[39m:    - Redis: ✅ Connected
[32minfo[39m: Connected to email server
[32m[nodemon] restarting due to changes...[39m
[32m[nodemon] starting `node src/index.js`[39m
🔍 [REQUIRE ACCESS] Owner Resource Bundle loaded: [
  'user',       'app',
  'structures', 'node',
  'payment',    'level',
  'storage',    'project',
  'apikeys',    'project-form',
  'roles',      'permissions'
]
🔍 [REQUIRE ACCESS] Bundle type: object
🔍 [REQUIRE ACCESS] Is Array?: true
🔍 [AUTH MIDDLEWARE] Owner Resource Bundle loaded: [
  'user',       'app',
  'structures', 'node',
  'payment',    'level',
  'storage',    'project',
  'apikeys',    'project-form',
  'roles',      'permissions'
]
🔍 [AUTH MIDDLEWARE] Bundle type: object
🔍 [AUTH MIDDLEWARE] Is Array?: true
[33mwarn[39m: ⚠️  Email ingestor worker not available (missing dependencies)
(node:64514) NOTE: The AWS SDK for JavaScript (v2) is in maintenance mode.
 SDK releases are limited to address critical bug fixes and security issues only.

Please migrate your code to use AWS SDK for JavaScript (v3).
For more information, check the blog post at https://a.co/cUPnyil
(Use `node --trace-warnings ...` to show where the warning was created)
[32minfo[39m: ✅ Connected to MongoDB
[32minfo[39m: 🔄 Testing PostgreSQL connection...
[32minfo[39m: 📊 Host: 20.169.129.160:5432
[32minfo[39m: 👤 User: sabyagentic_user
[32minfo[39m: 🗄️  Database: halograph
[32minfo[39m: ✅ PostgreSQL connected successfully
[32minfo[39m: 📋 PostgreSQL Version: PostgreSQL 15.14 (Debian 15.14-1.pgdg13+1) on x86_64-pc-linux-gnu, compiled by gcc (Debian 14.2.0-19) 14.2.0, 64-bit
[32minfo[39m: ✅ Redis connected
[32minfo[39m: ⚙️  Redis ready for commands
[32minfo[39m: ✅ Redis ping successful
[32minfo[39m: 🚀 Initializing background workers...
[32minfo[39m: ✅ Submission worker started
[32minfo[39m: ✅ PERM notification worker started
[32minfo[39m: 🔔 Notification worker initialized
[32minfo[39m: ✅ Notification worker started
[32minfo[39m: ⊘ Email ingestor worker not available (missing dependencies)
[32minfo[39m: 🎉 All workers initialized successfully
[32minfo[39m: 🚀 Server is running on port 4000
[32minfo[39m: 🌍 Environment: development
[32minfo[39m: 📊 Database Status:
[32minfo[39m:    - MongoDB: ✅ Connected
[32minfo[39m:    - PostgreSQL: ✅ Connected
[32minfo[39m:    - Redis: ✅ Connected
[32minfo[39m: Connected to email server
Error: Stream isn't writeable and enableOfflineQueue options is false
    at EventEmitter.sendCommand (/Users/fadebowaley/saby/sabyBackend/node_modules/ioredis/built/Redis.js:364:32)
    at EventEmitter.bzpopmin (/Users/fadebowaley/saby/sabyBackend/node_modules/ioredis/built/utils/Commander.js:90:25)
    at Worker.waitForJob (/Users/fadebowaley/saby/sabyBackend/node_modules/bullmq/dist/cjs/classes/worker.js:380:50)
    at Worker._getNextJob (/Users/fadebowaley/saby/sabyBackend/node_modules/bullmq/dist/cjs/classes/worker.js:305:33)
    at /Users/fadebowaley/saby/sabyBackend/node_modules/bullmq/dist/cjs/classes/worker.js:244:66
    at Worker.retryIfFailed (/Users/fadebowaley/saby/sabyBackend/node_modules/bullmq/dist/cjs/classes/worker.js:819:30)
    at Worker.mainLoop (/Users/fadebowaley/saby/sabyBackend/node_modules/bullmq/dist/cjs/classes/worker.js:244:41)
    at process.processTicksAndRejections (node:internal/process/task_queues:95:5)
    at async Worker.run (/Users/fadebowaley/saby/sabyBackend/node_modules/bullmq/dist/cjs/classes/worker.js:207:13)
Error: Stream isn't writeable and enableOfflineQueue options is false
    at EventEmitter.sendCommand (/Users/fadebowaley/saby/sabyBackend/node_modules/ioredis/built/Redis.js:364:32)
    at EventEmitter.bzpopmin (/Users/fadebowaley/saby/sabyBackend/node_modules/ioredis/built/utils/Commander.js:90:25)
    at Worker.waitForJob (/Users/fadebowaley/saby/sabyBackend/node_modules/bullmq/dist/cjs/classes/worker.js:380:50)
    at Worker._getNextJob (/Users/fadebowaley/saby/sabyBackend/node_modules/bullmq/dist/cjs/classes/worker.js:305:33)
    at /Users/fadebowaley/saby/sabyBackend/node_modules/bullmq/dist/cjs/classes/worker.js:244:66
    at Worker.retryIfFailed (/Users/fadebowaley/saby/sabyBackend/node_modules/bullmq/dist/cjs/classes/worker.js:819:30)
    at Worker.mainLoop (/Users/fadebowaley/saby/sabyBackend/node_modules/bullmq/dist/cjs/classes/worker.js:244:41)
    at process.processTicksAndRejections (node:internal/process/task_queues:95:5)
    at async Worker.run (/Users/fadebowaley/saby/sabyBackend/node_modules/bullmq/dist/cjs/classes/worker.js:207:13)
[31merror[39m: ❌ Submission worker error:
Error: Stream isn't writeable and enableOfflineQueue options is false
    at EventEmitter.sendCommand (/Users/fadebowaley/saby/sabyBackend/node_modules/ioredis/built/Redis.js:364:32)
    at EventEmitter.bzpopmin (/Users/fadebowaley/saby/sabyBackend/node_modules/ioredis/built/utils/Commander.js:90:25)
    at Worker.waitForJob (/Users/fadebowaley/saby/sabyBackend/node_modules/bullmq/dist/cjs/classes/worker.js:380:50)
    at Worker._getNextJob (/Users/fadebowaley/saby/sabyBackend/node_modules/bullmq/dist/cjs/classes/worker.js:305:33)
    at /Users/fadebowaley/saby/sabyBackend/node_modules/bullmq/dist/cjs/classes/worker.js:244:66
    at Worker.retryIfFailed (/Users/fadebowaley/saby/sabyBackend/node_modules/bullmq/dist/cjs/classes/worker.js:819:30)
    at Worker.mainLoop (/Users/fadebowaley/saby/sabyBackend/node_modules/bullmq/dist/cjs/classes/worker.js:244:41)
    at runNextTicks (node:internal/process/task_queues:60:5)
    at listOnTimeout (node:internal/timers:538:9)
    at process.processTimers (node:internal/timers:512:7)
    at async Worker.run (/Users/fadebowaley/saby/sabyBackend/node_modules/bullmq/dist/cjs/classes/worker.js:207:13)
Error: Stream isn't writeable and enableOfflineQueue options is false
    at EventEmitter.sendCommand (/Users/fadebowaley/saby/sabyBackend/node_modules/ioredis/built/Redis.js:364:32)
    at EventEmitter.bzpopmin (/Users/fadebowaley/saby/sabyBackend/node_modules/ioredis/built/utils/Commander.js:90:25)
    at Worker.waitForJob (/Users/fadebowaley/saby/sabyBackend/node_modules/bullmq/dist/cjs/classes/worker.js:380:50)
    at Worker._getNextJob (/Users/fadebowaley/saby/sabyBackend/node_modules/bullmq/dist/cjs/classes/worker.js:305:33)
    at /Users/fadebowaley/saby/sabyBackend/node_modules/bullmq/dist/cjs/classes/worker.js:244:66
    at Worker.retryIfFailed (/Users/fadebowaley/saby/sabyBackend/node_modules/bullmq/dist/cjs/classes/worker.js:819:30)
    at Worker.mainLoop (/Users/fadebowaley/saby/sabyBackend/node_modules/bullmq/dist/cjs/classes/worker.js:244:41)
    at async Worker.run (/Users/fadebowaley/saby/sabyBackend/node_modules/bullmq/dist/cjs/classes/worker.js:207:13)
[31merror[39m: ❌ Submission worker error:
[32m[nodemon] restarting due to changes...[39m
[32m[nodemon] starting `node src/index.js`[39m
🔍 [REQUIRE ACCESS] Owner Resource Bundle loaded: [
  'user',       'app',
  'structures', 'node',
  'payment',    'level',
  'storage',    'project',
  'apikeys',    'project-form',
  'roles',      'permissions'
]
🔍 [REQUIRE ACCESS] Bundle type: object
🔍 [REQUIRE ACCESS] Is Array?: true
🔍 [AUTH MIDDLEWARE] Owner Resource Bundle loaded: [
  'user',       'app',
  'structures', 'node',
  'payment',    'level',
  'storage',    'project',
  'apikeys',    'project-form',
  'roles',      'permissions'
]
🔍 [AUTH MIDDLEWARE] Bundle type: object
🔍 [AUTH MIDDLEWARE] Is Array?: true
[33mwarn[39m: ⚠️  Email ingestor worker not available (missing dependencies)
(node:65350) NOTE: The AWS SDK for JavaScript (v2) is in maintenance mode.
 SDK releases are limited to address critical bug fixes and security issues only.

Please migrate your code to use AWS SDK for JavaScript (v3).
For more information, check the blog post at https://a.co/cUPnyil
(Use `node --trace-warnings ...` to show where the warning was created)
[32m[nodemon] restarting due to changes...[39m
[32minfo[39m: ✅ Connected to MongoDB
[32minfo[39m: 🔄 Testing PostgreSQL connection...
[32minfo[39m: 📊 Host: 20.169.129.160:5432
[32minfo[39m: 👤 User: sabyagentic_user
[32minfo[39m: 🗄️  Database: halograph
[32m[nodemon] starting `node src/index.js`[39m
[32m[nodemon] restarting due to changes...[39m
[32m[nodemon] starting `node src/index.js`[39m
🔍 [REQUIRE ACCESS] Owner Resource Bundle loaded: [
  'user',       'app',
  'structures', 'node',
  'payment',    'level',
  'storage',    'project',
  'apikeys',    'project-form',
  'roles',      'permissions'
]
🔍 [REQUIRE ACCESS] Bundle type: object
🔍 [REQUIRE ACCESS] Is Array?: true
🔍 [AUTH MIDDLEWARE] Owner Resource Bundle loaded: [
  'user',       'app',
  'structures', 'node',
  'payment',    'level',
  'storage',    'project',
  'apikeys',    'project-form',
  'roles',      'permissions'
]
🔍 [AUTH MIDDLEWARE] Bundle type: object
🔍 [AUTH MIDDLEWARE] Is Array?: true
[33mwarn[39m: ⚠️  Email ingestor worker not available (missing dependencies)
(node:65601) NOTE: The AWS SDK for JavaScript (v2) is in maintenance mode.
 SDK releases are limited to address critical bug fixes and security issues only.

Please migrate your code to use AWS SDK for JavaScript (v3).
For more information, check the blog post at https://a.co/cUPnyil
(Use `node --trace-warnings ...` to show where the warning was created)
[32minfo[39m: ✅ Connected to MongoDB
[32minfo[39m: 🔄 Testing PostgreSQL connection...
[32minfo[39m: 📊 Host: 20.169.129.160:5432
[32minfo[39m: 👤 User: sabyagentic_user
[32minfo[39m: 🗄️  Database: halograph
[32minfo[39m: ✅ PostgreSQL connected successfully
[32minfo[39m: 📋 PostgreSQL Version: PostgreSQL 15.14 (Debian 15.14-1.pgdg13+1) on x86_64-pc-linux-gnu, compiled by gcc (Debian 14.2.0-19) 14.2.0, 64-bit
[32minfo[39m: ✅ Redis connected
[32minfo[39m: ⚙️  Redis ready for commands
[32minfo[39m: ✅ Redis ping successful
[32minfo[39m: 🚀 Initializing background workers...
[32minfo[39m: ✅ Submission worker started
[32minfo[39m: ✅ PERM notification worker started
[32minfo[39m: 🔔 Notification worker initialized
[32minfo[39m: ✅ Notification worker started
[32minfo[39m: ⊘ Email ingestor worker not available (missing dependencies)
[32minfo[39m: 🎉 All workers initialized successfully
[32minfo[39m: 🚀 Server is running on port 4000
[32minfo[39m: 🌍 Environment: development
[32minfo[39m: 📊 Database Status:
[32minfo[39m:    - MongoDB: ✅ Connected
[32minfo[39m:    - PostgreSQL: ✅ Connected
[32minfo[39m:    - Redis: ✅ Connected
[32minfo[39m: Connected to email server
Error: Stream isn't writeable and enableOfflineQueue options is false
    at EventEmitter.sendCommand (/Users/fadebowaley/saby/sabyBackend/node_modules/ioredis/built/Redis.js:364:32)
    at EventEmitter.bzpopmin (/Users/fadebowaley/saby/sabyBackend/node_modules/ioredis/built/utils/Commander.js:90:25)
    at Worker.waitForJob (/Users/fadebowaley/saby/sabyBackend/node_modules/bullmq/dist/cjs/classes/worker.js:380:50)
    at Worker._getNextJob (/Users/fadebowaley/saby/sabyBackend/node_modules/bullmq/dist/cjs/classes/worker.js:305:33)
    at /Users/fadebowaley/saby/sabyBackend/node_modules/bullmq/dist/cjs/classes/worker.js:244:66
    at Worker.retryIfFailed (/Users/fadebowaley/saby/sabyBackend/node_modules/bullmq/dist/cjs/classes/worker.js:819:30)
    at Worker.mainLoop (/Users/fadebowaley/saby/sabyBackend/node_modules/bullmq/dist/cjs/classes/worker.js:244:41)
    at process.processTicksAndRejections (node:internal/process/task_queues:95:5)
    at async Worker.run (/Users/fadebowaley/saby/sabyBackend/node_modules/bullmq/dist/cjs/classes/worker.js:207:13)
Error: Stream isn't writeable and enableOfflineQueue options is false
    at EventEmitter.sendCommand (/Users/fadebowaley/saby/sabyBackend/node_modules/ioredis/built/Redis.js:364:32)
    at EventEmitter.bzpopmin (/Users/fadebowaley/saby/sabyBackend/node_modules/ioredis/built/utils/Commander.js:90:25)
    at Worker.waitForJob (/Users/fadebowaley/saby/sabyBackend/node_modules/bullmq/dist/cjs/classes/worker.js:380:50)
    at Worker._getNextJob (/Users/fadebowaley/saby/sabyBackend/node_modules/bullmq/dist/cjs/classes/worker.js:305:33)
    at /Users/fadebowaley/saby/sabyBackend/node_modules/bullmq/dist/cjs/classes/worker.js:244:66
    at Worker.retryIfFailed (/Users/fadebowaley/saby/sabyBackend/node_modules/bullmq/dist/cjs/classes/worker.js:819:30)
    at Worker.mainLoop (/Users/fadebowaley/saby/sabyBackend/node_modules/bullmq/dist/cjs/classes/worker.js:244:41)
    at process.processTicksAndRejections (node:internal/process/task_queues:95:5)
    at async Worker.run (/Users/fadebowaley/saby/sabyBackend/node_modules/bullmq/dist/cjs/classes/worker.js:207:13)
[31merror[39m: ❌ Submission worker error:
Error: Stream isn't writeable and enableOfflineQueue options is false
    at EventEmitter.sendCommand (/Users/fadebowaley/saby/sabyBackend/node_modules/ioredis/built/Redis.js:364:32)
    at EventEmitter.bzpopmin (/Users/fadebowaley/saby/sabyBackend/node_modules/ioredis/built/utils/Commander.js:90:25)
    at Worker.waitForJob (/Users/fadebowaley/saby/sabyBackend/node_modules/bullmq/dist/cjs/classes/worker.js:380:50)
    at Worker._getNextJob (/Users/fadebowaley/saby/sabyBackend/node_modules/bullmq/dist/cjs/classes/worker.js:305:33)
    at /Users/fadebowaley/saby/sabyBackend/node_modules/bullmq/dist/cjs/classes/worker.js:244:66
    at Worker.retryIfFailed (/Users/fadebowaley/saby/sabyBackend/node_modules/bullmq/dist/cjs/classes/worker.js:819:30)
    at Worker.mainLoop (/Users/fadebowaley/saby/sabyBackend/node_modules/bullmq/dist/cjs/classes/worker.js:244:41)
    at runNextTicks (node:internal/process/task_queues:60:5)
    at listOnTimeout (node:internal/timers:538:9)
    at process.processTimers (node:internal/timers:512:7)
    at async Worker.run (/Users/fadebowaley/saby/sabyBackend/node_modules/bullmq/dist/cjs/classes/worker.js:207:13)
Error: Stream isn't writeable and enableOfflineQueue options is false
    at EventEmitter.sendCommand (/Users/fadebowaley/saby/sabyBackend/node_modules/ioredis/built/Redis.js:364:32)
    at EventEmitter.bzpopmin (/Users/fadebowaley/saby/sabyBackend/node_modules/ioredis/built/utils/Commander.js:90:25)
    at Worker.waitForJob (/Users/fadebowaley/saby/sabyBackend/node_modules/bullmq/dist/cjs/classes/worker.js:380:50)
    at Worker._getNextJob (/Users/fadebowaley/saby/sabyBackend/node_modules/bullmq/dist/cjs/classes/worker.js:305:33)
    at /Users/fadebowaley/saby/sabyBackend/node_modules/bullmq/dist/cjs/classes/worker.js:244:66
    at Worker.retryIfFailed (/Users/fadebowaley/saby/sabyBackend/node_modules/bullmq/dist/cjs/classes/worker.js:819:30)
    at Worker.mainLoop (/Users/fadebowaley/saby/sabyBackend/node_modules/bullmq/dist/cjs/classes/worker.js:244:41)
    at async Worker.run (/Users/fadebowaley/saby/sabyBackend/node_modules/bullmq/dist/cjs/classes/worker.js:207:13)
[31merror[39m: ❌ Submission worker error:
Error: Stream isn't writeable and enableOfflineQueue options is false
    at EventEmitter.sendCommand (/Users/fadebowaley/saby/sabyBackend/node_modules/ioredis/built/Redis.js:364:32)
    at EventEmitter.bzpopmin (/Users/fadebowaley/saby/sabyBackend/node_modules/ioredis/built/utils/Commander.js:90:25)
    at Worker.waitForJob (/Users/fadebowaley/saby/sabyBackend/node_modules/bullmq/dist/cjs/classes/worker.js:380:50)
    at Worker._getNextJob (/Users/fadebowaley/saby/sabyBackend/node_modules/bullmq/dist/cjs/classes/worker.js:305:33)
    at /Users/fadebowaley/saby/sabyBackend/node_modules/bullmq/dist/cjs/classes/worker.js:244:66
    at Worker.retryIfFailed (/Users/fadebowaley/saby/sabyBackend/node_modules/bullmq/dist/cjs/classes/worker.js:819:30)
    at Worker.mainLoop (/Users/fadebowaley/saby/sabyBackend/node_modules/bullmq/dist/cjs/classes/worker.js:244:41)
    at process.processTicksAndRejections (node:internal/process/task_queues:95:5)
    at async Worker.run (/Users/fadebowaley/saby/sabyBackend/node_modules/bullmq/dist/cjs/classes/worker.js:207:13)
Error: Stream isn't writeable and enableOfflineQueue options is false
    at EventEmitter.sendCommand (/Users/fadebowaley/saby/sabyBackend/node_modules/ioredis/built/Redis.js:364:32)
    at EventEmitter.bzpopmin (/Users/fadebowaley/saby/sabyBackend/node_modules/ioredis/built/utils/Commander.js:90:25)
    at Worker.waitForJob (/Users/fadebowaley/saby/sabyBackend/node_modules/bullmq/dist/cjs/classes/worker.js:380:50)
    at Worker._getNextJob (/Users/fadebowaley/saby/sabyBackend/node_modules/bullmq/dist/cjs/classes/worker.js:305:33)
    at /Users/fadebowaley/saby/sabyBackend/node_modules/bullmq/dist/cjs/classes/worker.js:244:66
    at Worker.retryIfFailed (/Users/fadebowaley/saby/sabyBackend/node_modules/bullmq/dist/cjs/classes/worker.js:819:30)
    at Worker.mainLoop (/Users/fadebowaley/saby/sabyBackend/node_modules/bullmq/dist/cjs/classes/worker.js:244:41)
    at process.processTicksAndRejections (node:internal/process/task_queues:95:5)
    at async Worker.run (/Users/fadebowaley/saby/sabyBackend/node_modules/bullmq/dist/cjs/classes/worker.js:207:13)
[31merror[39m: Unexpected error on idle client read ETIMEDOUT
[31m[nodemon] app crashed - waiting for file changes before starting...[39m
[32m[nodemon] restarting due to changes...[39m
[32m[nodemon] starting `node src/index.js`[39m
🔍 [REQUIRE ACCESS] Owner Resource Bundle loaded: [
  'user',       'app',
  'structures', 'node',
  'payment',    'level',
  'storage',    'project',
  'apikeys',    'project-form',
  'roles',      'permissions'
]
🔍 [REQUIRE ACCESS] Bundle type: object
🔍 [REQUIRE ACCESS] Is Array?: true
🔍 [AUTH MIDDLEWARE] Owner Resource Bundle loaded: [
  'user',       'app',
  'structures', 'node',
  'payment',    'level',
  'storage',    'project',
  'apikeys',    'project-form',
  'roles',      'permissions'
]
🔍 [AUTH MIDDLEWARE] Bundle type: object
🔍 [AUTH MIDDLEWARE] Is Array?: true
[33mwarn[39m: ⚠️  Email ingestor worker not available (missing dependencies)
(node:75502) NOTE: The AWS SDK for JavaScript (v2) is in maintenance mode.
 SDK releases are limited to address critical bug fixes and security issues only.

Please migrate your code to use AWS SDK for JavaScript (v3).
For more information, check the blog post at https://a.co/cUPnyil
(Use `node --trace-warnings ...` to show where the warning was created)
[32minfo[39m: ✅ Connected to MongoDB
[32minfo[39m: 🔄 Testing PostgreSQL connection...
[32minfo[39m: 📊 Host: 20.169.129.160:5432
[32minfo[39m: 👤 User: sabyagentic_user
[32minfo[39m: 🗄️  Database: halograph
[32minfo[39m: ✅ PostgreSQL connected successfully
[32minfo[39m: 📋 PostgreSQL Version: PostgreSQL 15.14 (Debian 15.14-1.pgdg13+1) on x86_64-pc-linux-gnu, compiled by gcc (Debian 14.2.0-19) 14.2.0, 64-bit
[32minfo[39m: ✅ Redis connected
[32minfo[39m: ⚙️  Redis ready for commands
[32minfo[39m: ✅ Redis ping successful
[32minfo[39m: 🚀 Initializing background workers...
[32minfo[39m: ✅ Submission worker started
[32minfo[39m: ✅ PERM notification worker started
[32minfo[39m: 🔔 Notification worker initialized
[32minfo[39m: ✅ Notification worker started
[32minfo[39m: ⊘ Email ingestor worker not available (missing dependencies)
[32minfo[39m: 🎉 All workers initialized successfully
[32minfo[39m: 🚀 Server is running on port 4000
[32minfo[39m: 🌍 Environment: development
[32minfo[39m: 📊 Database Status:
[32minfo[39m:    - MongoDB: ✅ Connected
[32minfo[39m:    - PostgreSQL: ✅ Connected
[32minfo[39m:    - Redis: ✅ Connected
[32minfo[39m: Connected to email server
[32m[nodemon] restarting due to changes...[39m
[32m[nodemon] starting `node src/index.js`[39m
[32m[nodemon] restarting due to changes...[39m
[32m[nodemon] starting `node src/index.js`[39m
🔍 [REQUIRE ACCESS] Owner Resource Bundle loaded: [
  'user',       'app',
  'structures', 'node',
  'payment',    'level',
  'storage',    'project',
  'apikeys',    'project-form',
  'roles',      'permissions'
]
🔍 [REQUIRE ACCESS] Bundle type: object
🔍 [REQUIRE ACCESS] Is Array?: true
🔍 [AUTH MIDDLEWARE] Owner Resource Bundle loaded: [
  'user',       'app',
  'structures', 'node',
  'payment',    'level',
  'storage',    'project',
  'apikeys',    'project-form',
  'roles',      'permissions'
]
🔍 [AUTH MIDDLEWARE] Bundle type: object
🔍 [AUTH MIDDLEWARE] Is Array?: true
[33mwarn[39m: ⚠️  Email ingestor worker not available (missing dependencies)
(node:78028) NOTE: The AWS SDK for JavaScript (v2) is in maintenance mode.
 SDK releases are limited to address critical bug fixes and security issues only.

Please migrate your code to use AWS SDK for JavaScript (v3).
For more information, check the blog post at https://a.co/cUPnyil
(Use `node --trace-warnings ...` to show where the warning was created)
[32minfo[39m: ✅ Connected to MongoDB
[32minfo[39m: 🔄 Testing PostgreSQL connection...
[32minfo[39m: 📊 Host: 20.169.129.160:5432
[32minfo[39m: 👤 User: sabyagentic_user
[32minfo[39m: 🗄️  Database: halograph
[32minfo[39m: ✅ PostgreSQL connected successfully
[32minfo[39m: 📋 PostgreSQL Version: PostgreSQL 15.14 (Debian 15.14-1.pgdg13+1) on x86_64-pc-linux-gnu, compiled by gcc (Debian 14.2.0-19) 14.2.0, 64-bit
[32minfo[39m: ✅ Redis connected
[32minfo[39m: ⚙️  Redis ready for commands
[32minfo[39m: ✅ Redis ping successful
[32minfo[39m: 🚀 Initializing background workers...
[32minfo[39m: ✅ Submission worker started
[32minfo[39m: ✅ PERM notification worker started
[32minfo[39m: 🔔 Notification worker initialized
[32minfo[39m: ✅ Notification worker started
[32minfo[39m: ⊘ Email ingestor worker not available (missing dependencies)
[32minfo[39m: 🎉 All workers initialized successfully
[32minfo[39m: 🚀 Server is running on port 4000
[32minfo[39m: 🌍 Environment: development
[32minfo[39m: 📊 Database Status:
[32minfo[39m:    - MongoDB: ✅ Connected
[32minfo[39m:    - PostgreSQL: ✅ Connected
[32minfo[39m:    - Redis: ✅ Connected
[32minfo[39m: Connected to email server
[32m[nodemon] restarting due to changes...[39m
[32m[nodemon] starting `node src/index.js`[39m
🔍 [REQUIRE ACCESS] Owner Resource Bundle loaded: [
  'user',       'app',
  'structures', 'node',
  'payment',    'level',
  'storage',    'project',
  'apikeys',    'project-form',
  'roles',      'permissions'
]
🔍 [REQUIRE ACCESS] Bundle type: object
🔍 [REQUIRE ACCESS] Is Array?: true
🔍 [AUTH MIDDLEWARE] Owner Resource Bundle loaded: [
  'user',       'app',
  'structures', 'node',
  'payment',    'level',
  'storage',    'project',
  'apikeys',    'project-form',
  'roles',      'permissions'
]
🔍 [AUTH MIDDLEWARE] Bundle type: object
🔍 [AUTH MIDDLEWARE] Is Array?: true
[33mwarn[39m: ⚠️  Email ingestor worker not available (missing dependencies)
(node:82562) NOTE: The AWS SDK for JavaScript (v2) is in maintenance mode.
 SDK releases are limited to address critical bug fixes and security issues only.

Please migrate your code to use AWS SDK for JavaScript (v3).
For more information, check the blog post at https://a.co/cUPnyil
(Use `node --trace-warnings ...` to show where the warning was created)
[32minfo[39m: ✅ Connected to MongoDB
[32minfo[39m: 🔄 Testing PostgreSQL connection...
[32minfo[39m: 📊 Host: 20.169.129.160:5432
[32minfo[39m: 👤 User: sabyagentic_user
[32minfo[39m: 🗄️  Database: halograph
[32minfo[39m: ✅ PostgreSQL connected successfully
[32minfo[39m: 📋 PostgreSQL Version: PostgreSQL 15.14 (Debian 15.14-1.pgdg13+1) on x86_64-pc-linux-gnu, compiled by gcc (Debian 14.2.0-19) 14.2.0, 64-bit
[32minfo[39m: ✅ Redis connected
[32minfo[39m: ⚙️  Redis ready for commands
[32minfo[39m: ✅ Redis ping successful
[32minfo[39m: 🚀 Initializing background workers...
[32minfo[39m: ✅ Submission worker started
[32minfo[39m: ✅ PERM notification worker started
[32minfo[39m: 🔔 Notification worker initialized
[32minfo[39m: ✅ Notification worker started
[32minfo[39m: ⊘ Email ingestor worker not available (missing dependencies)
[32minfo[39m: 🎉 All workers initialized successfully
[32minfo[39m: 🚀 Server is running on port 4000
[32minfo[39m: 🌍 Environment: development
[32minfo[39m: 📊 Database Status:
[32minfo[39m:    - MongoDB: ✅ Connected
[32minfo[39m:    - PostgreSQL: ✅ Connected
[32minfo[39m:    - Redis: ✅ Connected
[32minfo[39m: Connected to email server
[TenantPlugin] Pre-hook triggered for: findOne
[TenantPlugin] Options: {}
expired token expiry time ---> 30
expired token ---> Moment<2025-10-23T17:04:26+01:00>
expired token ---> Moment<2025-10-23T17:34:27+01:00>
acess token --> eyJhbGciOiJIUzI1NiIsInR5cCI6IkpXVCJ9.eyJzdWIiOiI2OGU0Y2I5NmQxODBiMDI4NWQ5YTcwMWQiLCJpYXQiOjE3NjEyMzM2NjYsImV4cCI6MTc2MTIzNTQ2NiwidHlwZSI6ImFjY2VzcyJ9.vjNZ_M3KA-PurZCsFOdP5rjc1Q22Ro6NJ8jGBPfAl8c
[32minfo[39m: POST /v1/auth/login 200 - 155.870 ms
[TenantPlugin] Pre-hook triggered for: findOne
[TenantPlugin] Options: {}
--- AUTH DEBUG ---
Route: /v1/node?tenantId=hWiWJ_X0m6&limit=1
HTTP Method: GET
Required Permissions: [ 'view:node' ]
[NODE CONTROLLER - QUERY] Query params: { tenantId: 'hWiWJ_X0m6', limit: 1 } Tenant: hWiWJ_X0m6
[NODE CONTROLLER - QUERY] Filter with tenantId: { tenantId: 'hWiWJ_X0m6' }
[TenantPlugin] paginate() - incoming options: { limit: 1, populate: 'level,structure,users.roles' }
[TenantPlugin] Pre-hook triggered for: countDocuments
[TenantPlugin] Options: {}
[TenantPlugin] Pre-hook triggered for: find
[TenantPlugin] Options: { sort: { createdAt: 1 }, skip: 0, limit: 1 }
[NODE CONTROLLER - QUERY] Found 0 nodes for tenant: hWiWJ_X0m6
[32minfo[39m: GET /v1/node?tenantId=hWiWJ_X0m6&limit=1 200 - 31.603 ms
[requireAccess] Checking access for endpoint: /v1/submissions {
  permissions: [],
  scope: undefined,
  environment: undefined,
  jwtOnly: false,
  apiOnly: false
}
[requireAccess] Incoming headers: {
  Authorization: 'Bearer eyJhbGciOiJIUzI1NiIsInR5cCI6IkpXVCJ9.eyJzdWIiOiI2OGU0Y2I5NmQxODBiMDI4NWQ5YTcwMWQiLCJpYXQiOjE3NjEyMzM2NjYsImV4cCI6MTc2MTIzNTQ2NiwidHlwZSI6ImFjY2VzcyJ9.vjNZ_M3KA-PurZCsFOdP5rjc1Q22Ro6NJ8jGBPfAl8c',
  'x-api-key': undefined,
  requiredPermissions: []
}
[requireAccess] Full request headers: {
  accept: 'application/json, text/plain, */*',
  'content-type': 'application/json',
  authorization: 'Bearer eyJhbGciOiJIUzI1NiIsInR5cCI6IkpXVCJ9.eyJzdWIiOiI2OGU0Y2I5NmQxODBiMDI4NWQ5YTcwMWQiLCJpYXQiOjE3NjEyMzM2NjYsImV4cCI6MTc2MTIzNTQ2NiwidHlwZSI6ImFjY2VzcyJ9.vjNZ_M3KA-PurZCsFOdP5rjc1Q22Ro6NJ8jGBPfAl8c',
  'user-agent': 'axios/1.12.2',
  'content-length': '510',
  'accept-encoding': 'gzip, compress, deflate, br',
  host: 'localhost:4000',
  connection: 'close'
}
[requireAccess] Detected JWT
[TenantPlugin] Pre-hook triggered for: findOne
[TenantPlugin] Options: {}
[requireAccess] Authenticated user: {
  roles: [],
  isOwner: true,
  isSuper: true,
  isSaby: true,
  isAgreed: false,
  createdBy: null,
  otp: null,
  otpExpires: null,
  otpVerified: true,
  phoneNumber: null,
  isPhoneVerified: false,
  isEmailVerified: true,
  avatar: 'https://halocrm.s3.us-east-1.amazonaws.com/user/avatar-09.webp',
  status: true,
  deletedAt: null,
  _id: 68e4cb96d180b0285d9a701d,
  firstname: 'Debby',
  lastname: 'Adebowale',
  email: 'saby@saby.ai',
  password: '$2a$08$o1.0/o0J3cDHswtnBPpdO.0KNYtXslW0gYv8ZcwaRkUdsupCw5dH.',
  userId: '0YXBcDcxPH',
  tenantId: 'hWiWJ_X0m6',
  createdAt: 2025-10-07T08:13:10.710Z,
  updatedAt: 2025-10-10T19:17:53.368Z,
  haloId: 'HL-00030',
  __v: 0
}
[requireAccess] Resolved access: user
[32minfo[39m: 📝 Accepting submission for project proj_Mrs538IYtOfd (form validation: disabled)
[32minfo[39m: 📥 Submission enqueued - Job ID: hWiWJ_X0m6-1761233667155 | Tenant: hWiWJ_X0m6
📡 Emitted activity update to tenant:hWiWJ_X0m6
[32minfo[39m: [Activity] queued - queued - Job: hWiWJ_X0m6-1761233667155 - PERM submission queued for 2025-10-01
[32minfo[39m: POST /v1/submissions 202 - 984.891 ms
[32minfo[39m: [Worker] Processing PERM submission for project=proj_Mrs538IYtOfd (Attempt 1/3)
📡 Emitted activity update to tenant:hWiWJ_X0m6
[32minfo[39m: [Activity] processing - in progress - Job: hWiWJ_X0m6-1761233667155 - Processing PERM submission for 2025-10-01
[32minfo[39m: [Worker] Calling permSubmissionService.submitPERMData for PERM submission
[32minfo[39m: ✅ PERM submission created: c185a3bf-c719-4db3-8d62-ee2b0fbf5082
[32minfo[39m: [Worker] PERM submission created - c185a3bf-c719-4db3-8d62-ee2b0fbf5082 (40% compliance, 2/5 events, status: partial)
📡 Emitted activity update to tenant:hWiWJ_X0m6
[32minfo[39m: [Activity] completed - success - Job: hWiWJ_X0m6-1761233667155 - PERM submission completed (40.00% compliance)
[TenantPlugin] Pre-hook triggered for: findOne
[TenantPlugin] Options: {}
[32minfo[39m: ✅ Template loaded: submission-confirmation
[requireAccess] Checking access for endpoint: /v1/submissions/activity-log?tenant_id=hWiWJ_X0m6&limit=5 {
  permissions: [],
  scope: undefined,
  environment: undefined,
  jwtOnly: false,
  apiOnly: false
}
[requireAccess] Incoming headers: {
  Authorization: 'Bearer eyJhbGciOiJIUzI1NiIsInR5cCI6IkpXVCJ9.eyJzdWIiOiI2OGU0Y2I5NmQxODBiMDI4NWQ5YTcwMWQiLCJpYXQiOjE3NjEyMzM2NjYsImV4cCI6MTc2MTIzNTQ2NiwidHlwZSI6ImFjY2VzcyJ9.vjNZ_M3KA-PurZCsFOdP5rjc1Q22Ro6NJ8jGBPfAl8c',
  'x-api-key': undefined,
  requiredPermissions: []
}
[requireAccess] Full request headers: {
  accept: 'application/json, text/plain, */*',
  'content-type': 'application/json',
  authorization: 'Bearer eyJhbGciOiJIUzI1NiIsInR5cCI6IkpXVCJ9.eyJzdWIiOiI2OGU0Y2I5NmQxODBiMDI4NWQ5YTcwMWQiLCJpYXQiOjE3NjEyMzM2NjYsImV4cCI6MTc2MTIzNTQ2NiwidHlwZSI6ImFjY2VzcyJ9.vjNZ_M3KA-PurZCsFOdP5rjc1Q22Ro6NJ8jGBPfAl8c',
  'user-agent': 'axios/1.12.2',
  'accept-encoding': 'gzip, compress, deflate, br',
  host: 'localhost:4000',
  connection: 'close'
}
[requireAccess] Detected JWT
[TenantPlugin] Pre-hook triggered for: findOne
[TenantPlugin] Options: {}
[requireAccess] Authenticated user: {
  roles: [],
  isOwner: true,
  isSuper: true,
  isSaby: true,
  isAgreed: false,
  createdBy: null,
  otp: null,
  otpExpires: null,
  otpVerified: true,
  phoneNumber: null,
  isPhoneVerified: false,
  isEmailVerified: true,
  avatar: 'https://halocrm.s3.us-east-1.amazonaws.com/user/avatar-09.webp',
  status: true,
  deletedAt: null,
  _id: 68e4cb96d180b0285d9a701d,
  firstname: 'Debby',
  lastname: 'Adebowale',
  email: 'saby@saby.ai',
  password: '$2a$08$o1.0/o0J3cDHswtnBPpdO.0KNYtXslW0gYv8ZcwaRkUdsupCw5dH.',
  userId: '0YXBcDcxPH',
  tenantId: 'hWiWJ_X0m6',
  createdAt: 2025-10-07T08:13:10.710Z,
  updatedAt: 2025-10-10T19:17:53.368Z,
  haloId: 'HL-00030',
  __v: 0
}
[requireAccess] Resolved access: user
[32minfo[39m: GET /v1/submissions/activity-log?tenant_id=hWiWJ_X0m6&limit=5 200 - 401.212 ms
[requireAccess] Checking access for endpoint: /v1/submissions?tenant_id=hWiWJ_X0m6&project_id=proj_Mrs538IYtOfd&node_id=node_test_1761233667144&month=2025-10-01&perm_enabled=true {
  permissions: [],
  scope: undefined,
  environment: undefined,
  jwtOnly: false,
  apiOnly: false
}
[requireAccess] Incoming headers: {
  Authorization: 'Bearer eyJhbGciOiJIUzI1NiIsInR5cCI6IkpXVCJ9.eyJzdWIiOiI2OGU0Y2I5NmQxODBiMDI4NWQ5YTcwMWQiLCJpYXQiOjE3NjEyMzM2NjYsImV4cCI6MTc2MTIzNTQ2NiwidHlwZSI6ImFjY2VzcyJ9.vjNZ_M3KA-PurZCsFOdP5rjc1Q22Ro6NJ8jGBPfAl8c',
  'x-api-key': undefined,
  requiredPermissions: []
}
[requireAccess] Full request headers: {
  accept: 'application/json, text/plain, */*',
  'content-type': 'application/json',
  authorization: 'Bearer eyJhbGciOiJIUzI1NiIsInR5cCI6IkpXVCJ9.eyJzdWIiOiI2OGU0Y2I5NmQxODBiMDI4NWQ5YTcwMWQiLCJpYXQiOjE3NjEyMzM2NjYsImV4cCI6MTc2MTIzNTQ2NiwidHlwZSI6ImFjY2VzcyJ9.vjNZ_M3KA-PurZCsFOdP5rjc1Q22Ro6NJ8jGBPfAl8c',
  'user-agent': 'axios/1.12.2',
  'accept-encoding': 'gzip, compress, deflate, br',
  host: 'localhost:4000',
  connection: 'close'
}
[requireAccess] Detected JWT
[TenantPlugin] Pre-hook triggered for: findOne
[TenantPlugin] Options: {}
[requireAccess] Authenticated user: {
  roles: [],
  isOwner: true,
  isSuper: true,
  isSaby: true,
  isAgreed: false,
  createdBy: null,
  otp: null,
  otpExpires: null,
  otpVerified: true,
  phoneNumber: null,
  isPhoneVerified: false,
  isEmailVerified: true,
  avatar: 'https://halocrm.s3.us-east-1.amazonaws.com/user/avatar-09.webp',
  status: true,
  deletedAt: null,
  _id: 68e4cb96d180b0285d9a701d,
  firstname: 'Debby',
  lastname: 'Adebowale',
  email: 'saby@saby.ai',
  password: '$2a$08$o1.0/o0J3cDHswtnBPpdO.0KNYtXslW0gYv8ZcwaRkUdsupCw5dH.',
  userId: '0YXBcDcxPH',
  tenantId: 'hWiWJ_X0m6',
  createdAt: 2025-10-07T08:13:10.710Z,
  updatedAt: 2025-10-10T19:17:53.368Z,
  haloId: 'HL-00030',
  __v: 0
}
[requireAccess] Resolved access: user
[32minfo[39m: GET /v1/submissions?tenant_id=hWiWJ_X0m6&project_id=proj_Mrs538IYtOfd&node_id=node_test_1761233667144&month=2025-10-01&perm_enabled=true 200 - 200.150 ms
[requireAccess] Checking access for endpoint: /v1/submissions {
  permissions: [],
  scope: undefined,
  environment: undefined,
  jwtOnly: false,
  apiOnly: false
}
[requireAccess] Incoming headers: {
  Authorization: 'Bearer eyJhbGciOiJIUzI1NiIsInR5cCI6IkpXVCJ9.eyJzdWIiOiI2OGU0Y2I5NmQxODBiMDI4NWQ5YTcwMWQiLCJpYXQiOjE3NjEyMzM2NjYsImV4cCI6MTc2MTIzNTQ2NiwidHlwZSI6ImFjY2VzcyJ9.vjNZ_M3KA-PurZCsFOdP5rjc1Q22Ro6NJ8jGBPfAl8c',
  'x-api-key': undefined,
  requiredPermissions: []
}
[requireAccess] Full request headers: {
  accept: 'application/json, text/plain, */*',
  'content-type': 'application/json',
  authorization: 'Bearer eyJhbGciOiJIUzI1NiIsInR5cCI6IkpXVCJ9.eyJzdWIiOiI2OGU0Y2I5NmQxODBiMDI4NWQ5YTcwMWQiLCJpYXQiOjE3NjEyMzM2NjYsImV4cCI6MTc2MTIzNTQ2NiwidHlwZSI6ImFjY2VzcyJ9.vjNZ_M3KA-PurZCsFOdP5rjc1Q22Ro6NJ8jGBPfAl8c',
  'user-agent': 'axios/1.12.2',
  'content-length': '539',
  'accept-encoding': 'gzip, compress, deflate, br',
  host: 'localhost:4000',
  connection: 'close'
}
[requireAccess] Detected JWT
[TenantPlugin] Pre-hook triggered for: findOne
[TenantPlugin] Options: {}
[requireAccess] Authenticated user: {
  roles: [],
  isOwner: true,
  isSuper: true,
  isSaby: true,
  isAgreed: false,
  createdBy: null,
  otp: null,
  otpExpires: null,
  otpVerified: true,
  phoneNumber: null,
  isPhoneVerified: false,
  isEmailVerified: true,
  avatar: 'https://halocrm.s3.us-east-1.amazonaws.com/user/avatar-09.webp',
  status: true,
  deletedAt: null,
  _id: 68e4cb96d180b0285d9a701d,
  firstname: 'Debby',
  lastname: 'Adebowale',
  email: 'saby@saby.ai',
  password: '$2a$08$o1.0/o0J3cDHswtnBPpdO.0KNYtXslW0gYv8ZcwaRkUdsupCw5dH.',
  userId: '0YXBcDcxPH',
  tenantId: 'hWiWJ_X0m6',
  createdAt: 2025-10-07T08:13:10.710Z,
  updatedAt: 2025-10-10T19:17:53.368Z,
  haloId: 'HL-00030',
  __v: 0
}
[requireAccess] Resolved access: user
[32minfo[39m: 📝 Accepting submission for project proj_Mrs538IYtOfd (form validation: disabled)
[32minfo[39m: 📥 Submission enqueued - Job ID: hWiWJ_X0m6-1761233671771 | Tenant: hWiWJ_X0m6
📡 Emitted activity update to tenant:hWiWJ_X0m6
[32minfo[39m: [Activity] queued - queued - Job: hWiWJ_X0m6-1761233671771 - PERM submission queued for 2025-10-01
[32minfo[39m: POST /v1/submissions 202 - 201.872 ms
[32minfo[39m: ✅ Email sent to saby@saby.ai: ✅ Submission Received - PERM Event Tracking Test
[32minfo[39m: ✅ Confirmation email queued for saby@saby.ai
[32minfo[39m: ✅ Template loaded: perm-warning
[32minfo[39m: [Worker] Processing PERM submission for project=proj_Mrs538IYtOfd (Attempt 1/3)
📡 Emitted activity update to tenant:hWiWJ_X0m6
[32minfo[39m: [Activity] processing - in progress - Job: hWiWJ_X0m6-1761233671771 - Processing PERM submission for 2025-10-01
[32minfo[39m: [Worker] Calling permSubmissionService.submitPERMData for PERM submission
[32minfo[39m: ✅ PERM submission updated: c185a3bf-c719-4db3-8d62-ee2b0fbf5082
[32minfo[39m: [Worker] PERM submission updated - c185a3bf-c719-4db3-8d62-ee2b0fbf5082 (80% compliance, 4/5 events, status: partial)
📡 Emitted activity update to tenant:hWiWJ_X0m6
[32minfo[39m: [Activity] completed - success - Job: hWiWJ_X0m6-1761233671771 - PERM submission completed (80.00% compliance)
[TenantPlugin] Pre-hook triggered for: findOne
[TenantPlugin] Options: {}
[32minfo[39m: ✅ Email sent to saby@saby.ai: ⚠️ Compliance Warning - node_test_1761233667144
[32minfo[39m: ✅ Warning queued for saby@saby.ai (40%)
[32minfo[39m: ✅ Submission job completed - ID: hWiWJ_X0m6-1761233667155
[32minfo[39m: ✅ Submission worker completed job: hWiWJ_X0m6-1761233667155
[requireAccess] Checking access for endpoint: /v1/submissions?tenant_id=hWiWJ_X0m6&project_id=proj_Mrs538IYtOfd&node_id=node_test_1761233667144&month=2025-10-01&perm_enabled=true {
  permissions: [],
  scope: undefined,
  environment: undefined,
  jwtOnly: false,
  apiOnly: false
}
[requireAccess] Incoming headers: {
  Authorization: 'Bearer eyJhbGciOiJIUzI1NiIsInR5cCI6IkpXVCJ9.eyJzdWIiOiI2OGU0Y2I5NmQxODBiMDI4NWQ5YTcwMWQiLCJpYXQiOjE3NjEyMzM2NjYsImV4cCI6MTc2MTIzNTQ2NiwidHlwZSI6ImFjY2VzcyJ9.vjNZ_M3KA-PurZCsFOdP5rjc1Q22Ro6NJ8jGBPfAl8c',
  'x-api-key': undefined,
  requiredPermissions: []
}
[requireAccess] Full request headers: {
  accept: 'application/json, text/plain, */*',
  'content-type': 'application/json',
  authorization: 'Bearer eyJhbGciOiJIUzI1NiIsInR5cCI6IkpXVCJ9.eyJzdWIiOiI2OGU0Y2I5NmQxODBiMDI4NWQ5YTcwMWQiLCJpYXQiOjE3NjEyMzM2NjYsImV4cCI6MTc2MTIzNTQ2NiwidHlwZSI6ImFjY2VzcyJ9.vjNZ_M3KA-PurZCsFOdP5rjc1Q22Ro6NJ8jGBPfAl8c',
  'user-agent': 'axios/1.12.2',
  'accept-encoding': 'gzip, compress, deflate, br',
  host: 'localhost:4000',
  connection: 'close'
}
[requireAccess] Detected JWT
[TenantPlugin] Pre-hook triggered for: findOne
[TenantPlugin] Options: {}
[requireAccess] Authenticated user: {
  roles: [],
  isOwner: true,
  isSuper: true,
  isSaby: true,
  isAgreed: false,
  createdBy: null,
  otp: null,
  otpExpires: null,
  otpVerified: true,
  phoneNumber: null,
  isPhoneVerified: false,
  isEmailVerified: true,
  avatar: 'https://halocrm.s3.us-east-1.amazonaws.com/user/avatar-09.webp',
  status: true,
  deletedAt: null,
  _id: 68e4cb96d180b0285d9a701d,
  firstname: 'Debby',
  lastname: 'Adebowale',
  email: 'saby@saby.ai',
  password: '$2a$08$o1.0/o0J3cDHswtnBPpdO.0KNYtXslW0gYv8ZcwaRkUdsupCw5dH.',
  userId: '0YXBcDcxPH',
  tenantId: 'hWiWJ_X0m6',
  createdAt: 2025-10-07T08:13:10.710Z,
  updatedAt: 2025-10-10T19:17:53.368Z,
  haloId: 'HL-00030',
  __v: 0
}
[requireAccess] Resolved access: user
[32minfo[39m: GET /v1/submissions?tenant_id=hWiWJ_X0m6&project_id=proj_Mrs538IYtOfd&node_id=node_test_1761233667144&month=2025-10-01&perm_enabled=true 200 - 200.668 ms
[requireAccess] Checking access for endpoint: /v1/submissions {
  permissions: [],
  scope: undefined,
  environment: undefined,
  jwtOnly: false,
  apiOnly: false
}
[requireAccess] Incoming headers: {
  Authorization: 'Bearer eyJhbGciOiJIUzI1NiIsInR5cCI6IkpXVCJ9.eyJzdWIiOiI2OGU0Y2I5NmQxODBiMDI4NWQ5YTcwMWQiLCJpYXQiOjE3NjEyMzM2NjYsImV4cCI6MTc2MTIzNTQ2NiwidHlwZSI6ImFjY2VzcyJ9.vjNZ_M3KA-PurZCsFOdP5rjc1Q22Ro6NJ8jGBPfAl8c',
  'x-api-key': undefined,
  requiredPermissions: []
}
[requireAccess] Full request headers: {
  accept: 'application/json, text/plain, */*',
  'content-type': 'application/json',
  authorization: 'Bearer eyJhbGciOiJIUzI1NiIsInR5cCI6IkpXVCJ9.eyJzdWIiOiI2OGU0Y2I5NmQxODBiMDI4NWQ5YTcwMWQiLCJpYXQiOjE3NjEyMzM2NjYsImV4cCI6MTc2MTIzNTQ2NiwidHlwZSI6ImFjY2VzcyJ9.vjNZ_M3KA-PurZCsFOdP5rjc1Q22Ro6NJ8jGBPfAl8c',
  'user-agent': 'axios/1.12.2',
  'content-length': '479',
  'accept-encoding': 'gzip, compress, deflate, br',
  host: 'localhost:4000',
  connection: 'close'
}
[requireAccess] Detected JWT
[TenantPlugin] Pre-hook triggered for: findOne
[TenantPlugin] Options: {}
[requireAccess] Authenticated user: {
  roles: [],
  isOwner: true,
  isSuper: true,
  isSaby: true,
  isAgreed: false,
  createdBy: null,
  otp: null,
  otpExpires: null,
  otpVerified: true,
  phoneNumber: null,
  isPhoneVerified: false,
  isEmailVerified: true,
  avatar: 'https://halocrm.s3.us-east-1.amazonaws.com/user/avatar-09.webp',
  status: true,
  deletedAt: null,
  _id: 68e4cb96d180b0285d9a701d,
  firstname: 'Debby',
  lastname: 'Adebowale',
  email: 'saby@saby.ai',
  password: '$2a$08$o1.0/o0J3cDHswtnBPpdO.0KNYtXslW0gYv8ZcwaRkUdsupCw5dH.',
  userId: '0YXBcDcxPH',
  tenantId: 'hWiWJ_X0m6',
  createdAt: 2025-10-07T08:13:10.710Z,
  updatedAt: 2025-10-10T19:17:53.368Z,
  haloId: 'HL-00030',
  __v: 0
}
[requireAccess] Resolved access: user
[32minfo[39m: 📝 Accepting submission for project proj_Mrs538IYtOfd (form validation: disabled)
[32minfo[39m: 📥 Submission enqueued - Job ID: hWiWJ_X0m6-1761233675242 | Tenant: hWiWJ_X0m6
📡 Emitted activity update to tenant:hWiWJ_X0m6
[32minfo[39m: [Activity] queued - queued - Job: hWiWJ_X0m6-1761233675242 - PERM submission queued for 2025-10-01
[32minfo[39m: POST /v1/submissions 202 - 199.903 ms
[32minfo[39m: ✅ Email sent to saby@saby.ai: ✅ Submission Received - PERM Event Tracking Test
[32minfo[39m: ✅ Confirmation email queued for saby@saby.ai
[32minfo[39m: ✅ Submission job completed - ID: hWiWJ_X0m6-1761233671771
[32minfo[39m: ✅ Submission worker completed job: hWiWJ_X0m6-1761233671771
[32minfo[39m: [Worker] Processing PERM submission for project=proj_Mrs538IYtOfd (Attempt 1/3)
📡 Emitted activity update to tenant:hWiWJ_X0m6
[32minfo[39m: [Activity] processing - in progress - Job: hWiWJ_X0m6-1761233675242 - Processing PERM submission for 2025-10-01
[32minfo[39m: [Worker] Calling permSubmissionService.submitPERMData for PERM submission
[32minfo[39m: ✅ PERM submission updated: c185a3bf-c719-4db3-8d62-ee2b0fbf5082
[32minfo[39m: [Worker] PERM submission updated - c185a3bf-c719-4db3-8d62-ee2b0fbf5082 (100% compliance, 5/5 events, status: complete)
📡 Emitted activity update to tenant:hWiWJ_X0m6
[32minfo[39m: [Activity] completed - success - Job: hWiWJ_X0m6-1761233675242 - PERM submission completed (100.00% compliance)
[TenantPlugin] Pre-hook triggered for: findOne
[TenantPlugin] Options: {}
[requireAccess] Checking access for endpoint: /v1/submissions?tenant_id=hWiWJ_X0m6&project_id=proj_Mrs538IYtOfd&node_id=node_test_1761233667144&month=2025-10-01&perm_enabled=true {
  permissions: [],
  scope: undefined,
  environment: undefined,
  jwtOnly: false,
  apiOnly: false
}
[requireAccess] Incoming headers: {
  Authorization: 'Bearer eyJhbGciOiJIUzI1NiIsInR5cCI6IkpXVCJ9.eyJzdWIiOiI2OGU0Y2I5NmQxODBiMDI4NWQ5YTcwMWQiLCJpYXQiOjE3NjEyMzM2NjYsImV4cCI6MTc2MTIzNTQ2NiwidHlwZSI6ImFjY2VzcyJ9.vjNZ_M3KA-PurZCsFOdP5rjc1Q22Ro6NJ8jGBPfAl8c',
  'x-api-key': undefined,
  requiredPermissions: []
}
[requireAccess] Full request headers: {
  accept: 'application/json, text/plain, */*',
  'content-type': 'application/json',
  authorization: 'Bearer eyJhbGciOiJIUzI1NiIsInR5cCI6IkpXVCJ9.eyJzdWIiOiI2OGU0Y2I5NmQxODBiMDI4NWQ5YTcwMWQiLCJpYXQiOjE3NjEyMzM2NjYsImV4cCI6MTc2MTIzNTQ2NiwidHlwZSI6ImFjY2VzcyJ9.vjNZ_M3KA-PurZCsFOdP5rjc1Q22Ro6NJ8jGBPfAl8c',
  'user-agent': 'axios/1.12.2',
  'accept-encoding': 'gzip, compress, deflate, br',
  host: 'localhost:4000',
  connection: 'close'
}
[requireAccess] Detected JWT
[TenantPlugin] Pre-hook triggered for: findOne
[TenantPlugin] Options: {}
[requireAccess] Authenticated user: {
  roles: [],
  isOwner: true,
  isSuper: true,
  isSaby: true,
  isAgreed: false,
  createdBy: null,
  otp: null,
  otpExpires: null,
  otpVerified: true,
  phoneNumber: null,
  isPhoneVerified: false,
  isEmailVerified: true,
  avatar: 'https://halocrm.s3.us-east-1.amazonaws.com/user/avatar-09.webp',
  status: true,
  deletedAt: null,
  _id: 68e4cb96d180b0285d9a701d,
  firstname: 'Debby',
  lastname: 'Adebowale',
  email: 'saby@saby.ai',
  password: '$2a$08$o1.0/o0J3cDHswtnBPpdO.0KNYtXslW0gYv8ZcwaRkUdsupCw5dH.',
  userId: '0YXBcDcxPH',
  tenantId: 'hWiWJ_X0m6',
  createdAt: 2025-10-07T08:13:10.710Z,
  updatedAt: 2025-10-10T19:17:53.368Z,
  haloId: 'HL-00030',
  __v: 0
}
[requireAccess] Resolved access: user
[32minfo[39m: GET /v1/submissions?tenant_id=hWiWJ_X0m6&project_id=proj_Mrs538IYtOfd&node_id=node_test_1761233667144&month=2025-10-01&perm_enabled=true 200 - 198.155 ms
[requireAccess] Checking access for endpoint: /v1/submissions {
  permissions: [],
  scope: undefined,
  environment: undefined,
  jwtOnly: false,
  apiOnly: false
}
[requireAccess] Incoming headers: {
  Authorization: 'Bearer eyJhbGciOiJIUzI1NiIsInR5cCI6IkpXVCJ9.eyJzdWIiOiI2OGU0Y2I5NmQxODBiMDI4NWQ5YTcwMWQiLCJpYXQiOjE3NjEyMzM2NjYsImV4cCI6MTc2MTIzNTQ2NiwidHlwZSI6ImFjY2VzcyJ9.vjNZ_M3KA-PurZCsFOdP5rjc1Q22Ro6NJ8jGBPfAl8c',
  'x-api-key': undefined,
  requiredPermissions: []
}
[requireAccess] Full request headers: {
  accept: 'application/json, text/plain, */*',
  'content-type': 'application/json',
  authorization: 'Bearer eyJhbGciOiJIUzI1NiIsInR5cCI6IkpXVCJ9.eyJzdWIiOiI2OGU0Y2I5NmQxODBiMDI4NWQ5YTcwMWQiLCJpYXQiOjE3NjEyMzM2NjYsImV4cCI6MTc2MTIzNTQ2NiwidHlwZSI6ImFjY2VzcyJ9.vjNZ_M3KA-PurZCsFOdP5rjc1Q22Ro6NJ8jGBPfAl8c',
  'user-agent': 'axios/1.12.2',
  'content-length': '431',
  'accept-encoding': 'gzip, compress, deflate, br',
  host: 'localhost:4000',
  connection: 'close'
}
[requireAccess] Detected JWT
[TenantPlugin] Pre-hook triggered for: findOne
[TenantPlugin] Options: {}
[requireAccess] Authenticated user: {
  roles: [],
  isOwner: true,
  isSuper: true,
  isSaby: true,
  isAgreed: false,
  createdBy: null,
  otp: null,
  otpExpires: null,
  otpVerified: true,
  phoneNumber: null,
  isPhoneVerified: false,
  isEmailVerified: true,
  avatar: 'https://halocrm.s3.us-east-1.amazonaws.com/user/avatar-09.webp',
  status: true,
  deletedAt: null,
  _id: 68e4cb96d180b0285d9a701d,
  firstname: 'Debby',
  lastname: 'Adebowale',
  email: 'saby@saby.ai',
  password: '$2a$08$o1.0/o0J3cDHswtnBPpdO.0KNYtXslW0gYv8ZcwaRkUdsupCw5dH.',
  userId: '0YXBcDcxPH',
  tenantId: 'hWiWJ_X0m6',
  createdAt: 2025-10-07T08:13:10.710Z,
  updatedAt: 2025-10-10T19:17:53.368Z,
  haloId: 'HL-00030',
  __v: 0
}
[requireAccess] Resolved access: user
[32minfo[39m: 📝 Accepting submission for project proj_Mrs538IYtOfd (form validation: disabled)
[32minfo[39m: 📥 Submission enqueued - Job ID: hWiWJ_X0m6-1761233678662 | Tenant: hWiWJ_X0m6
📡 Emitted activity update to tenant:hWiWJ_X0m6
[32minfo[39m: [Activity] queued - queued - Job: hWiWJ_X0m6-1761233678662 - PERM submission queued for 2025-10-01
[32minfo[39m: POST /v1/submissions 202 - 204.820 ms
[32minfo[39m: ✅ Email sent to saby@saby.ai: ✅ Submission Received - proj_Mrs538IYtOfd
[32minfo[39m: ✅ Confirmation email queued for saby@saby.ai
[32minfo[39m: ✅ Template loaded: perm-completion
[requireAccess] Checking access for endpoint: /v1/submissions?tenant_id=hWiWJ_X0m6&project_id=proj_Mrs538IYtOfd&month=2025-10-01&perm_enabled=true {
  permissions: [],
  scope: undefined,
  environment: undefined,
  jwtOnly: false,
  apiOnly: false
}
[requireAccess] Incoming headers: {
  Authorization: 'Bearer eyJhbGciOiJIUzI1NiIsInR5cCI6IkpXVCJ9.eyJzdWIiOiI2OGU0Y2I5NmQxODBiMDI4NWQ5YTcwMWQiLCJpYXQiOjE3NjEyMzM2NjYsImV4cCI6MTc2MTIzNTQ2NiwidHlwZSI6ImFjY2VzcyJ9.vjNZ_M3KA-PurZCsFOdP5rjc1Q22Ro6NJ8jGBPfAl8c',
  'x-api-key': undefined,
  requiredPermissions: []
}
[requireAccess] Full request headers: {
  accept: 'application/json, text/plain, */*',
  'content-type': 'application/json',
  authorization: 'Bearer eyJhbGciOiJIUzI1NiIsInR5cCI6IkpXVCJ9.eyJzdWIiOiI2OGU0Y2I5NmQxODBiMDI4NWQ5YTcwMWQiLCJpYXQiOjE3NjEyMzM2NjYsImV4cCI6MTc2MTIzNTQ2NiwidHlwZSI6ImFjY2VzcyJ9.vjNZ_M3KA-PurZCsFOdP5rjc1Q22Ro6NJ8jGBPfAl8c',
  'user-agent': 'axios/1.12.2',
  'accept-encoding': 'gzip, compress, deflate, br',
  host: 'localhost:4000',
  connection: 'close'
}
[requireAccess] Detected JWT
[TenantPlugin] Pre-hook triggered for: findOne
[TenantPlugin] Options: {}
[requireAccess] Authenticated user: {
  roles: [],
  isOwner: true,
  isSuper: true,
  isSaby: true,
  isAgreed: false,
  createdBy: null,
  otp: null,
  otpExpires: null,
  otpVerified: true,
  phoneNumber: null,
  isPhoneVerified: false,
  isEmailVerified: true,
  avatar: 'https://halocrm.s3.us-east-1.amazonaws.com/user/avatar-09.webp',
  status: true,
  deletedAt: null,
  _id: 68e4cb96d180b0285d9a701d,
  firstname: 'Debby',
  lastname: 'Adebowale',
  email: 'saby@saby.ai',
  password: '$2a$08$o1.0/o0J3cDHswtnBPpdO.0KNYtXslW0gYv8ZcwaRkUdsupCw5dH.',
  userId: '0YXBcDcxPH',
  tenantId: 'hWiWJ_X0m6',
  createdAt: 2025-10-07T08:13:10.710Z,
  updatedAt: 2025-10-10T19:17:53.368Z,
  haloId: 'HL-00030',
  __v: 0
}
[requireAccess] Resolved access: user
[32minfo[39m: GET /v1/submissions?tenant_id=hWiWJ_X0m6&project_id=proj_Mrs538IYtOfd&month=2025-10-01&perm_enabled=true 200 - 394.059 ms
[requireAccess] Checking access for endpoint: /v1/submissions {
  permissions: [],
  scope: undefined,
  environment: undefined,
  jwtOnly: false,
  apiOnly: false
}
[requireAccess] Incoming headers: {
  Authorization: 'Bearer eyJhbGciOiJIUzI1NiIsInR5cCI6IkpXVCJ9.eyJzdWIiOiI2OGU0Y2I5NmQxODBiMDI4NWQ5YTcwMWQiLCJpYXQiOjE3NjEyMzM2NjYsImV4cCI6MTc2MTIzNTQ2NiwidHlwZSI6ImFjY2VzcyJ9.vjNZ_M3KA-PurZCsFOdP5rjc1Q22Ro6NJ8jGBPfAl8c',
  'x-api-key': undefined,
  requiredPermissions: []
}
[requireAccess] Full request headers: {
  accept: 'application/json, text/plain, */*',
  'content-type': 'application/json',
  authorization: 'Bearer eyJhbGciOiJIUzI1NiIsInR5cCI6IkpXVCJ9.eyJzdWIiOiI2OGU0Y2I5NmQxODBiMDI4NWQ5YTcwMWQiLCJpYXQiOjE3NjEyMzM2NjYsImV4cCI6MTc2MTIzNTQ2NiwidHlwZSI6ImFjY2VzcyJ9.vjNZ_M3KA-PurZCsFOdP5rjc1Q22Ro6NJ8jGBPfAl8c',
  'user-agent': 'axios/1.12.2',
  'content-length': '448',
  'accept-encoding': 'gzip, compress, deflate, br',
  host: 'localhost:4000',
  connection: 'close'
}
[requireAccess] Detected JWT
[TenantPlugin] Pre-hook triggered for: findOne
[TenantPlugin] Options: {}
[requireAccess] Authenticated user: {
  roles: [],
  isOwner: true,
  isSuper: true,
  isSaby: true,
  isAgreed: false,
  createdBy: null,
  otp: null,
  otpExpires: null,
  otpVerified: true,
  phoneNumber: null,
  isPhoneVerified: false,
  isEmailVerified: true,
  avatar: 'https://halocrm.s3.us-east-1.amazonaws.com/user/avatar-09.webp',
  status: true,
  deletedAt: null,
  _id: 68e4cb96d180b0285d9a701d,
  firstname: 'Debby',
  lastname: 'Adebowale',
  email: 'saby@saby.ai',
  password: '$2a$08$o1.0/o0J3cDHswtnBPpdO.0KNYtXslW0gYv8ZcwaRkUdsupCw5dH.',
  userId: '0YXBcDcxPH',
  tenantId: 'hWiWJ_X0m6',
  createdAt: 2025-10-07T08:13:10.710Z,
  updatedAt: 2025-10-10T19:17:53.368Z,
  haloId: 'HL-00030',
  __v: 0
}
[requireAccess] Resolved access: user
[32minfo[39m: 📝 Accepting submission for project proj_Mrs538IYtOfd (form validation: disabled)
[32minfo[39m: 📥 Submission enqueued - Job ID: hWiWJ_X0m6-1761233682288 | Tenant: hWiWJ_X0m6
[32minfo[39m: [Worker] Processing PERM submission for project=proj_Mrs538IYtOfd (Attempt 1/3)
[32minfo[39m: [Worker] Processing PERM submission for project=proj_Mrs538IYtOfd (Attempt 1/3)
📡 Emitted activity update to tenant:hWiWJ_X0m6
[32minfo[39m: [Activity] queued - queued - Job: hWiWJ_X0m6-1761233682288 - PERM submission queued for 2025-11-01
[32minfo[39m: POST /v1/submissions 202 - 203.294 ms
[32minfo[39m: ✅ Email sent to saby@saby.ai: ✅ 100% Compliance Achieved - node_test_1761233667144
[32minfo[39m: ✅ Completion email queued for saby@saby.ai (100%)
[32minfo[39m: ✅ Submission job completed - ID: hWiWJ_X0m6-1761233675242
[32minfo[39m: ✅ Submission worker completed job: hWiWJ_X0m6-1761233675242
📡 Emitted activity update to tenant:hWiWJ_X0m6
[32minfo[39m: [Activity] processing - in progress - Job: hWiWJ_X0m6-1761233678662 - Processing PERM submission for 2025-10-01
[32minfo[39m: [Worker] Calling permSubmissionService.submitPERMData for PERM submission
📡 Emitted activity update to tenant:hWiWJ_X0m6
[32minfo[39m: [Activity] processing - in progress - Job: hWiWJ_X0m6-1761233682288 - Processing PERM submission for 2025-11-01
[32minfo[39m: [Worker] Calling permSubmissionService.submitPERMData for PERM submission
[32minfo[39m: ✅ PERM submission created: 55678b91-fac1-49cd-b5af-50efffd1adfe
[32minfo[39m: [Worker] PERM submission created - 55678b91-fac1-49cd-b5af-50efffd1adfe (20% compliance, 1/5 events, status: incomplete)
[32minfo[39m: ✅ PERM submission created: 0c6c4cc8-8c01-46d6-b189-c65a5214c121
[32minfo[39m: [Worker] PERM submission created - 0c6c4cc8-8c01-46d6-b189-c65a5214c121 (60% compliance, 3/5 events, status: partial)
📡 Emitted activity update to tenant:hWiWJ_X0m6
[32minfo[39m: [Activity] completed - success - Job: hWiWJ_X0m6-1761233678662 - PERM submission completed (20.00% compliance)
[TenantPlugin] Pre-hook triggered for: findOne
[TenantPlugin] Options: {}
📡 Emitted activity update to tenant:hWiWJ_X0m6
[32minfo[39m: [Activity] completed - success - Job: hWiWJ_X0m6-1761233682288 - PERM submission completed (60.00% compliance)
[TenantPlugin] Pre-hook triggered for: findOne
[TenantPlugin] Options: {}
[requireAccess] Checking access for endpoint: /v1/submissions?tenant_id=hWiWJ_X0m6&project_id=proj_Mrs538IYtOfd&node_id=node_test_1761233667144&month=2025-11-01&perm_enabled=true {
  permissions: [],
  scope: undefined,
  environment: undefined,
  jwtOnly: false,
  apiOnly: false
}
[requireAccess] Incoming headers: {
  Authorization: 'Bearer eyJhbGciOiJIUzI1NiIsInR5cCI6IkpXVCJ9.eyJzdWIiOiI2OGU0Y2I5NmQxODBiMDI4NWQ5YTcwMWQiLCJpYXQiOjE3NjEyMzM2NjYsImV4cCI6MTc2MTIzNTQ2NiwidHlwZSI6ImFjY2VzcyJ9.vjNZ_M3KA-PurZCsFOdP5rjc1Q22Ro6NJ8jGBPfAl8c',
  'x-api-key': undefined,
  requiredPermissions: []
}
[requireAccess] Full request headers: {
  accept: 'application/json, text/plain, */*',
  'content-type': 'application/json',
  authorization: 'Bearer eyJhbGciOiJIUzI1NiIsInR5cCI6IkpXVCJ9.eyJzdWIiOiI2OGU0Y2I5NmQxODBiMDI4NWQ5YTcwMWQiLCJpYXQiOjE3NjEyMzM2NjYsImV4cCI6MTc2MTIzNTQ2NiwidHlwZSI6ImFjY2VzcyJ9.vjNZ_M3KA-PurZCsFOdP5rjc1Q22Ro6NJ8jGBPfAl8c',
  'user-agent': 'axios/1.12.2',
  'accept-encoding': 'gzip, compress, deflate, br',
  host: 'localhost:4000',
  connection: 'close'
}
[requireAccess] Detected JWT
[TenantPlugin] Pre-hook triggered for: findOne
[TenantPlugin] Options: {}
[requireAccess] Authenticated user: {
  roles: [],
  isOwner: true,
  isSuper: true,
  isSaby: true,
  isAgreed: false,
  createdBy: null,
  otp: null,
  otpExpires: null,
  otpVerified: true,
  phoneNumber: null,
  isPhoneVerified: false,
  isEmailVerified: true,
  avatar: 'https://halocrm.s3.us-east-1.amazonaws.com/user/avatar-09.webp',
  status: true,
  deletedAt: null,
  _id: 68e4cb96d180b0285d9a701d,
  firstname: 'Debby',
  lastname: 'Adebowale',
  email: 'saby@saby.ai',
  password: '$2a$08$o1.0/o0J3cDHswtnBPpdO.0KNYtXslW0gYv8ZcwaRkUdsupCw5dH.',
  userId: '0YXBcDcxPH',
  tenantId: 'hWiWJ_X0m6',
  createdAt: 2025-10-07T08:13:10.710Z,
  updatedAt: 2025-10-10T19:17:53.368Z,
  haloId: 'HL-00030',
  __v: 0
}
[requireAccess] Resolved access: user
[32minfo[39m: GET /v1/submissions?tenant_id=hWiWJ_X0m6&project_id=proj_Mrs538IYtOfd&node_id=node_test_1761233667144&month=2025-11-01&perm_enabled=true 200 - 209.491 ms
[requireAccess] Checking access for endpoint: /v1/submissions?tenant_id=hWiWJ_X0m6&project_id=proj_Mrs538IYtOfd&perm_enabled=true {
  permissions: [],
  scope: undefined,
  environment: undefined,
  jwtOnly: false,
  apiOnly: false
}
[requireAccess] Incoming headers: {
  Authorization: 'Bearer eyJhbGciOiJIUzI1NiIsInR5cCI6IkpXVCJ9.eyJzdWIiOiI2OGU0Y2I5NmQxODBiMDI4NWQ5YTcwMWQiLCJpYXQiOjE3NjEyMzM2NjYsImV4cCI6MTc2MTIzNTQ2NiwidHlwZSI6ImFjY2VzcyJ9.vjNZ_M3KA-PurZCsFOdP5rjc1Q22Ro6NJ8jGBPfAl8c',
  'x-api-key': undefined,
  requiredPermissions: []
}
[requireAccess] Full request headers: {
  accept: 'application/json, text/plain, */*',
  'content-type': 'application/json',
  authorization: 'Bearer eyJhbGciOiJIUzI1NiIsInR5cCI6IkpXVCJ9.eyJzdWIiOiI2OGU0Y2I5NmQxODBiMDI4NWQ5YTcwMWQiLCJpYXQiOjE3NjEyMzM2NjYsImV4cCI6MTc2MTIzNTQ2NiwidHlwZSI6ImFjY2VzcyJ9.vjNZ_M3KA-PurZCsFOdP5rjc1Q22Ro6NJ8jGBPfAl8c',
  'user-agent': 'axios/1.12.2',
  'accept-encoding': 'gzip, compress, deflate, br',
  host: 'localhost:4000',
  connection: 'close'
}
[requireAccess] Detected JWT
[TenantPlugin] Pre-hook triggered for: findOne
[TenantPlugin] Options: {}
[requireAccess] Authenticated user: {
  roles: [],
  isOwner: true,
  isSuper: true,
  isSaby: true,
  isAgreed: false,
  createdBy: null,
  otp: null,
  otpExpires: null,
  otpVerified: true,
  phoneNumber: null,
  isPhoneVerified: false,
  isEmailVerified: true,
  avatar: 'https://halocrm.s3.us-east-1.amazonaws.com/user/avatar-09.webp',
  status: true,
  deletedAt: null,
  _id: 68e4cb96d180b0285d9a701d,
  firstname: 'Debby',
  lastname: 'Adebowale',
  email: 'saby@saby.ai',
  password: '$2a$08$o1.0/o0J3cDHswtnBPpdO.0KNYtXslW0gYv8ZcwaRkUdsupCw5dH.',
  userId: '0YXBcDcxPH',
  tenantId: 'hWiWJ_X0m6',
  createdAt: 2025-10-07T08:13:10.710Z,
  updatedAt: 2025-10-10T19:17:53.368Z,
  haloId: 'HL-00030',
  __v: 0
}
[requireAccess] Resolved access: user
[32minfo[39m: GET /v1/submissions?tenant_id=hWiWJ_X0m6&project_id=proj_Mrs538IYtOfd&perm_enabled=true 200 - 400.372 ms
[requireAccess] Checking access for endpoint: /v1/submissions/activity-log/recent?tenant_id=hWiWJ_X0m6&limit=10 {
  permissions: [],
  scope: undefined,
  environment: undefined,
  jwtOnly: false,
  apiOnly: false
}
[requireAccess] Incoming headers: {
  Authorization: 'Bearer eyJhbGciOiJIUzI1NiIsInR5cCI6IkpXVCJ9.eyJzdWIiOiI2OGU0Y2I5NmQxODBiMDI4NWQ5YTcwMWQiLCJpYXQiOjE3NjEyMzM2NjYsImV4cCI6MTc2MTIzNTQ2NiwidHlwZSI6ImFjY2VzcyJ9.vjNZ_M3KA-PurZCsFOdP5rjc1Q22Ro6NJ8jGBPfAl8c',
  'x-api-key': undefined,
  requiredPermissions: []
}
[requireAccess] Full request headers: {
  accept: 'application/json, text/plain, */*',
  'content-type': 'application/json',
  authorization: 'Bearer eyJhbGciOiJIUzI1NiIsInR5cCI6IkpXVCJ9.eyJzdWIiOiI2OGU0Y2I5NmQxODBiMDI4NWQ5YTcwMWQiLCJpYXQiOjE3NjEyMzM2NjYsImV4cCI6MTc2MTIzNTQ2NiwidHlwZSI6ImFjY2VzcyJ9.vjNZ_M3KA-PurZCsFOdP5rjc1Q22Ro6NJ8jGBPfAl8c',
  'user-agent': 'axios/1.12.2',
  'accept-encoding': 'gzip, compress, deflate, br',
  host: 'localhost:4000',
  connection: 'close'
}
[requireAccess] Detected JWT
[TenantPlugin] Pre-hook triggered for: findOne
[TenantPlugin] Options: {}
[requireAccess] Authenticated user: {
  roles: [],
  isOwner: true,
  isSuper: true,
  isSaby: true,
  isAgreed: false,
  createdBy: null,
  otp: null,
  otpExpires: null,
  otpVerified: true,
  phoneNumber: null,
  isPhoneVerified: false,
  isEmailVerified: true,
  avatar: 'https://halocrm.s3.us-east-1.amazonaws.com/user/avatar-09.webp',
  status: true,
  deletedAt: null,
  _id: 68e4cb96d180b0285d9a701d,
  firstname: 'Debby',
  lastname: 'Adebowale',
  email: 'saby@saby.ai',
  password: '$2a$08$o1.0/o0J3cDHswtnBPpdO.0KNYtXslW0gYv8ZcwaRkUdsupCw5dH.',
  userId: '0YXBcDcxPH',
  tenantId: 'hWiWJ_X0m6',
  createdAt: 2025-10-07T08:13:10.710Z,
  updatedAt: 2025-10-10T19:17:53.368Z,
  haloId: 'HL-00030',
  __v: 0
}
[requireAccess] Resolved access: user
[32minfo[39m: ✅ Email sent to saby@saby.ai: ✅ Submission Received - proj_Mrs538IYtOfd
[32minfo[39m: ✅ Confirmation email queued for saby@saby.ai
[32minfo[39m: ✅ Template loaded: perm-critical-alert
[32minfo[39m: GET /v1/submissions/activity-log/recent?tenant_id=hWiWJ_X0m6&limit=10 200 - 203.674 ms
[32minfo[39m: ✅ Email sent to saby@saby.ai: ✅ Submission Received - proj_Mrs538IYtOfd
[32minfo[39m: ✅ Confirmation email queued for saby@saby.ai
[32minfo[39m: GET /v1/submissions/activity-log/summary 200 - 199.507 ms
[32minfo[39m: ✅ Email sent to saby@saby.ai: ⚠️ URGENT: Low Compliance Alert - node_test_different_1761233678651
[32minfo[39m: ✅ Critical alert queued for saby@saby.ai (20%)
[32minfo[39m: ✅ Submission job completed - ID: hWiWJ_X0m6-1761233678662
[32minfo[39m: ✅ Submission worker completed job: hWiWJ_X0m6-1761233678662
[32minfo[39m: ✅ Email sent to saby@saby.ai: ⚠️ Compliance Warning - node_test_1761233667144
[32minfo[39m: ✅ Warning queued for saby@saby.ai (60%)
[32minfo[39m: ✅ Submission job completed - ID: hWiWJ_X0m6-1761233682288
[32minfo[39m: ✅ Submission worker completed job: hWiWJ_X0m6-1761233682288
[TenantPlugin] Pre-hook triggered for: findOne
[TenantPlugin] Options: {}
expired token expiry time ---> 30
expired token ---> Moment<2025-10-23T17:07:27+01:00>
expired token ---> Moment<2025-10-23T17:37:27+01:00>
acess token --> eyJhbGciOiJIUzI1NiIsInR5cCI6IkpXVCJ9.eyJzdWIiOiI2OGU0Y2I5NmQxODBiMDI4NWQ5YTcwMWQiLCJpYXQiOjE3NjEyMzM4NDcsImV4cCI6MTc2MTIzNTY0NywidHlwZSI6ImFjY2VzcyJ9.8sXNubZ8uhkFvSdPfh2OWMepPZ-QSCXOUyI3rzGXm_g
[32minfo[39m: POST /v1/auth/login 200 - 110.063 ms
[TenantPlugin] Pre-hook triggered for: findOne
[TenantPlugin] Options: {}
--- AUTH DEBUG ---
Route: /v1/node?tenantId=hWiWJ_X0m6&limit=1
HTTP Method: GET
Required Permissions: [ 'view:node' ]
[NODE CONTROLLER - QUERY] Query params: { tenantId: 'hWiWJ_X0m6', limit: 1 } Tenant: hWiWJ_X0m6
[NODE CONTROLLER - QUERY] Filter with tenantId: { tenantId: 'hWiWJ_X0m6' }
[TenantPlugin] paginate() - incoming options: { limit: 1, populate: 'level,structure,users.roles' }
[TenantPlugin] Pre-hook triggered for: countDocuments
[TenantPlugin] Options: {}
[TenantPlugin] Pre-hook triggered for: find
[TenantPlugin] Options: { sort: { createdAt: 1 }, skip: 0, limit: 1 }
[NODE CONTROLLER - QUERY] Found 0 nodes for tenant: hWiWJ_X0m6
[32minfo[39m: GET /v1/node?tenantId=hWiWJ_X0m6&limit=1 200 - 26.241 ms
[requireAccess] Checking access for endpoint: /v1/submissions {
  permissions: [],
  scope: undefined,
  environment: undefined,
  jwtOnly: false,
  apiOnly: false
}
[requireAccess] Incoming headers: {
  Authorization: 'Bearer eyJhbGciOiJIUzI1NiIsInR5cCI6IkpXVCJ9.eyJzdWIiOiI2OGU0Y2I5NmQxODBiMDI4NWQ5YTcwMWQiLCJpYXQiOjE3NjEyMzM4NDcsImV4cCI6MTc2MTIzNTY0NywidHlwZSI6ImFjY2VzcyJ9.8sXNubZ8uhkFvSdPfh2OWMepPZ-QSCXOUyI3rzGXm_g',
  'x-api-key': undefined,
  requiredPermissions: []
}
[requireAccess] Full request headers: {
  accept: 'application/json, text/plain, */*',
  'content-type': 'application/json',
  authorization: 'Bearer eyJhbGciOiJIUzI1NiIsInR5cCI6IkpXVCJ9.eyJzdWIiOiI2OGU0Y2I5NmQxODBiMDI4NWQ5YTcwMWQiLCJpYXQiOjE3NjEyMzM4NDcsImV4cCI6MTc2MTIzNTY0NywidHlwZSI6ImFjY2VzcyJ9.8sXNubZ8uhkFvSdPfh2OWMepPZ-QSCXOUyI3rzGXm_g',
  'user-agent': 'axios/1.12.2',
  'content-length': '510',
  'accept-encoding': 'gzip, compress, deflate, br',
  host: 'localhost:4000',
  connection: 'close'
}
[requireAccess] Detected JWT
[TenantPlugin] Pre-hook triggered for: findOne
[TenantPlugin] Options: {}
[requireAccess] Authenticated user: {
  roles: [],
  isOwner: true,
  isSuper: true,
  isSaby: true,
  isAgreed: false,
  createdBy: null,
  otp: null,
  otpExpires: null,
  otpVerified: true,
  phoneNumber: null,
  isPhoneVerified: false,
  isEmailVerified: true,
  avatar: 'https://halocrm.s3.us-east-1.amazonaws.com/user/avatar-09.webp',
  status: true,
  deletedAt: null,
  _id: 68e4cb96d180b0285d9a701d,
  firstname: 'Debby',
  lastname: 'Adebowale',
  email: 'saby@saby.ai',
  password: '$2a$08$o1.0/o0J3cDHswtnBPpdO.0KNYtXslW0gYv8ZcwaRkUdsupCw5dH.',
  userId: '0YXBcDcxPH',
  tenantId: 'hWiWJ_X0m6',
  createdAt: 2025-10-07T08:13:10.710Z,
  updatedAt: 2025-10-10T19:17:53.368Z,
  haloId: 'HL-00030',
  __v: 0
}
[requireAccess] Resolved access: user
[32minfo[39m: 📝 Accepting submission for project proj_Mrs538IYtOfd (form validation: disabled)
[32minfo[39m: 📥 Submission enqueued - Job ID: hWiWJ_X0m6-1761233847955 | Tenant: hWiWJ_X0m6
📡 Emitted activity update to tenant:hWiWJ_X0m6
[32minfo[39m: [Activity] queued - queued - Job: hWiWJ_X0m6-1761233847955 - PERM submission queued for 2025-10-01
[32minfo[39m: POST /v1/submissions 202 - 922.995 ms
[32minfo[39m: [Worker] Processing PERM submission for project=proj_Mrs538IYtOfd (Attempt 1/3)
📡 Emitted activity update to tenant:hWiWJ_X0m6
[32minfo[39m: [Activity] processing - in progress - Job: hWiWJ_X0m6-1761233847955 - Processing PERM submission for 2025-10-01
[32minfo[39m: [Worker] Calling permSubmissionService.submitPERMData for PERM submission
[32minfo[39m: ✅ PERM submission created: d63fb2b1-9030-47c9-958f-ab7e706a960f
[32minfo[39m: [Worker] PERM submission created - d63fb2b1-9030-47c9-958f-ab7e706a960f (40% compliance, 2/5 events, status: partial)
📡 Emitted activity update to tenant:hWiWJ_X0m6
[32minfo[39m: [Activity] completed - success - Job: hWiWJ_X0m6-1761233847955 - PERM submission completed (40.00% compliance)
[TenantPlugin] Pre-hook triggered for: findOne
[TenantPlugin] Options: {}
[requireAccess] Checking access for endpoint: /v1/submissions/activity-log?tenant_id=hWiWJ_X0m6&limit=5 {
  permissions: [],
  scope: undefined,
  environment: undefined,
  jwtOnly: false,
  apiOnly: false
}
[requireAccess] Incoming headers: {
  Authorization: 'Bearer eyJhbGciOiJIUzI1NiIsInR5cCI6IkpXVCJ9.eyJzdWIiOiI2OGU0Y2I5NmQxODBiMDI4NWQ5YTcwMWQiLCJpYXQiOjE3NjEyMzM4NDcsImV4cCI6MTc2MTIzNTY0NywidHlwZSI6ImFjY2VzcyJ9.8sXNubZ8uhkFvSdPfh2OWMepPZ-QSCXOUyI3rzGXm_g',
  'x-api-key': undefined,
  requiredPermissions: []
}
[requireAccess] Full request headers: {
  accept: 'application/json, text/plain, */*',
  'content-type': 'application/json',
  authorization: 'Bearer eyJhbGciOiJIUzI1NiIsInR5cCI6IkpXVCJ9.eyJzdWIiOiI2OGU0Y2I5NmQxODBiMDI4NWQ5YTcwMWQiLCJpYXQiOjE3NjEyMzM4NDcsImV4cCI6MTc2MTIzNTY0NywidHlwZSI6ImFjY2VzcyJ9.8sXNubZ8uhkFvSdPfh2OWMepPZ-QSCXOUyI3rzGXm_g',
  'user-agent': 'axios/1.12.2',
  'accept-encoding': 'gzip, compress, deflate, br',
  host: 'localhost:4000',
  connection: 'close'
}
[requireAccess] Detected JWT
[TenantPlugin] Pre-hook triggered for: findOne
[TenantPlugin] Options: {}
[requireAccess] Authenticated user: {
  roles: [],
  isOwner: true,
  isSuper: true,
  isSaby: true,
  isAgreed: false,
  createdBy: null,
  otp: null,
  otpExpires: null,
  otpVerified: true,
  phoneNumber: null,
  isPhoneVerified: false,
  isEmailVerified: true,
  avatar: 'https://halocrm.s3.us-east-1.amazonaws.com/user/avatar-09.webp',
  status: true,
  deletedAt: null,
  _id: 68e4cb96d180b0285d9a701d,
  firstname: 'Debby',
  lastname: 'Adebowale',
  email: 'saby@saby.ai',
  password: '$2a$08$o1.0/o0J3cDHswtnBPpdO.0KNYtXslW0gYv8ZcwaRkUdsupCw5dH.',
  userId: '0YXBcDcxPH',
  tenantId: 'hWiWJ_X0m6',
  createdAt: 2025-10-07T08:13:10.710Z,
  updatedAt: 2025-10-10T19:17:53.368Z,
  haloId: 'HL-00030',
  __v: 0
}
[requireAccess] Resolved access: user
[32minfo[39m: GET /v1/submissions/activity-log?tenant_id=hWiWJ_X0m6&limit=5 200 - 359.819 ms
[requireAccess] Checking access for endpoint: /v1/submissions?tenant_id=hWiWJ_X0m6&project_id=proj_Mrs538IYtOfd&node_id=node_test_1761233847943&month=2025-10-01&perm_enabled=true {
  permissions: [],
  scope: undefined,
  environment: undefined,
  jwtOnly: false,
  apiOnly: false
}
[requireAccess] Incoming headers: {
  Authorization: 'Bearer eyJhbGciOiJIUzI1NiIsInR5cCI6IkpXVCJ9.eyJzdWIiOiI2OGU0Y2I5NmQxODBiMDI4NWQ5YTcwMWQiLCJpYXQiOjE3NjEyMzM4NDcsImV4cCI6MTc2MTIzNTY0NywidHlwZSI6ImFjY2VzcyJ9.8sXNubZ8uhkFvSdPfh2OWMepPZ-QSCXOUyI3rzGXm_g',
  'x-api-key': undefined,
  requiredPermissions: []
}
[requireAccess] Full request headers: {
  accept: 'application/json, text/plain, */*',
  'content-type': 'application/json',
  authorization: 'Bearer eyJhbGciOiJIUzI1NiIsInR5cCI6IkpXVCJ9.eyJzdWIiOiI2OGU0Y2I5NmQxODBiMDI4NWQ5YTcwMWQiLCJpYXQiOjE3NjEyMzM4NDcsImV4cCI6MTc2MTIzNTY0NywidHlwZSI6ImFjY2VzcyJ9.8sXNubZ8uhkFvSdPfh2OWMepPZ-QSCXOUyI3rzGXm_g',
  'user-agent': 'axios/1.12.2',
  'accept-encoding': 'gzip, compress, deflate, br',
  host: 'localhost:4000',
  connection: 'close'
}
[requireAccess] Detected JWT
[TenantPlugin] Pre-hook triggered for: findOne
[TenantPlugin] Options: {}
[requireAccess] Authenticated user: {
  roles: [],
  isOwner: true,
  isSuper: true,
  isSaby: true,
  isAgreed: false,
  createdBy: null,
  otp: null,
  otpExpires: null,
  otpVerified: true,
  phoneNumber: null,
  isPhoneVerified: false,
  isEmailVerified: true,
  avatar: 'https://halocrm.s3.us-east-1.amazonaws.com/user/avatar-09.webp',
  status: true,
  deletedAt: null,
  _id: 68e4cb96d180b0285d9a701d,
  firstname: 'Debby',
  lastname: 'Adebowale',
  email: 'saby@saby.ai',
  password: '$2a$08$o1.0/o0J3cDHswtnBPpdO.0KNYtXslW0gYv8ZcwaRkUdsupCw5dH.',
  userId: '0YXBcDcxPH',
  tenantId: 'hWiWJ_X0m6',
  createdAt: 2025-10-07T08:13:10.710Z,
  updatedAt: 2025-10-10T19:17:53.368Z,
  haloId: 'HL-00030',
  __v: 0
}
[requireAccess] Resolved access: user
[32minfo[39m: GET /v1/submissions?tenant_id=hWiWJ_X0m6&project_id=proj_Mrs538IYtOfd&node_id=node_test_1761233847943&month=2025-10-01&perm_enabled=true 200 - 182.278 ms
[requireAccess] Checking access for endpoint: /v1/submissions {
  permissions: [],
  scope: undefined,
  environment: undefined,
  jwtOnly: false,
  apiOnly: false
}
[requireAccess] Incoming headers: {
  Authorization: 'Bearer eyJhbGciOiJIUzI1NiIsInR5cCI6IkpXVCJ9.eyJzdWIiOiI2OGU0Y2I5NmQxODBiMDI4NWQ5YTcwMWQiLCJpYXQiOjE3NjEyMzM4NDcsImV4cCI6MTc2MTIzNTY0NywidHlwZSI6ImFjY2VzcyJ9.8sXNubZ8uhkFvSdPfh2OWMepPZ-QSCXOUyI3rzGXm_g',
  'x-api-key': undefined,
  requiredPermissions: []
}
[requireAccess] Full request headers: {
  accept: 'application/json, text/plain, */*',
  'content-type': 'application/json',
  authorization: 'Bearer eyJhbGciOiJIUzI1NiIsInR5cCI6IkpXVCJ9.eyJzdWIiOiI2OGU0Y2I5NmQxODBiMDI4NWQ5YTcwMWQiLCJpYXQiOjE3NjEyMzM4NDcsImV4cCI6MTc2MTIzNTY0NywidHlwZSI6ImFjY2VzcyJ9.8sXNubZ8uhkFvSdPfh2OWMepPZ-QSCXOUyI3rzGXm_g',
  'user-agent': 'axios/1.12.2',
  'content-length': '539',
  'accept-encoding': 'gzip, compress, deflate, br',
  host: 'localhost:4000',
  connection: 'close'
}
[requireAccess] Detected JWT
[TenantPlugin] Pre-hook triggered for: findOne
[TenantPlugin] Options: {}
[requireAccess] Authenticated user: {
  roles: [],
  isOwner: true,
  isSuper: true,
  isSaby: true,
  isAgreed: false,
  createdBy: null,
  otp: null,
  otpExpires: null,
  otpVerified: true,
  phoneNumber: null,
  isPhoneVerified: false,
  isEmailVerified: true,
  avatar: 'https://halocrm.s3.us-east-1.amazonaws.com/user/avatar-09.webp',
  status: true,
  deletedAt: null,
  _id: 68e4cb96d180b0285d9a701d,
  firstname: 'Debby',
  lastname: 'Adebowale',
  email: 'saby@saby.ai',
  password: '$2a$08$o1.0/o0J3cDHswtnBPpdO.0KNYtXslW0gYv8ZcwaRkUdsupCw5dH.',
  userId: '0YXBcDcxPH',
  tenantId: 'hWiWJ_X0m6',
  createdAt: 2025-10-07T08:13:10.710Z,
  updatedAt: 2025-10-10T19:17:53.368Z,
  haloId: 'HL-00030',
  __v: 0
}
[requireAccess] Resolved access: user
[32minfo[39m: 📝 Accepting submission for project proj_Mrs538IYtOfd (form validation: disabled)
[32minfo[39m: 📥 Submission enqueued - Job ID: hWiWJ_X0m6-1761233852437 | Tenant: hWiWJ_X0m6
📡 Emitted activity update to tenant:hWiWJ_X0m6
[32minfo[39m: [Activity] queued - queued - Job: hWiWJ_X0m6-1761233852437 - PERM submission queued for 2025-10-01
[32minfo[39m: POST /v1/submissions 202 - 186.283 ms
[32minfo[39m: ✅ Email sent to saby@saby.ai: ✅ Submission Received - PERM Event Tracking Test
[32minfo[39m: ✅ Confirmation email queued for saby@saby.ai
[32minfo[39m: [Worker] Processing PERM submission for project=proj_Mrs538IYtOfd (Attempt 1/3)
📡 Emitted activity update to tenant:hWiWJ_X0m6
[32minfo[39m: [Activity] processing - in progress - Job: hWiWJ_X0m6-1761233852437 - Processing PERM submission for 2025-10-01
[32minfo[39m: [Worker] Calling permSubmissionService.submitPERMData for PERM submission
[requireAccess] Checking access for endpoint: /v1/submissions?tenant_id=hWiWJ_X0m6&project_id=proj_Mrs538IYtOfd&node_id=node_test_1761233847943&month=2025-10-01&perm_enabled=true {
  permissions: [],
  scope: undefined,
  environment: undefined,
  jwtOnly: false,
  apiOnly: false
}
[requireAccess] Incoming headers: {
  Authorization: 'Bearer eyJhbGciOiJIUzI1NiIsInR5cCI6IkpXVCJ9.eyJzdWIiOiI2OGU0Y2I5NmQxODBiMDI4NWQ5YTcwMWQiLCJpYXQiOjE3NjEyMzM4NDcsImV4cCI6MTc2MTIzNTY0NywidHlwZSI6ImFjY2VzcyJ9.8sXNubZ8uhkFvSdPfh2OWMepPZ-QSCXOUyI3rzGXm_g',
  'x-api-key': undefined,
  requiredPermissions: []
}
[requireAccess] Full request headers: {
  accept: 'application/json, text/plain, */*',
  'content-type': 'application/json',
  authorization: 'Bearer eyJhbGciOiJIUzI1NiIsInR5cCI6IkpXVCJ9.eyJzdWIiOiI2OGU0Y2I5NmQxODBiMDI4NWQ5YTcwMWQiLCJpYXQiOjE3NjEyMzM4NDcsImV4cCI6MTc2MTIzNTY0NywidHlwZSI6ImFjY2VzcyJ9.8sXNubZ8uhkFvSdPfh2OWMepPZ-QSCXOUyI3rzGXm_g',
  'user-agent': 'axios/1.12.2',
  'accept-encoding': 'gzip, compress, deflate, br',
  host: 'localhost:4000',
  connection: 'close'
}
[requireAccess] Detected JWT
[TenantPlugin] Pre-hook triggered for: findOne
[TenantPlugin] Options: {}
[requireAccess] Authenticated user: {
  roles: [],
  isOwner: true,
  isSuper: true,
  isSaby: true,
  isAgreed: false,
  createdBy: null,
  otp: null,
  otpExpires: null,
  otpVerified: true,
  phoneNumber: null,
  isPhoneVerified: false,
  isEmailVerified: true,
  avatar: 'https://halocrm.s3.us-east-1.amazonaws.com/user/avatar-09.webp',
  status: true,
  deletedAt: null,
  _id: 68e4cb96d180b0285d9a701d,
  firstname: 'Debby',
  lastname: 'Adebowale',
  email: 'saby@saby.ai',
  password: '$2a$08$o1.0/o0J3cDHswtnBPpdO.0KNYtXslW0gYv8ZcwaRkUdsupCw5dH.',
  userId: '0YXBcDcxPH',
  tenantId: 'hWiWJ_X0m6',
  createdAt: 2025-10-07T08:13:10.710Z,
  updatedAt: 2025-10-10T19:17:53.368Z,
  haloId: 'HL-00030',
  __v: 0
}
[requireAccess] Resolved access: user
[32minfo[39m: ✅ PERM submission updated: d63fb2b1-9030-47c9-958f-ab7e706a960f
[32minfo[39m: [Worker] PERM submission updated - d63fb2b1-9030-47c9-958f-ab7e706a960f (80% compliance, 4/5 events, status: partial)
📡 Emitted activity update to tenant:hWiWJ_X0m6
[32minfo[39m: [Activity] completed - success - Job: hWiWJ_X0m6-1761233852437 - PERM submission completed (80.00% compliance)
[TenantPlugin] Pre-hook triggered for: findOne
[TenantPlugin] Options: {}
[32minfo[39m: ✅ Email sent to saby@saby.ai: ⚠️ Compliance Warning - node_test_1761233847943
[32minfo[39m: ✅ Warning queued for saby@saby.ai (40%)
[32minfo[39m: ✅ Submission job completed - ID: hWiWJ_X0m6-1761233847955
[32minfo[39m: ✅ Submission worker completed job: hWiWJ_X0m6-1761233847955
[32minfo[39m: GET /v1/submissions?tenant_id=hWiWJ_X0m6&project_id=proj_Mrs538IYtOfd&node_id=node_test_1761233847943&month=2025-10-01&perm_enabled=true 200 - 1067.890 ms
[requireAccess] Checking access for endpoint: /v1/submissions {
  permissions: [],
  scope: undefined,
  environment: undefined,
  jwtOnly: false,
  apiOnly: false
}
[requireAccess] Incoming headers: {
  Authorization: 'Bearer eyJhbGciOiJIUzI1NiIsInR5cCI6IkpXVCJ9.eyJzdWIiOiI2OGU0Y2I5NmQxODBiMDI4NWQ5YTcwMWQiLCJpYXQiOjE3NjEyMzM4NDcsImV4cCI6MTc2MTIzNTY0NywidHlwZSI6ImFjY2VzcyJ9.8sXNubZ8uhkFvSdPfh2OWMepPZ-QSCXOUyI3rzGXm_g',
  'x-api-key': undefined,
  requiredPermissions: []
}
[requireAccess] Full request headers: {
  accept: 'application/json, text/plain, */*',
  'content-type': 'application/json',
  authorization: 'Bearer eyJhbGciOiJIUzI1NiIsInR5cCI6IkpXVCJ9.eyJzdWIiOiI2OGU0Y2I5NmQxODBiMDI4NWQ5YTcwMWQiLCJpYXQiOjE3NjEyMzM4NDcsImV4cCI6MTc2MTIzNTY0NywidHlwZSI6ImFjY2VzcyJ9.8sXNubZ8uhkFvSdPfh2OWMepPZ-QSCXOUyI3rzGXm_g',
  'user-agent': 'axios/1.12.2',
  'content-length': '479',
  'accept-encoding': 'gzip, compress, deflate, br',
  host: 'localhost:4000',
  connection: 'close'
}
[requireAccess] Detected JWT
[TenantPlugin] Pre-hook triggered for: findOne
[TenantPlugin] Options: {}
[requireAccess] Authenticated user: {
  roles: [],
  isOwner: true,
  isSuper: true,
  isSaby: true,
  isAgreed: false,
  createdBy: null,
  otp: null,
  otpExpires: null,
  otpVerified: true,
  phoneNumber: null,
  isPhoneVerified: false,
  isEmailVerified: true,
  avatar: 'https://halocrm.s3.us-east-1.amazonaws.com/user/avatar-09.webp',
  status: true,
  deletedAt: null,
  _id: 68e4cb96d180b0285d9a701d,
  firstname: 'Debby',
  lastname: 'Adebowale',
  email: 'saby@saby.ai',
  password: '$2a$08$o1.0/o0J3cDHswtnBPpdO.0KNYtXslW0gYv8ZcwaRkUdsupCw5dH.',
  userId: '0YXBcDcxPH',
  tenantId: 'hWiWJ_X0m6',
  createdAt: 2025-10-07T08:13:10.710Z,
  updatedAt: 2025-10-10T19:17:53.368Z,
  haloId: 'HL-00030',
  __v: 0
}
[requireAccess] Resolved access: user
[32minfo[39m: 📝 Accepting submission for project proj_Mrs538IYtOfd (form validation: disabled)
[32minfo[39m: 📥 Submission enqueued - Job ID: hWiWJ_X0m6-1761233856724 | Tenant: hWiWJ_X0m6
📡 Emitted activity update to tenant:hWiWJ_X0m6
[32minfo[39m: [Activity] queued - queued - Job: hWiWJ_X0m6-1761233856724 - PERM submission queued for 2025-10-01
[32minfo[39m: POST /v1/submissions 202 - 212.382 ms
[32minfo[39m: ✅ Email sent to saby@saby.ai: ✅ Submission Received - PERM Event Tracking Test
[32minfo[39m: ✅ Confirmation email queued for saby@saby.ai
[32minfo[39m: ✅ Submission job completed - ID: hWiWJ_X0m6-1761233852437
[32minfo[39m: ✅ Submission worker completed job: hWiWJ_X0m6-1761233852437
[32minfo[39m: [Worker] Processing PERM submission for project=proj_Mrs538IYtOfd (Attempt 1/3)
📡 Emitted activity update to tenant:hWiWJ_X0m6
[32minfo[39m: [Activity] processing - in progress - Job: hWiWJ_X0m6-1761233856724 - Processing PERM submission for 2025-10-01
[32minfo[39m: [Worker] Calling permSubmissionService.submitPERMData for PERM submission
[32minfo[39m: ✅ PERM submission updated: d63fb2b1-9030-47c9-958f-ab7e706a960f
[32minfo[39m: [Worker] PERM submission updated - d63fb2b1-9030-47c9-958f-ab7e706a960f (100% compliance, 5/5 events, status: complete)
📡 Emitted activity update to tenant:hWiWJ_X0m6
[32minfo[39m: [Activity] completed - success - Job: hWiWJ_X0m6-1761233856724 - PERM submission completed (100.00% compliance)
[TenantPlugin] Pre-hook triggered for: findOne
[TenantPlugin] Options: {}
[requireAccess] Checking access for endpoint: /v1/submissions?tenant_id=hWiWJ_X0m6&project_id=proj_Mrs538IYtOfd&node_id=node_test_1761233847943&month=2025-10-01&perm_enabled=true {
  permissions: [],
  scope: undefined,
  environment: undefined,
  jwtOnly: false,
  apiOnly: false
}
[requireAccess] Incoming headers: {
  Authorization: 'Bearer eyJhbGciOiJIUzI1NiIsInR5cCI6IkpXVCJ9.eyJzdWIiOiI2OGU0Y2I5NmQxODBiMDI4NWQ5YTcwMWQiLCJpYXQiOjE3NjEyMzM4NDcsImV4cCI6MTc2MTIzNTY0NywidHlwZSI6ImFjY2VzcyJ9.8sXNubZ8uhkFvSdPfh2OWMepPZ-QSCXOUyI3rzGXm_g',
  'x-api-key': undefined,
  requiredPermissions: []
}
[requireAccess] Full request headers: {
  accept: 'application/json, text/plain, */*',
  'content-type': 'application/json',
  authorization: 'Bearer eyJhbGciOiJIUzI1NiIsInR5cCI6IkpXVCJ9.eyJzdWIiOiI2OGU0Y2I5NmQxODBiMDI4NWQ5YTcwMWQiLCJpYXQiOjE3NjEyMzM4NDcsImV4cCI6MTc2MTIzNTY0NywidHlwZSI6ImFjY2VzcyJ9.8sXNubZ8uhkFvSdPfh2OWMepPZ-QSCXOUyI3rzGXm_g',
  'user-agent': 'axios/1.12.2',
  'accept-encoding': 'gzip, compress, deflate, br',
  host: 'localhost:4000',
  connection: 'close'
}
[requireAccess] Detected JWT
[TenantPlugin] Pre-hook triggered for: findOne
[TenantPlugin] Options: {}
[requireAccess] Authenticated user: {
  roles: [],
  isOwner: true,
  isSuper: true,
  isSaby: true,
  isAgreed: false,
  createdBy: null,
  otp: null,
  otpExpires: null,
  otpVerified: true,
  phoneNumber: null,
  isPhoneVerified: false,
  isEmailVerified: true,
  avatar: 'https://halocrm.s3.us-east-1.amazonaws.com/user/avatar-09.webp',
  status: true,
  deletedAt: null,
  _id: 68e4cb96d180b0285d9a701d,
  firstname: 'Debby',
  lastname: 'Adebowale',
  email: 'saby@saby.ai',
  password: '$2a$08$o1.0/o0J3cDHswtnBPpdO.0KNYtXslW0gYv8ZcwaRkUdsupCw5dH.',
  userId: '0YXBcDcxPH',
  tenantId: 'hWiWJ_X0m6',
  createdAt: 2025-10-07T08:13:10.710Z,
  updatedAt: 2025-10-10T19:17:53.368Z,
  haloId: 'HL-00030',
  __v: 0
}
[requireAccess] Resolved access: user
[32minfo[39m: GET /v1/submissions?tenant_id=hWiWJ_X0m6&project_id=proj_Mrs538IYtOfd&node_id=node_test_1761233847943&month=2025-10-01&perm_enabled=true 200 - 194.728 ms
[requireAccess] Checking access for endpoint: /v1/submissions {
  permissions: [],
  scope: undefined,
  environment: undefined,
  jwtOnly: false,
  apiOnly: false
}
[requireAccess] Incoming headers: {
  Authorization: 'Bearer eyJhbGciOiJIUzI1NiIsInR5cCI6IkpXVCJ9.eyJzdWIiOiI2OGU0Y2I5NmQxODBiMDI4NWQ5YTcwMWQiLCJpYXQiOjE3NjEyMzM4NDcsImV4cCI6MTc2MTIzNTY0NywidHlwZSI6ImFjY2VzcyJ9.8sXNubZ8uhkFvSdPfh2OWMepPZ-QSCXOUyI3rzGXm_g',
  'x-api-key': undefined,
  requiredPermissions: []
}
[requireAccess] Full request headers: {
  accept: 'application/json, text/plain, */*',
  'content-type': 'application/json',
  authorization: 'Bearer eyJhbGciOiJIUzI1NiIsInR5cCI6IkpXVCJ9.eyJzdWIiOiI2OGU0Y2I5NmQxODBiMDI4NWQ5YTcwMWQiLCJpYXQiOjE3NjEyMzM4NDcsImV4cCI6MTc2MTIzNTY0NywidHlwZSI6ImFjY2VzcyJ9.8sXNubZ8uhkFvSdPfh2OWMepPZ-QSCXOUyI3rzGXm_g',
  'user-agent': 'axios/1.12.2',
  'content-length': '431',
  'accept-encoding': 'gzip, compress, deflate, br',
  host: 'localhost:4000',
  connection: 'close'
}
[requireAccess] Detected JWT
[TenantPlugin] Pre-hook triggered for: findOne
[TenantPlugin] Options: {}
[requireAccess] Authenticated user: {
  roles: [],
  isOwner: true,
  isSuper: true,
  isSaby: true,
  isAgreed: false,
  createdBy: null,
  otp: null,
  otpExpires: null,
  otpVerified: true,
  phoneNumber: null,
  isPhoneVerified: false,
  isEmailVerified: true,
  avatar: 'https://halocrm.s3.us-east-1.amazonaws.com/user/avatar-09.webp',
  status: true,
  deletedAt: null,
  _id: 68e4cb96d180b0285d9a701d,
  firstname: 'Debby',
  lastname: 'Adebowale',
  email: 'saby@saby.ai',
  password: '$2a$08$o1.0/o0J3cDHswtnBPpdO.0KNYtXslW0gYv8ZcwaRkUdsupCw5dH.',
  userId: '0YXBcDcxPH',
  tenantId: 'hWiWJ_X0m6',
  createdAt: 2025-10-07T08:13:10.710Z,
  updatedAt: 2025-10-10T19:17:53.368Z,
  haloId: 'HL-00030',
  __v: 0
}
[requireAccess] Resolved access: user
[32minfo[39m: 📝 Accepting submission for project proj_Mrs538IYtOfd (form validation: disabled)
[32minfo[39m: 📥 Submission enqueued - Job ID: hWiWJ_X0m6-1761233860128 | Tenant: hWiWJ_X0m6
📡 Emitted activity update to tenant:hWiWJ_X0m6
[32minfo[39m: [Activity] queued - queued - Job: hWiWJ_X0m6-1761233860128 - PERM submission queued for 2025-10-01
[32minfo[39m: POST /v1/submissions 202 - 197.895 ms
[32minfo[39m: ✅ Email sent to saby@saby.ai: ✅ Submission Received - proj_Mrs538IYtOfd
[32minfo[39m: ✅ Confirmation email queued for saby@saby.ai
[requireAccess] Checking access for endpoint: /v1/submissions?tenant_id=hWiWJ_X0m6&project_id=proj_Mrs538IYtOfd&month=2025-10-01&perm_enabled=true {
  permissions: [],
  scope: undefined,
  environment: undefined,
  jwtOnly: false,
  apiOnly: false
}
[requireAccess] Incoming headers: {
  Authorization: 'Bearer eyJhbGciOiJIUzI1NiIsInR5cCI6IkpXVCJ9.eyJzdWIiOiI2OGU0Y2I5NmQxODBiMDI4NWQ5YTcwMWQiLCJpYXQiOjE3NjEyMzM4NDcsImV4cCI6MTc2MTIzNTY0NywidHlwZSI6ImFjY2VzcyJ9.8sXNubZ8uhkFvSdPfh2OWMepPZ-QSCXOUyI3rzGXm_g',
  'x-api-key': undefined,
  requiredPermissions: []
}
[requireAccess] Full request headers: {
  accept: 'application/json, text/plain, */*',
  'content-type': 'application/json',
  authorization: 'Bearer eyJhbGciOiJIUzI1NiIsInR5cCI6IkpXVCJ9.eyJzdWIiOiI2OGU0Y2I5NmQxODBiMDI4NWQ5YTcwMWQiLCJpYXQiOjE3NjEyMzM4NDcsImV4cCI6MTc2MTIzNTY0NywidHlwZSI6ImFjY2VzcyJ9.8sXNubZ8uhkFvSdPfh2OWMepPZ-QSCXOUyI3rzGXm_g',
  'user-agent': 'axios/1.12.2',
  'accept-encoding': 'gzip, compress, deflate, br',
  host: 'localhost:4000',
  connection: 'close'
}
[requireAccess] Detected JWT
[TenantPlugin] Pre-hook triggered for: findOne
[TenantPlugin] Options: {}
[requireAccess] Authenticated user: {
  roles: [],
  isOwner: true,
  isSuper: true,
  isSaby: true,
  isAgreed: false,
  createdBy: null,
  otp: null,
  otpExpires: null,
  otpVerified: true,
  phoneNumber: null,
  isPhoneVerified: false,
  isEmailVerified: true,
  avatar: 'https://halocrm.s3.us-east-1.amazonaws.com/user/avatar-09.webp',
  status: true,
  deletedAt: null,
  _id: 68e4cb96d180b0285d9a701d,
  firstname: 'Debby',
  lastname: 'Adebowale',
  email: 'saby@saby.ai',
  password: '$2a$08$o1.0/o0J3cDHswtnBPpdO.0KNYtXslW0gYv8ZcwaRkUdsupCw5dH.',
  userId: '0YXBcDcxPH',
  tenantId: 'hWiWJ_X0m6',
  createdAt: 2025-10-07T08:13:10.710Z,
  updatedAt: 2025-10-10T19:17:53.368Z,
  haloId: 'HL-00030',
  __v: 0
}
[requireAccess] Resolved access: user
[32minfo[39m: GET /v1/submissions?tenant_id=hWiWJ_X0m6&project_id=proj_Mrs538IYtOfd&month=2025-10-01&perm_enabled=true 200 - 392.147 ms
[requireAccess] Checking access for endpoint: /v1/submissions {
  permissions: [],
  scope: undefined,
  environment: undefined,
  jwtOnly: false,
  apiOnly: false
}
[requireAccess] Incoming headers: {
  Authorization: 'Bearer eyJhbGciOiJIUzI1NiIsInR5cCI6IkpXVCJ9.eyJzdWIiOiI2OGU0Y2I5NmQxODBiMDI4NWQ5YTcwMWQiLCJpYXQiOjE3NjEyMzM4NDcsImV4cCI6MTc2MTIzNTY0NywidHlwZSI6ImFjY2VzcyJ9.8sXNubZ8uhkFvSdPfh2OWMepPZ-QSCXOUyI3rzGXm_g',
  'x-api-key': undefined,
  requiredPermissions: []
}
[requireAccess] Full request headers: {
  accept: 'application/json, text/plain, */*',
  'content-type': 'application/json',
  authorization: 'Bearer eyJhbGciOiJIUzI1NiIsInR5cCI6IkpXVCJ9.eyJzdWIiOiI2OGU0Y2I5NmQxODBiMDI4NWQ5YTcwMWQiLCJpYXQiOjE3NjEyMzM4NDcsImV4cCI6MTc2MTIzNTY0NywidHlwZSI6ImFjY2VzcyJ9.8sXNubZ8uhkFvSdPfh2OWMepPZ-QSCXOUyI3rzGXm_g',
  'user-agent': 'axios/1.12.2',
  'content-length': '448',
  'accept-encoding': 'gzip, compress, deflate, br',
  host: 'localhost:4000',
  connection: 'close'
}
[requireAccess] Detected JWT
[TenantPlugin] Pre-hook triggered for: findOne
[TenantPlugin] Options: {}
[requireAccess] Authenticated user: {
  roles: [],
  isOwner: true,
  isSuper: true,
  isSaby: true,
  isAgreed: false,
  createdBy: null,
  otp: null,
  otpExpires: null,
  otpVerified: true,
  phoneNumber: null,
  isPhoneVerified: false,
  isEmailVerified: true,
  avatar: 'https://halocrm.s3.us-east-1.amazonaws.com/user/avatar-09.webp',
  status: true,
  deletedAt: null,
  _id: 68e4cb96d180b0285d9a701d,
  firstname: 'Debby',
  lastname: 'Adebowale',
  email: 'saby@saby.ai',
  password: '$2a$08$o1.0/o0J3cDHswtnBPpdO.0KNYtXslW0gYv8ZcwaRkUdsupCw5dH.',
  userId: '0YXBcDcxPH',
  tenantId: 'hWiWJ_X0m6',
  createdAt: 2025-10-07T08:13:10.710Z,
  updatedAt: 2025-10-10T19:17:53.368Z,
  haloId: 'HL-00030',
  __v: 0
}
[requireAccess] Resolved access: user
[32minfo[39m: 📝 Accepting submission for project proj_Mrs538IYtOfd (form validation: disabled)
[32minfo[39m: 📥 Submission enqueued - Job ID: hWiWJ_X0m6-1761233863728 | Tenant: hWiWJ_X0m6
[32minfo[39m: [Worker] Processing PERM submission for project=proj_Mrs538IYtOfd (Attempt 1/3)
[32minfo[39m: [Worker] Processing PERM submission for project=proj_Mrs538IYtOfd (Attempt 1/3)
📡 Emitted activity update to tenant:hWiWJ_X0m6
[32minfo[39m: [Activity] processing - in progress - Job: hWiWJ_X0m6-1761233860128 - Processing PERM submission for 2025-10-01
[32minfo[39m: [Worker] Calling permSubmissionService.submitPERMData for PERM submission
📡 Emitted activity update to tenant:hWiWJ_X0m6
[32minfo[39m: [Activity] queued - queued - Job: hWiWJ_X0m6-1761233863728 - PERM submission queued for 2025-11-01
[32minfo[39m: POST /v1/submissions 202 - 205.637 ms
[32minfo[39m: ✅ PERM submission created: e059407f-ec1f-470f-8747-4e6a691e99e1
[32minfo[39m: [Worker] PERM submission created - e059407f-ec1f-470f-8747-4e6a691e99e1 (20% compliance, 1/5 events, status: incomplete)
📡 Emitted activity update to tenant:hWiWJ_X0m6
[32minfo[39m: [Activity] completed - success - Job: hWiWJ_X0m6-1761233860128 - PERM submission completed (20.00% compliance)
[TenantPlugin] Pre-hook triggered for: findOne
[TenantPlugin] Options: {}
[32minfo[39m: ✅ Email sent to saby@saby.ai: ✅ 100% Compliance Achieved - node_test_1761233847943
[32minfo[39m: ✅ Completion email queued for saby@saby.ai (100%)
[32minfo[39m: ✅ Submission job completed - ID: hWiWJ_X0m6-1761233856724
[32minfo[39m: ✅ Submission worker completed job: hWiWJ_X0m6-1761233856724
📡 Emitted activity update to tenant:hWiWJ_X0m6
[32minfo[39m: [Activity] processing - in progress - Job: hWiWJ_X0m6-1761233863728 - Processing PERM submission for 2025-11-01
[32minfo[39m: [Worker] Calling permSubmissionService.submitPERMData for PERM submission
[32minfo[39m: ✅ PERM submission created: 21bea073-74fa-48ee-a16c-404477d41fc7
[32minfo[39m: [Worker] PERM submission created - 21bea073-74fa-48ee-a16c-404477d41fc7 (60% compliance, 3/5 events, status: partial)
📡 Emitted activity update to tenant:hWiWJ_X0m6
[32minfo[39m: [Activity] completed - success - Job: hWiWJ_X0m6-1761233863728 - PERM submission completed (60.00% compliance)
[TenantPlugin] Pre-hook triggered for: findOne
[TenantPlugin] Options: {}
[requireAccess] Checking access for endpoint: /v1/submissions?tenant_id=hWiWJ_X0m6&project_id=proj_Mrs538IYtOfd&node_id=node_test_1761233847943&month=2025-11-01&perm_enabled=true {
  permissions: [],
  scope: undefined,
  environment: undefined,
  jwtOnly: false,
  apiOnly: false
}
[requireAccess] Incoming headers: {
  Authorization: 'Bearer eyJhbGciOiJIUzI1NiIsInR5cCI6IkpXVCJ9.eyJzdWIiOiI2OGU0Y2I5NmQxODBiMDI4NWQ5YTcwMWQiLCJpYXQiOjE3NjEyMzM4NDcsImV4cCI6MTc2MTIzNTY0NywidHlwZSI6ImFjY2VzcyJ9.8sXNubZ8uhkFvSdPfh2OWMepPZ-QSCXOUyI3rzGXm_g',
  'x-api-key': undefined,
  requiredPermissions: []
}
[requireAccess] Full request headers: {
  accept: 'application/json, text/plain, */*',
  'content-type': 'application/json',
  authorization: 'Bearer eyJhbGciOiJIUzI1NiIsInR5cCI6IkpXVCJ9.eyJzdWIiOiI2OGU0Y2I5NmQxODBiMDI4NWQ5YTcwMWQiLCJpYXQiOjE3NjEyMzM4NDcsImV4cCI6MTc2MTIzNTY0NywidHlwZSI6ImFjY2VzcyJ9.8sXNubZ8uhkFvSdPfh2OWMepPZ-QSCXOUyI3rzGXm_g',
  'user-agent': 'axios/1.12.2',
  'accept-encoding': 'gzip, compress, deflate, br',
  host: 'localhost:4000',
  connection: 'close'
}
[requireAccess] Detected JWT
[TenantPlugin] Pre-hook triggered for: findOne
[TenantPlugin] Options: {}
[requireAccess] Authenticated user: {
  roles: [],
  isOwner: true,
  isSuper: true,
  isSaby: true,
  isAgreed: false,
  createdBy: null,
  otp: null,
  otpExpires: null,
  otpVerified: true,
  phoneNumber: null,
  isPhoneVerified: false,
  isEmailVerified: true,
  avatar: 'https://halocrm.s3.us-east-1.amazonaws.com/user/avatar-09.webp',
  status: true,
  deletedAt: null,
  _id: 68e4cb96d180b0285d9a701d,
  firstname: 'Debby',
  lastname: 'Adebowale',
  email: 'saby@saby.ai',
  password: '$2a$08$o1.0/o0J3cDHswtnBPpdO.0KNYtXslW0gYv8ZcwaRkUdsupCw5dH.',
  userId: '0YXBcDcxPH',
  tenantId: 'hWiWJ_X0m6',
  createdAt: 2025-10-07T08:13:10.710Z,
  updatedAt: 2025-10-10T19:17:53.368Z,
  haloId: 'HL-00030',
  __v: 0
}
[requireAccess] Resolved access: user
[32minfo[39m: ✅ Email sent to saby@saby.ai: ✅ Submission Received - proj_Mrs538IYtOfd
[32minfo[39m: ✅ Confirmation email queued for saby@saby.ai
[32minfo[39m: GET /v1/submissions?tenant_id=hWiWJ_X0m6&project_id=proj_Mrs538IYtOfd&node_id=node_test_1761233847943&month=2025-11-01&perm_enabled=true 200 - 201.156 ms
[requireAccess] Checking access for endpoint: /v1/submissions?tenant_id=hWiWJ_X0m6&project_id=proj_Mrs538IYtOfd&perm_enabled=true {
  permissions: [],
  scope: undefined,
  environment: undefined,
  jwtOnly: false,
  apiOnly: false
}
[requireAccess] Incoming headers: {
  Authorization: 'Bearer eyJhbGciOiJIUzI1NiIsInR5cCI6IkpXVCJ9.eyJzdWIiOiI2OGU0Y2I5NmQxODBiMDI4NWQ5YTcwMWQiLCJpYXQiOjE3NjEyMzM4NDcsImV4cCI6MTc2MTIzNTY0NywidHlwZSI6ImFjY2VzcyJ9.8sXNubZ8uhkFvSdPfh2OWMepPZ-QSCXOUyI3rzGXm_g',
  'x-api-key': undefined,
  requiredPermissions: []
}
[requireAccess] Full request headers: {
  accept: 'application/json, text/plain, */*',
  'content-type': 'application/json',
  authorization: 'Bearer eyJhbGciOiJIUzI1NiIsInR5cCI6IkpXVCJ9.eyJzdWIiOiI2OGU0Y2I5NmQxODBiMDI4NWQ5YTcwMWQiLCJpYXQiOjE3NjEyMzM4NDcsImV4cCI6MTc2MTIzNTY0NywidHlwZSI6ImFjY2VzcyJ9.8sXNubZ8uhkFvSdPfh2OWMepPZ-QSCXOUyI3rzGXm_g',
  'user-agent': 'axios/1.12.2',
  'accept-encoding': 'gzip, compress, deflate, br',
  host: 'localhost:4000',
  connection: 'close'
}
[requireAccess] Detected JWT
[TenantPlugin] Pre-hook triggered for: findOne
[TenantPlugin] Options: {}
[requireAccess] Authenticated user: {
  roles: [],
  isOwner: true,
  isSuper: true,
  isSaby: true,
  isAgreed: false,
  createdBy: null,
  otp: null,
  otpExpires: null,
  otpVerified: true,
  phoneNumber: null,
  isPhoneVerified: false,
  isEmailVerified: true,
  avatar: 'https://halocrm.s3.us-east-1.amazonaws.com/user/avatar-09.webp',
  status: true,
  deletedAt: null,
  _id: 68e4cb96d180b0285d9a701d,
  firstname: 'Debby',
  lastname: 'Adebowale',
  email: 'saby@saby.ai',
  password: '$2a$08$o1.0/o0J3cDHswtnBPpdO.0KNYtXslW0gYv8ZcwaRkUdsupCw5dH.',
  userId: '0YXBcDcxPH',
  tenantId: 'hWiWJ_X0m6',
  createdAt: 2025-10-07T08:13:10.710Z,
  updatedAt: 2025-10-10T19:17:53.368Z,
  haloId: 'HL-00030',
  __v: 0
}
[requireAccess] Resolved access: user
[32minfo[39m: GET /v1/submissions?tenant_id=hWiWJ_X0m6&project_id=proj_Mrs538IYtOfd&perm_enabled=true 200 - 387.172 ms
[requireAccess] Checking access for endpoint: /v1/submissions/activity-log/recent?tenant_id=hWiWJ_X0m6&limit=10 {
  permissions: [],
  scope: undefined,
  environment: undefined,
  jwtOnly: false,
  apiOnly: false
}
[requireAccess] Incoming headers: {
  Authorization: 'Bearer eyJhbGciOiJIUzI1NiIsInR5cCI6IkpXVCJ9.eyJzdWIiOiI2OGU0Y2I5NmQxODBiMDI4NWQ5YTcwMWQiLCJpYXQiOjE3NjEyMzM4NDcsImV4cCI6MTc2MTIzNTY0NywidHlwZSI6ImFjY2VzcyJ9.8sXNubZ8uhkFvSdPfh2OWMepPZ-QSCXOUyI3rzGXm_g',
  'x-api-key': undefined,
  requiredPermissions: []
}
[requireAccess] Full request headers: {
  accept: 'application/json, text/plain, */*',
  'content-type': 'application/json',
  authorization: 'Bearer eyJhbGciOiJIUzI1NiIsInR5cCI6IkpXVCJ9.eyJzdWIiOiI2OGU0Y2I5NmQxODBiMDI4NWQ5YTcwMWQiLCJpYXQiOjE3NjEyMzM4NDcsImV4cCI6MTc2MTIzNTY0NywidHlwZSI6ImFjY2VzcyJ9.8sXNubZ8uhkFvSdPfh2OWMepPZ-QSCXOUyI3rzGXm_g',
  'user-agent': 'axios/1.12.2',
  'accept-encoding': 'gzip, compress, deflate, br',
  host: 'localhost:4000',
  connection: 'close'
}
[requireAccess] Detected JWT
[TenantPlugin] Pre-hook triggered for: findOne
[TenantPlugin] Options: {}
[requireAccess] Authenticated user: {
  roles: [],
  isOwner: true,
  isSuper: true,
  isSaby: true,
  isAgreed: false,
  createdBy: null,
  otp: null,
  otpExpires: null,
  otpVerified: true,
  phoneNumber: null,
  isPhoneVerified: false,
  isEmailVerified: true,
  avatar: 'https://halocrm.s3.us-east-1.amazonaws.com/user/avatar-09.webp',
  status: true,
  deletedAt: null,
  _id: 68e4cb96d180b0285d9a701d,
  firstname: 'Debby',
  lastname: 'Adebowale',
  email: 'saby@saby.ai',
  password: '$2a$08$o1.0/o0J3cDHswtnBPpdO.0KNYtXslW0gYv8ZcwaRkUdsupCw5dH.',
  userId: '0YXBcDcxPH',
  tenantId: 'hWiWJ_X0m6',
  createdAt: 2025-10-07T08:13:10.710Z,
  updatedAt: 2025-10-10T19:17:53.368Z,
  haloId: 'HL-00030',
  __v: 0
}
[requireAccess] Resolved access: user
[32minfo[39m: GET /v1/submissions/activity-log/recent?tenant_id=hWiWJ_X0m6&limit=10 200 - 198.686 ms
[32minfo[39m: GET /v1/submissions/activity-log/summary 200 - 196.788 ms
[32minfo[39m: ✅ Email sent to saby@saby.ai: ✅ Submission Received - proj_Mrs538IYtOfd
[32minfo[39m: ✅ Confirmation email queued for saby@saby.ai
[32minfo[39m: ✅ Email sent to saby@saby.ai: ⚠️ URGENT: Low Compliance Alert - node_test_different_1761233860122
[32minfo[39m: ✅ Critical alert queued for saby@saby.ai (20%)
[32minfo[39m: ✅ Submission job completed - ID: hWiWJ_X0m6-1761233860128
[32minfo[39m: ✅ Submission worker completed job: hWiWJ_X0m6-1761233860128
[32minfo[39m: ✅ Email sent to saby@saby.ai: ⚠️ Compliance Warning - node_test_1761233847943
[32minfo[39m: ✅ Warning queued for saby@saby.ai (60%)
[32minfo[39m: ✅ Submission job completed - ID: hWiWJ_X0m6-1761233863728
[32minfo[39m: ✅ Submission worker completed job: hWiWJ_X0m6-1761233863728
[TenantPlugin] Pre-hook triggered for: findOne
[TenantPlugin] Options: {}
expired token expiry time ---> 30
expired token ---> Moment<2025-10-23T17:12:07+01:00>
expired token ---> Moment<2025-10-23T17:42:07+01:00>
acess token --> eyJhbGciOiJIUzI1NiIsInR5cCI6IkpXVCJ9.eyJzdWIiOiI2OGU0Y2I5NmQxODBiMDI4NWQ5YTcwMWQiLCJpYXQiOjE3NjEyMzQxMjcsImV4cCI6MTc2MTIzNTkyNywidHlwZSI6ImFjY2VzcyJ9.TClo3lly8N2uvcWJhir4MIDE-vJ2Q33-zjTP6pnOjQ8
[32minfo[39m: POST /v1/auth/login 200 - 63.997 ms
[TenantPlugin] Pre-hook triggered for: findOne
[TenantPlugin] Options: {}
--- AUTH DEBUG ---
Route: /v1/node?tenantId=hWiWJ_X0m6&limit=1
HTTP Method: GET
Required Permissions: [ 'view:node' ]
[NODE CONTROLLER - QUERY] Query params: { tenantId: 'hWiWJ_X0m6', limit: 1 } Tenant: hWiWJ_X0m6
[NODE CONTROLLER - QUERY] Filter with tenantId: { tenantId: 'hWiWJ_X0m6' }
[TenantPlugin] paginate() - incoming options: { limit: 1, populate: 'level,structure,users.roles' }
[TenantPlugin] Pre-hook triggered for: countDocuments
[TenantPlugin] Options: {}
[TenantPlugin] Pre-hook triggered for: find
[TenantPlugin] Options: { sort: { createdAt: 1 }, skip: 0, limit: 1 }
[NODE CONTROLLER - QUERY] Found 0 nodes for tenant: hWiWJ_X0m6
[32minfo[39m: GET /v1/node?tenantId=hWiWJ_X0m6&limit=1 200 - 16.733 ms
[requireAccess] Checking access for endpoint: /v1/submissions {
  permissions: [],
  scope: undefined,
  environment: undefined,
  jwtOnly: false,
  apiOnly: false
}
[requireAccess] Incoming headers: {
  Authorization: 'Bearer eyJhbGciOiJIUzI1NiIsInR5cCI6IkpXVCJ9.eyJzdWIiOiI2OGU0Y2I5NmQxODBiMDI4NWQ5YTcwMWQiLCJpYXQiOjE3NjEyMzQxMjcsImV4cCI6MTc2MTIzNTkyNywidHlwZSI6ImFjY2VzcyJ9.TClo3lly8N2uvcWJhir4MIDE-vJ2Q33-zjTP6pnOjQ8',
  'x-api-key': undefined,
  requiredPermissions: []
}
[requireAccess] Full request headers: {
  accept: 'application/json, text/plain, */*',
  'content-type': 'application/json',
  authorization: 'Bearer eyJhbGciOiJIUzI1NiIsInR5cCI6IkpXVCJ9.eyJzdWIiOiI2OGU0Y2I5NmQxODBiMDI4NWQ5YTcwMWQiLCJpYXQiOjE3NjEyMzQxMjcsImV4cCI6MTc2MTIzNTkyNywidHlwZSI6ImFjY2VzcyJ9.TClo3lly8N2uvcWJhir4MIDE-vJ2Q33-zjTP6pnOjQ8',
  'user-agent': 'axios/1.12.2',
  'content-length': '510',
  'accept-encoding': 'gzip, compress, deflate, br',
  host: 'localhost:4000',
  connection: 'close'
}
[requireAccess] Detected JWT
[TenantPlugin] Pre-hook triggered for: findOne
[TenantPlugin] Options: {}
[requireAccess] Authenticated user: {
  roles: [],
  isOwner: true,
  isSuper: true,
  isSaby: true,
  isAgreed: false,
  createdBy: null,
  otp: null,
  otpExpires: null,
  otpVerified: true,
  phoneNumber: null,
  isPhoneVerified: false,
  isEmailVerified: true,
  avatar: 'https://halocrm.s3.us-east-1.amazonaws.com/user/avatar-09.webp',
  status: true,
  deletedAt: null,
  _id: 68e4cb96d180b0285d9a701d,
  firstname: 'Debby',
  lastname: 'Adebowale',
  email: 'saby@saby.ai',
  password: '$2a$08$o1.0/o0J3cDHswtnBPpdO.0KNYtXslW0gYv8ZcwaRkUdsupCw5dH.',
  userId: '0YXBcDcxPH',
  tenantId: 'hWiWJ_X0m6',
  createdAt: 2025-10-07T08:13:10.710Z,
  updatedAt: 2025-10-10T19:17:53.368Z,
  haloId: 'HL-00030',
  __v: 0
}
[requireAccess] Resolved access: user
[32minfo[39m: 📝 Accepting submission for project proj_Mrs538IYtOfd (form validation: disabled)
[32minfo[39m: 📥 Submission enqueued - Job ID: hWiWJ_X0m6-1761234127662 | Tenant: hWiWJ_X0m6
[32minfo[39m: [Worker] Processing PERM submission for project=proj_Mrs538IYtOfd (Attempt 1/3)
📡 Emitted activity update to tenant:hWiWJ_X0m6
[32minfo[39m: [Activity] processing - in progress - Job: hWiWJ_X0m6-1761234127662 - Processing PERM submission for 2025-10-01
[32minfo[39m: [Worker] Calling permSubmissionService.submitPERMData for PERM submission
📡 Emitted activity update to tenant:hWiWJ_X0m6
[32minfo[39m: [Activity] queued - queued - Job: hWiWJ_X0m6-1761234127662 - PERM submission queued for 2025-10-01
[32minfo[39m: POST /v1/submissions 202 - 990.006 ms
[32minfo[39m: ✅ PERM submission created: 6f6a0981-03c6-4eb0-b878-5c3f227962d0
[32minfo[39m: [Worker] PERM submission created - 6f6a0981-03c6-4eb0-b878-5c3f227962d0 (40% compliance, 2/5 events, status: partial)
📡 Emitted activity update to tenant:hWiWJ_X0m6
[32minfo[39m: [Activity] completed - success - Job: hWiWJ_X0m6-1761234127662 - PERM submission completed (40.00% compliance)
[TenantPlugin] Pre-hook triggered for: findOne
[TenantPlugin] Options: {}
[requireAccess] Checking access for endpoint: /v1/submissions/activity-log?tenant_id=hWiWJ_X0m6&limit=5 {
  permissions: [],
  scope: undefined,
  environment: undefined,
  jwtOnly: false,
  apiOnly: false
}
[requireAccess] Incoming headers: {
  Authorization: 'Bearer eyJhbGciOiJIUzI1NiIsInR5cCI6IkpXVCJ9.eyJzdWIiOiI2OGU0Y2I5NmQxODBiMDI4NWQ5YTcwMWQiLCJpYXQiOjE3NjEyMzQxMjcsImV4cCI6MTc2MTIzNTkyNywidHlwZSI6ImFjY2VzcyJ9.TClo3lly8N2uvcWJhir4MIDE-vJ2Q33-zjTP6pnOjQ8',
  'x-api-key': undefined,
  requiredPermissions: []
}
[requireAccess] Full request headers: {
  accept: 'application/json, text/plain, */*',
  'content-type': 'application/json',
  authorization: 'Bearer eyJhbGciOiJIUzI1NiIsInR5cCI6IkpXVCJ9.eyJzdWIiOiI2OGU0Y2I5NmQxODBiMDI4NWQ5YTcwMWQiLCJpYXQiOjE3NjEyMzQxMjcsImV4cCI6MTc2MTIzNTkyNywidHlwZSI6ImFjY2VzcyJ9.TClo3lly8N2uvcWJhir4MIDE-vJ2Q33-zjTP6pnOjQ8',
  'user-agent': 'axios/1.12.2',
  'accept-encoding': 'gzip, compress, deflate, br',
  host: 'localhost:4000',
  connection: 'close'
}
[requireAccess] Detected JWT
[TenantPlugin] Pre-hook triggered for: findOne
[TenantPlugin] Options: {}
[requireAccess] Authenticated user: {
  roles: [],
  isOwner: true,
  isSuper: true,
  isSaby: true,
  isAgreed: false,
  createdBy: null,
  otp: null,
  otpExpires: null,
  otpVerified: true,
  phoneNumber: null,
  isPhoneVerified: false,
  isEmailVerified: true,
  avatar: 'https://halocrm.s3.us-east-1.amazonaws.com/user/avatar-09.webp',
  status: true,
  deletedAt: null,
  _id: 68e4cb96d180b0285d9a701d,
  firstname: 'Debby',
  lastname: 'Adebowale',
  email: 'saby@saby.ai',
  password: '$2a$08$o1.0/o0J3cDHswtnBPpdO.0KNYtXslW0gYv8ZcwaRkUdsupCw5dH.',
  userId: '0YXBcDcxPH',
  tenantId: 'hWiWJ_X0m6',
  createdAt: 2025-10-07T08:13:10.710Z,
  updatedAt: 2025-10-10T19:17:53.368Z,
  haloId: 'HL-00030',
  __v: 0
}
[requireAccess] Resolved access: user
[32minfo[39m: ✅ Email sent to saby@saby.ai: ✅ Submission Received - PERM Event Tracking Test
[32minfo[39m: ✅ Confirmation email queued for saby@saby.ai
[32minfo[39m: GET /v1/submissions/activity-log?tenant_id=hWiWJ_X0m6&limit=5 200 - 366.236 ms
[requireAccess] Checking access for endpoint: /v1/submissions?tenant_id=hWiWJ_X0m6&project_id=proj_Mrs538IYtOfd&node_id=node_test_1761234127652&month=2025-10-01&perm_enabled=true {
  permissions: [],
  scope: undefined,
  environment: undefined,
  jwtOnly: false,
  apiOnly: false
}
[requireAccess] Incoming headers: {
  Authorization: 'Bearer eyJhbGciOiJIUzI1NiIsInR5cCI6IkpXVCJ9.eyJzdWIiOiI2OGU0Y2I5NmQxODBiMDI4NWQ5YTcwMWQiLCJpYXQiOjE3NjEyMzQxMjcsImV4cCI6MTc2MTIzNTkyNywidHlwZSI6ImFjY2VzcyJ9.TClo3lly8N2uvcWJhir4MIDE-vJ2Q33-zjTP6pnOjQ8',
  'x-api-key': undefined,
  requiredPermissions: []
}
[requireAccess] Full request headers: {
  accept: 'application/json, text/plain, */*',
  'content-type': 'application/json',
  authorization: 'Bearer eyJhbGciOiJIUzI1NiIsInR5cCI6IkpXVCJ9.eyJzdWIiOiI2OGU0Y2I5NmQxODBiMDI4NWQ5YTcwMWQiLCJpYXQiOjE3NjEyMzQxMjcsImV4cCI6MTc2MTIzNTkyNywidHlwZSI6ImFjY2VzcyJ9.TClo3lly8N2uvcWJhir4MIDE-vJ2Q33-zjTP6pnOjQ8',
  'user-agent': 'axios/1.12.2',
  'accept-encoding': 'gzip, compress, deflate, br',
  host: 'localhost:4000',
  connection: 'close'
}
[requireAccess] Detected JWT
[TenantPlugin] Pre-hook triggered for: findOne
[TenantPlugin] Options: {}
[requireAccess] Authenticated user: {
  roles: [],
  isOwner: true,
  isSuper: true,
  isSaby: true,
  isAgreed: false,
  createdBy: null,
  otp: null,
  otpExpires: null,
  otpVerified: true,
  phoneNumber: null,
  isPhoneVerified: false,
  isEmailVerified: true,
  avatar: 'https://halocrm.s3.us-east-1.amazonaws.com/user/avatar-09.webp',
  status: true,
  deletedAt: null,
  _id: 68e4cb96d180b0285d9a701d,
  firstname: 'Debby',
  lastname: 'Adebowale',
  email: 'saby@saby.ai',
  password: '$2a$08$o1.0/o0J3cDHswtnBPpdO.0KNYtXslW0gYv8ZcwaRkUdsupCw5dH.',
  userId: '0YXBcDcxPH',
  tenantId: 'hWiWJ_X0m6',
  createdAt: 2025-10-07T08:13:10.710Z,
  updatedAt: 2025-10-10T19:17:53.368Z,
  haloId: 'HL-00030',
  __v: 0
}
[requireAccess] Resolved access: user
[32minfo[39m: GET /v1/submissions?tenant_id=hWiWJ_X0m6&project_id=proj_Mrs538IYtOfd&node_id=node_test_1761234127652&month=2025-10-01&perm_enabled=true 200 - 185.047 ms
[requireAccess] Checking access for endpoint: /v1/submissions {
  permissions: [],
  scope: undefined,
  environment: undefined,
  jwtOnly: false,
  apiOnly: false
}
[requireAccess] Incoming headers: {
  Authorization: 'Bearer eyJhbGciOiJIUzI1NiIsInR5cCI6IkpXVCJ9.eyJzdWIiOiI2OGU0Y2I5NmQxODBiMDI4NWQ5YTcwMWQiLCJpYXQiOjE3NjEyMzQxMjcsImV4cCI6MTc2MTIzNTkyNywidHlwZSI6ImFjY2VzcyJ9.TClo3lly8N2uvcWJhir4MIDE-vJ2Q33-zjTP6pnOjQ8',
  'x-api-key': undefined,
  requiredPermissions: []
}
[requireAccess] Full request headers: {
  accept: 'application/json, text/plain, */*',
  'content-type': 'application/json',
  authorization: 'Bearer eyJhbGciOiJIUzI1NiIsInR5cCI6IkpXVCJ9.eyJzdWIiOiI2OGU0Y2I5NmQxODBiMDI4NWQ5YTcwMWQiLCJpYXQiOjE3NjEyMzQxMjcsImV4cCI6MTc2MTIzNTkyNywidHlwZSI6ImFjY2VzcyJ9.TClo3lly8N2uvcWJhir4MIDE-vJ2Q33-zjTP6pnOjQ8',
  'user-agent': 'axios/1.12.2',
  'content-length': '539',
  'accept-encoding': 'gzip, compress, deflate, br',
  host: 'localhost:4000',
  connection: 'close'
}
[requireAccess] Detected JWT
[TenantPlugin] Pre-hook triggered for: findOne
[TenantPlugin] Options: {}
[requireAccess] Authenticated user: {
  roles: [],
  isOwner: true,
  isSuper: true,
  isSaby: true,
  isAgreed: false,
  createdBy: null,
  otp: null,
  otpExpires: null,
  otpVerified: true,
  phoneNumber: null,
  isPhoneVerified: false,
  isEmailVerified: true,
  avatar: 'https://halocrm.s3.us-east-1.amazonaws.com/user/avatar-09.webp',
  status: true,
  deletedAt: null,
  _id: 68e4cb96d180b0285d9a701d,
  firstname: 'Debby',
  lastname: 'Adebowale',
  email: 'saby@saby.ai',
  password: '$2a$08$o1.0/o0J3cDHswtnBPpdO.0KNYtXslW0gYv8ZcwaRkUdsupCw5dH.',
  userId: '0YXBcDcxPH',
  tenantId: 'hWiWJ_X0m6',
  createdAt: 2025-10-07T08:13:10.710Z,
  updatedAt: 2025-10-10T19:17:53.368Z,
  haloId: 'HL-00030',
  __v: 0
}
[requireAccess] Resolved access: user
[32minfo[39m: 📝 Accepting submission for project proj_Mrs538IYtOfd (form validation: disabled)
[32minfo[39m: 📥 Submission enqueued - Job ID: hWiWJ_X0m6-1761234132233 | Tenant: hWiWJ_X0m6
📡 Emitted activity update to tenant:hWiWJ_X0m6
[32minfo[39m: [Activity] queued - queued - Job: hWiWJ_X0m6-1761234132233 - PERM submission queued for 2025-10-01
[32minfo[39m: POST /v1/submissions 202 - 190.294 ms
[32minfo[39m: [Worker] Processing PERM submission for project=proj_Mrs538IYtOfd (Attempt 1/3)
📡 Emitted activity update to tenant:hWiWJ_X0m6
[32minfo[39m: [Activity] processing - in progress - Job: hWiWJ_X0m6-1761234132233 - Processing PERM submission for 2025-10-01
[32minfo[39m: [Worker] Calling permSubmissionService.submitPERMData for PERM submission
[32minfo[39m: ✅ PERM submission updated: 6f6a0981-03c6-4eb0-b878-5c3f227962d0
[32minfo[39m: [Worker] PERM submission updated - 6f6a0981-03c6-4eb0-b878-5c3f227962d0 (80% compliance, 4/5 events, status: partial)
📡 Emitted activity update to tenant:hWiWJ_X0m6
[32minfo[39m: [Activity] completed - success - Job: hWiWJ_X0m6-1761234132233 - PERM submission completed (80.00% compliance)
[TenantPlugin] Pre-hook triggered for: findOne
[TenantPlugin] Options: {}
[32minfo[39m: ✅ Email sent to saby@saby.ai: ⚠️ Compliance Warning - node_test_1761234127652
[32minfo[39m: ✅ Warning queued for saby@saby.ai (40%)
[32minfo[39m: ✅ Submission job completed - ID: hWiWJ_X0m6-1761234127662
[32minfo[39m: ✅ Submission worker completed job: hWiWJ_X0m6-1761234127662
[requireAccess] Checking access for endpoint: /v1/submissions?tenant_id=hWiWJ_X0m6&project_id=proj_Mrs538IYtOfd&node_id=node_test_1761234127652&month=2025-10-01&perm_enabled=true {
  permissions: [],
  scope: undefined,
  environment: undefined,
  jwtOnly: false,
  apiOnly: false
}
[requireAccess] Incoming headers: {
  Authorization: 'Bearer eyJhbGciOiJIUzI1NiIsInR5cCI6IkpXVCJ9.eyJzdWIiOiI2OGU0Y2I5NmQxODBiMDI4NWQ5YTcwMWQiLCJpYXQiOjE3NjEyMzQxMjcsImV4cCI6MTc2MTIzNTkyNywidHlwZSI6ImFjY2VzcyJ9.TClo3lly8N2uvcWJhir4MIDE-vJ2Q33-zjTP6pnOjQ8',
  'x-api-key': undefined,
  requiredPermissions: []
}
[requireAccess] Full request headers: {
  accept: 'application/json, text/plain, */*',
  'content-type': 'application/json',
  authorization: 'Bearer eyJhbGciOiJIUzI1NiIsInR5cCI6IkpXVCJ9.eyJzdWIiOiI2OGU0Y2I5NmQxODBiMDI4NWQ5YTcwMWQiLCJpYXQiOjE3NjEyMzQxMjcsImV4cCI6MTc2MTIzNTkyNywidHlwZSI6ImFjY2VzcyJ9.TClo3lly8N2uvcWJhir4MIDE-vJ2Q33-zjTP6pnOjQ8',
  'user-agent': 'axios/1.12.2',
  'accept-encoding': 'gzip, compress, deflate, br',
  host: 'localhost:4000',
  connection: 'close'
}
[requireAccess] Detected JWT
[TenantPlugin] Pre-hook triggered for: findOne
[TenantPlugin] Options: {}
[requireAccess] Authenticated user: {
  roles: [],
  isOwner: true,
  isSuper: true,
  isSaby: true,
  isAgreed: false,
  createdBy: null,
  otp: null,
  otpExpires: null,
  otpVerified: true,
  phoneNumber: null,
  isPhoneVerified: false,
  isEmailVerified: true,
  avatar: 'https://halocrm.s3.us-east-1.amazonaws.com/user/avatar-09.webp',
  status: true,
  deletedAt: null,
  _id: 68e4cb96d180b0285d9a701d,
  firstname: 'Debby',
  lastname: 'Adebowale',
  email: 'saby@saby.ai',
  password: '$2a$08$o1.0/o0J3cDHswtnBPpdO.0KNYtXslW0gYv8ZcwaRkUdsupCw5dH.',
  userId: '0YXBcDcxPH',
  tenantId: 'hWiWJ_X0m6',
  createdAt: 2025-10-07T08:13:10.710Z,
  updatedAt: 2025-10-10T19:17:53.368Z,
  haloId: 'HL-00030',
  __v: 0
}
[requireAccess] Resolved access: user
[32minfo[39m: GET /v1/submissions?tenant_id=hWiWJ_X0m6&project_id=proj_Mrs538IYtOfd&node_id=node_test_1761234127652&month=2025-10-01&perm_enabled=true 200 - 181.496 ms
[requireAccess] Checking access for endpoint: /v1/submissions {
  permissions: [],
  scope: undefined,
  environment: undefined,
  jwtOnly: false,
  apiOnly: false
}
[requireAccess] Incoming headers: {
  Authorization: 'Bearer eyJhbGciOiJIUzI1NiIsInR5cCI6IkpXVCJ9.eyJzdWIiOiI2OGU0Y2I5NmQxODBiMDI4NWQ5YTcwMWQiLCJpYXQiOjE3NjEyMzQxMjcsImV4cCI6MTc2MTIzNTkyNywidHlwZSI6ImFjY2VzcyJ9.TClo3lly8N2uvcWJhir4MIDE-vJ2Q33-zjTP6pnOjQ8',
  'x-api-key': undefined,
  requiredPermissions: []
}
[requireAccess] Full request headers: {
  accept: 'application/json, text/plain, */*',
  'content-type': 'application/json',
  authorization: 'Bearer eyJhbGciOiJIUzI1NiIsInR5cCI6IkpXVCJ9.eyJzdWIiOiI2OGU0Y2I5NmQxODBiMDI4NWQ5YTcwMWQiLCJpYXQiOjE3NjEyMzQxMjcsImV4cCI6MTc2MTIzNTkyNywidHlwZSI6ImFjY2VzcyJ9.TClo3lly8N2uvcWJhir4MIDE-vJ2Q33-zjTP6pnOjQ8',
  'user-agent': 'axios/1.12.2',
  'content-length': '479',
  'accept-encoding': 'gzip, compress, deflate, br',
  host: 'localhost:4000',
  connection: 'close'
}
[requireAccess] Detected JWT
[TenantPlugin] Pre-hook triggered for: findOne
[TenantPlugin] Options: {}
[requireAccess] Authenticated user: {
  roles: [],
  isOwner: true,
  isSuper: true,
  isSaby: true,
  isAgreed: false,
  createdBy: null,
  otp: null,
  otpExpires: null,
  otpVerified: true,
  phoneNumber: null,
  isPhoneVerified: false,
  isEmailVerified: true,
  avatar: 'https://halocrm.s3.us-east-1.amazonaws.com/user/avatar-09.webp',
  status: true,
  deletedAt: null,
  _id: 68e4cb96d180b0285d9a701d,
  firstname: 'Debby',
  lastname: 'Adebowale',
  email: 'saby@saby.ai',
  password: '$2a$08$o1.0/o0J3cDHswtnBPpdO.0KNYtXslW0gYv8ZcwaRkUdsupCw5dH.',
  userId: '0YXBcDcxPH',
  tenantId: 'hWiWJ_X0m6',
  createdAt: 2025-10-07T08:13:10.710Z,
  updatedAt: 2025-10-10T19:17:53.368Z,
  haloId: 'HL-00030',
  __v: 0
}
[requireAccess] Resolved access: user
[32minfo[39m: 📝 Accepting submission for project proj_Mrs538IYtOfd (form validation: disabled)
[32minfo[39m: 📥 Submission enqueued - Job ID: hWiWJ_X0m6-1761234135625 | Tenant: hWiWJ_X0m6
📡 Emitted activity update to tenant:hWiWJ_X0m6
[32minfo[39m: [Activity] queued - queued - Job: hWiWJ_X0m6-1761234135625 - PERM submission queued for 2025-10-01
[32minfo[39m: POST /v1/submissions 202 - 190.600 ms
[32minfo[39m: ✅ Email sent to saby@saby.ai: ✅ Submission Received - PERM Event Tracking Test
[32minfo[39m: ✅ Confirmation email queued for saby@saby.ai
[32minfo[39m: ✅ Submission job completed - ID: hWiWJ_X0m6-1761234132233
[32minfo[39m: ✅ Submission worker completed job: hWiWJ_X0m6-1761234132233
[32minfo[39m: [Worker] Processing PERM submission for project=proj_Mrs538IYtOfd (Attempt 1/3)
📡 Emitted activity update to tenant:hWiWJ_X0m6
[32minfo[39m: [Activity] processing - in progress - Job: hWiWJ_X0m6-1761234135625 - Processing PERM submission for 2025-10-01
[32minfo[39m: [Worker] Calling permSubmissionService.submitPERMData for PERM submission
[32minfo[39m: ✅ PERM submission updated: 6f6a0981-03c6-4eb0-b878-5c3f227962d0
[32minfo[39m: [Worker] PERM submission updated - 6f6a0981-03c6-4eb0-b878-5c3f227962d0 (100% compliance, 5/5 events, status: complete)
📡 Emitted activity update to tenant:hWiWJ_X0m6
[32minfo[39m: [Activity] completed - success - Job: hWiWJ_X0m6-1761234135625 - PERM submission completed (100.00% compliance)
[TenantPlugin] Pre-hook triggered for: findOne
[TenantPlugin] Options: {}
[requireAccess] Checking access for endpoint: /v1/submissions?tenant_id=hWiWJ_X0m6&project_id=proj_Mrs538IYtOfd&node_id=node_test_1761234127652&month=2025-10-01&perm_enabled=true {
  permissions: [],
  scope: undefined,
  environment: undefined,
  jwtOnly: false,
  apiOnly: false
}
[requireAccess] Incoming headers: {
  Authorization: 'Bearer eyJhbGciOiJIUzI1NiIsInR5cCI6IkpXVCJ9.eyJzdWIiOiI2OGU0Y2I5NmQxODBiMDI4NWQ5YTcwMWQiLCJpYXQiOjE3NjEyMzQxMjcsImV4cCI6MTc2MTIzNTkyNywidHlwZSI6ImFjY2VzcyJ9.TClo3lly8N2uvcWJhir4MIDE-vJ2Q33-zjTP6pnOjQ8',
  'x-api-key': undefined,
  requiredPermissions: []
}
[requireAccess] Full request headers: {
  accept: 'application/json, text/plain, */*',
  'content-type': 'application/json',
  authorization: 'Bearer eyJhbGciOiJIUzI1NiIsInR5cCI6IkpXVCJ9.eyJzdWIiOiI2OGU0Y2I5NmQxODBiMDI4NWQ5YTcwMWQiLCJpYXQiOjE3NjEyMzQxMjcsImV4cCI6MTc2MTIzNTkyNywidHlwZSI6ImFjY2VzcyJ9.TClo3lly8N2uvcWJhir4MIDE-vJ2Q33-zjTP6pnOjQ8',
  'user-agent': 'axios/1.12.2',
  'accept-encoding': 'gzip, compress, deflate, br',
  host: 'localhost:4000',
  connection: 'close'
}
[requireAccess] Detected JWT
[TenantPlugin] Pre-hook triggered for: findOne
[TenantPlugin] Options: {}
[requireAccess] Authenticated user: {
  roles: [],
  isOwner: true,
  isSuper: true,
  isSaby: true,
  isAgreed: false,
  createdBy: null,
  otp: null,
  otpExpires: null,
  otpVerified: true,
  phoneNumber: null,
  isPhoneVerified: false,
  isEmailVerified: true,
  avatar: 'https://halocrm.s3.us-east-1.amazonaws.com/user/avatar-09.webp',
  status: true,
  deletedAt: null,
  _id: 68e4cb96d180b0285d9a701d,
  firstname: 'Debby',
  lastname: 'Adebowale',
  email: 'saby@saby.ai',
  password: '$2a$08$o1.0/o0J3cDHswtnBPpdO.0KNYtXslW0gYv8ZcwaRkUdsupCw5dH.',
  userId: '0YXBcDcxPH',
  tenantId: 'hWiWJ_X0m6',
  createdAt: 2025-10-07T08:13:10.710Z,
  updatedAt: 2025-10-10T19:17:53.368Z,
  haloId: 'HL-00030',
  __v: 0
}
[requireAccess] Resolved access: user
[32minfo[39m: GET /v1/submissions?tenant_id=hWiWJ_X0m6&project_id=proj_Mrs538IYtOfd&node_id=node_test_1761234127652&month=2025-10-01&perm_enabled=true 200 - 185.939 ms
[requireAccess] Checking access for endpoint: /v1/submissions {
  permissions: [],
  scope: undefined,
  environment: undefined,
  jwtOnly: false,
  apiOnly: false
}
[requireAccess] Incoming headers: {
  Authorization: 'Bearer eyJhbGciOiJIUzI1NiIsInR5cCI6IkpXVCJ9.eyJzdWIiOiI2OGU0Y2I5NmQxODBiMDI4NWQ5YTcwMWQiLCJpYXQiOjE3NjEyMzQxMjcsImV4cCI6MTc2MTIzNTkyNywidHlwZSI6ImFjY2VzcyJ9.TClo3lly8N2uvcWJhir4MIDE-vJ2Q33-zjTP6pnOjQ8',
  'x-api-key': undefined,
  requiredPermissions: []
}
[requireAccess] Full request headers: {
  accept: 'application/json, text/plain, */*',
  'content-type': 'application/json',
  authorization: 'Bearer eyJhbGciOiJIUzI1NiIsInR5cCI6IkpXVCJ9.eyJzdWIiOiI2OGU0Y2I5NmQxODBiMDI4NWQ5YTcwMWQiLCJpYXQiOjE3NjEyMzQxMjcsImV4cCI6MTc2MTIzNTkyNywidHlwZSI6ImFjY2VzcyJ9.TClo3lly8N2uvcWJhir4MIDE-vJ2Q33-zjTP6pnOjQ8',
  'user-agent': 'axios/1.12.2',
  'content-length': '431',
  'accept-encoding': 'gzip, compress, deflate, br',
  host: 'localhost:4000',
  connection: 'close'
}
[requireAccess] Detected JWT
[TenantPlugin] Pre-hook triggered for: findOne
[TenantPlugin] Options: {}
[requireAccess] Authenticated user: {
  roles: [],
  isOwner: true,
  isSuper: true,
  isSaby: true,
  isAgreed: false,
  createdBy: null,
  otp: null,
  otpExpires: null,
  otpVerified: true,
  phoneNumber: null,
  isPhoneVerified: false,
  isEmailVerified: true,
  avatar: 'https://halocrm.s3.us-east-1.amazonaws.com/user/avatar-09.webp',
  status: true,
  deletedAt: null,
  _id: 68e4cb96d180b0285d9a701d,
  firstname: 'Debby',
  lastname: 'Adebowale',
  email: 'saby@saby.ai',
  password: '$2a$08$o1.0/o0J3cDHswtnBPpdO.0KNYtXslW0gYv8ZcwaRkUdsupCw5dH.',
  userId: '0YXBcDcxPH',
  tenantId: 'hWiWJ_X0m6',
  createdAt: 2025-10-07T08:13:10.710Z,
  updatedAt: 2025-10-10T19:17:53.368Z,
  haloId: 'HL-00030',
  __v: 0
}
[requireAccess] Resolved access: user
[32minfo[39m: 📝 Accepting submission for project proj_Mrs538IYtOfd (form validation: disabled)
[32minfo[39m: 📥 Submission enqueued - Job ID: hWiWJ_X0m6-1761234139024 | Tenant: hWiWJ_X0m6
📡 Emitted activity update to tenant:hWiWJ_X0m6
[32minfo[39m: [Activity] queued - queued - Job: hWiWJ_X0m6-1761234139024 - PERM submission queued for 2025-10-01
[32minfo[39m: POST /v1/submissions 202 - 191.302 ms
[32minfo[39m: ✅ Email sent to saby@saby.ai: ✅ Submission Received - proj_Mrs538IYtOfd
[32minfo[39m: ✅ Confirmation email queued for saby@saby.ai
[32minfo[39m: [Worker] Processing PERM submission for project=proj_Mrs538IYtOfd (Attempt 1/3)
📡 Emitted activity update to tenant:hWiWJ_X0m6
[32minfo[39m: [Activity] processing - in progress - Job: hWiWJ_X0m6-1761234139024 - Processing PERM submission for 2025-10-01
[32minfo[39m: [Worker] Calling permSubmissionService.submitPERMData for PERM submission
[32minfo[39m: ✅ PERM submission created: 9d95517e-a106-401c-a58e-70c1a11b4054
[32minfo[39m: [Worker] PERM submission created - 9d95517e-a106-401c-a58e-70c1a11b4054 (20% compliance, 1/5 events, status: incomplete)
[32minfo[39m: ✅ Email sent to saby@saby.ai: ✅ 100% Compliance Achieved - node_test_1761234127652
[32minfo[39m: ✅ Completion email queued for saby@saby.ai (100%)
[32minfo[39m: ✅ Submission job completed - ID: hWiWJ_X0m6-1761234135625
[32minfo[39m: ✅ Submission worker completed job: hWiWJ_X0m6-1761234135625
📡 Emitted activity update to tenant:hWiWJ_X0m6
[32minfo[39m: [Activity] completed - success - Job: hWiWJ_X0m6-1761234139024 - PERM submission completed (20.00% compliance)
[TenantPlugin] Pre-hook triggered for: findOne
[TenantPlugin] Options: {}
[requireAccess] Checking access for endpoint: /v1/submissions?tenant_id=hWiWJ_X0m6&project_id=proj_Mrs538IYtOfd&month=2025-10-01&perm_enabled=true {
  permissions: [],
  scope: undefined,
  environment: undefined,
  jwtOnly: false,
  apiOnly: false
}
[requireAccess] Incoming headers: {
  Authorization: 'Bearer eyJhbGciOiJIUzI1NiIsInR5cCI6IkpXVCJ9.eyJzdWIiOiI2OGU0Y2I5NmQxODBiMDI4NWQ5YTcwMWQiLCJpYXQiOjE3NjEyMzQxMjcsImV4cCI6MTc2MTIzNTkyNywidHlwZSI6ImFjY2VzcyJ9.TClo3lly8N2uvcWJhir4MIDE-vJ2Q33-zjTP6pnOjQ8',
  'x-api-key': undefined,
  requiredPermissions: []
}
[requireAccess] Full request headers: {
  accept: 'application/json, text/plain, */*',
  'content-type': 'application/json',
  authorization: 'Bearer eyJhbGciOiJIUzI1NiIsInR5cCI6IkpXVCJ9.eyJzdWIiOiI2OGU0Y2I5NmQxODBiMDI4NWQ5YTcwMWQiLCJpYXQiOjE3NjEyMzQxMjcsImV4cCI6MTc2MTIzNTkyNywidHlwZSI6ImFjY2VzcyJ9.TClo3lly8N2uvcWJhir4MIDE-vJ2Q33-zjTP6pnOjQ8',
  'user-agent': 'axios/1.12.2',
  'accept-encoding': 'gzip, compress, deflate, br',
  host: 'localhost:4000',
  connection: 'close'
}
[requireAccess] Detected JWT
[TenantPlugin] Pre-hook triggered for: findOne
[TenantPlugin] Options: {}
[requireAccess] Authenticated user: {
  roles: [],
  isOwner: true,
  isSuper: true,
  isSaby: true,
  isAgreed: false,
  createdBy: null,
  otp: null,
  otpExpires: null,
  otpVerified: true,
  phoneNumber: null,
  isPhoneVerified: false,
  isEmailVerified: true,
  avatar: 'https://halocrm.s3.us-east-1.amazonaws.com/user/avatar-09.webp',
  status: true,
  deletedAt: null,
  _id: 68e4cb96d180b0285d9a701d,
  firstname: 'Debby',
  lastname: 'Adebowale',
  email: 'saby@saby.ai',
  password: '$2a$08$o1.0/o0J3cDHswtnBPpdO.0KNYtXslW0gYv8ZcwaRkUdsupCw5dH.',
  userId: '0YXBcDcxPH',
  tenantId: 'hWiWJ_X0m6',
  createdAt: 2025-10-07T08:13:10.710Z,
  updatedAt: 2025-10-10T19:17:53.368Z,
  haloId: 'HL-00030',
  __v: 0
}
[requireAccess] Resolved access: user
[32minfo[39m: GET /v1/submissions?tenant_id=hWiWJ_X0m6&project_id=proj_Mrs538IYtOfd&month=2025-10-01&perm_enabled=true 200 - 369.906 ms
[requireAccess] Checking access for endpoint: /v1/submissions {
  permissions: [],
  scope: undefined,
  environment: undefined,
  jwtOnly: false,
  apiOnly: false
}
[requireAccess] Incoming headers: {
  Authorization: 'Bearer eyJhbGciOiJIUzI1NiIsInR5cCI6IkpXVCJ9.eyJzdWIiOiI2OGU0Y2I5NmQxODBiMDI4NWQ5YTcwMWQiLCJpYXQiOjE3NjEyMzQxMjcsImV4cCI6MTc2MTIzNTkyNywidHlwZSI6ImFjY2VzcyJ9.TClo3lly8N2uvcWJhir4MIDE-vJ2Q33-zjTP6pnOjQ8',
  'x-api-key': undefined,
  requiredPermissions: []
}
[requireAccess] Full request headers: {
  accept: 'application/json, text/plain, */*',
  'content-type': 'application/json',
  authorization: 'Bearer eyJhbGciOiJIUzI1NiIsInR5cCI6IkpXVCJ9.eyJzdWIiOiI2OGU0Y2I5NmQxODBiMDI4NWQ5YTcwMWQiLCJpYXQiOjE3NjEyMzQxMjcsImV4cCI6MTc2MTIzNTkyNywidHlwZSI6ImFjY2VzcyJ9.TClo3lly8N2uvcWJhir4MIDE-vJ2Q33-zjTP6pnOjQ8',
  'user-agent': 'axios/1.12.2',
  'content-length': '448',
  'accept-encoding': 'gzip, compress, deflate, br',
  host: 'localhost:4000',
  connection: 'close'
}
[requireAccess] Detected JWT
[TenantPlugin] Pre-hook triggered for: findOne
[TenantPlugin] Options: {}
[requireAccess] Authenticated user: {
  roles: [],
  isOwner: true,
  isSuper: true,
  isSaby: true,
  isAgreed: false,
  createdBy: null,
  otp: null,
  otpExpires: null,
  otpVerified: true,
  phoneNumber: null,
  isPhoneVerified: false,
  isEmailVerified: true,
  avatar: 'https://halocrm.s3.us-east-1.amazonaws.com/user/avatar-09.webp',
  status: true,
  deletedAt: null,
  _id: 68e4cb96d180b0285d9a701d,
  firstname: 'Debby',
  lastname: 'Adebowale',
  email: 'saby@saby.ai',
  password: '$2a$08$o1.0/o0J3cDHswtnBPpdO.0KNYtXslW0gYv8ZcwaRkUdsupCw5dH.',
  userId: '0YXBcDcxPH',
  tenantId: 'hWiWJ_X0m6',
  createdAt: 2025-10-07T08:13:10.710Z,
  updatedAt: 2025-10-10T19:17:53.368Z,
  haloId: 'HL-00030',
  __v: 0
}
[requireAccess] Resolved access: user
[32minfo[39m: 📝 Accepting submission for project proj_Mrs538IYtOfd (form validation: disabled)
[32minfo[39m: 📥 Submission enqueued - Job ID: hWiWJ_X0m6-1761234142601 | Tenant: hWiWJ_X0m6
📡 Emitted activity update to tenant:hWiWJ_X0m6
[32minfo[39m: [Activity] queued - queued - Job: hWiWJ_X0m6-1761234142601 - PERM submission queued for 2025-11-01
[32minfo[39m: POST /v1/submissions 202 - 190.656 ms
[32minfo[39m: ✅ Email sent to saby@saby.ai: ✅ Submission Received - proj_Mrs538IYtOfd
[32minfo[39m: ✅ Confirmation email queued for saby@saby.ai
[requireAccess] Checking access for endpoint: /v1/submissions?tenant_id=hWiWJ_X0m6&project_id=proj_Mrs538IYtOfd&node_id=node_test_1761234127652&month=2025-11-01&perm_enabled=true {
  permissions: [],
  scope: undefined,
  environment: undefined,
  jwtOnly: false,
  apiOnly: false
}
[requireAccess] Incoming headers: {
  Authorization: 'Bearer eyJhbGciOiJIUzI1NiIsInR5cCI6IkpXVCJ9.eyJzdWIiOiI2OGU0Y2I5NmQxODBiMDI4NWQ5YTcwMWQiLCJpYXQiOjE3NjEyMzQxMjcsImV4cCI6MTc2MTIzNTkyNywidHlwZSI6ImFjY2VzcyJ9.TClo3lly8N2uvcWJhir4MIDE-vJ2Q33-zjTP6pnOjQ8',
  'x-api-key': undefined,
  requiredPermissions: []
}
[requireAccess] Full request headers: {
  accept: 'application/json, text/plain, */*',
  'content-type': 'application/json',
  authorization: 'Bearer eyJhbGciOiJIUzI1NiIsInR5cCI6IkpXVCJ9.eyJzdWIiOiI2OGU0Y2I5NmQxODBiMDI4NWQ5YTcwMWQiLCJpYXQiOjE3NjEyMzQxMjcsImV4cCI6MTc2MTIzNTkyNywidHlwZSI6ImFjY2VzcyJ9.TClo3lly8N2uvcWJhir4MIDE-vJ2Q33-zjTP6pnOjQ8',
  'user-agent': 'axios/1.12.2',
  'accept-encoding': 'gzip, compress, deflate, br',
  host: 'localhost:4000',
  connection: 'close'
}
[requireAccess] Detected JWT
[TenantPlugin] Pre-hook triggered for: findOne
[TenantPlugin] Options: {}
[requireAccess] Authenticated user: {
  roles: [],
  isOwner: true,
  isSuper: true,
  isSaby: true,
  isAgreed: false,
  createdBy: null,
  otp: null,
  otpExpires: null,
  otpVerified: true,
  phoneNumber: null,
  isPhoneVerified: false,
  isEmailVerified: true,
  avatar: 'https://halocrm.s3.us-east-1.amazonaws.com/user/avatar-09.webp',
  status: true,
  deletedAt: null,
  _id: 68e4cb96d180b0285d9a701d,
  firstname: 'Debby',
  lastname: 'Adebowale',
  email: 'saby@saby.ai',
  password: '$2a$08$o1.0/o0J3cDHswtnBPpdO.0KNYtXslW0gYv8ZcwaRkUdsupCw5dH.',
  userId: '0YXBcDcxPH',
  tenantId: 'hWiWJ_X0m6',
  createdAt: 2025-10-07T08:13:10.710Z,
  updatedAt: 2025-10-10T19:17:53.368Z,
  haloId: 'HL-00030',
  __v: 0
}
[requireAccess] Resolved access: user
[32minfo[39m: GET /v1/submissions?tenant_id=hWiWJ_X0m6&project_id=proj_Mrs538IYtOfd&node_id=node_test_1761234127652&month=2025-11-01&perm_enabled=true 200 - 186.349 ms
[requireAccess] Checking access for endpoint: /v1/submissions?tenant_id=hWiWJ_X0m6&project_id=proj_Mrs538IYtOfd&perm_enabled=true {
  permissions: [],
  scope: undefined,
  environment: undefined,
  jwtOnly: false,
  apiOnly: false
}
[requireAccess] Incoming headers: {
  Authorization: 'Bearer eyJhbGciOiJIUzI1NiIsInR5cCI6IkpXVCJ9.eyJzdWIiOiI2OGU0Y2I5NmQxODBiMDI4NWQ5YTcwMWQiLCJpYXQiOjE3NjEyMzQxMjcsImV4cCI6MTc2MTIzNTkyNywidHlwZSI6ImFjY2VzcyJ9.TClo3lly8N2uvcWJhir4MIDE-vJ2Q33-zjTP6pnOjQ8',
  'x-api-key': undefined,
  requiredPermissions: []
}
[requireAccess] Full request headers: {
  accept: 'application/json, text/plain, */*',
  'content-type': 'application/json',
  authorization: 'Bearer eyJhbGciOiJIUzI1NiIsInR5cCI6IkpXVCJ9.eyJzdWIiOiI2OGU0Y2I5NmQxODBiMDI4NWQ5YTcwMWQiLCJpYXQiOjE3NjEyMzQxMjcsImV4cCI6MTc2MTIzNTkyNywidHlwZSI6ImFjY2VzcyJ9.TClo3lly8N2uvcWJhir4MIDE-vJ2Q33-zjTP6pnOjQ8',
  'user-agent': 'axios/1.12.2',
  'accept-encoding': 'gzip, compress, deflate, br',
  host: 'localhost:4000',
  connection: 'close'
}
[requireAccess] Detected JWT
[TenantPlugin] Pre-hook triggered for: findOne
[TenantPlugin] Options: {}
[requireAccess] Authenticated user: {
  roles: [],
  isOwner: true,
  isSuper: true,
  isSaby: true,
  isAgreed: false,
  createdBy: null,
  otp: null,
  otpExpires: null,
  otpVerified: true,
  phoneNumber: null,
  isPhoneVerified: false,
  isEmailVerified: true,
  avatar: 'https://halocrm.s3.us-east-1.amazonaws.com/user/avatar-09.webp',
  status: true,
  deletedAt: null,
  _id: 68e4cb96d180b0285d9a701d,
  firstname: 'Debby',
  lastname: 'Adebowale',
  email: 'saby@saby.ai',
  password: '$2a$08$o1.0/o0J3cDHswtnBPpdO.0KNYtXslW0gYv8ZcwaRkUdsupCw5dH.',
  userId: '0YXBcDcxPH',
  tenantId: 'hWiWJ_X0m6',
  createdAt: 2025-10-07T08:13:10.710Z,
  updatedAt: 2025-10-10T19:17:53.368Z,
  haloId: 'HL-00030',
  __v: 0
}
[requireAccess] Resolved access: user
[32minfo[39m: [Worker] Processing PERM submission for project=proj_Mrs538IYtOfd (Attempt 1/3)
📡 Emitted activity update to tenant:hWiWJ_X0m6
[32minfo[39m: [Activity] processing - in progress - Job: hWiWJ_X0m6-1761234142601 - Processing PERM submission for 2025-11-01
[32minfo[39m: [Worker] Calling permSubmissionService.submitPERMData for PERM submission
[32minfo[39m: GET /v1/submissions?tenant_id=hWiWJ_X0m6&project_id=proj_Mrs538IYtOfd&perm_enabled=true 200 - 368.175 ms
[requireAccess] Checking access for endpoint: /v1/submissions/activity-log/recent?tenant_id=hWiWJ_X0m6&limit=10 {
  permissions: [],
  scope: undefined,
  environment: undefined,
  jwtOnly: false,
  apiOnly: false
}
[requireAccess] Incoming headers: {
  Authorization: 'Bearer eyJhbGciOiJIUzI1NiIsInR5cCI6IkpXVCJ9.eyJzdWIiOiI2OGU0Y2I5NmQxODBiMDI4NWQ5YTcwMWQiLCJpYXQiOjE3NjEyMzQxMjcsImV4cCI6MTc2MTIzNTkyNywidHlwZSI6ImFjY2VzcyJ9.TClo3lly8N2uvcWJhir4MIDE-vJ2Q33-zjTP6pnOjQ8',
  'x-api-key': undefined,
  requiredPermissions: []
}
[requireAccess] Full request headers: {
  accept: 'application/json, text/plain, */*',
  'content-type': 'application/json',
  authorization: 'Bearer eyJhbGciOiJIUzI1NiIsInR5cCI6IkpXVCJ9.eyJzdWIiOiI2OGU0Y2I5NmQxODBiMDI4NWQ5YTcwMWQiLCJpYXQiOjE3NjEyMzQxMjcsImV4cCI6MTc2MTIzNTkyNywidHlwZSI6ImFjY2VzcyJ9.TClo3lly8N2uvcWJhir4MIDE-vJ2Q33-zjTP6pnOjQ8',
  'user-agent': 'axios/1.12.2',
  'accept-encoding': 'gzip, compress, deflate, br',
  host: 'localhost:4000',
  connection: 'close'
}
[requireAccess] Detected JWT
[TenantPlugin] Pre-hook triggered for: findOne
[TenantPlugin] Options: {}
[requireAccess] Authenticated user: {
  roles: [],
  isOwner: true,
  isSuper: true,
  isSaby: true,
  isAgreed: false,
  createdBy: null,
  otp: null,
  otpExpires: null,
  otpVerified: true,
  phoneNumber: null,
  isPhoneVerified: false,
  isEmailVerified: true,
  avatar: 'https://halocrm.s3.us-east-1.amazonaws.com/user/avatar-09.webp',
  status: true,
  deletedAt: null,
  _id: 68e4cb96d180b0285d9a701d,
  firstname: 'Debby',
  lastname: 'Adebowale',
  email: 'saby@saby.ai',
  password: '$2a$08$o1.0/o0J3cDHswtnBPpdO.0KNYtXslW0gYv8ZcwaRkUdsupCw5dH.',
  userId: '0YXBcDcxPH',
  tenantId: 'hWiWJ_X0m6',
  createdAt: 2025-10-07T08:13:10.710Z,
  updatedAt: 2025-10-10T19:17:53.368Z,
  haloId: 'HL-00030',
  __v: 0
}
[requireAccess] Resolved access: user
[32minfo[39m: GET /v1/submissions/activity-log/recent?tenant_id=hWiWJ_X0m6&limit=10 200 - 184.432 ms
[32minfo[39m: ✅ PERM submission created: d5b9208a-b76c-40b6-bd95-87ec466b9943
[32minfo[39m: [Worker] PERM submission created - d5b9208a-b76c-40b6-bd95-87ec466b9943 (60% compliance, 3/5 events, status: partial)
[32minfo[39m: GET /v1/submissions/activity-log/summary 200 - 183.928 ms
[32minfo[39m: ✅ Email sent to saby@saby.ai: ⚠️ URGENT: Low Compliance Alert - node_test_different_1761234139013
[32minfo[39m: ✅ Critical alert queued for saby@saby.ai (20%)
[32minfo[39m: ✅ Submission job completed - ID: hWiWJ_X0m6-1761234139024
[32minfo[39m: ✅ Submission worker completed job: hWiWJ_X0m6-1761234139024
📡 Emitted activity update to tenant:hWiWJ_X0m6
[32minfo[39m: [Activity] completed - success - Job: hWiWJ_X0m6-1761234142601 - PERM submission completed (60.00% compliance)
[TenantPlugin] Pre-hook triggered for: findOne
[TenantPlugin] Options: {}
[32minfo[39m: ✅ Email sent to saby@saby.ai: ✅ Submission Received - proj_Mrs538IYtOfd
[32minfo[39m: ✅ Confirmation email queued for saby@saby.ai
[32minfo[39m: ✅ Email sent to saby@saby.ai: ⚠️ Compliance Warning - node_test_1761234127652
[32minfo[39m: ✅ Warning queued for saby@saby.ai (60%)
[32minfo[39m: ✅ Submission job completed - ID: hWiWJ_X0m6-1761234142601
[32minfo[39m: ✅ Submission worker completed job: hWiWJ_X0m6-1761234142601
[TenantPlugin] Pre-hook triggered for: findOne
[TenantPlugin] Options: {}
expired token expiry time ---> 30
expired token ---> Moment<2025-10-23T17:13:04+01:00>
expired token ---> Moment<2025-10-23T17:43:04+01:00>
acess token --> eyJhbGciOiJIUzI1NiIsInR5cCI6IkpXVCJ9.eyJzdWIiOiI2OGU0Y2I5NmQxODBiMDI4NWQ5YTcwMWQiLCJpYXQiOjE3NjEyMzQxODQsImV4cCI6MTc2MTIzNTk4NCwidHlwZSI6ImFjY2VzcyJ9.txO0iNoxYgg9vMT356l4-nwiPNO_jvTtTcDR4C53vms
[32minfo[39m: POST /v1/auth/login 200 - 46.216 ms
[TenantPlugin] Pre-hook triggered for: findOne
[TenantPlugin] Options: {}
--- AUTH DEBUG ---
Route: /v1/node?tenantId=hWiWJ_X0m6&limit=1
HTTP Method: GET
Required Permissions: [ 'view:node' ]
[NODE CONTROLLER - QUERY] Query params: { tenantId: 'hWiWJ_X0m6', limit: 1 } Tenant: hWiWJ_X0m6
[NODE CONTROLLER - QUERY] Filter with tenantId: { tenantId: 'hWiWJ_X0m6' }
[TenantPlugin] paginate() - incoming options: { limit: 1, populate: 'level,structure,users.roles' }
[TenantPlugin] Pre-hook triggered for: countDocuments
[TenantPlugin] Options: {}
[TenantPlugin] Pre-hook triggered for: find
[TenantPlugin] Options: { sort: { createdAt: 1 }, skip: 0, limit: 1 }
[NODE CONTROLLER - QUERY] Found 0 nodes for tenant: hWiWJ_X0m6
[32minfo[39m: GET /v1/node?tenantId=hWiWJ_X0m6&limit=1 200 - 4.891 ms
[requireAccess] Checking access for endpoint: /v1/submissions {
  permissions: [],
  scope: undefined,
  environment: undefined,
  jwtOnly: false,
  apiOnly: false
}
[requireAccess] Incoming headers: {
  Authorization: 'Bearer eyJhbGciOiJIUzI1NiIsInR5cCI6IkpXVCJ9.eyJzdWIiOiI2OGU0Y2I5NmQxODBiMDI4NWQ5YTcwMWQiLCJpYXQiOjE3NjEyMzQxODQsImV4cCI6MTc2MTIzNTk4NCwidHlwZSI6ImFjY2VzcyJ9.txO0iNoxYgg9vMT356l4-nwiPNO_jvTtTcDR4C53vms',
  'x-api-key': undefined,
  requiredPermissions: []
}
[requireAccess] Full request headers: {
  accept: 'application/json, text/plain, */*',
  'content-type': 'application/json',
  authorization: 'Bearer eyJhbGciOiJIUzI1NiIsInR5cCI6IkpXVCJ9.eyJzdWIiOiI2OGU0Y2I5NmQxODBiMDI4NWQ5YTcwMWQiLCJpYXQiOjE3NjEyMzQxODQsImV4cCI6MTc2MTIzNTk4NCwidHlwZSI6ImFjY2VzcyJ9.txO0iNoxYgg9vMT356l4-nwiPNO_jvTtTcDR4C53vms',
  'user-agent': 'axios/1.12.2',
  'content-length': '510',
  'accept-encoding': 'gzip, compress, deflate, br',
  host: 'localhost:4000',
  connection: 'close'
}
[requireAccess] Detected JWT
[TenantPlugin] Pre-hook triggered for: findOne
[TenantPlugin] Options: {}
[requireAccess] Authenticated user: {
  roles: [],
  isOwner: true,
  isSuper: true,
  isSaby: true,
  isAgreed: false,
  createdBy: null,
  otp: null,
  otpExpires: null,
  otpVerified: true,
  phoneNumber: null,
  isPhoneVerified: false,
  isEmailVerified: true,
  avatar: 'https://halocrm.s3.us-east-1.amazonaws.com/user/avatar-09.webp',
  status: true,
  deletedAt: null,
  _id: 68e4cb96d180b0285d9a701d,
  firstname: 'Debby',
  lastname: 'Adebowale',
  email: 'saby@saby.ai',
  password: '$2a$08$o1.0/o0J3cDHswtnBPpdO.0KNYtXslW0gYv8ZcwaRkUdsupCw5dH.',
  userId: '0YXBcDcxPH',
  tenantId: 'hWiWJ_X0m6',
  createdAt: 2025-10-07T08:13:10.710Z,
  updatedAt: 2025-10-10T19:17:53.368Z,
  haloId: 'HL-00030',
  __v: 0
}
[requireAccess] Resolved access: user
[32minfo[39m: 📝 Accepting submission for project proj_Mrs538IYtOfd (form validation: disabled)
[32minfo[39m: 📥 Submission enqueued - Job ID: hWiWJ_X0m6-1761234184390 | Tenant: hWiWJ_X0m6
📡 Emitted activity update to tenant:hWiWJ_X0m6
[32minfo[39m: [Activity] queued - queued - Job: hWiWJ_X0m6-1761234184390 - PERM submission queued for 2025-10-01
[32minfo[39m: POST /v1/submissions 202 - 949.153 ms
[32minfo[39m: [Worker] Processing PERM submission for project=proj_Mrs538IYtOfd (Attempt 1/3)
📡 Emitted activity update to tenant:hWiWJ_X0m6
[32minfo[39m: [Activity] processing - in progress - Job: hWiWJ_X0m6-1761234184390 - Processing PERM submission for 2025-10-01
[32minfo[39m: [Worker] Calling permSubmissionService.submitPERMData for PERM submission
[32minfo[39m: ✅ PERM submission created: 1d3d1b39-6f29-47b3-94f0-a34edb1f8718
[32minfo[39m: [Worker] PERM submission created - 1d3d1b39-6f29-47b3-94f0-a34edb1f8718 (40% compliance, 2/5 events, status: partial)
📡 Emitted activity update to tenant:hWiWJ_X0m6
[32minfo[39m: [Activity] completed - success - Job: hWiWJ_X0m6-1761234184390 - PERM submission completed (40.00% compliance)
[TenantPlugin] Pre-hook triggered for: findOne
[TenantPlugin] Options: {}
[requireAccess] Checking access for endpoint: /v1/submissions/activity-log?tenant_id=hWiWJ_X0m6&limit=5 {
  permissions: [],
  scope: undefined,
  environment: undefined,
  jwtOnly: false,
  apiOnly: false
}
[requireAccess] Incoming headers: {
  Authorization: 'Bearer eyJhbGciOiJIUzI1NiIsInR5cCI6IkpXVCJ9.eyJzdWIiOiI2OGU0Y2I5NmQxODBiMDI4NWQ5YTcwMWQiLCJpYXQiOjE3NjEyMzQxODQsImV4cCI6MTc2MTIzNTk4NCwidHlwZSI6ImFjY2VzcyJ9.txO0iNoxYgg9vMT356l4-nwiPNO_jvTtTcDR4C53vms',
  'x-api-key': undefined,
  requiredPermissions: []
}
[requireAccess] Full request headers: {
  accept: 'application/json, text/plain, */*',
  'content-type': 'application/json',
  authorization: 'Bearer eyJhbGciOiJIUzI1NiIsInR5cCI6IkpXVCJ9.eyJzdWIiOiI2OGU0Y2I5NmQxODBiMDI4NWQ5YTcwMWQiLCJpYXQiOjE3NjEyMzQxODQsImV4cCI6MTc2MTIzNTk4NCwidHlwZSI6ImFjY2VzcyJ9.txO0iNoxYgg9vMT356l4-nwiPNO_jvTtTcDR4C53vms',
  'user-agent': 'axios/1.12.2',
  'accept-encoding': 'gzip, compress, deflate, br',
  host: 'localhost:4000',
  connection: 'close'
}
[requireAccess] Detected JWT
[TenantPlugin] Pre-hook triggered for: findOne
[TenantPlugin] Options: {}
[requireAccess] Authenticated user: {
  roles: [],
  isOwner: true,
  isSuper: true,
  isSaby: true,
  isAgreed: false,
  createdBy: null,
  otp: null,
  otpExpires: null,
  otpVerified: true,
  phoneNumber: null,
  isPhoneVerified: false,
  isEmailVerified: true,
  avatar: 'https://halocrm.s3.us-east-1.amazonaws.com/user/avatar-09.webp',
  status: true,
  deletedAt: null,
  _id: 68e4cb96d180b0285d9a701d,
  firstname: 'Debby',
  lastname: 'Adebowale',
  email: 'saby@saby.ai',
  password: '$2a$08$o1.0/o0J3cDHswtnBPpdO.0KNYtXslW0gYv8ZcwaRkUdsupCw5dH.',
  userId: '0YXBcDcxPH',
  tenantId: 'hWiWJ_X0m6',
  createdAt: 2025-10-07T08:13:10.710Z,
  updatedAt: 2025-10-10T19:17:53.368Z,
  haloId: 'HL-00030',
  __v: 0
}
[requireAccess] Resolved access: user
[32minfo[39m: GET /v1/submissions/activity-log?tenant_id=hWiWJ_X0m6&limit=5 200 - 368.804 ms
[requireAccess] Checking access for endpoint: /v1/submissions?tenant_id=hWiWJ_X0m6&project_id=proj_Mrs538IYtOfd&node_id=node_test_1761234184384&month=2025-10-01&perm_enabled=true {
  permissions: [],
  scope: undefined,
  environment: undefined,
  jwtOnly: false,
  apiOnly: false
}
[requireAccess] Incoming headers: {
  Authorization: 'Bearer eyJhbGciOiJIUzI1NiIsInR5cCI6IkpXVCJ9.eyJzdWIiOiI2OGU0Y2I5NmQxODBiMDI4NWQ5YTcwMWQiLCJpYXQiOjE3NjEyMzQxODQsImV4cCI6MTc2MTIzNTk4NCwidHlwZSI6ImFjY2VzcyJ9.txO0iNoxYgg9vMT356l4-nwiPNO_jvTtTcDR4C53vms',
  'x-api-key': undefined,
  requiredPermissions: []
}
[requireAccess] Full request headers: {
  accept: 'application/json, text/plain, */*',
  'content-type': 'application/json',
  authorization: 'Bearer eyJhbGciOiJIUzI1NiIsInR5cCI6IkpXVCJ9.eyJzdWIiOiI2OGU0Y2I5NmQxODBiMDI4NWQ5YTcwMWQiLCJpYXQiOjE3NjEyMzQxODQsImV4cCI6MTc2MTIzNTk4NCwidHlwZSI6ImFjY2VzcyJ9.txO0iNoxYgg9vMT356l4-nwiPNO_jvTtTcDR4C53vms',
  'user-agent': 'axios/1.12.2',
  'accept-encoding': 'gzip, compress, deflate, br',
  host: 'localhost:4000',
  connection: 'close'
}
[requireAccess] Detected JWT
[TenantPlugin] Pre-hook triggered for: findOne
[TenantPlugin] Options: {}
[requireAccess] Authenticated user: {
  roles: [],
  isOwner: true,
  isSuper: true,
  isSaby: true,
  isAgreed: false,
  createdBy: null,
  otp: null,
  otpExpires: null,
  otpVerified: true,
  phoneNumber: null,
  isPhoneVerified: false,
  isEmailVerified: true,
  avatar: 'https://halocrm.s3.us-east-1.amazonaws.com/user/avatar-09.webp',
  status: true,
  deletedAt: null,
  _id: 68e4cb96d180b0285d9a701d,
  firstname: 'Debby',
  lastname: 'Adebowale',
  email: 'saby@saby.ai',
  password: '$2a$08$o1.0/o0J3cDHswtnBPpdO.0KNYtXslW0gYv8ZcwaRkUdsupCw5dH.',
  userId: '0YXBcDcxPH',
  tenantId: 'hWiWJ_X0m6',
  createdAt: 2025-10-07T08:13:10.710Z,
  updatedAt: 2025-10-10T19:17:53.368Z,
  haloId: 'HL-00030',
  __v: 0
}
[requireAccess] Resolved access: user
[32minfo[39m: GET /v1/submissions?tenant_id=hWiWJ_X0m6&project_id=proj_Mrs538IYtOfd&node_id=node_test_1761234184384&month=2025-10-01&perm_enabled=true 200 - 188.990 ms
[requireAccess] Checking access for endpoint: /v1/submissions {
  permissions: [],
  scope: undefined,
  environment: undefined,
  jwtOnly: false,
  apiOnly: false
}
[requireAccess] Incoming headers: {
  Authorization: 'Bearer eyJhbGciOiJIUzI1NiIsInR5cCI6IkpXVCJ9.eyJzdWIiOiI2OGU0Y2I5NmQxODBiMDI4NWQ5YTcwMWQiLCJpYXQiOjE3NjEyMzQxODQsImV4cCI6MTc2MTIzNTk4NCwidHlwZSI6ImFjY2VzcyJ9.txO0iNoxYgg9vMT356l4-nwiPNO_jvTtTcDR4C53vms',
  'x-api-key': undefined,
  requiredPermissions: []
}
[requireAccess] Full request headers: {
  accept: 'application/json, text/plain, */*',
  'content-type': 'application/json',
  authorization: 'Bearer eyJhbGciOiJIUzI1NiIsInR5cCI6IkpXVCJ9.eyJzdWIiOiI2OGU0Y2I5NmQxODBiMDI4NWQ5YTcwMWQiLCJpYXQiOjE3NjEyMzQxODQsImV4cCI6MTc2MTIzNTk4NCwidHlwZSI6ImFjY2VzcyJ9.txO0iNoxYgg9vMT356l4-nwiPNO_jvTtTcDR4C53vms',
  'user-agent': 'axios/1.12.2',
  'content-length': '539',
  'accept-encoding': 'gzip, compress, deflate, br',
  host: 'localhost:4000',
  connection: 'close'
}
[requireAccess] Detected JWT
[TenantPlugin] Pre-hook triggered for: findOne
[TenantPlugin] Options: {}
[requireAccess] Authenticated user: {
  roles: [],
  isOwner: true,
  isSuper: true,
  isSaby: true,
  isAgreed: false,
  createdBy: null,
  otp: null,
  otpExpires: null,
  otpVerified: true,
  phoneNumber: null,
  isPhoneVerified: false,
  isEmailVerified: true,
  avatar: 'https://halocrm.s3.us-east-1.amazonaws.com/user/avatar-09.webp',
  status: true,
  deletedAt: null,
  _id: 68e4cb96d180b0285d9a701d,
  firstname: 'Debby',
  lastname: 'Adebowale',
  email: 'saby@saby.ai',
  password: '$2a$08$o1.0/o0J3cDHswtnBPpdO.0KNYtXslW0gYv8ZcwaRkUdsupCw5dH.',
  userId: '0YXBcDcxPH',
  tenantId: 'hWiWJ_X0m6',
  createdAt: 2025-10-07T08:13:10.710Z,
  updatedAt: 2025-10-10T19:17:53.368Z,
  haloId: 'HL-00030',
  __v: 0
}
[requireAccess] Resolved access: user
[32minfo[39m: 📝 Accepting submission for project proj_Mrs538IYtOfd (form validation: disabled)
[32minfo[39m: 📥 Submission enqueued - Job ID: hWiWJ_X0m6-1761234188926 | Tenant: hWiWJ_X0m6
📡 Emitted activity update to tenant:hWiWJ_X0m6
[32minfo[39m: [Activity] queued - queued - Job: hWiWJ_X0m6-1761234188926 - PERM submission queued for 2025-10-01
[32minfo[39m: POST /v1/submissions 202 - 186.901 ms
[32minfo[39m: ✅ Email sent to saby@saby.ai: ✅ Submission Received - PERM Event Tracking Test
[32minfo[39m: ✅ Confirmation email queued for saby@saby.ai
[32minfo[39m: [Worker] Processing PERM submission for project=proj_Mrs538IYtOfd (Attempt 1/3)
📡 Emitted activity update to tenant:hWiWJ_X0m6
[32minfo[39m: [Activity] processing - in progress - Job: hWiWJ_X0m6-1761234188926 - Processing PERM submission for 2025-10-01
[32minfo[39m: [Worker] Calling permSubmissionService.submitPERMData for PERM submission
[requireAccess] Checking access for endpoint: /v1/submissions?tenant_id=hWiWJ_X0m6&project_id=proj_Mrs538IYtOfd&node_id=node_test_1761234184384&month=2025-10-01&perm_enabled=true {
  permissions: [],
  scope: undefined,
  environment: undefined,
  jwtOnly: false,
  apiOnly: false
}
[requireAccess] Incoming headers: {
  Authorization: 'Bearer eyJhbGciOiJIUzI1NiIsInR5cCI6IkpXVCJ9.eyJzdWIiOiI2OGU0Y2I5NmQxODBiMDI4NWQ5YTcwMWQiLCJpYXQiOjE3NjEyMzQxODQsImV4cCI6MTc2MTIzNTk4NCwidHlwZSI6ImFjY2VzcyJ9.txO0iNoxYgg9vMT356l4-nwiPNO_jvTtTcDR4C53vms',
  'x-api-key': undefined,
  requiredPermissions: []
}
[requireAccess] Full request headers: {
  accept: 'application/json, text/plain, */*',
  'content-type': 'application/json',
  authorization: 'Bearer eyJhbGciOiJIUzI1NiIsInR5cCI6IkpXVCJ9.eyJzdWIiOiI2OGU0Y2I5NmQxODBiMDI4NWQ5YTcwMWQiLCJpYXQiOjE3NjEyMzQxODQsImV4cCI6MTc2MTIzNTk4NCwidHlwZSI6ImFjY2VzcyJ9.txO0iNoxYgg9vMT356l4-nwiPNO_jvTtTcDR4C53vms',
  'user-agent': 'axios/1.12.2',
  'accept-encoding': 'gzip, compress, deflate, br',
  host: 'localhost:4000',
  connection: 'close'
}
[requireAccess] Detected JWT
[TenantPlugin] Pre-hook triggered for: findOne
[TenantPlugin] Options: {}
[requireAccess] Authenticated user: {
  roles: [],
  isOwner: true,
  isSuper: true,
  isSaby: true,
  isAgreed: false,
  createdBy: null,
  otp: null,
  otpExpires: null,
  otpVerified: true,
  phoneNumber: null,
  isPhoneVerified: false,
  isEmailVerified: true,
  avatar: 'https://halocrm.s3.us-east-1.amazonaws.com/user/avatar-09.webp',
  status: true,
  deletedAt: null,
  _id: 68e4cb96d180b0285d9a701d,
  firstname: 'Debby',
  lastname: 'Adebowale',
  email: 'saby@saby.ai',
  password: '$2a$08$o1.0/o0J3cDHswtnBPpdO.0KNYtXslW0gYv8ZcwaRkUdsupCw5dH.',
  userId: '0YXBcDcxPH',
  tenantId: 'hWiWJ_X0m6',
  createdAt: 2025-10-07T08:13:10.710Z,
  updatedAt: 2025-10-10T19:17:53.368Z,
  haloId: 'HL-00030',
  __v: 0
}
[requireAccess] Resolved access: user
[32minfo[39m: ✅ PERM submission updated: 1d3d1b39-6f29-47b3-94f0-a34edb1f8718
[32minfo[39m: [Worker] PERM submission updated - 1d3d1b39-6f29-47b3-94f0-a34edb1f8718 (80% compliance, 4/5 events, status: partial)
📡 Emitted activity update to tenant:hWiWJ_X0m6
[32minfo[39m: [Activity] completed - success - Job: hWiWJ_X0m6-1761234188926 - PERM submission completed (80.00% compliance)
[TenantPlugin] Pre-hook triggered for: findOne
[TenantPlugin] Options: {}
[32minfo[39m: ✅ Email sent to saby@saby.ai: ⚠️ Compliance Warning - node_test_1761234184384
[32minfo[39m: ✅ Warning queued for saby@saby.ai (40%)
[32minfo[39m: ✅ Submission job completed - ID: hWiWJ_X0m6-1761234184390
[32minfo[39m: ✅ Submission worker completed job: hWiWJ_X0m6-1761234184390
[32minfo[39m: GET /v1/submissions?tenant_id=hWiWJ_X0m6&project_id=proj_Mrs538IYtOfd&node_id=node_test_1761234184384&month=2025-10-01&perm_enabled=true 200 - 966.130 ms
[requireAccess] Checking access for endpoint: /v1/submissions {
  permissions: [],
  scope: undefined,
  environment: undefined,
  jwtOnly: false,
  apiOnly: false
}
[requireAccess] Incoming headers: {
  Authorization: 'Bearer eyJhbGciOiJIUzI1NiIsInR5cCI6IkpXVCJ9.eyJzdWIiOiI2OGU0Y2I5NmQxODBiMDI4NWQ5YTcwMWQiLCJpYXQiOjE3NjEyMzQxODQsImV4cCI6MTc2MTIzNTk4NCwidHlwZSI6ImFjY2VzcyJ9.txO0iNoxYgg9vMT356l4-nwiPNO_jvTtTcDR4C53vms',
  'x-api-key': undefined,
  requiredPermissions: []
}
[requireAccess] Full request headers: {
  accept: 'application/json, text/plain, */*',
  'content-type': 'application/json',
  authorization: 'Bearer eyJhbGciOiJIUzI1NiIsInR5cCI6IkpXVCJ9.eyJzdWIiOiI2OGU0Y2I5NmQxODBiMDI4NWQ5YTcwMWQiLCJpYXQiOjE3NjEyMzQxODQsImV4cCI6MTc2MTIzNTk4NCwidHlwZSI6ImFjY2VzcyJ9.txO0iNoxYgg9vMT356l4-nwiPNO_jvTtTcDR4C53vms',
  'user-agent': 'axios/1.12.2',
  'content-length': '479',
  'accept-encoding': 'gzip, compress, deflate, br',
  host: 'localhost:4000',
  connection: 'close'
}
[requireAccess] Detected JWT
[TenantPlugin] Pre-hook triggered for: findOne
[TenantPlugin] Options: {}
[requireAccess] Authenticated user: {
  roles: [],
  isOwner: true,
  isSuper: true,
  isSaby: true,
  isAgreed: false,
  createdBy: null,
  otp: null,
  otpExpires: null,
  otpVerified: true,
  phoneNumber: null,
  isPhoneVerified: false,
  isEmailVerified: true,
  avatar: 'https://halocrm.s3.us-east-1.amazonaws.com/user/avatar-09.webp',
  status: true,
  deletedAt: null,
  _id: 68e4cb96d180b0285d9a701d,
  firstname: 'Debby',
  lastname: 'Adebowale',
  email: 'saby@saby.ai',
  password: '$2a$08$o1.0/o0J3cDHswtnBPpdO.0KNYtXslW0gYv8ZcwaRkUdsupCw5dH.',
  userId: '0YXBcDcxPH',
  tenantId: 'hWiWJ_X0m6',
  createdAt: 2025-10-07T08:13:10.710Z,
  updatedAt: 2025-10-10T19:17:53.368Z,
  haloId: 'HL-00030',
  __v: 0
}
[requireAccess] Resolved access: user
[32minfo[39m: 📝 Accepting submission for project proj_Mrs538IYtOfd (form validation: disabled)
[32minfo[39m: 📥 Submission enqueued - Job ID: hWiWJ_X0m6-1761234193095 | Tenant: hWiWJ_X0m6
📡 Emitted activity update to tenant:hWiWJ_X0m6
[32minfo[39m: [Activity] queued - queued - Job: hWiWJ_X0m6-1761234193095 - PERM submission queued for 2025-10-01
[32minfo[39m: POST /v1/submissions 202 - 203.113 ms
[32minfo[39m: ✅ Email sent to saby@saby.ai: ✅ Submission Received - PERM Event Tracking Test
[32minfo[39m: ✅ Confirmation email queued for saby@saby.ai
[32minfo[39m: ✅ Submission job completed - ID: hWiWJ_X0m6-1761234188926
[32minfo[39m: ✅ Submission worker completed job: hWiWJ_X0m6-1761234188926
[32minfo[39m: [Worker] Processing PERM submission for project=proj_Mrs538IYtOfd (Attempt 1/3)
📡 Emitted activity update to tenant:hWiWJ_X0m6
[32minfo[39m: [Activity] processing - in progress - Job: hWiWJ_X0m6-1761234193095 - Processing PERM submission for 2025-10-01
[32minfo[39m: [Worker] Calling permSubmissionService.submitPERMData for PERM submission
[32minfo[39m: ✅ PERM submission updated: 1d3d1b39-6f29-47b3-94f0-a34edb1f8718
[32minfo[39m: [Worker] PERM submission updated - 1d3d1b39-6f29-47b3-94f0-a34edb1f8718 (100% compliance, 5/5 events, status: complete)
📡 Emitted activity update to tenant:hWiWJ_X0m6
[32minfo[39m: [Activity] completed - success - Job: hWiWJ_X0m6-1761234193095 - PERM submission completed (100.00% compliance)
[TenantPlugin] Pre-hook triggered for: findOne
[TenantPlugin] Options: {}
[requireAccess] Checking access for endpoint: /v1/submissions?tenant_id=hWiWJ_X0m6&project_id=proj_Mrs538IYtOfd&node_id=node_test_1761234184384&month=2025-10-01&perm_enabled=true {
  permissions: [],
  scope: undefined,
  environment: undefined,
  jwtOnly: false,
  apiOnly: false
}
[requireAccess] Incoming headers: {
  Authorization: 'Bearer eyJhbGciOiJIUzI1NiIsInR5cCI6IkpXVCJ9.eyJzdWIiOiI2OGU0Y2I5NmQxODBiMDI4NWQ5YTcwMWQiLCJpYXQiOjE3NjEyMzQxODQsImV4cCI6MTc2MTIzNTk4NCwidHlwZSI6ImFjY2VzcyJ9.txO0iNoxYgg9vMT356l4-nwiPNO_jvTtTcDR4C53vms',
  'x-api-key': undefined,
  requiredPermissions: []
}
[requireAccess] Full request headers: {
  accept: 'application/json, text/plain, */*',
  'content-type': 'application/json',
  authorization: 'Bearer eyJhbGciOiJIUzI1NiIsInR5cCI6IkpXVCJ9.eyJzdWIiOiI2OGU0Y2I5NmQxODBiMDI4NWQ5YTcwMWQiLCJpYXQiOjE3NjEyMzQxODQsImV4cCI6MTc2MTIzNTk4NCwidHlwZSI6ImFjY2VzcyJ9.txO0iNoxYgg9vMT356l4-nwiPNO_jvTtTcDR4C53vms',
  'user-agent': 'axios/1.12.2',
  'accept-encoding': 'gzip, compress, deflate, br',
  host: 'localhost:4000',
  connection: 'close'
}
[requireAccess] Detected JWT
[TenantPlugin] Pre-hook triggered for: findOne
[TenantPlugin] Options: {}
[requireAccess] Authenticated user: {
  roles: [],
  isOwner: true,
  isSuper: true,
  isSaby: true,
  isAgreed: false,
  createdBy: null,
  otp: null,
  otpExpires: null,
  otpVerified: true,
  phoneNumber: null,
  isPhoneVerified: false,
  isEmailVerified: true,
  avatar: 'https://halocrm.s3.us-east-1.amazonaws.com/user/avatar-09.webp',
  status: true,
  deletedAt: null,
  _id: 68e4cb96d180b0285d9a701d,
  firstname: 'Debby',
  lastname: 'Adebowale',
  email: 'saby@saby.ai',
  password: '$2a$08$o1.0/o0J3cDHswtnBPpdO.0KNYtXslW0gYv8ZcwaRkUdsupCw5dH.',
  userId: '0YXBcDcxPH',
  tenantId: 'hWiWJ_X0m6',
  createdAt: 2025-10-07T08:13:10.710Z,
  updatedAt: 2025-10-10T19:17:53.368Z,
  haloId: 'HL-00030',
  __v: 0
}
[requireAccess] Resolved access: user
[32minfo[39m: GET /v1/submissions?tenant_id=hWiWJ_X0m6&project_id=proj_Mrs538IYtOfd&node_id=node_test_1761234184384&month=2025-10-01&perm_enabled=true 200 - 197.102 ms
[requireAccess] Checking access for endpoint: /v1/submissions {
  permissions: [],
  scope: undefined,
  environment: undefined,
  jwtOnly: false,
  apiOnly: false
}
[requireAccess] Incoming headers: {
  Authorization: 'Bearer eyJhbGciOiJIUzI1NiIsInR5cCI6IkpXVCJ9.eyJzdWIiOiI2OGU0Y2I5NmQxODBiMDI4NWQ5YTcwMWQiLCJpYXQiOjE3NjEyMzQxODQsImV4cCI6MTc2MTIzNTk4NCwidHlwZSI6ImFjY2VzcyJ9.txO0iNoxYgg9vMT356l4-nwiPNO_jvTtTcDR4C53vms',
  'x-api-key': undefined,
  requiredPermissions: []
}
[requireAccess] Full request headers: {
  accept: 'application/json, text/plain, */*',
  'content-type': 'application/json',
  authorization: 'Bearer eyJhbGciOiJIUzI1NiIsInR5cCI6IkpXVCJ9.eyJzdWIiOiI2OGU0Y2I5NmQxODBiMDI4NWQ5YTcwMWQiLCJpYXQiOjE3NjEyMzQxODQsImV4cCI6MTc2MTIzNTk4NCwidHlwZSI6ImFjY2VzcyJ9.txO0iNoxYgg9vMT356l4-nwiPNO_jvTtTcDR4C53vms',
  'user-agent': 'axios/1.12.2',
  'content-length': '431',
  'accept-encoding': 'gzip, compress, deflate, br',
  host: 'localhost:4000',
  connection: 'close'
}
[requireAccess] Detected JWT
[TenantPlugin] Pre-hook triggered for: findOne
[TenantPlugin] Options: {}
[requireAccess] Authenticated user: {
  roles: [],
  isOwner: true,
  isSuper: true,
  isSaby: true,
  isAgreed: false,
  createdBy: null,
  otp: null,
  otpExpires: null,
  otpVerified: true,
  phoneNumber: null,
  isPhoneVerified: false,
  isEmailVerified: true,
  avatar: 'https://halocrm.s3.us-east-1.amazonaws.com/user/avatar-09.webp',
  status: true,
  deletedAt: null,
  _id: 68e4cb96d180b0285d9a701d,
  firstname: 'Debby',
  lastname: 'Adebowale',
  email: 'saby@saby.ai',
  password: '$2a$08$o1.0/o0J3cDHswtnBPpdO.0KNYtXslW0gYv8ZcwaRkUdsupCw5dH.',
  userId: '0YXBcDcxPH',
  tenantId: 'hWiWJ_X0m6',
  createdAt: 2025-10-07T08:13:10.710Z,
  updatedAt: 2025-10-10T19:17:53.368Z,
  haloId: 'HL-00030',
  __v: 0
}
[requireAccess] Resolved access: user
[32minfo[39m: 📝 Accepting submission for project proj_Mrs538IYtOfd (form validation: disabled)
[32minfo[39m: 📥 Submission enqueued - Job ID: hWiWJ_X0m6-1761234196510 | Tenant: hWiWJ_X0m6
📡 Emitted activity update to tenant:hWiWJ_X0m6
[32minfo[39m: [Activity] queued - queued - Job: hWiWJ_X0m6-1761234196510 - PERM submission queued for 2025-10-01
[32minfo[39m: POST /v1/submissions 202 - 201.236 ms
[32minfo[39m: ✅ Email sent to saby@saby.ai: ✅ Submission Received - proj_Mrs538IYtOfd
[32minfo[39m: ✅ Confirmation email queued for saby@saby.ai
[requireAccess] Checking access for endpoint: /v1/submissions?tenant_id=hWiWJ_X0m6&project_id=proj_Mrs538IYtOfd&month=2025-10-01&perm_enabled=true {
  permissions: [],
  scope: undefined,
  environment: undefined,
  jwtOnly: false,
  apiOnly: false
}
[requireAccess] Incoming headers: {
  Authorization: 'Bearer eyJhbGciOiJIUzI1NiIsInR5cCI6IkpXVCJ9.eyJzdWIiOiI2OGU0Y2I5NmQxODBiMDI4NWQ5YTcwMWQiLCJpYXQiOjE3NjEyMzQxODQsImV4cCI6MTc2MTIzNTk4NCwidHlwZSI6ImFjY2VzcyJ9.txO0iNoxYgg9vMT356l4-nwiPNO_jvTtTcDR4C53vms',
  'x-api-key': undefined,
  requiredPermissions: []
}
[requireAccess] Full request headers: {
  accept: 'application/json, text/plain, */*',
  'content-type': 'application/json',
  authorization: 'Bearer eyJhbGciOiJIUzI1NiIsInR5cCI6IkpXVCJ9.eyJzdWIiOiI2OGU0Y2I5NmQxODBiMDI4NWQ5YTcwMWQiLCJpYXQiOjE3NjEyMzQxODQsImV4cCI6MTc2MTIzNTk4NCwidHlwZSI6ImFjY2VzcyJ9.txO0iNoxYgg9vMT356l4-nwiPNO_jvTtTcDR4C53vms',
  'user-agent': 'axios/1.12.2',
  'accept-encoding': 'gzip, compress, deflate, br',
  host: 'localhost:4000',
  connection: 'close'
}
[requireAccess] Detected JWT
[TenantPlugin] Pre-hook triggered for: findOne
[TenantPlugin] Options: {}
[requireAccess] Authenticated user: {
  roles: [],
  isOwner: true,
  isSuper: true,
  isSaby: true,
  isAgreed: false,
  createdBy: null,
  otp: null,
  otpExpires: null,
  otpVerified: true,
  phoneNumber: null,
  isPhoneVerified: false,
  isEmailVerified: true,
  avatar: 'https://halocrm.s3.us-east-1.amazonaws.com/user/avatar-09.webp',
  status: true,
  deletedAt: null,
  _id: 68e4cb96d180b0285d9a701d,
  firstname: 'Debby',
  lastname: 'Adebowale',
  email: 'saby@saby.ai',
  password: '$2a$08$o1.0/o0J3cDHswtnBPpdO.0KNYtXslW0gYv8ZcwaRkUdsupCw5dH.',
  userId: '0YXBcDcxPH',
  tenantId: 'hWiWJ_X0m6',
  createdAt: 2025-10-07T08:13:10.710Z,
  updatedAt: 2025-10-10T19:17:53.368Z,
  haloId: 'HL-00030',
  __v: 0
}
[requireAccess] Resolved access: user
[32minfo[39m: [Worker] Processing PERM submission for project=proj_Mrs538IYtOfd (Attempt 1/3)
[32minfo[39m: GET /v1/submissions?tenant_id=hWiWJ_X0m6&project_id=proj_Mrs538IYtOfd&month=2025-10-01&perm_enabled=true 200 - 382.149 ms
[requireAccess] Checking access for endpoint: /v1/submissions {
  permissions: [],
  scope: undefined,
  environment: undefined,
  jwtOnly: false,
  apiOnly: false
}
[requireAccess] Incoming headers: {
  Authorization: 'Bearer eyJhbGciOiJIUzI1NiIsInR5cCI6IkpXVCJ9.eyJzdWIiOiI2OGU0Y2I5NmQxODBiMDI4NWQ5YTcwMWQiLCJpYXQiOjE3NjEyMzQxODQsImV4cCI6MTc2MTIzNTk4NCwidHlwZSI6ImFjY2VzcyJ9.txO0iNoxYgg9vMT356l4-nwiPNO_jvTtTcDR4C53vms',
  'x-api-key': undefined,
  requiredPermissions: []
}
[requireAccess] Full request headers: {
  accept: 'application/json, text/plain, */*',
  'content-type': 'application/json',
  authorization: 'Bearer eyJhbGciOiJIUzI1NiIsInR5cCI6IkpXVCJ9.eyJzdWIiOiI2OGU0Y2I5NmQxODBiMDI4NWQ5YTcwMWQiLCJpYXQiOjE3NjEyMzQxODQsImV4cCI6MTc2MTIzNTk4NCwidHlwZSI6ImFjY2VzcyJ9.txO0iNoxYgg9vMT356l4-nwiPNO_jvTtTcDR4C53vms',
  'user-agent': 'axios/1.12.2',
  'content-length': '448',
  'accept-encoding': 'gzip, compress, deflate, br',
  host: 'localhost:4000',
  connection: 'close'
}
[requireAccess] Detected JWT
[TenantPlugin] Pre-hook triggered for: findOne
[TenantPlugin] Options: {}
[requireAccess] Authenticated user: {
  roles: [],
  isOwner: true,
  isSuper: true,
  isSaby: true,
  isAgreed: false,
  createdBy: null,
  otp: null,
  otpExpires: null,
  otpVerified: true,
  phoneNumber: null,
  isPhoneVerified: false,
  isEmailVerified: true,
  avatar: 'https://halocrm.s3.us-east-1.amazonaws.com/user/avatar-09.webp',
  status: true,
  deletedAt: null,
  _id: 68e4cb96d180b0285d9a701d,
  firstname: 'Debby',
  lastname: 'Adebowale',
  email: 'saby@saby.ai',
  password: '$2a$08$o1.0/o0J3cDHswtnBPpdO.0KNYtXslW0gYv8ZcwaRkUdsupCw5dH.',
  userId: '0YXBcDcxPH',
  tenantId: 'hWiWJ_X0m6',
  createdAt: 2025-10-07T08:13:10.710Z,
  updatedAt: 2025-10-10T19:17:53.368Z,
  haloId: 'HL-00030',
  __v: 0
}
[requireAccess] Resolved access: user
[32minfo[39m: 📝 Accepting submission for project proj_Mrs538IYtOfd (form validation: disabled)
[32minfo[39m: 📥 Submission enqueued - Job ID: hWiWJ_X0m6-1761234200116 | Tenant: hWiWJ_X0m6
📡 Emitted activity update to tenant:hWiWJ_X0m6
[32minfo[39m: [Activity] processing - in progress - Job: hWiWJ_X0m6-1761234196510 - Processing PERM submission for 2025-10-01
[32minfo[39m: [Worker] Calling permSubmissionService.submitPERMData for PERM submission
📡 Emitted activity update to tenant:hWiWJ_X0m6
[32minfo[39m: [Activity] queued - queued - Job: hWiWJ_X0m6-1761234200116 - PERM submission queued for 2025-11-01
[32minfo[39m: POST /v1/submissions 202 - 201.405 ms
[32minfo[39m: ✅ PERM submission created: 0abbc887-a621-4c50-8f08-cab9e56fff86
[32minfo[39m: [Worker] PERM submission created - 0abbc887-a621-4c50-8f08-cab9e56fff86 (20% compliance, 1/5 events, status: incomplete)
📡 Emitted activity update to tenant:hWiWJ_X0m6
[32minfo[39m: [Activity] completed - success - Job: hWiWJ_X0m6-1761234196510 - PERM submission completed (20.00% compliance)
[TenantPlugin] Pre-hook triggered for: findOne
[TenantPlugin] Options: {}
[32minfo[39m: ✅ Email sent to saby@saby.ai: ✅ 100% Compliance Achieved - node_test_1761234184384
[32minfo[39m: ✅ Completion email queued for saby@saby.ai (100%)
[32minfo[39m: ✅ Submission job completed - ID: hWiWJ_X0m6-1761234193095
[32minfo[39m: ✅ Submission worker completed job: hWiWJ_X0m6-1761234193095
[32minfo[39m: [Worker] Processing PERM submission for project=proj_Mrs538IYtOfd (Attempt 1/3)
📡 Emitted activity update to tenant:hWiWJ_X0m6
[32minfo[39m: [Activity] processing - in progress - Job: hWiWJ_X0m6-1761234200116 - Processing PERM submission for 2025-11-01
[32minfo[39m: [Worker] Calling permSubmissionService.submitPERMData for PERM submission
[32minfo[39m: ✅ PERM submission created: 52f13a8b-d45c-4868-8e67-3df2599658e3
[32minfo[39m: [Worker] PERM submission created - 52f13a8b-d45c-4868-8e67-3df2599658e3 (60% compliance, 3/5 events, status: partial)
📡 Emitted activity update to tenant:hWiWJ_X0m6
[32minfo[39m: [Activity] completed - success - Job: hWiWJ_X0m6-1761234200116 - PERM submission completed (60.00% compliance)
[TenantPlugin] Pre-hook triggered for: findOne
[TenantPlugin] Options: {}
[32minfo[39m: ✅ Email sent to saby@saby.ai: ✅ Submission Received - proj_Mrs538IYtOfd
[32minfo[39m: ✅ Confirmation email queued for saby@saby.ai
[requireAccess] Checking access for endpoint: /v1/submissions?tenant_id=hWiWJ_X0m6&project_id=proj_Mrs538IYtOfd&node_id=node_test_1761234184384&month=2025-11-01&perm_enabled=true {
  permissions: [],
  scope: undefined,
  environment: undefined,
  jwtOnly: false,
  apiOnly: false
}
[requireAccess] Incoming headers: {
  Authorization: 'Bearer eyJhbGciOiJIUzI1NiIsInR5cCI6IkpXVCJ9.eyJzdWIiOiI2OGU0Y2I5NmQxODBiMDI4NWQ5YTcwMWQiLCJpYXQiOjE3NjEyMzQxODQsImV4cCI6MTc2MTIzNTk4NCwidHlwZSI6ImFjY2VzcyJ9.txO0iNoxYgg9vMT356l4-nwiPNO_jvTtTcDR4C53vms',
  'x-api-key': undefined,
  requiredPermissions: []
}
[requireAccess] Full request headers: {
  accept: 'application/json, text/plain, */*',
  'content-type': 'application/json',
  authorization: 'Bearer eyJhbGciOiJIUzI1NiIsInR5cCI6IkpXVCJ9.eyJzdWIiOiI2OGU0Y2I5NmQxODBiMDI4NWQ5YTcwMWQiLCJpYXQiOjE3NjEyMzQxODQsImV4cCI6MTc2MTIzNTk4NCwidHlwZSI6ImFjY2VzcyJ9.txO0iNoxYgg9vMT356l4-nwiPNO_jvTtTcDR4C53vms',
  'user-agent': 'axios/1.12.2',
  'accept-encoding': 'gzip, compress, deflate, br',
  host: 'localhost:4000',
  connection: 'close'
}
[requireAccess] Detected JWT
[TenantPlugin] Pre-hook triggered for: findOne
[TenantPlugin] Options: {}
[requireAccess] Authenticated user: {
  roles: [],
  isOwner: true,
  isSuper: true,
  isSaby: true,
  isAgreed: false,
  createdBy: null,
  otp: null,
  otpExpires: null,
  otpVerified: true,
  phoneNumber: null,
  isPhoneVerified: false,
  isEmailVerified: true,
  avatar: 'https://halocrm.s3.us-east-1.amazonaws.com/user/avatar-09.webp',
  status: true,
  deletedAt: null,
  _id: 68e4cb96d180b0285d9a701d,
  firstname: 'Debby',
  lastname: 'Adebowale',
  email: 'saby@saby.ai',
  password: '$2a$08$o1.0/o0J3cDHswtnBPpdO.0KNYtXslW0gYv8ZcwaRkUdsupCw5dH.',
  userId: '0YXBcDcxPH',
  tenantId: 'hWiWJ_X0m6',
  createdAt: 2025-10-07T08:13:10.710Z,
  updatedAt: 2025-10-10T19:17:53.368Z,
  haloId: 'HL-00030',
  __v: 0
}
[requireAccess] Resolved access: user
[32minfo[39m: GET /v1/submissions?tenant_id=hWiWJ_X0m6&project_id=proj_Mrs538IYtOfd&node_id=node_test_1761234184384&month=2025-11-01&perm_enabled=true 200 - 183.306 ms
[requireAccess] Checking access for endpoint: /v1/submissions?tenant_id=hWiWJ_X0m6&project_id=proj_Mrs538IYtOfd&perm_enabled=true {
  permissions: [],
  scope: undefined,
  environment: undefined,
  jwtOnly: false,
  apiOnly: false
}
[requireAccess] Incoming headers: {
  Authorization: 'Bearer eyJhbGciOiJIUzI1NiIsInR5cCI6IkpXVCJ9.eyJzdWIiOiI2OGU0Y2I5NmQxODBiMDI4NWQ5YTcwMWQiLCJpYXQiOjE3NjEyMzQxODQsImV4cCI6MTc2MTIzNTk4NCwidHlwZSI6ImFjY2VzcyJ9.txO0iNoxYgg9vMT356l4-nwiPNO_jvTtTcDR4C53vms',
  'x-api-key': undefined,
  requiredPermissions: []
}
[requireAccess] Full request headers: {
  accept: 'application/json, text/plain, */*',
  'content-type': 'application/json',
  authorization: 'Bearer eyJhbGciOiJIUzI1NiIsInR5cCI6IkpXVCJ9.eyJzdWIiOiI2OGU0Y2I5NmQxODBiMDI4NWQ5YTcwMWQiLCJpYXQiOjE3NjEyMzQxODQsImV4cCI6MTc2MTIzNTk4NCwidHlwZSI6ImFjY2VzcyJ9.txO0iNoxYgg9vMT356l4-nwiPNO_jvTtTcDR4C53vms',
  'user-agent': 'axios/1.12.2',
  'accept-encoding': 'gzip, compress, deflate, br',
  host: 'localhost:4000',
  connection: 'close'
}
[requireAccess] Detected JWT
[TenantPlugin] Pre-hook triggered for: findOne
[TenantPlugin] Options: {}
[requireAccess] Authenticated user: {
  roles: [],
  isOwner: true,
  isSuper: true,
  isSaby: true,
  isAgreed: false,
  createdBy: null,
  otp: null,
  otpExpires: null,
  otpVerified: true,
  phoneNumber: null,
  isPhoneVerified: false,
  isEmailVerified: true,
  avatar: 'https://halocrm.s3.us-east-1.amazonaws.com/user/avatar-09.webp',
  status: true,
  deletedAt: null,
  _id: 68e4cb96d180b0285d9a701d,
  firstname: 'Debby',
  lastname: 'Adebowale',
  email: 'saby@saby.ai',
  password: '$2a$08$o1.0/o0J3cDHswtnBPpdO.0KNYtXslW0gYv8ZcwaRkUdsupCw5dH.',
  userId: '0YXBcDcxPH',
  tenantId: 'hWiWJ_X0m6',
  createdAt: 2025-10-07T08:13:10.710Z,
  updatedAt: 2025-10-10T19:17:53.368Z,
  haloId: 'HL-00030',
  __v: 0
}
[requireAccess] Resolved access: user
[32minfo[39m: GET /v1/submissions?tenant_id=hWiWJ_X0m6&project_id=proj_Mrs538IYtOfd&perm_enabled=true 200 - 363.986 ms
[requireAccess] Checking access for endpoint: /v1/submissions/activity-log/recent?tenant_id=hWiWJ_X0m6&limit=10 {
  permissions: [],
  scope: undefined,
  environment: undefined,
  jwtOnly: false,
  apiOnly: false
}
[requireAccess] Incoming headers: {
  Authorization: 'Bearer eyJhbGciOiJIUzI1NiIsInR5cCI6IkpXVCJ9.eyJzdWIiOiI2OGU0Y2I5NmQxODBiMDI4NWQ5YTcwMWQiLCJpYXQiOjE3NjEyMzQxODQsImV4cCI6MTc2MTIzNTk4NCwidHlwZSI6ImFjY2VzcyJ9.txO0iNoxYgg9vMT356l4-nwiPNO_jvTtTcDR4C53vms',
  'x-api-key': undefined,
  requiredPermissions: []
}
[requireAccess] Full request headers: {
  accept: 'application/json, text/plain, */*',
  'content-type': 'application/json',
  authorization: 'Bearer eyJhbGciOiJIUzI1NiIsInR5cCI6IkpXVCJ9.eyJzdWIiOiI2OGU0Y2I5NmQxODBiMDI4NWQ5YTcwMWQiLCJpYXQiOjE3NjEyMzQxODQsImV4cCI6MTc2MTIzNTk4NCwidHlwZSI6ImFjY2VzcyJ9.txO0iNoxYgg9vMT356l4-nwiPNO_jvTtTcDR4C53vms',
  'user-agent': 'axios/1.12.2',
  'accept-encoding': 'gzip, compress, deflate, br',
  host: 'localhost:4000',
  connection: 'close'
}
[requireAccess] Detected JWT
[TenantPlugin] Pre-hook triggered for: findOne
[TenantPlugin] Options: {}
[requireAccess] Authenticated user: {
  roles: [],
  isOwner: true,
  isSuper: true,
  isSaby: true,
  isAgreed: false,
  createdBy: null,
  otp: null,
  otpExpires: null,
  otpVerified: true,
  phoneNumber: null,
  isPhoneVerified: false,
  isEmailVerified: true,
  avatar: 'https://halocrm.s3.us-east-1.amazonaws.com/user/avatar-09.webp',
  status: true,
  deletedAt: null,
  _id: 68e4cb96d180b0285d9a701d,
  firstname: 'Debby',
  lastname: 'Adebowale',
  email: 'saby@saby.ai',
  password: '$2a$08$o1.0/o0J3cDHswtnBPpdO.0KNYtXslW0gYv8ZcwaRkUdsupCw5dH.',
  userId: '0YXBcDcxPH',
  tenantId: 'hWiWJ_X0m6',
  createdAt: 2025-10-07T08:13:10.710Z,
  updatedAt: 2025-10-10T19:17:53.368Z,
  haloId: 'HL-00030',
  __v: 0
}
[requireAccess] Resolved access: user
[32minfo[39m: GET /v1/submissions/activity-log/recent?tenant_id=hWiWJ_X0m6&limit=10 200 - 189.342 ms
[32minfo[39m: GET /v1/submissions/activity-log/summary 200 - 184.727 ms
[32minfo[39m: ✅ Email sent to saby@saby.ai: ✅ Submission Received - proj_Mrs538IYtOfd
[32minfo[39m: ✅ Confirmation email queued for saby@saby.ai
[32minfo[39m: ✅ Email sent to saby@saby.ai: ⚠️ URGENT: Low Compliance Alert - node_test_different_1761234196502
[32minfo[39m: ✅ Critical alert queued for saby@saby.ai (20%)
[32minfo[39m: ✅ Submission job completed - ID: hWiWJ_X0m6-1761234196510
[32minfo[39m: ✅ Submission worker completed job: hWiWJ_X0m6-1761234196510
[32minfo[39m: ✅ Email sent to saby@saby.ai: ⚠️ Compliance Warning - node_test_1761234184384
[32minfo[39m: ✅ Warning queued for saby@saby.ai (60%)
[32minfo[39m: ✅ Submission job completed - ID: hWiWJ_X0m6-1761234200116
[32minfo[39m: ✅ Submission worker completed job: hWiWJ_X0m6-1761234200116
[TenantPlugin] Pre-hook triggered for: findOne
[TenantPlugin] Options: {}
expired token expiry time ---> 30
expired token ---> Moment<2025-10-23T19:46:34+01:00>
expired token ---> Moment<2025-10-23T20:16:34+01:00>
acess token --> eyJhbGciOiJIUzI1NiIsInR5cCI6IkpXVCJ9.eyJzdWIiOiI2OGU0Y2I5NmQxODBiMDI4NWQ5YTcwMWQiLCJpYXQiOjE3NjEyNDMzOTQsImV4cCI6MTc2MTI0NTE5NCwidHlwZSI6ImFjY2VzcyJ9.DHLcxM-zg_hH7GqDidQioM81wb_Gq6JOloq5lWuWINg
[32minfo[39m: POST /v1/auth/login 200 - 200.260 ms
[TenantPlugin] Pre-hook triggered for: findOne
[TenantPlugin] Options: {}
--- AUTH DEBUG ---
Route: /v1/node?tenantId=hWiWJ_X0m6&limit=1
HTTP Method: GET
Required Permissions: [ 'view:node' ]
[NODE CONTROLLER - QUERY] Query params: { tenantId: 'hWiWJ_X0m6', limit: 1 } Tenant: hWiWJ_X0m6
[NODE CONTROLLER - QUERY] Filter with tenantId: { tenantId: 'hWiWJ_X0m6' }
[TenantPlugin] paginate() - incoming options: { limit: 1, populate: 'level,structure,users.roles' }
[TenantPlugin] Pre-hook triggered for: countDocuments
[TenantPlugin] Options: {}
[TenantPlugin] Pre-hook triggered for: find
[TenantPlugin] Options: { sort: { createdAt: 1 }, skip: 0, limit: 1 }
[NODE CONTROLLER - QUERY] Found 0 nodes for tenant: hWiWJ_X0m6
[32minfo[39m: GET /v1/node?tenantId=hWiWJ_X0m6&limit=1 200 - 32.251 ms
[requireAccess] Checking access for endpoint: /v1/submissions {
  permissions: [],
  scope: undefined,
  environment: undefined,
  jwtOnly: false,
  apiOnly: false
}
[requireAccess] Incoming headers: {
  Authorization: 'Bearer eyJhbGciOiJIUzI1NiIsInR5cCI6IkpXVCJ9.eyJzdWIiOiI2OGU0Y2I5NmQxODBiMDI4NWQ5YTcwMWQiLCJpYXQiOjE3NjEyNDMzOTQsImV4cCI6MTc2MTI0NTE5NCwidHlwZSI6ImFjY2VzcyJ9.DHLcxM-zg_hH7GqDidQioM81wb_Gq6JOloq5lWuWINg',
  'x-api-key': undefined,
  requiredPermissions: []
}
[requireAccess] Full request headers: {
  accept: 'application/json, text/plain, */*',
  'content-type': 'application/json',
  authorization: 'Bearer eyJhbGciOiJIUzI1NiIsInR5cCI6IkpXVCJ9.eyJzdWIiOiI2OGU0Y2I5NmQxODBiMDI4NWQ5YTcwMWQiLCJpYXQiOjE3NjEyNDMzOTQsImV4cCI6MTc2MTI0NTE5NCwidHlwZSI6ImFjY2VzcyJ9.DHLcxM-zg_hH7GqDidQioM81wb_Gq6JOloq5lWuWINg',
  'user-agent': 'axios/1.12.2',
  'content-length': '510',
  'accept-encoding': 'gzip, compress, deflate, br',
  host: 'localhost:4000',
  connection: 'close'
}
[requireAccess] Detected JWT
[TenantPlugin] Pre-hook triggered for: findOne
[TenantPlugin] Options: {}
[requireAccess] Authenticated user: {
  roles: [],
  isOwner: true,
  isSuper: true,
  isSaby: true,
  isAgreed: false,
  createdBy: null,
  otp: null,
  otpExpires: null,
  otpVerified: true,
  phoneNumber: null,
  isPhoneVerified: false,
  isEmailVerified: true,
  avatar: 'https://halocrm.s3.us-east-1.amazonaws.com/user/avatar-09.webp',
  status: true,
  deletedAt: null,
  _id: 68e4cb96d180b0285d9a701d,
  firstname: 'Debby',
  lastname: 'Adebowale',
  email: 'saby@saby.ai',
  password: '$2a$08$o1.0/o0J3cDHswtnBPpdO.0KNYtXslW0gYv8ZcwaRkUdsupCw5dH.',
  userId: '0YXBcDcxPH',
  tenantId: 'hWiWJ_X0m6',
  createdAt: 2025-10-07T08:13:10.710Z,
  updatedAt: 2025-10-10T19:17:53.368Z,
  haloId: 'HL-00030',
  __v: 0
}
[requireAccess] Resolved access: user
[32minfo[39m: 📝 Accepting submission for project proj_Mrs538IYtOfd (form validation: disabled)
[32minfo[39m: 📥 Submission enqueued - Job ID: hWiWJ_X0m6-1761243394891 | Tenant: hWiWJ_X0m6
📡 Emitted activity update to tenant:hWiWJ_X0m6
[32minfo[39m: [Activity] queued - queued - Job: hWiWJ_X0m6-1761243394891 - PERM submission queued for 2025-10-01
[32minfo[39m: POST /v1/submissions 202 - 1059.400 ms
[32minfo[39m: [Worker] Processing PERM submission for project=proj_Mrs538IYtOfd (Attempt 1/3)
[requireAccess] Checking access for endpoint: /v1/submissions/activity-log?tenant_id=hWiWJ_X0m6&limit=5 {
  permissions: [],
  scope: undefined,
  environment: undefined,
  jwtOnly: false,
  apiOnly: false
}
[requireAccess] Incoming headers: {
  Authorization: 'Bearer eyJhbGciOiJIUzI1NiIsInR5cCI6IkpXVCJ9.eyJzdWIiOiI2OGU0Y2I5NmQxODBiMDI4NWQ5YTcwMWQiLCJpYXQiOjE3NjEyNDMzOTQsImV4cCI6MTc2MTI0NTE5NCwidHlwZSI6ImFjY2VzcyJ9.DHLcxM-zg_hH7GqDidQioM81wb_Gq6JOloq5lWuWINg',
  'x-api-key': undefined,
  requiredPermissions: []
}
[requireAccess] Full request headers: {
  accept: 'application/json, text/plain, */*',
  'content-type': 'application/json',
  authorization: 'Bearer eyJhbGciOiJIUzI1NiIsInR5cCI6IkpXVCJ9.eyJzdWIiOiI2OGU0Y2I5NmQxODBiMDI4NWQ5YTcwMWQiLCJpYXQiOjE3NjEyNDMzOTQsImV4cCI6MTc2MTI0NTE5NCwidHlwZSI6ImFjY2VzcyJ9.DHLcxM-zg_hH7GqDidQioM81wb_Gq6JOloq5lWuWINg',
  'user-agent': 'axios/1.12.2',
  'accept-encoding': 'gzip, compress, deflate, br',
  host: 'localhost:4000',
  connection: 'close'
}
[requireAccess] Detected JWT
[TenantPlugin] Pre-hook triggered for: findOne
[TenantPlugin] Options: {}
[requireAccess] Authenticated user: {
  roles: [],
  isOwner: true,
  isSuper: true,
  isSaby: true,
  isAgreed: false,
  createdBy: null,
  otp: null,
  otpExpires: null,
  otpVerified: true,
  phoneNumber: null,
  isPhoneVerified: false,
  isEmailVerified: true,
  avatar: 'https://halocrm.s3.us-east-1.amazonaws.com/user/avatar-09.webp',
  status: true,
  deletedAt: null,
  _id: 68e4cb96d180b0285d9a701d,
  firstname: 'Debby',
  lastname: 'Adebowale',
  email: 'saby@saby.ai',
  password: '$2a$08$o1.0/o0J3cDHswtnBPpdO.0KNYtXslW0gYv8ZcwaRkUdsupCw5dH.',
  userId: '0YXBcDcxPH',
  tenantId: 'hWiWJ_X0m6',
  createdAt: 2025-10-07T08:13:10.710Z,
  updatedAt: 2025-10-10T19:17:53.368Z,
  haloId: 'HL-00030',
  __v: 0
}
[requireAccess] Resolved access: user
📡 Emitted activity update to tenant:hWiWJ_X0m6
[32minfo[39m: [Activity] processing - in progress - Job: hWiWJ_X0m6-1761243394891 - Processing PERM submission for 2025-10-01
[32minfo[39m: [Worker] Calling permSubmissionService.submitPERMData for PERM submission
[32minfo[39m: ✅ PERM submission created: 869d9987-85d3-416c-b7c5-55ce80cd2d99
[32minfo[39m: [Worker] PERM submission created - 869d9987-85d3-416c-b7c5-55ce80cd2d99 (40% compliance, 2/5 events, status: partial)
📡 Emitted activity update to tenant:hWiWJ_X0m6
[32minfo[39m: [Activity] completed - success - Job: hWiWJ_X0m6-1761243394891 - PERM submission completed (40.00% compliance)
[TenantPlugin] Pre-hook triggered for: findOne
[TenantPlugin] Options: {}
[32minfo[39m: GET /v1/submissions/activity-log?tenant_id=hWiWJ_X0m6&limit=5 200 - 1182.043 ms
[requireAccess] Checking access for endpoint: /v1/submissions?tenant_id=hWiWJ_X0m6&project_id=proj_Mrs538IYtOfd&node_id=node_test_1761243394883&month=2025-10-01&perm_enabled=true {
  permissions: [],
  scope: undefined,
  environment: undefined,
  jwtOnly: false,
  apiOnly: false
}
[requireAccess] Incoming headers: {
  Authorization: 'Bearer eyJhbGciOiJIUzI1NiIsInR5cCI6IkpXVCJ9.eyJzdWIiOiI2OGU0Y2I5NmQxODBiMDI4NWQ5YTcwMWQiLCJpYXQiOjE3NjEyNDMzOTQsImV4cCI6MTc2MTI0NTE5NCwidHlwZSI6ImFjY2VzcyJ9.DHLcxM-zg_hH7GqDidQioM81wb_Gq6JOloq5lWuWINg',
  'x-api-key': undefined,
  requiredPermissions: []
}
[requireAccess] Full request headers: {
  accept: 'application/json, text/plain, */*',
  'content-type': 'application/json',
  authorization: 'Bearer eyJhbGciOiJIUzI1NiIsInR5cCI6IkpXVCJ9.eyJzdWIiOiI2OGU0Y2I5NmQxODBiMDI4NWQ5YTcwMWQiLCJpYXQiOjE3NjEyNDMzOTQsImV4cCI6MTc2MTI0NTE5NCwidHlwZSI6ImFjY2VzcyJ9.DHLcxM-zg_hH7GqDidQioM81wb_Gq6JOloq5lWuWINg',
  'user-agent': 'axios/1.12.2',
  'accept-encoding': 'gzip, compress, deflate, br',
  host: 'localhost:4000',
  connection: 'close'
}
[requireAccess] Detected JWT
[TenantPlugin] Pre-hook triggered for: findOne
[TenantPlugin] Options: {}
[requireAccess] Authenticated user: {
  roles: [],
  isOwner: true,
  isSuper: true,
  isSaby: true,
  isAgreed: false,
  createdBy: null,
  otp: null,
  otpExpires: null,
  otpVerified: true,
  phoneNumber: null,
  isPhoneVerified: false,
  isEmailVerified: true,
  avatar: 'https://halocrm.s3.us-east-1.amazonaws.com/user/avatar-09.webp',
  status: true,
  deletedAt: null,
  _id: 68e4cb96d180b0285d9a701d,
  firstname: 'Debby',
  lastname: 'Adebowale',
  email: 'saby@saby.ai',
  password: '$2a$08$o1.0/o0J3cDHswtnBPpdO.0KNYtXslW0gYv8ZcwaRkUdsupCw5dH.',
  userId: '0YXBcDcxPH',
  tenantId: 'hWiWJ_X0m6',
  createdAt: 2025-10-07T08:13:10.710Z,
  updatedAt: 2025-10-10T19:17:53.368Z,
  haloId: 'HL-00030',
  __v: 0
}
[requireAccess] Resolved access: user
[32minfo[39m: GET /v1/submissions?tenant_id=hWiWJ_X0m6&project_id=proj_Mrs538IYtOfd&node_id=node_test_1761243394883&month=2025-10-01&perm_enabled=true 200 - 205.536 ms
[requireAccess] Checking access for endpoint: /v1/submissions {
  permissions: [],
  scope: undefined,
  environment: undefined,
  jwtOnly: false,
  apiOnly: false
}
[requireAccess] Incoming headers: {
  Authorization: 'Bearer eyJhbGciOiJIUzI1NiIsInR5cCI6IkpXVCJ9.eyJzdWIiOiI2OGU0Y2I5NmQxODBiMDI4NWQ5YTcwMWQiLCJpYXQiOjE3NjEyNDMzOTQsImV4cCI6MTc2MTI0NTE5NCwidHlwZSI6ImFjY2VzcyJ9.DHLcxM-zg_hH7GqDidQioM81wb_Gq6JOloq5lWuWINg',
  'x-api-key': undefined,
  requiredPermissions: []
}
[requireAccess] Full request headers: {
  accept: 'application/json, text/plain, */*',
  'content-type': 'application/json',
  authorization: 'Bearer eyJhbGciOiJIUzI1NiIsInR5cCI6IkpXVCJ9.eyJzdWIiOiI2OGU0Y2I5NmQxODBiMDI4NWQ5YTcwMWQiLCJpYXQiOjE3NjEyNDMzOTQsImV4cCI6MTc2MTI0NTE5NCwidHlwZSI6ImFjY2VzcyJ9.DHLcxM-zg_hH7GqDidQioM81wb_Gq6JOloq5lWuWINg',
  'user-agent': 'axios/1.12.2',
  'content-length': '539',
  'accept-encoding': 'gzip, compress, deflate, br',
  host: 'localhost:4000',
  connection: 'close'
}
[requireAccess] Detected JWT
[TenantPlugin] Pre-hook triggered for: findOne
[TenantPlugin] Options: {}
[requireAccess] Authenticated user: {
  roles: [],
  isOwner: true,
  isSuper: true,
  isSaby: true,
  isAgreed: false,
  createdBy: null,
  otp: null,
  otpExpires: null,
  otpVerified: true,
  phoneNumber: null,
  isPhoneVerified: false,
  isEmailVerified: true,
  avatar: 'https://halocrm.s3.us-east-1.amazonaws.com/user/avatar-09.webp',
  status: true,
  deletedAt: null,
  _id: 68e4cb96d180b0285d9a701d,
  firstname: 'Debby',
  lastname: 'Adebowale',
  email: 'saby@saby.ai',
  password: '$2a$08$o1.0/o0J3cDHswtnBPpdO.0KNYtXslW0gYv8ZcwaRkUdsupCw5dH.',
  userId: '0YXBcDcxPH',
  tenantId: 'hWiWJ_X0m6',
  createdAt: 2025-10-07T08:13:10.710Z,
  updatedAt: 2025-10-10T19:17:53.368Z,
  haloId: 'HL-00030',
  __v: 0
}
[requireAccess] Resolved access: user
[32minfo[39m: 📝 Accepting submission for project proj_Mrs538IYtOfd (form validation: disabled)
[32minfo[39m: 📥 Submission enqueued - Job ID: hWiWJ_X0m6-1761243400373 | Tenant: hWiWJ_X0m6
📡 Emitted activity update to tenant:hWiWJ_X0m6
[32minfo[39m: [Activity] queued - queued - Job: hWiWJ_X0m6-1761243400373 - PERM submission queued for 2025-10-01
[32minfo[39m: POST /v1/submissions 202 - 207.963 ms
[32minfo[39m: ✅ Email sent to saby@saby.ai: ✅ Submission Received - PERM Event Tracking Test
[32minfo[39m: ✅ Confirmation email queued for saby@saby.ai
[requireAccess] Checking access for endpoint: /v1/submissions?tenant_id=hWiWJ_X0m6&project_id=proj_Mrs538IYtOfd&node_id=node_test_1761243394883&month=2025-10-01&perm_enabled=true {
  permissions: [],
  scope: undefined,
  environment: undefined,
  jwtOnly: false,
  apiOnly: false
}
[requireAccess] Incoming headers: {
  Authorization: 'Bearer eyJhbGciOiJIUzI1NiIsInR5cCI6IkpXVCJ9.eyJzdWIiOiI2OGU0Y2I5NmQxODBiMDI4NWQ5YTcwMWQiLCJpYXQiOjE3NjEyNDMzOTQsImV4cCI6MTc2MTI0NTE5NCwidHlwZSI6ImFjY2VzcyJ9.DHLcxM-zg_hH7GqDidQioM81wb_Gq6JOloq5lWuWINg',
  'x-api-key': undefined,
  requiredPermissions: []
}
[requireAccess] Full request headers: {
  accept: 'application/json, text/plain, */*',
  'content-type': 'application/json',
  authorization: 'Bearer eyJhbGciOiJIUzI1NiIsInR5cCI6IkpXVCJ9.eyJzdWIiOiI2OGU0Y2I5NmQxODBiMDI4NWQ5YTcwMWQiLCJpYXQiOjE3NjEyNDMzOTQsImV4cCI6MTc2MTI0NTE5NCwidHlwZSI6ImFjY2VzcyJ9.DHLcxM-zg_hH7GqDidQioM81wb_Gq6JOloq5lWuWINg',
  'user-agent': 'axios/1.12.2',
  'accept-encoding': 'gzip, compress, deflate, br',
  host: 'localhost:4000',
  connection: 'close'
}
[requireAccess] Detected JWT
[TenantPlugin] Pre-hook triggered for: findOne
[TenantPlugin] Options: {}
[requireAccess] Authenticated user: {
  roles: [],
  isOwner: true,
  isSuper: true,
  isSaby: true,
  isAgreed: false,
  createdBy: null,
  otp: null,
  otpExpires: null,
  otpVerified: true,
  phoneNumber: null,
  isPhoneVerified: false,
  isEmailVerified: true,
  avatar: 'https://halocrm.s3.us-east-1.amazonaws.com/user/avatar-09.webp',
  status: true,
  deletedAt: null,
  _id: 68e4cb96d180b0285d9a701d,
  firstname: 'Debby',
  lastname: 'Adebowale',
  email: 'saby@saby.ai',
  password: '$2a$08$o1.0/o0J3cDHswtnBPpdO.0KNYtXslW0gYv8ZcwaRkUdsupCw5dH.',
  userId: '0YXBcDcxPH',
  tenantId: 'hWiWJ_X0m6',
  createdAt: 2025-10-07T08:13:10.710Z,
  updatedAt: 2025-10-10T19:17:53.368Z,
  haloId: 'HL-00030',
  __v: 0
}
[requireAccess] Resolved access: user
[32minfo[39m: GET /v1/submissions?tenant_id=hWiWJ_X0m6&project_id=proj_Mrs538IYtOfd&node_id=node_test_1761243394883&month=2025-10-01&perm_enabled=true 200 - 200.850 ms
[requireAccess] Checking access for endpoint: /v1/submissions {
  permissions: [],
  scope: undefined,
  environment: undefined,
  jwtOnly: false,
  apiOnly: false
}
[requireAccess] Incoming headers: {
  Authorization: 'Bearer eyJhbGciOiJIUzI1NiIsInR5cCI6IkpXVCJ9.eyJzdWIiOiI2OGU0Y2I5NmQxODBiMDI4NWQ5YTcwMWQiLCJpYXQiOjE3NjEyNDMzOTQsImV4cCI6MTc2MTI0NTE5NCwidHlwZSI6ImFjY2VzcyJ9.DHLcxM-zg_hH7GqDidQioM81wb_Gq6JOloq5lWuWINg',
  'x-api-key': undefined,
  requiredPermissions: []
}
[requireAccess] Full request headers: {
  accept: 'application/json, text/plain, */*',
  'content-type': 'application/json',
  authorization: 'Bearer eyJhbGciOiJIUzI1NiIsInR5cCI6IkpXVCJ9.eyJzdWIiOiI2OGU0Y2I5NmQxODBiMDI4NWQ5YTcwMWQiLCJpYXQiOjE3NjEyNDMzOTQsImV4cCI6MTc2MTI0NTE5NCwidHlwZSI6ImFjY2VzcyJ9.DHLcxM-zg_hH7GqDidQioM81wb_Gq6JOloq5lWuWINg',
  'user-agent': 'axios/1.12.2',
  'content-length': '479',
  'accept-encoding': 'gzip, compress, deflate, br',
  host: 'localhost:4000',
  connection: 'close'
}
[requireAccess] Detected JWT
[TenantPlugin] Pre-hook triggered for: findOne
[TenantPlugin] Options: {}
[requireAccess] Authenticated user: {
  roles: [],
  isOwner: true,
  isSuper: true,
  isSaby: true,
  isAgreed: false,
  createdBy: null,
  otp: null,
  otpExpires: null,
  otpVerified: true,
  phoneNumber: null,
  isPhoneVerified: false,
  isEmailVerified: true,
  avatar: 'https://halocrm.s3.us-east-1.amazonaws.com/user/avatar-09.webp',
  status: true,
  deletedAt: null,
  _id: 68e4cb96d180b0285d9a701d,
  firstname: 'Debby',
  lastname: 'Adebowale',
  email: 'saby@saby.ai',
  password: '$2a$08$o1.0/o0J3cDHswtnBPpdO.0KNYtXslW0gYv8ZcwaRkUdsupCw5dH.',
  userId: '0YXBcDcxPH',
  tenantId: 'hWiWJ_X0m6',
  createdAt: 2025-10-07T08:13:10.710Z,
  updatedAt: 2025-10-10T19:17:53.368Z,
  haloId: 'HL-00030',
  __v: 0
}
[requireAccess] Resolved access: user
[32minfo[39m: 📝 Accepting submission for project proj_Mrs538IYtOfd (form validation: disabled)
[32minfo[39m: 📥 Submission enqueued - Job ID: hWiWJ_X0m6-1761243403802 | Tenant: hWiWJ_X0m6
[32minfo[39m: [Worker] Processing PERM submission for project=proj_Mrs538IYtOfd (Attempt 1/3)
[32minfo[39m: [Worker] Processing PERM submission for project=proj_Mrs538IYtOfd (Attempt 1/3)
📡 Emitted activity update to tenant:hWiWJ_X0m6
[32minfo[39m: [Activity] queued - queued - Job: hWiWJ_X0m6-1761243403802 - PERM submission queued for 2025-10-01
[32minfo[39m: POST /v1/submissions 202 - 209.802 ms
📡 Emitted activity update to tenant:hWiWJ_X0m6
[32minfo[39m: [Activity] processing - in progress - Job: hWiWJ_X0m6-1761243400373 - Processing PERM submission for 2025-10-01
[32minfo[39m: [Worker] Calling permSubmissionService.submitPERMData for PERM submission
[32minfo[39m: ✅ PERM submission updated: 869d9987-85d3-416c-b7c5-55ce80cd2d99
[32minfo[39m: [Worker] PERM submission updated - 869d9987-85d3-416c-b7c5-55ce80cd2d99 (80% compliance, 4/5 events, status: partial)
📡 Emitted activity update to tenant:hWiWJ_X0m6
[32minfo[39m: [Activity] completed - success - Job: hWiWJ_X0m6-1761243400373 - PERM submission completed (80.00% compliance)
[TenantPlugin] Pre-hook triggered for: findOne
[TenantPlugin] Options: {}
📡 Emitted activity update to tenant:hWiWJ_X0m6
[32minfo[39m: [Activity] processing - in progress - Job: hWiWJ_X0m6-1761243403802 - Processing PERM submission for 2025-10-01
[32minfo[39m: [Worker] Calling permSubmissionService.submitPERMData for PERM submission
[32minfo[39m: ✅ PERM submission updated: 869d9987-85d3-416c-b7c5-55ce80cd2d99
[32minfo[39m: [Worker] PERM submission updated - 869d9987-85d3-416c-b7c5-55ce80cd2d99 (100% compliance, 5/5 events, status: complete)
📡 Emitted activity update to tenant:hWiWJ_X0m6
[32minfo[39m: [Activity] completed - success - Job: hWiWJ_X0m6-1761243403802 - PERM submission completed (100.00% compliance)
[TenantPlugin] Pre-hook triggered for: findOne
[TenantPlugin] Options: {}
[32minfo[39m: ✅ Email sent to saby@saby.ai: ⚠️ Compliance Warning - node_test_1761243394883
[32minfo[39m: ✅ Warning queued for saby@saby.ai (40%)
[32minfo[39m: ✅ Submission job completed - ID: hWiWJ_X0m6-1761243394891
[32minfo[39m: ✅ Submission worker completed job: hWiWJ_X0m6-1761243394891
[requireAccess] Checking access for endpoint: /v1/submissions?tenant_id=hWiWJ_X0m6&project_id=proj_Mrs538IYtOfd&node_id=node_test_1761243394883&month=2025-10-01&perm_enabled=true {
  permissions: [],
  scope: undefined,
  environment: undefined,
  jwtOnly: false,
  apiOnly: false
}
[requireAccess] Incoming headers: {
  Authorization: 'Bearer eyJhbGciOiJIUzI1NiIsInR5cCI6IkpXVCJ9.eyJzdWIiOiI2OGU0Y2I5NmQxODBiMDI4NWQ5YTcwMWQiLCJpYXQiOjE3NjEyNDMzOTQsImV4cCI6MTc2MTI0NTE5NCwidHlwZSI6ImFjY2VzcyJ9.DHLcxM-zg_hH7GqDidQioM81wb_Gq6JOloq5lWuWINg',
  'x-api-key': undefined,
  requiredPermissions: []
}
[requireAccess] Full request headers: {
  accept: 'application/json, text/plain, */*',
  'content-type': 'application/json',
  authorization: 'Bearer eyJhbGciOiJIUzI1NiIsInR5cCI6IkpXVCJ9.eyJzdWIiOiI2OGU0Y2I5NmQxODBiMDI4NWQ5YTcwMWQiLCJpYXQiOjE3NjEyNDMzOTQsImV4cCI6MTc2MTI0NTE5NCwidHlwZSI6ImFjY2VzcyJ9.DHLcxM-zg_hH7GqDidQioM81wb_Gq6JOloq5lWuWINg',
  'user-agent': 'axios/1.12.2',
  'accept-encoding': 'gzip, compress, deflate, br',
  host: 'localhost:4000',
  connection: 'close'
}
[requireAccess] Detected JWT
[TenantPlugin] Pre-hook triggered for: findOne
[TenantPlugin] Options: {}
[requireAccess] Authenticated user: {
  roles: [],
  isOwner: true,
  isSuper: true,
  isSaby: true,
  isAgreed: false,
  createdBy: null,
  otp: null,
  otpExpires: null,
  otpVerified: true,
  phoneNumber: null,
  isPhoneVerified: false,
  isEmailVerified: true,
  avatar: 'https://halocrm.s3.us-east-1.amazonaws.com/user/avatar-09.webp',
  status: true,
  deletedAt: null,
  _id: 68e4cb96d180b0285d9a701d,
  firstname: 'Debby',
  lastname: 'Adebowale',
  email: 'saby@saby.ai',
  password: '$2a$08$o1.0/o0J3cDHswtnBPpdO.0KNYtXslW0gYv8ZcwaRkUdsupCw5dH.',
  userId: '0YXBcDcxPH',
  tenantId: 'hWiWJ_X0m6',
  createdAt: 2025-10-07T08:13:10.710Z,
  updatedAt: 2025-10-10T19:17:53.368Z,
  haloId: 'HL-00030',
  __v: 0
}
[requireAccess] Resolved access: user
[32minfo[39m: GET /v1/submissions?tenant_id=hWiWJ_X0m6&project_id=proj_Mrs538IYtOfd&node_id=node_test_1761243394883&month=2025-10-01&perm_enabled=true 200 - 188.176 ms
[requireAccess] Checking access for endpoint: /v1/submissions {
  permissions: [],
  scope: undefined,
  environment: undefined,
  jwtOnly: false,
  apiOnly: false
}
[requireAccess] Incoming headers: {
  Authorization: 'Bearer eyJhbGciOiJIUzI1NiIsInR5cCI6IkpXVCJ9.eyJzdWIiOiI2OGU0Y2I5NmQxODBiMDI4NWQ5YTcwMWQiLCJpYXQiOjE3NjEyNDMzOTQsImV4cCI6MTc2MTI0NTE5NCwidHlwZSI6ImFjY2VzcyJ9.DHLcxM-zg_hH7GqDidQioM81wb_Gq6JOloq5lWuWINg',
  'x-api-key': undefined,
  requiredPermissions: []
}
[requireAccess] Full request headers: {
  accept: 'application/json, text/plain, */*',
  'content-type': 'application/json',
  authorization: 'Bearer eyJhbGciOiJIUzI1NiIsInR5cCI6IkpXVCJ9.eyJzdWIiOiI2OGU0Y2I5NmQxODBiMDI4NWQ5YTcwMWQiLCJpYXQiOjE3NjEyNDMzOTQsImV4cCI6MTc2MTI0NTE5NCwidHlwZSI6ImFjY2VzcyJ9.DHLcxM-zg_hH7GqDidQioM81wb_Gq6JOloq5lWuWINg',
  'user-agent': 'axios/1.12.2',
  'content-length': '431',
  'accept-encoding': 'gzip, compress, deflate, br',
  host: 'localhost:4000',
  connection: 'close'
}
[requireAccess] Detected JWT
[TenantPlugin] Pre-hook triggered for: findOne
[TenantPlugin] Options: {}
[requireAccess] Authenticated user: {
  roles: [],
  isOwner: true,
  isSuper: true,
  isSaby: true,
  isAgreed: false,
  createdBy: null,
  otp: null,
  otpExpires: null,
  otpVerified: true,
  phoneNumber: null,
  isPhoneVerified: false,
  isEmailVerified: true,
  avatar: 'https://halocrm.s3.us-east-1.amazonaws.com/user/avatar-09.webp',
  status: true,
  deletedAt: null,
  _id: 68e4cb96d180b0285d9a701d,
  firstname: 'Debby',
  lastname: 'Adebowale',
  email: 'saby@saby.ai',
  password: '$2a$08$o1.0/o0J3cDHswtnBPpdO.0KNYtXslW0gYv8ZcwaRkUdsupCw5dH.',
  userId: '0YXBcDcxPH',
  tenantId: 'hWiWJ_X0m6',
  createdAt: 2025-10-07T08:13:10.710Z,
  updatedAt: 2025-10-10T19:17:53.368Z,
  haloId: 'HL-00030',
  __v: 0
}
[requireAccess] Resolved access: user
[32minfo[39m: 📝 Accepting submission for project proj_Mrs538IYtOfd (form validation: disabled)
[32minfo[39m: 📥 Submission enqueued - Job ID: hWiWJ_X0m6-1761243407218 | Tenant: hWiWJ_X0m6
[32minfo[39m: ✅ Email sent to saby@saby.ai: ✅ Submission Received - PERM Event Tracking Test
[32minfo[39m: ✅ Confirmation email queued for saby@saby.ai
[32minfo[39m: ✅ Submission job completed - ID: hWiWJ_X0m6-1761243400373
[32minfo[39m: ✅ Submission worker completed job: hWiWJ_X0m6-1761243400373
[32minfo[39m: [Worker] Processing PERM submission for project=proj_Mrs538IYtOfd (Attempt 1/3)
📡 Emitted activity update to tenant:hWiWJ_X0m6
[32minfo[39m: [Activity] queued - queued - Job: hWiWJ_X0m6-1761243407218 - PERM submission queued for 2025-10-01
[32minfo[39m: POST /v1/submissions 202 - 191.457 ms
📡 Emitted activity update to tenant:hWiWJ_X0m6
[32minfo[39m: [Activity] processing - in progress - Job: hWiWJ_X0m6-1761243407218 - Processing PERM submission for 2025-10-01
[32minfo[39m: [Worker] Calling permSubmissionService.submitPERMData for PERM submission
[32minfo[39m: ✅ PERM submission created: 228fa1d6-ba54-4255-9ad5-923611a20d1f
[32minfo[39m: [Worker] PERM submission created - 228fa1d6-ba54-4255-9ad5-923611a20d1f (20% compliance, 1/5 events, status: incomplete)
[32minfo[39m: ✅ Email sent to saby@saby.ai: ✅ Submission Received - proj_Mrs538IYtOfd
[32minfo[39m: ✅ Confirmation email queued for saby@saby.ai
📡 Emitted activity update to tenant:hWiWJ_X0m6
[32minfo[39m: [Activity] completed - success - Job: hWiWJ_X0m6-1761243407218 - PERM submission completed (20.00% compliance)
[TenantPlugin] Pre-hook triggered for: findOne
[TenantPlugin] Options: {}
[requireAccess] Checking access for endpoint: /v1/submissions?tenant_id=hWiWJ_X0m6&project_id=proj_Mrs538IYtOfd&month=2025-10-01&perm_enabled=true {
  permissions: [],
  scope: undefined,
  environment: undefined,
  jwtOnly: false,
  apiOnly: false
}
[requireAccess] Incoming headers: {
  Authorization: 'Bearer eyJhbGciOiJIUzI1NiIsInR5cCI6IkpXVCJ9.eyJzdWIiOiI2OGU0Y2I5NmQxODBiMDI4NWQ5YTcwMWQiLCJpYXQiOjE3NjEyNDMzOTQsImV4cCI6MTc2MTI0NTE5NCwidHlwZSI6ImFjY2VzcyJ9.DHLcxM-zg_hH7GqDidQioM81wb_Gq6JOloq5lWuWINg',
  'x-api-key': undefined,
  requiredPermissions: []
}
[requireAccess] Full request headers: {
  accept: 'application/json, text/plain, */*',
  'content-type': 'application/json',
  authorization: 'Bearer eyJhbGciOiJIUzI1NiIsInR5cCI6IkpXVCJ9.eyJzdWIiOiI2OGU0Y2I5NmQxODBiMDI4NWQ5YTcwMWQiLCJpYXQiOjE3NjEyNDMzOTQsImV4cCI6MTc2MTI0NTE5NCwidHlwZSI6ImFjY2VzcyJ9.DHLcxM-zg_hH7GqDidQioM81wb_Gq6JOloq5lWuWINg',
  'user-agent': 'axios/1.12.2',
  'accept-encoding': 'gzip, compress, deflate, br',
  host: 'localhost:4000',
  connection: 'close'
}
[requireAccess] Detected JWT
[TenantPlugin] Pre-hook triggered for: findOne
[TenantPlugin] Options: {}
[requireAccess] Authenticated user: {
  roles: [],
  isOwner: true,
  isSuper: true,
  isSaby: true,
  isAgreed: false,
  createdBy: null,
  otp: null,
  otpExpires: null,
  otpVerified: true,
  phoneNumber: null,
  isPhoneVerified: false,
  isEmailVerified: true,
  avatar: 'https://halocrm.s3.us-east-1.amazonaws.com/user/avatar-09.webp',
  status: true,
  deletedAt: null,
  _id: 68e4cb96d180b0285d9a701d,
  firstname: 'Debby',
  lastname: 'Adebowale',
  email: 'saby@saby.ai',
  password: '$2a$08$o1.0/o0J3cDHswtnBPpdO.0KNYtXslW0gYv8ZcwaRkUdsupCw5dH.',
  userId: '0YXBcDcxPH',
  tenantId: 'hWiWJ_X0m6',
  createdAt: 2025-10-07T08:13:10.710Z,
  updatedAt: 2025-10-10T19:17:53.368Z,
  haloId: 'HL-00030',
  __v: 0
}
[requireAccess] Resolved access: user
[32minfo[39m: ✅ Email sent to saby@saby.ai: ✅ 100% Compliance Achieved - node_test_1761243394883
[32minfo[39m: ✅ Completion email queued for saby@saby.ai (100%)
[32minfo[39m: ✅ Submission job completed - ID: hWiWJ_X0m6-1761243403802
[32minfo[39m: ✅ Submission worker completed job: hWiWJ_X0m6-1761243403802
[31merror[39m: Failed to send submission confirmation:
[33mwarn[39m: ⚠️ Email notification failed: Data command failed: 550 5.7.0 Too many emails per second. Please upgrade your plan https://mailtrap.io/billing/plans/testing
[32minfo[39m: ✅ Submission job completed - ID: hWiWJ_X0m6-1761243407218
[32minfo[39m: ✅ Submission worker completed job: hWiWJ_X0m6-1761243407218
[32minfo[39m: GET /v1/submissions?tenant_id=hWiWJ_X0m6&project_id=proj_Mrs538IYtOfd&month=2025-10-01&perm_enabled=true 200 - 420.958 ms
[requireAccess] Checking access for endpoint: /v1/submissions {
  permissions: [],
  scope: undefined,
  environment: undefined,
  jwtOnly: false,
  apiOnly: false
}
[requireAccess] Incoming headers: {
  Authorization: 'Bearer eyJhbGciOiJIUzI1NiIsInR5cCI6IkpXVCJ9.eyJzdWIiOiI2OGU0Y2I5NmQxODBiMDI4NWQ5YTcwMWQiLCJpYXQiOjE3NjEyNDMzOTQsImV4cCI6MTc2MTI0NTE5NCwidHlwZSI6ImFjY2VzcyJ9.DHLcxM-zg_hH7GqDidQioM81wb_Gq6JOloq5lWuWINg',
  'x-api-key': undefined,
  requiredPermissions: []
}
[requireAccess] Full request headers: {
  accept: 'application/json, text/plain, */*',
  'content-type': 'application/json',
  authorization: 'Bearer eyJhbGciOiJIUzI1NiIsInR5cCI6IkpXVCJ9.eyJzdWIiOiI2OGU0Y2I5NmQxODBiMDI4NWQ5YTcwMWQiLCJpYXQiOjE3NjEyNDMzOTQsImV4cCI6MTc2MTI0NTE5NCwidHlwZSI6ImFjY2VzcyJ9.DHLcxM-zg_hH7GqDidQioM81wb_Gq6JOloq5lWuWINg',
  'user-agent': 'axios/1.12.2',
  'content-length': '448',
  'accept-encoding': 'gzip, compress, deflate, br',
  host: 'localhost:4000',
  connection: 'close'
}
[requireAccess] Detected JWT
[TenantPlugin] Pre-hook triggered for: findOne
[TenantPlugin] Options: {}
[requireAccess] Authenticated user: {
  roles: [],
  isOwner: true,
  isSuper: true,
  isSaby: true,
  isAgreed: false,
  createdBy: null,
  otp: null,
  otpExpires: null,
  otpVerified: true,
  phoneNumber: null,
  isPhoneVerified: false,
  isEmailVerified: true,
  avatar: 'https://halocrm.s3.us-east-1.amazonaws.com/user/avatar-09.webp',
  status: true,
  deletedAt: null,
  _id: 68e4cb96d180b0285d9a701d,
  firstname: 'Debby',
  lastname: 'Adebowale',
  email: 'saby@saby.ai',
  password: '$2a$08$o1.0/o0J3cDHswtnBPpdO.0KNYtXslW0gYv8ZcwaRkUdsupCw5dH.',
  userId: '0YXBcDcxPH',
  tenantId: 'hWiWJ_X0m6',
  createdAt: 2025-10-07T08:13:10.710Z,
  updatedAt: 2025-10-10T19:17:53.368Z,
  haloId: 'HL-00030',
  __v: 0
}
[requireAccess] Resolved access: user
[32minfo[39m: 📝 Accepting submission for project proj_Mrs538IYtOfd (form validation: disabled)
[32minfo[39m: 📥 Submission enqueued - Job ID: hWiWJ_X0m6-1761243410844 | Tenant: hWiWJ_X0m6
📡 Emitted activity update to tenant:hWiWJ_X0m6
[32minfo[39m: [Activity] queued - queued - Job: hWiWJ_X0m6-1761243410844 - PERM submission queued for 2025-11-01
[32minfo[39m: POST /v1/submissions 202 - 215.761 ms
[32minfo[39m: [Worker] Processing PERM submission for project=proj_Mrs538IYtOfd (Attempt 1/3)
📡 Emitted activity update to tenant:hWiWJ_X0m6
[32minfo[39m: [Activity] processing - in progress - Job: hWiWJ_X0m6-1761243410844 - Processing PERM submission for 2025-11-01
[32minfo[39m: [Worker] Calling permSubmissionService.submitPERMData for PERM submission
[32minfo[39m: ✅ PERM submission created: 990eb0fd-1f3e-4277-8473-2ca27f43463d
[32minfo[39m: [Worker] PERM submission created - 990eb0fd-1f3e-4277-8473-2ca27f43463d (60% compliance, 3/5 events, status: partial)
📡 Emitted activity update to tenant:hWiWJ_X0m6
[32minfo[39m: [Activity] completed - success - Job: hWiWJ_X0m6-1761243410844 - PERM submission completed (60.00% compliance)
[TenantPlugin] Pre-hook triggered for: findOne
[TenantPlugin] Options: {}
[requireAccess] Checking access for endpoint: /v1/submissions?tenant_id=hWiWJ_X0m6&project_id=proj_Mrs538IYtOfd&node_id=node_test_1761243394883&month=2025-11-01&perm_enabled=true {
  permissions: [],
  scope: undefined,
  environment: undefined,
  jwtOnly: false,
  apiOnly: false
}
[requireAccess] Incoming headers: {
  Authorization: 'Bearer eyJhbGciOiJIUzI1NiIsInR5cCI6IkpXVCJ9.eyJzdWIiOiI2OGU0Y2I5NmQxODBiMDI4NWQ5YTcwMWQiLCJpYXQiOjE3NjEyNDMzOTQsImV4cCI6MTc2MTI0NTE5NCwidHlwZSI6ImFjY2VzcyJ9.DHLcxM-zg_hH7GqDidQioM81wb_Gq6JOloq5lWuWINg',
  'x-api-key': undefined,
  requiredPermissions: []
}
[requireAccess] Full request headers: {
  accept: 'application/json, text/plain, */*',
  'content-type': 'application/json',
  authorization: 'Bearer eyJhbGciOiJIUzI1NiIsInR5cCI6IkpXVCJ9.eyJzdWIiOiI2OGU0Y2I5NmQxODBiMDI4NWQ5YTcwMWQiLCJpYXQiOjE3NjEyNDMzOTQsImV4cCI6MTc2MTI0NTE5NCwidHlwZSI6ImFjY2VzcyJ9.DHLcxM-zg_hH7GqDidQioM81wb_Gq6JOloq5lWuWINg',
  'user-agent': 'axios/1.12.2',
  'accept-encoding': 'gzip, compress, deflate, br',
  host: 'localhost:4000',
  connection: 'close'
}
[requireAccess] Detected JWT
[TenantPlugin] Pre-hook triggered for: findOne
[TenantPlugin] Options: {}
[requireAccess] Authenticated user: {
  roles: [],
  isOwner: true,
  isSuper: true,
  isSaby: true,
  isAgreed: false,
  createdBy: null,
  otp: null,
  otpExpires: null,
  otpVerified: true,
  phoneNumber: null,
  isPhoneVerified: false,
  isEmailVerified: true,
  avatar: 'https://halocrm.s3.us-east-1.amazonaws.com/user/avatar-09.webp',
  status: true,
  deletedAt: null,
  _id: 68e4cb96d180b0285d9a701d,
  firstname: 'Debby',
  lastname: 'Adebowale',
  email: 'saby@saby.ai',
  password: '$2a$08$o1.0/o0J3cDHswtnBPpdO.0KNYtXslW0gYv8ZcwaRkUdsupCw5dH.',
  userId: '0YXBcDcxPH',
  tenantId: 'hWiWJ_X0m6',
  createdAt: 2025-10-07T08:13:10.710Z,
  updatedAt: 2025-10-10T19:17:53.368Z,
  haloId: 'HL-00030',
  __v: 0
}
[requireAccess] Resolved access: user
[32minfo[39m: GET /v1/submissions?tenant_id=hWiWJ_X0m6&project_id=proj_Mrs538IYtOfd&node_id=node_test_1761243394883&month=2025-11-01&perm_enabled=true 200 - 208.996 ms
[requireAccess] Checking access for endpoint: /v1/submissions?tenant_id=hWiWJ_X0m6&project_id=proj_Mrs538IYtOfd&perm_enabled=true {
  permissions: [],
  scope: undefined,
  environment: undefined,
  jwtOnly: false,
  apiOnly: false
}
[requireAccess] Incoming headers: {
  Authorization: 'Bearer eyJhbGciOiJIUzI1NiIsInR5cCI6IkpXVCJ9.eyJzdWIiOiI2OGU0Y2I5NmQxODBiMDI4NWQ5YTcwMWQiLCJpYXQiOjE3NjEyNDMzOTQsImV4cCI6MTc2MTI0NTE5NCwidHlwZSI6ImFjY2VzcyJ9.DHLcxM-zg_hH7GqDidQioM81wb_Gq6JOloq5lWuWINg',
  'x-api-key': undefined,
  requiredPermissions: []
}
[requireAccess] Full request headers: {
  accept: 'application/json, text/plain, */*',
  'content-type': 'application/json',
  authorization: 'Bearer eyJhbGciOiJIUzI1NiIsInR5cCI6IkpXVCJ9.eyJzdWIiOiI2OGU0Y2I5NmQxODBiMDI4NWQ5YTcwMWQiLCJpYXQiOjE3NjEyNDMzOTQsImV4cCI6MTc2MTI0NTE5NCwidHlwZSI6ImFjY2VzcyJ9.DHLcxM-zg_hH7GqDidQioM81wb_Gq6JOloq5lWuWINg',
  'user-agent': 'axios/1.12.2',
  'accept-encoding': 'gzip, compress, deflate, br',
  host: 'localhost:4000',
  connection: 'close'
}
[requireAccess] Detected JWT
[TenantPlugin] Pre-hook triggered for: findOne
[TenantPlugin] Options: {}
[requireAccess] Authenticated user: {
  roles: [],
  isOwner: true,
  isSuper: true,
  isSaby: true,
  isAgreed: false,
  createdBy: null,
  otp: null,
  otpExpires: null,
  otpVerified: true,
  phoneNumber: null,
  isPhoneVerified: false,
  isEmailVerified: true,
  avatar: 'https://halocrm.s3.us-east-1.amazonaws.com/user/avatar-09.webp',
  status: true,
  deletedAt: null,
  _id: 68e4cb96d180b0285d9a701d,
  firstname: 'Debby',
  lastname: 'Adebowale',
  email: 'saby@saby.ai',
  password: '$2a$08$o1.0/o0J3cDHswtnBPpdO.0KNYtXslW0gYv8ZcwaRkUdsupCw5dH.',
  userId: '0YXBcDcxPH',
  tenantId: 'hWiWJ_X0m6',
  createdAt: 2025-10-07T08:13:10.710Z,
  updatedAt: 2025-10-10T19:17:53.368Z,
  haloId: 'HL-00030',
  __v: 0
}
[requireAccess] Resolved access: user
[32minfo[39m: GET /v1/submissions?tenant_id=hWiWJ_X0m6&project_id=proj_Mrs538IYtOfd&perm_enabled=true 200 - 415.163 ms
[requireAccess] Checking access for endpoint: /v1/submissions/activity-log/recent?tenant_id=hWiWJ_X0m6&limit=10 {
  permissions: [],
  scope: undefined,
  environment: undefined,
  jwtOnly: false,
  apiOnly: false
}
[requireAccess] Incoming headers: {
  Authorization: 'Bearer eyJhbGciOiJIUzI1NiIsInR5cCI6IkpXVCJ9.eyJzdWIiOiI2OGU0Y2I5NmQxODBiMDI4NWQ5YTcwMWQiLCJpYXQiOjE3NjEyNDMzOTQsImV4cCI6MTc2MTI0NTE5NCwidHlwZSI6ImFjY2VzcyJ9.DHLcxM-zg_hH7GqDidQioM81wb_Gq6JOloq5lWuWINg',
  'x-api-key': undefined,
  requiredPermissions: []
}
[requireAccess] Full request headers: {
  accept: 'application/json, text/plain, */*',
  'content-type': 'application/json',
  authorization: 'Bearer eyJhbGciOiJIUzI1NiIsInR5cCI6IkpXVCJ9.eyJzdWIiOiI2OGU0Y2I5NmQxODBiMDI4NWQ5YTcwMWQiLCJpYXQiOjE3NjEyNDMzOTQsImV4cCI6MTc2MTI0NTE5NCwidHlwZSI6ImFjY2VzcyJ9.DHLcxM-zg_hH7GqDidQioM81wb_Gq6JOloq5lWuWINg',
  'user-agent': 'axios/1.12.2',
  'accept-encoding': 'gzip, compress, deflate, br',
  host: 'localhost:4000',
  connection: 'close'
}
[requireAccess] Detected JWT
[TenantPlugin] Pre-hook triggered for: findOne
[TenantPlugin] Options: {}
[requireAccess] Authenticated user: {
  roles: [],
  isOwner: true,
  isSuper: true,
  isSaby: true,
  isAgreed: false,
  createdBy: null,
  otp: null,
  otpExpires: null,
  otpVerified: true,
  phoneNumber: null,
  isPhoneVerified: false,
  isEmailVerified: true,
  avatar: 'https://halocrm.s3.us-east-1.amazonaws.com/user/avatar-09.webp',
  status: true,
  deletedAt: null,
  _id: 68e4cb96d180b0285d9a701d,
  firstname: 'Debby',
  lastname: 'Adebowale',
  email: 'saby@saby.ai',
  password: '$2a$08$o1.0/o0J3cDHswtnBPpdO.0KNYtXslW0gYv8ZcwaRkUdsupCw5dH.',
  userId: '0YXBcDcxPH',
  tenantId: 'hWiWJ_X0m6',
  createdAt: 2025-10-07T08:13:10.710Z,
  updatedAt: 2025-10-10T19:17:53.368Z,
  haloId: 'HL-00030',
  __v: 0
}
[requireAccess] Resolved access: user
[32minfo[39m: GET /v1/submissions/activity-log/recent?tenant_id=hWiWJ_X0m6&limit=10 200 - 214.767 ms
[32minfo[39m: GET /v1/submissions/activity-log/summary 200 - 206.563 ms
[32minfo[39m: ✅ Email sent to saby@saby.ai: ✅ Submission Received - proj_Mrs538IYtOfd
[32minfo[39m: ✅ Confirmation email queued for saby@saby.ai
[32minfo[39m: ✅ Email sent to saby@saby.ai: ⚠️ Compliance Warning - node_test_1761243394883
[32minfo[39m: ✅ Warning queued for saby@saby.ai (60%)
[32minfo[39m: ✅ Submission job completed - ID: hWiWJ_X0m6-1761243410844
[32minfo[39m: ✅ Submission worker completed job: hWiWJ_X0m6-1761243410844
[31merror[39m: ❌ Submission worker error:
Error: Stream isn't writeable and enableOfflineQueue options is false
    at EventEmitter.sendCommand (/Users/fadebowaley/saby/sabyBackend/node_modules/ioredis/built/Redis.js:364:32)
    at EventEmitter.bzpopmin (/Users/fadebowaley/saby/sabyBackend/node_modules/ioredis/built/utils/Commander.js:90:25)
    at Worker.waitForJob (/Users/fadebowaley/saby/sabyBackend/node_modules/bullmq/dist/cjs/classes/worker.js:380:50)
    at Worker._getNextJob (/Users/fadebowaley/saby/sabyBackend/node_modules/bullmq/dist/cjs/classes/worker.js:305:33)
    at /Users/fadebowaley/saby/sabyBackend/node_modules/bullmq/dist/cjs/classes/worker.js:244:66
    at Worker.retryIfFailed (/Users/fadebowaley/saby/sabyBackend/node_modules/bullmq/dist/cjs/classes/worker.js:819:30)
    at Worker.mainLoop (/Users/fadebowaley/saby/sabyBackend/node_modules/bullmq/dist/cjs/classes/worker.js:244:41)
    at process.processTicksAndRejections (node:internal/process/task_queues:95:5)
    at async Worker.run (/Users/fadebowaley/saby/sabyBackend/node_modules/bullmq/dist/cjs/classes/worker.js:207:13)
Error: Stream isn't writeable and enableOfflineQueue options is false
    at EventEmitter.sendCommand (/Users/fadebowaley/saby/sabyBackend/node_modules/ioredis/built/Redis.js:364:32)
    at EventEmitter.bzpopmin (/Users/fadebowaley/saby/sabyBackend/node_modules/ioredis/built/utils/Commander.js:90:25)
    at Worker.waitForJob (/Users/fadebowaley/saby/sabyBackend/node_modules/bullmq/dist/cjs/classes/worker.js:380:50)
    at Worker._getNextJob (/Users/fadebowaley/saby/sabyBackend/node_modules/bullmq/dist/cjs/classes/worker.js:305:33)
    at /Users/fadebowaley/saby/sabyBackend/node_modules/bullmq/dist/cjs/classes/worker.js:244:66
    at Worker.retryIfFailed (/Users/fadebowaley/saby/sabyBackend/node_modules/bullmq/dist/cjs/classes/worker.js:819:30)
    at Worker.mainLoop (/Users/fadebowaley/saby/sabyBackend/node_modules/bullmq/dist/cjs/classes/worker.js:244:41)
    at process.processTicksAndRejections (node:internal/process/task_queues:95:5)
    at async Worker.run (/Users/fadebowaley/saby/sabyBackend/node_modules/bullmq/dist/cjs/classes/worker.js:207:13)
Error: Stream isn't writeable and enableOfflineQueue options is false
    at EventEmitter.sendCommand (/Users/fadebowaley/saby/sabyBackend/node_modules/ioredis/built/Redis.js:364:32)
    at EventEmitter.bzpopmin (/Users/fadebowaley/saby/sabyBackend/node_modules/ioredis/built/utils/Commander.js:90:25)
    at Worker.waitForJob (/Users/fadebowaley/saby/sabyBackend/node_modules/bullmq/dist/cjs/classes/worker.js:380:50)
    at Worker._getNextJob (/Users/fadebowaley/saby/sabyBackend/node_modules/bullmq/dist/cjs/classes/worker.js:305:33)
    at /Users/fadebowaley/saby/sabyBackend/node_modules/bullmq/dist/cjs/classes/worker.js:244:66
    at Worker.retryIfFailed (/Users/fadebowaley/saby/sabyBackend/node_modules/bullmq/dist/cjs/classes/worker.js:819:30)
    at Worker.mainLoop (/Users/fadebowaley/saby/sabyBackend/node_modules/bullmq/dist/cjs/classes/worker.js:244:41)
    at process.processTicksAndRejections (node:internal/process/task_queues:95:5)
    at async Worker.run (/Users/fadebowaley/saby/sabyBackend/node_modules/bullmq/dist/cjs/classes/worker.js:207:13)
[31merror[39m: ❌ Submission worker error:
Error: Stream isn't writeable and enableOfflineQueue options is false
    at EventEmitter.sendCommand (/Users/fadebowaley/saby/sabyBackend/node_modules/ioredis/built/Redis.js:364:32)
    at EventEmitter.bzpopmin (/Users/fadebowaley/saby/sabyBackend/node_modules/ioredis/built/utils/Commander.js:90:25)
    at Worker.waitForJob (/Users/fadebowaley/saby/sabyBackend/node_modules/bullmq/dist/cjs/classes/worker.js:380:50)
    at Worker._getNextJob (/Users/fadebowaley/saby/sabyBackend/node_modules/bullmq/dist/cjs/classes/worker.js:305:33)
    at /Users/fadebowaley/saby/sabyBackend/node_modules/bullmq/dist/cjs/classes/worker.js:244:66
    at Worker.retryIfFailed (/Users/fadebowaley/saby/sabyBackend/node_modules/bullmq/dist/cjs/classes/worker.js:819:30)
    at Worker.mainLoop (/Users/fadebowaley/saby/sabyBackend/node_modules/bullmq/dist/cjs/classes/worker.js:244:41)
    at process.processTicksAndRejections (node:internal/process/task_queues:95:5)
    at async Worker.run (/Users/fadebowaley/saby/sabyBackend/node_modules/bullmq/dist/cjs/classes/worker.js:207:13)
Error: Stream isn't writeable and enableOfflineQueue options is false
    at EventEmitter.sendCommand (/Users/fadebowaley/saby/sabyBackend/node_modules/ioredis/built/Redis.js:364:32)
    at EventEmitter.bzpopmin (/Users/fadebowaley/saby/sabyBackend/node_modules/ioredis/built/utils/Commander.js:90:25)
    at Worker.waitForJob (/Users/fadebowaley/saby/sabyBackend/node_modules/bullmq/dist/cjs/classes/worker.js:380:50)
    at Worker._getNextJob (/Users/fadebowaley/saby/sabyBackend/node_modules/bullmq/dist/cjs/classes/worker.js:305:33)
    at /Users/fadebowaley/saby/sabyBackend/node_modules/bullmq/dist/cjs/classes/worker.js:244:66
    at Worker.retryIfFailed (/Users/fadebowaley/saby/sabyBackend/node_modules/bullmq/dist/cjs/classes/worker.js:819:30)
    at Worker.mainLoop (/Users/fadebowaley/saby/sabyBackend/node_modules/bullmq/dist/cjs/classes/worker.js:244:41)
    at async Worker.run (/Users/fadebowaley/saby/sabyBackend/node_modules/bullmq/dist/cjs/classes/worker.js:207:13)
[31merror[39m: ❌ Submission worker error:
Error: Stream isn't writeable and enableOfflineQueue options is false
    at EventEmitter.sendCommand (/Users/fadebowaley/saby/sabyBackend/node_modules/ioredis/built/Redis.js:364:32)
    at EventEmitter.bzpopmin (/Users/fadebowaley/saby/sabyBackend/node_modules/ioredis/built/utils/Commander.js:90:25)
    at Worker.waitForJob (/Users/fadebowaley/saby/sabyBackend/node_modules/bullmq/dist/cjs/classes/worker.js:380:50)
    at Worker._getNextJob (/Users/fadebowaley/saby/sabyBackend/node_modules/bullmq/dist/cjs/classes/worker.js:305:33)
    at /Users/fadebowaley/saby/sabyBackend/node_modules/bullmq/dist/cjs/classes/worker.js:244:66
    at Worker.retryIfFailed (/Users/fadebowaley/saby/sabyBackend/node_modules/bullmq/dist/cjs/classes/worker.js:819:30)
    at Worker.mainLoop (/Users/fadebowaley/saby/sabyBackend/node_modules/bullmq/dist/cjs/classes/worker.js:244:41)
    at async Worker.run (/Users/fadebowaley/saby/sabyBackend/node_modules/bullmq/dist/cjs/classes/worker.js:207:13)
Error: Stream isn't writeable and enableOfflineQueue options is false
    at EventEmitter.sendCommand (/Users/fadebowaley/saby/sabyBackend/node_modules/ioredis/built/Redis.js:364:32)
    at EventEmitter.bzpopmin (/Users/fadebowaley/saby/sabyBackend/node_modules/ioredis/built/utils/Commander.js:90:25)
    at Worker.waitForJob (/Users/fadebowaley/saby/sabyBackend/node_modules/bullmq/dist/cjs/classes/worker.js:380:50)
    at Worker._getNextJob (/Users/fadebowaley/saby/sabyBackend/node_modules/bullmq/dist/cjs/classes/worker.js:305:33)
    at /Users/fadebowaley/saby/sabyBackend/node_modules/bullmq/dist/cjs/classes/worker.js:244:66
    at Worker.retryIfFailed (/Users/fadebowaley/saby/sabyBackend/node_modules/bullmq/dist/cjs/classes/worker.js:819:30)
    at Worker.mainLoop (/Users/fadebowaley/saby/sabyBackend/node_modules/bullmq/dist/cjs/classes/worker.js:244:41)
    at async Worker.run (/Users/fadebowaley/saby/sabyBackend/node_modules/bullmq/dist/cjs/classes/worker.js:207:13)
[31merror[39m: ❌ Submission worker error:
Error: Stream isn't writeable and enableOfflineQueue options is false
    at EventEmitter.sendCommand (/Users/fadebowaley/saby/sabyBackend/node_modules/ioredis/built/Redis.js:364:32)
    at EventEmitter.bzpopmin (/Users/fadebowaley/saby/sabyBackend/node_modules/ioredis/built/utils/Commander.js:90:25)
    at Worker.waitForJob (/Users/fadebowaley/saby/sabyBackend/node_modules/bullmq/dist/cjs/classes/worker.js:380:50)
    at Worker._getNextJob (/Users/fadebowaley/saby/sabyBackend/node_modules/bullmq/dist/cjs/classes/worker.js:305:33)
    at /Users/fadebowaley/saby/sabyBackend/node_modules/bullmq/dist/cjs/classes/worker.js:244:66
    at Worker.retryIfFailed (/Users/fadebowaley/saby/sabyBackend/node_modules/bullmq/dist/cjs/classes/worker.js:819:30)
    at Worker.mainLoop (/Users/fadebowaley/saby/sabyBackend/node_modules/bullmq/dist/cjs/classes/worker.js:244:41)
    at async Worker.run (/Users/fadebowaley/saby/sabyBackend/node_modules/bullmq/dist/cjs/classes/worker.js:207:13)
[31merror[39m: ❌ Submission worker error:
Error: Stream isn't writeable and enableOfflineQueue options is false
    at EventEmitter.sendCommand (/Users/fadebowaley/saby/sabyBackend/node_modules/ioredis/built/Redis.js:364:32)
    at EventEmitter.bzpopmin (/Users/fadebowaley/saby/sabyBackend/node_modules/ioredis/built/utils/Commander.js:90:25)
    at Worker.waitForJob (/Users/fadebowaley/saby/sabyBackend/node_modules/bullmq/dist/cjs/classes/worker.js:380:50)
    at Worker._getNextJob (/Users/fadebowaley/saby/sabyBackend/node_modules/bullmq/dist/cjs/classes/worker.js:305:33)
    at /Users/fadebowaley/saby/sabyBackend/node_modules/bullmq/dist/cjs/classes/worker.js:244:66
    at Worker.retryIfFailed (/Users/fadebowaley/saby/sabyBackend/node_modules/bullmq/dist/cjs/classes/worker.js:819:30)
    at Worker.mainLoop (/Users/fadebowaley/saby/sabyBackend/node_modules/bullmq/dist/cjs/classes/worker.js:244:41)
    at process.processTicksAndRejections (node:internal/process/task_queues:95:5)
    at async Worker.run (/Users/fadebowaley/saby/sabyBackend/node_modules/bullmq/dist/cjs/classes/worker.js:207:13)
Error: Stream isn't writeable and enableOfflineQueue options is false
    at EventEmitter.sendCommand (/Users/fadebowaley/saby/sabyBackend/node_modules/ioredis/built/Redis.js:364:32)
    at EventEmitter.bzpopmin (/Users/fadebowaley/saby/sabyBackend/node_modules/ioredis/built/utils/Commander.js:90:25)
    at Worker.waitForJob (/Users/fadebowaley/saby/sabyBackend/node_modules/bullmq/dist/cjs/classes/worker.js:380:50)
    at Worker._getNextJob (/Users/fadebowaley/saby/sabyBackend/node_modules/bullmq/dist/cjs/classes/worker.js:305:33)
    at /Users/fadebowaley/saby/sabyBackend/node_modules/bullmq/dist/cjs/classes/worker.js:244:66
    at Worker.retryIfFailed (/Users/fadebowaley/saby/sabyBackend/node_modules/bullmq/dist/cjs/classes/worker.js:819:30)
    at Worker.mainLoop (/Users/fadebowaley/saby/sabyBackend/node_modules/bullmq/dist/cjs/classes/worker.js:244:41)
    at process.processTicksAndRejections (node:internal/process/task_queues:95:5)
    at async Worker.run (/Users/fadebowaley/saby/sabyBackend/node_modules/bullmq/dist/cjs/classes/worker.js:207:13)
[31merror[39m: ❌ Submission worker error:
Error: Stream isn't writeable and enableOfflineQueue options is false
    at EventEmitter.sendCommand (/Users/fadebowaley/saby/sabyBackend/node_modules/ioredis/built/Redis.js:364:32)
    at EventEmitter.bzpopmin (/Users/fadebowaley/saby/sabyBackend/node_modules/ioredis/built/utils/Commander.js:90:25)
    at Worker.waitForJob (/Users/fadebowaley/saby/sabyBackend/node_modules/bullmq/dist/cjs/classes/worker.js:380:50)
    at Worker._getNextJob (/Users/fadebowaley/saby/sabyBackend/node_modules/bullmq/dist/cjs/classes/worker.js:305:33)
    at /Users/fadebowaley/saby/sabyBackend/node_modules/bullmq/dist/cjs/classes/worker.js:244:66
    at Worker.retryIfFailed (/Users/fadebowaley/saby/sabyBackend/node_modules/bullmq/dist/cjs/classes/worker.js:819:30)
    at Worker.mainLoop (/Users/fadebowaley/saby/sabyBackend/node_modules/bullmq/dist/cjs/classes/worker.js:244:41)
    at async Worker.run (/Users/fadebowaley/saby/sabyBackend/node_modules/bullmq/dist/cjs/classes/worker.js:207:13)
Error: Stream isn't writeable and enableOfflineQueue options is false
    at EventEmitter.sendCommand (/Users/fadebowaley/saby/sabyBackend/node_modules/ioredis/built/Redis.js:364:32)
    at EventEmitter.bzpopmin (/Users/fadebowaley/saby/sabyBackend/node_modules/ioredis/built/utils/Commander.js:90:25)
    at Worker.waitForJob (/Users/fadebowaley/saby/sabyBackend/node_modules/bullmq/dist/cjs/classes/worker.js:380:50)
    at Worker._getNextJob (/Users/fadebowaley/saby/sabyBackend/node_modules/bullmq/dist/cjs/classes/worker.js:305:33)
    at /Users/fadebowaley/saby/sabyBackend/node_modules/bullmq/dist/cjs/classes/worker.js:244:66
    at Worker.retryIfFailed (/Users/fadebowaley/saby/sabyBackend/node_modules/bullmq/dist/cjs/classes/worker.js:819:30)
    at Worker.mainLoop (/Users/fadebowaley/saby/sabyBackend/node_modules/bullmq/dist/cjs/classes/worker.js:244:41)
    at runNextTicks (node:internal/process/task_queues:60:5)
    at listOnTimeout (node:internal/timers:538:9)
    at process.processTimers (node:internal/timers:512:7)
    at async Worker.run (/Users/fadebowaley/saby/sabyBackend/node_modules/bullmq/dist/cjs/classes/worker.js:207:13)
[31merror[39m: ❌ Submission worker error:
Error: Stream isn't writeable and enableOfflineQueue options is false
    at EventEmitter.sendCommand (/Users/fadebowaley/saby/sabyBackend/node_modules/ioredis/built/Redis.js:364:32)
    at EventEmitter.bzpopmin (/Users/fadebowaley/saby/sabyBackend/node_modules/ioredis/built/utils/Commander.js:90:25)
    at Worker.waitForJob (/Users/fadebowaley/saby/sabyBackend/node_modules/bullmq/dist/cjs/classes/worker.js:380:50)
    at Worker._getNextJob (/Users/fadebowaley/saby/sabyBackend/node_modules/bullmq/dist/cjs/classes/worker.js:305:33)
    at /Users/fadebowaley/saby/sabyBackend/node_modules/bullmq/dist/cjs/classes/worker.js:244:66
    at Worker.retryIfFailed (/Users/fadebowaley/saby/sabyBackend/node_modules/bullmq/dist/cjs/classes/worker.js:819:30)
    at Worker.mainLoop (/Users/fadebowaley/saby/sabyBackend/node_modules/bullmq/dist/cjs/classes/worker.js:244:41)
    at async Worker.run (/Users/fadebowaley/saby/sabyBackend/node_modules/bullmq/dist/cjs/classes/worker.js:207:13)
Error: Stream isn't writeable and enableOfflineQueue options is false
    at EventEmitter.sendCommand (/Users/fadebowaley/saby/sabyBackend/node_modules/ioredis/built/Redis.js:364:32)
    at EventEmitter.bzpopmin (/Users/fadebowaley/saby/sabyBackend/node_modules/ioredis/built/utils/Commander.js:90:25)
    at Worker.waitForJob (/Users/fadebowaley/saby/sabyBackend/node_modules/bullmq/dist/cjs/classes/worker.js:380:50)
    at Worker._getNextJob (/Users/fadebowaley/saby/sabyBackend/node_modules/bullmq/dist/cjs/classes/worker.js:305:33)
    at /Users/fadebowaley/saby/sabyBackend/node_modules/bullmq/dist/cjs/classes/worker.js:244:66
    at Worker.retryIfFailed (/Users/fadebowaley/saby/sabyBackend/node_modules/bullmq/dist/cjs/classes/worker.js:819:30)
    at Worker.mainLoop (/Users/fadebowaley/saby/sabyBackend/node_modules/bullmq/dist/cjs/classes/worker.js:244:41)
    at async Worker.run (/Users/fadebowaley/saby/sabyBackend/node_modules/bullmq/dist/cjs/classes/worker.js:207:13)
[31merror[39m: ❌ Submission worker error:
Error: Stream isn't writeable and enableOfflineQueue options is false
    at EventEmitter.sendCommand (/Users/fadebowaley/saby/sabyBackend/node_modules/ioredis/built/Redis.js:364:32)
    at EventEmitter.bzpopmin (/Users/fadebowaley/saby/sabyBackend/node_modules/ioredis/built/utils/Commander.js:90:25)
    at Worker.waitForJob (/Users/fadebowaley/saby/sabyBackend/node_modules/bullmq/dist/cjs/classes/worker.js:380:50)
    at Worker._getNextJob (/Users/fadebowaley/saby/sabyBackend/node_modules/bullmq/dist/cjs/classes/worker.js:305:33)
    at /Users/fadebowaley/saby/sabyBackend/node_modules/bullmq/dist/cjs/classes/worker.js:244:66
    at Worker.retryIfFailed (/Users/fadebowaley/saby/sabyBackend/node_modules/bullmq/dist/cjs/classes/worker.js:819:30)
    at Worker.mainLoop (/Users/fadebowaley/saby/sabyBackend/node_modules/bullmq/dist/cjs/classes/worker.js:244:41)
    at async Worker.run (/Users/fadebowaley/saby/sabyBackend/node_modules/bullmq/dist/cjs/classes/worker.js:207:13)
Error: Stream isn't writeable and enableOfflineQueue options is false
    at EventEmitter.sendCommand (/Users/fadebowaley/saby/sabyBackend/node_modules/ioredis/built/Redis.js:364:32)
    at EventEmitter.bzpopmin (/Users/fadebowaley/saby/sabyBackend/node_modules/ioredis/built/utils/Commander.js:90:25)
    at Worker.waitForJob (/Users/fadebowaley/saby/sabyBackend/node_modules/bullmq/dist/cjs/classes/worker.js:380:50)
    at Worker._getNextJob (/Users/fadebowaley/saby/sabyBackend/node_modules/bullmq/dist/cjs/classes/worker.js:305:33)
    at /Users/fadebowaley/saby/sabyBackend/node_modules/bullmq/dist/cjs/classes/worker.js:244:66
    at Worker.retryIfFailed (/Users/fadebowaley/saby/sabyBackend/node_modules/bullmq/dist/cjs/classes/worker.js:819:30)
    at Worker.mainLoop (/Users/fadebowaley/saby/sabyBackend/node_modules/bullmq/dist/cjs/classes/worker.js:244:41)
    at runNextTicks (node:internal/process/task_queues:60:5)
    at listOnTimeout (node:internal/timers:538:9)
    at process.processTimers (node:internal/timers:512:7)
    at async Worker.run (/Users/fadebowaley/saby/sabyBackend/node_modules/bullmq/dist/cjs/classes/worker.js:207:13)
[31merror[39m: ❌ Submission worker error:
Error: Stream isn't writeable and enableOfflineQueue options is false
    at EventEmitter.sendCommand (/Users/fadebowaley/saby/sabyBackend/node_modules/ioredis/built/Redis.js:364:32)
    at EventEmitter.bzpopmin (/Users/fadebowaley/saby/sabyBackend/node_modules/ioredis/built/utils/Commander.js:90:25)
    at Worker.waitForJob (/Users/fadebowaley/saby/sabyBackend/node_modules/bullmq/dist/cjs/classes/worker.js:380:50)
    at Worker._getNextJob (/Users/fadebowaley/saby/sabyBackend/node_modules/bullmq/dist/cjs/classes/worker.js:305:33)
    at /Users/fadebowaley/saby/sabyBackend/node_modules/bullmq/dist/cjs/classes/worker.js:244:66
    at Worker.retryIfFailed (/Users/fadebowaley/saby/sabyBackend/node_modules/bullmq/dist/cjs/classes/worker.js:819:30)
    at Worker.mainLoop (/Users/fadebowaley/saby/sabyBackend/node_modules/bullmq/dist/cjs/classes/worker.js:244:41)
    at async Worker.run (/Users/fadebowaley/saby/sabyBackend/node_modules/bullmq/dist/cjs/classes/worker.js:207:13)
[31merror[39m: ❌ Submission worker error:
[31merror[39m: ❌ Submission worker error:
[TenantPlugin] Pre-hook triggered for: findOne
[TenantPlugin] Options: {}
expired token expiry time ---> 30
expired token ---> Moment<2025-10-23T20:12:52+01:00>
expired token ---> Moment<2025-10-23T20:42:52+01:00>
acess token --> eyJhbGciOiJIUzI1NiIsInR5cCI6IkpXVCJ9.eyJzdWIiOiI2OGU0Y2I5NmQxODBiMDI4NWQ5YTcwMWQiLCJpYXQiOjE3NjEyNDQ5NzIsImV4cCI6MTc2MTI0Njc3MiwidHlwZSI6ImFjY2VzcyJ9.X5a78naXK6J6qXKvtNFsEjdmCPtj-kLp562qyH1ekIM
[32minfo[39m: POST /v1/auth/login 200 - 57.160 ms
[TenantPlugin] Pre-hook triggered for: findOne
[TenantPlugin] Options: {}
--- AUTH DEBUG ---
Route: /v1/node?tenantId=hWiWJ_X0m6&limit=1
HTTP Method: GET
Required Permissions: [ 'view:node' ]
[NODE CONTROLLER - QUERY] Query params: { tenantId: 'hWiWJ_X0m6', limit: 1 } Tenant: hWiWJ_X0m6
[NODE CONTROLLER - QUERY] Filter with tenantId: { tenantId: 'hWiWJ_X0m6' }
[TenantPlugin] paginate() - incoming options: { limit: 1, populate: 'level,structure,users.roles' }
[TenantPlugin] Pre-hook triggered for: countDocuments
[TenantPlugin] Options: {}
[TenantPlugin] Pre-hook triggered for: find
[TenantPlugin] Options: { sort: { createdAt: 1 }, skip: 0, limit: 1 }
[NODE CONTROLLER - QUERY] Found 0 nodes for tenant: hWiWJ_X0m6
[32minfo[39m: GET /v1/node?tenantId=hWiWJ_X0m6&limit=1 200 - 14.594 ms
[requireAccess] Checking access for endpoint: /v1/submissions {
  permissions: [],
  scope: undefined,
  environment: undefined,
  jwtOnly: false,
  apiOnly: false
}
[requireAccess] Incoming headers: {
  Authorization: 'Bearer eyJhbGciOiJIUzI1NiIsInR5cCI6IkpXVCJ9.eyJzdWIiOiI2OGU0Y2I5NmQxODBiMDI4NWQ5YTcwMWQiLCJpYXQiOjE3NjEyNDQ5NzIsImV4cCI6MTc2MTI0Njc3MiwidHlwZSI6ImFjY2VzcyJ9.X5a78naXK6J6qXKvtNFsEjdmCPtj-kLp562qyH1ekIM',
  'x-api-key': undefined,
  requiredPermissions: []
}
[requireAccess] Full request headers: {
  accept: 'application/json, text/plain, */*',
  'content-type': 'application/json',
  authorization: 'Bearer eyJhbGciOiJIUzI1NiIsInR5cCI6IkpXVCJ9.eyJzdWIiOiI2OGU0Y2I5NmQxODBiMDI4NWQ5YTcwMWQiLCJpYXQiOjE3NjEyNDQ5NzIsImV4cCI6MTc2MTI0Njc3MiwidHlwZSI6ImFjY2VzcyJ9.X5a78naXK6J6qXKvtNFsEjdmCPtj-kLp562qyH1ekIM',
  'user-agent': 'axios/1.12.2',
  'content-length': '510',
  'accept-encoding': 'gzip, compress, deflate, br',
  host: 'localhost:4000',
  connection: 'close'
}
[requireAccess] Detected JWT
[TenantPlugin] Pre-hook triggered for: findOne
[TenantPlugin] Options: {}
[requireAccess] Authenticated user: {
  roles: [],
  isOwner: true,
  isSuper: true,
  isSaby: true,
  isAgreed: false,
  createdBy: null,
  otp: null,
  otpExpires: null,
  otpVerified: true,
  phoneNumber: null,
  isPhoneVerified: false,
  isEmailVerified: true,
  avatar: 'https://halocrm.s3.us-east-1.amazonaws.com/user/avatar-09.webp',
  status: true,
  deletedAt: null,
  _id: 68e4cb96d180b0285d9a701d,
  firstname: 'Debby',
  lastname: 'Adebowale',
  email: 'saby@saby.ai',
  password: '$2a$08$o1.0/o0J3cDHswtnBPpdO.0KNYtXslW0gYv8ZcwaRkUdsupCw5dH.',
  userId: '0YXBcDcxPH',
  tenantId: 'hWiWJ_X0m6',
  createdAt: 2025-10-07T08:13:10.710Z,
  updatedAt: 2025-10-10T19:17:53.368Z,
  haloId: 'HL-00030',
  __v: 0
}
[requireAccess] Resolved access: user
[32minfo[39m: 📝 Accepting submission for project proj_Mrs538IYtOfd (form validation: disabled)
[32minfo[39m: 📥 Submission enqueued - Job ID: hWiWJ_X0m6-1761244972259 | Tenant: hWiWJ_X0m6
[32minfo[39m: [Worker] Processing PERM submission for project=proj_Mrs538IYtOfd (Attempt 1/3)
📡 Emitted activity update to tenant:hWiWJ_X0m6
[32minfo[39m: [Activity] queued - queued - Job: hWiWJ_X0m6-1761244972259 - PERM submission queued for 2025-10-01
[32minfo[39m: POST /v1/submissions 202 - 7135.096 ms
📡 Emitted activity update to tenant:hWiWJ_X0m6
[32minfo[39m: [Activity] processing - in progress - Job: hWiWJ_X0m6-1761244972259 - Processing PERM submission for 2025-10-01
[32minfo[39m: [Worker] Calling permSubmissionService.submitPERMData for PERM submission
[32minfo[39m: ✅ PERM submission created: 7e39b85a-1b2e-4d50-9380-f5f899616e78
[32minfo[39m: [Worker] PERM submission created - 7e39b85a-1b2e-4d50-9380-f5f899616e78 (40% compliance, 2/5 events, status: partial)
📡 Emitted activity update to tenant:hWiWJ_X0m6
[32minfo[39m: [Activity] completed - success - Job: hWiWJ_X0m6-1761244972259 - PERM submission completed (40.00% compliance)
[TenantPlugin] Pre-hook triggered for: findOne
[TenantPlugin] Options: {}
[requireAccess] Checking access for endpoint: /v1/submissions/activity-log?tenant_id=hWiWJ_X0m6&limit=5 {
  permissions: [],
  scope: undefined,
  environment: undefined,
  jwtOnly: false,
  apiOnly: false
}
[requireAccess] Incoming headers: {
  Authorization: 'Bearer eyJhbGciOiJIUzI1NiIsInR5cCI6IkpXVCJ9.eyJzdWIiOiI2OGU0Y2I5NmQxODBiMDI4NWQ5YTcwMWQiLCJpYXQiOjE3NjEyNDQ5NzIsImV4cCI6MTc2MTI0Njc3MiwidHlwZSI6ImFjY2VzcyJ9.X5a78naXK6J6qXKvtNFsEjdmCPtj-kLp562qyH1ekIM',
  'x-api-key': undefined,
  requiredPermissions: []
}
[requireAccess] Full request headers: {
  accept: 'application/json, text/plain, */*',
  'content-type': 'application/json',
  authorization: 'Bearer eyJhbGciOiJIUzI1NiIsInR5cCI6IkpXVCJ9.eyJzdWIiOiI2OGU0Y2I5NmQxODBiMDI4NWQ5YTcwMWQiLCJpYXQiOjE3NjEyNDQ5NzIsImV4cCI6MTc2MTI0Njc3MiwidHlwZSI6ImFjY2VzcyJ9.X5a78naXK6J6qXKvtNFsEjdmCPtj-kLp562qyH1ekIM',
  'user-agent': 'axios/1.12.2',
  'accept-encoding': 'gzip, compress, deflate, br',
  host: 'localhost:4000',
  connection: 'close'
}
[requireAccess] Detected JWT
[TenantPlugin] Pre-hook triggered for: findOne
[TenantPlugin] Options: {}
[requireAccess] Authenticated user: {
  roles: [],
  isOwner: true,
  isSuper: true,
  isSaby: true,
  isAgreed: false,
  createdBy: null,
  otp: null,
  otpExpires: null,
  otpVerified: true,
  phoneNumber: null,
  isPhoneVerified: false,
  isEmailVerified: true,
  avatar: 'https://halocrm.s3.us-east-1.amazonaws.com/user/avatar-09.webp',
  status: true,
  deletedAt: null,
  _id: 68e4cb96d180b0285d9a701d,
  firstname: 'Debby',
  lastname: 'Adebowale',
  email: 'saby@saby.ai',
  password: '$2a$08$o1.0/o0J3cDHswtnBPpdO.0KNYtXslW0gYv8ZcwaRkUdsupCw5dH.',
  userId: '0YXBcDcxPH',
  tenantId: 'hWiWJ_X0m6',
  createdAt: 2025-10-07T08:13:10.710Z,
  updatedAt: 2025-10-10T19:17:53.368Z,
  haloId: 'HL-00030',
  __v: 0
}
[requireAccess] Resolved access: user
[32minfo[39m: GET /v1/submissions/activity-log?tenant_id=hWiWJ_X0m6&limit=5 200 - 1043.258 ms
[requireAccess] Checking access for endpoint: /v1/submissions?tenant_id=hWiWJ_X0m6&project_id=proj_Mrs538IYtOfd&node_id=node_test_1761244972252&month=2025-10-01&perm_enabled=true {
  permissions: [],
  scope: undefined,
  environment: undefined,
  jwtOnly: false,
  apiOnly: false
}
[requireAccess] Incoming headers: {
  Authorization: 'Bearer eyJhbGciOiJIUzI1NiIsInR5cCI6IkpXVCJ9.eyJzdWIiOiI2OGU0Y2I5NmQxODBiMDI4NWQ5YTcwMWQiLCJpYXQiOjE3NjEyNDQ5NzIsImV4cCI6MTc2MTI0Njc3MiwidHlwZSI6ImFjY2VzcyJ9.X5a78naXK6J6qXKvtNFsEjdmCPtj-kLp562qyH1ekIM',
  'x-api-key': undefined,
  requiredPermissions: []
}
[requireAccess] Full request headers: {
  accept: 'application/json, text/plain, */*',
  'content-type': 'application/json',
  authorization: 'Bearer eyJhbGciOiJIUzI1NiIsInR5cCI6IkpXVCJ9.eyJzdWIiOiI2OGU0Y2I5NmQxODBiMDI4NWQ5YTcwMWQiLCJpYXQiOjE3NjEyNDQ5NzIsImV4cCI6MTc2MTI0Njc3MiwidHlwZSI6ImFjY2VzcyJ9.X5a78naXK6J6qXKvtNFsEjdmCPtj-kLp562qyH1ekIM',
  'user-agent': 'axios/1.12.2',
  'accept-encoding': 'gzip, compress, deflate, br',
  host: 'localhost:4000',
  connection: 'close'
}
[requireAccess] Detected JWT
[TenantPlugin] Pre-hook triggered for: findOne
[TenantPlugin] Options: {}
[requireAccess] Authenticated user: {
  roles: [],
  isOwner: true,
  isSuper: true,
  isSaby: true,
  isAgreed: false,
  createdBy: null,
  otp: null,
  otpExpires: null,
  otpVerified: true,
  phoneNumber: null,
  isPhoneVerified: false,
  isEmailVerified: true,
  avatar: 'https://halocrm.s3.us-east-1.amazonaws.com/user/avatar-09.webp',
  status: true,
  deletedAt: null,
  _id: 68e4cb96d180b0285d9a701d,
  firstname: 'Debby',
  lastname: 'Adebowale',
  email: 'saby@saby.ai',
  password: '$2a$08$o1.0/o0J3cDHswtnBPpdO.0KNYtXslW0gYv8ZcwaRkUdsupCw5dH.',
  userId: '0YXBcDcxPH',
  tenantId: 'hWiWJ_X0m6',
  createdAt: 2025-10-07T08:13:10.710Z,
  updatedAt: 2025-10-10T19:17:53.368Z,
  haloId: 'HL-00030',
  __v: 0
}
[requireAccess] Resolved access: user
[32minfo[39m: GET /v1/submissions?tenant_id=hWiWJ_X0m6&project_id=proj_Mrs538IYtOfd&node_id=node_test_1761244972252&month=2025-10-01&perm_enabled=true 200 - 334.788 ms
[requireAccess] Checking access for endpoint: /v1/submissions {
  permissions: [],
  scope: undefined,
  environment: undefined,
  jwtOnly: false,
  apiOnly: false
}
[requireAccess] Incoming headers: {
  Authorization: 'Bearer eyJhbGciOiJIUzI1NiIsInR5cCI6IkpXVCJ9.eyJzdWIiOiI2OGU0Y2I5NmQxODBiMDI4NWQ5YTcwMWQiLCJpYXQiOjE3NjEyNDQ5NzIsImV4cCI6MTc2MTI0Njc3MiwidHlwZSI6ImFjY2VzcyJ9.X5a78naXK6J6qXKvtNFsEjdmCPtj-kLp562qyH1ekIM',
  'x-api-key': undefined,
  requiredPermissions: []
}
[requireAccess] Full request headers: {
  accept: 'application/json, text/plain, */*',
  'content-type': 'application/json',
  authorization: 'Bearer eyJhbGciOiJIUzI1NiIsInR5cCI6IkpXVCJ9.eyJzdWIiOiI2OGU0Y2I5NmQxODBiMDI4NWQ5YTcwMWQiLCJpYXQiOjE3NjEyNDQ5NzIsImV4cCI6MTc2MTI0Njc3MiwidHlwZSI6ImFjY2VzcyJ9.X5a78naXK6J6qXKvtNFsEjdmCPtj-kLp562qyH1ekIM',
  'user-agent': 'axios/1.12.2',
  'content-length': '539',
  'accept-encoding': 'gzip, compress, deflate, br',
  host: 'localhost:4000',
  connection: 'close'
}
[requireAccess] Detected JWT
[TenantPlugin] Pre-hook triggered for: findOne
[TenantPlugin] Options: {}
[requireAccess] Authenticated user: {
  roles: [],
  isOwner: true,
  isSuper: true,
  isSaby: true,
  isAgreed: false,
  createdBy: null,
  otp: null,
  otpExpires: null,
  otpVerified: true,
  phoneNumber: null,
  isPhoneVerified: false,
  isEmailVerified: true,
  avatar: 'https://halocrm.s3.us-east-1.amazonaws.com/user/avatar-09.webp',
  status: true,
  deletedAt: null,
  _id: 68e4cb96d180b0285d9a701d,
  firstname: 'Debby',
  lastname: 'Adebowale',
  email: 'saby@saby.ai',
  password: '$2a$08$o1.0/o0J3cDHswtnBPpdO.0KNYtXslW0gYv8ZcwaRkUdsupCw5dH.',
  userId: '0YXBcDcxPH',
  tenantId: 'hWiWJ_X0m6',
  createdAt: 2025-10-07T08:13:10.710Z,
  updatedAt: 2025-10-10T19:17:53.368Z,
  haloId: 'HL-00030',
  __v: 0
}
[requireAccess] Resolved access: user
[32minfo[39m: 📝 Accepting submission for project proj_Mrs538IYtOfd (form validation: disabled)
[32minfo[39m: 📥 Submission enqueued - Job ID: hWiWJ_X0m6-1761244983795 | Tenant: hWiWJ_X0m6
📡 Emitted activity update to tenant:hWiWJ_X0m6
[32minfo[39m: [Activity] queued - queued - Job: hWiWJ_X0m6-1761244983795 - PERM submission queued for 2025-10-01
[32minfo[39m: POST /v1/submissions 202 - 1204.298 ms
[32minfo[39m: [Worker] Processing PERM submission for project=proj_Mrs538IYtOfd (Attempt 1/3)
📡 Emitted activity update to tenant:hWiWJ_X0m6
[32minfo[39m: [Activity] processing - in progress - Job: hWiWJ_X0m6-1761244983795 - Processing PERM submission for 2025-10-01
[32minfo[39m: [Worker] Calling permSubmissionService.submitPERMData for PERM submission
[32minfo[39m: ✅ PERM submission updated: 7e39b85a-1b2e-4d50-9380-f5f899616e78
[32minfo[39m: [Worker] PERM submission updated - 7e39b85a-1b2e-4d50-9380-f5f899616e78 (80% compliance, 4/5 events, status: partial)
[requireAccess] Checking access for endpoint: /v1/submissions?tenant_id=hWiWJ_X0m6&project_id=proj_Mrs538IYtOfd&node_id=node_test_1761244972252&month=2025-10-01&perm_enabled=true {
  permissions: [],
  scope: undefined,
  environment: undefined,
  jwtOnly: false,
  apiOnly: false
}
[requireAccess] Incoming headers: {
  Authorization: 'Bearer eyJhbGciOiJIUzI1NiIsInR5cCI6IkpXVCJ9.eyJzdWIiOiI2OGU0Y2I5NmQxODBiMDI4NWQ5YTcwMWQiLCJpYXQiOjE3NjEyNDQ5NzIsImV4cCI6MTc2MTI0Njc3MiwidHlwZSI6ImFjY2VzcyJ9.X5a78naXK6J6qXKvtNFsEjdmCPtj-kLp562qyH1ekIM',
  'x-api-key': undefined,
  requiredPermissions: []
}
[requireAccess] Full request headers: {
  accept: 'application/json, text/plain, */*',
  'content-type': 'application/json',
  authorization: 'Bearer eyJhbGciOiJIUzI1NiIsInR5cCI6IkpXVCJ9.eyJzdWIiOiI2OGU0Y2I5NmQxODBiMDI4NWQ5YTcwMWQiLCJpYXQiOjE3NjEyNDQ5NzIsImV4cCI6MTc2MTI0Njc3MiwidHlwZSI6ImFjY2VzcyJ9.X5a78naXK6J6qXKvtNFsEjdmCPtj-kLp562qyH1ekIM',
  'user-agent': 'axios/1.12.2',
  'accept-encoding': 'gzip, compress, deflate, br',
  host: 'localhost:4000',
  connection: 'close'
}
[requireAccess] Detected JWT
[TenantPlugin] Pre-hook triggered for: findOne
[TenantPlugin] Options: {}
[requireAccess] Authenticated user: {
  roles: [],
  isOwner: true,
  isSuper: true,
  isSaby: true,
  isAgreed: false,
  createdBy: null,
  otp: null,
  otpExpires: null,
  otpVerified: true,
  phoneNumber: null,
  isPhoneVerified: false,
  isEmailVerified: true,
  avatar: 'https://halocrm.s3.us-east-1.amazonaws.com/user/avatar-09.webp',
  status: true,
  deletedAt: null,
  _id: 68e4cb96d180b0285d9a701d,
  firstname: 'Debby',
  lastname: 'Adebowale',
  email: 'saby@saby.ai',
  password: '$2a$08$o1.0/o0J3cDHswtnBPpdO.0KNYtXslW0gYv8ZcwaRkUdsupCw5dH.',
  userId: '0YXBcDcxPH',
  tenantId: 'hWiWJ_X0m6',
  createdAt: 2025-10-07T08:13:10.710Z,
  updatedAt: 2025-10-10T19:17:53.368Z,
  haloId: 'HL-00030',
  __v: 0
}
[requireAccess] Resolved access: user
📡 Emitted activity update to tenant:hWiWJ_X0m6
[32minfo[39m: [Activity] completed - success - Job: hWiWJ_X0m6-1761244983795 - PERM submission completed (80.00% compliance)
[TenantPlugin] Pre-hook triggered for: findOne
[TenantPlugin] Options: {}
[32minfo[39m: GET /v1/submissions?tenant_id=hWiWJ_X0m6&project_id=proj_Mrs538IYtOfd&node_id=node_test_1761244972252&month=2025-10-01&perm_enabled=true 200 - 1719.079 ms
[requireAccess] Checking access for endpoint: /v1/submissions {
  permissions: [],
  scope: undefined,
  environment: undefined,
  jwtOnly: false,
  apiOnly: false
}
[requireAccess] Incoming headers: {
  Authorization: 'Bearer eyJhbGciOiJIUzI1NiIsInR5cCI6IkpXVCJ9.eyJzdWIiOiI2OGU0Y2I5NmQxODBiMDI4NWQ5YTcwMWQiLCJpYXQiOjE3NjEyNDQ5NzIsImV4cCI6MTc2MTI0Njc3MiwidHlwZSI6ImFjY2VzcyJ9.X5a78naXK6J6qXKvtNFsEjdmCPtj-kLp562qyH1ekIM',
  'x-api-key': undefined,
  requiredPermissions: []
}
[requireAccess] Full request headers: {
  accept: 'application/json, text/plain, */*',
  'content-type': 'application/json',
  authorization: 'Bearer eyJhbGciOiJIUzI1NiIsInR5cCI6IkpXVCJ9.eyJzdWIiOiI2OGU0Y2I5NmQxODBiMDI4NWQ5YTcwMWQiLCJpYXQiOjE3NjEyNDQ5NzIsImV4cCI6MTc2MTI0Njc3MiwidHlwZSI6ImFjY2VzcyJ9.X5a78naXK6J6qXKvtNFsEjdmCPtj-kLp562qyH1ekIM',
  'user-agent': 'axios/1.12.2',
  'content-length': '479',
  'accept-encoding': 'gzip, compress, deflate, br',
  host: 'localhost:4000',
  connection: 'close'
}
[requireAccess] Detected JWT
[TenantPlugin] Pre-hook triggered for: findOne
[TenantPlugin] Options: {}
[requireAccess] Authenticated user: {
  roles: [],
  isOwner: true,
  isSuper: true,
  isSaby: true,
  isAgreed: false,
  createdBy: null,
  otp: null,
  otpExpires: null,
  otpVerified: true,
  phoneNumber: null,
  isPhoneVerified: false,
  isEmailVerified: true,
  avatar: 'https://halocrm.s3.us-east-1.amazonaws.com/user/avatar-09.webp',
  status: true,
  deletedAt: null,
  _id: 68e4cb96d180b0285d9a701d,
  firstname: 'Debby',
  lastname: 'Adebowale',
  email: 'saby@saby.ai',
  password: '$2a$08$o1.0/o0J3cDHswtnBPpdO.0KNYtXslW0gYv8ZcwaRkUdsupCw5dH.',
  userId: '0YXBcDcxPH',
  tenantId: 'hWiWJ_X0m6',
  createdAt: 2025-10-07T08:13:10.710Z,
  updatedAt: 2025-10-10T19:17:53.368Z,
  haloId: 'HL-00030',
  __v: 0
}
[requireAccess] Resolved access: user
[32minfo[39m: 📝 Accepting submission for project proj_Mrs538IYtOfd (form validation: disabled)
[32minfo[39m: 📥 Submission enqueued - Job ID: hWiWJ_X0m6-1761244989741 | Tenant: hWiWJ_X0m6
📡 Emitted activity update to tenant:hWiWJ_X0m6
[32minfo[39m: [Activity] queued - queued - Job: hWiWJ_X0m6-1761244989741 - PERM submission queued for 2025-10-01
[32minfo[39m: POST /v1/submissions 202 - 235.768 ms
[32minfo[39m: ✅ Email sent to saby@saby.ai: ✅ Submission Received - PERM Event Tracking Test
[32minfo[39m: ✅ Confirmation email queued for saby@saby.ai
[32minfo[39m: [Worker] Processing PERM submission for project=proj_Mrs538IYtOfd (Attempt 1/3)
📡 Emitted activity update to tenant:hWiWJ_X0m6
[32minfo[39m: [Activity] processing - in progress - Job: hWiWJ_X0m6-1761244989741 - Processing PERM submission for 2025-10-01
[32minfo[39m: [Worker] Calling permSubmissionService.submitPERMData for PERM submission
[32minfo[39m: ✅ Email sent to saby@saby.ai: ✅ Submission Received - PERM Event Tracking Test
[32minfo[39m: ✅ Confirmation email queued for saby@saby.ai
[32minfo[39m: ✅ Submission job completed - ID: hWiWJ_X0m6-1761244983795
[32minfo[39m: ✅ Submission worker completed job: hWiWJ_X0m6-1761244983795
[requireAccess] Checking access for endpoint: /v1/submissions?tenant_id=hWiWJ_X0m6&project_id=proj_Mrs538IYtOfd&node_id=node_test_1761244972252&month=2025-10-01&perm_enabled=true {
  permissions: [],
  scope: undefined,
  environment: undefined,
  jwtOnly: false,
  apiOnly: false
}
[requireAccess] Incoming headers: {
  Authorization: 'Bearer eyJhbGciOiJIUzI1NiIsInR5cCI6IkpXVCJ9.eyJzdWIiOiI2OGU0Y2I5NmQxODBiMDI4NWQ5YTcwMWQiLCJpYXQiOjE3NjEyNDQ5NzIsImV4cCI6MTc2MTI0Njc3MiwidHlwZSI6ImFjY2VzcyJ9.X5a78naXK6J6qXKvtNFsEjdmCPtj-kLp562qyH1ekIM',
  'x-api-key': undefined,
  requiredPermissions: []
}
[requireAccess] Full request headers: {
  accept: 'application/json, text/plain, */*',
  'content-type': 'application/json',
  authorization: 'Bearer eyJhbGciOiJIUzI1NiIsInR5cCI6IkpXVCJ9.eyJzdWIiOiI2OGU0Y2I5NmQxODBiMDI4NWQ5YTcwMWQiLCJpYXQiOjE3NjEyNDQ5NzIsImV4cCI6MTc2MTI0Njc3MiwidHlwZSI6ImFjY2VzcyJ9.X5a78naXK6J6qXKvtNFsEjdmCPtj-kLp562qyH1ekIM',
  'user-agent': 'axios/1.12.2',
  'accept-encoding': 'gzip, compress, deflate, br',
  host: 'localhost:4000',
  connection: 'close'
}
[requireAccess] Detected JWT
[TenantPlugin] Pre-hook triggered for: findOne
[TenantPlugin] Options: {}
[requireAccess] Authenticated user: {
  roles: [],
  isOwner: true,
  isSuper: true,
  isSaby: true,
  isAgreed: false,
  createdBy: null,
  otp: null,
  otpExpires: null,
  otpVerified: true,
  phoneNumber: null,
  isPhoneVerified: false,
  isEmailVerified: true,
  avatar: 'https://halocrm.s3.us-east-1.amazonaws.com/user/avatar-09.webp',
  status: true,
  deletedAt: null,
  _id: 68e4cb96d180b0285d9a701d,
  firstname: 'Debby',
  lastname: 'Adebowale',
  email: 'saby@saby.ai',
  password: '$2a$08$o1.0/o0J3cDHswtnBPpdO.0KNYtXslW0gYv8ZcwaRkUdsupCw5dH.',
  userId: '0YXBcDcxPH',
  tenantId: 'hWiWJ_X0m6',
  createdAt: 2025-10-07T08:13:10.710Z,
  updatedAt: 2025-10-10T19:17:53.368Z,
  haloId: 'HL-00030',
  __v: 0
}
[requireAccess] Resolved access: user
[32minfo[39m: GET /v1/submissions?tenant_id=hWiWJ_X0m6&project_id=proj_Mrs538IYtOfd&node_id=node_test_1761244972252&month=2025-10-01&perm_enabled=true 200 - 349.855 ms
[requireAccess] Checking access for endpoint: /v1/submissions {
  permissions: [],
  scope: undefined,
  environment: undefined,
  jwtOnly: false,
  apiOnly: false
}
[requireAccess] Incoming headers: {
  Authorization: 'Bearer eyJhbGciOiJIUzI1NiIsInR5cCI6IkpXVCJ9.eyJzdWIiOiI2OGU0Y2I5NmQxODBiMDI4NWQ5YTcwMWQiLCJpYXQiOjE3NjEyNDQ5NzIsImV4cCI6MTc2MTI0Njc3MiwidHlwZSI6ImFjY2VzcyJ9.X5a78naXK6J6qXKvtNFsEjdmCPtj-kLp562qyH1ekIM',
  'x-api-key': undefined,
  requiredPermissions: []
}
[requireAccess] Full request headers: {
  accept: 'application/json, text/plain, */*',
  'content-type': 'application/json',
  authorization: 'Bearer eyJhbGciOiJIUzI1NiIsInR5cCI6IkpXVCJ9.eyJzdWIiOiI2OGU0Y2I5NmQxODBiMDI4NWQ5YTcwMWQiLCJpYXQiOjE3NjEyNDQ5NzIsImV4cCI6MTc2MTI0Njc3MiwidHlwZSI6ImFjY2VzcyJ9.X5a78naXK6J6qXKvtNFsEjdmCPtj-kLp562qyH1ekIM',
  'user-agent': 'axios/1.12.2',
  'content-length': '431',
  'accept-encoding': 'gzip, compress, deflate, br',
  host: 'localhost:4000',
  connection: 'close'
}
[requireAccess] Detected JWT
[TenantPlugin] Pre-hook triggered for: findOne
[TenantPlugin] Options: {}
[requireAccess] Authenticated user: {
  roles: [],
  isOwner: true,
  isSuper: true,
  isSaby: true,
  isAgreed: false,
  createdBy: null,
  otp: null,
  otpExpires: null,
  otpVerified: true,
  phoneNumber: null,
  isPhoneVerified: false,
  isEmailVerified: true,
  avatar: 'https://halocrm.s3.us-east-1.amazonaws.com/user/avatar-09.webp',
  status: true,
  deletedAt: null,
  _id: 68e4cb96d180b0285d9a701d,
  firstname: 'Debby',
  lastname: 'Adebowale',
  email: 'saby@saby.ai',
  password: '$2a$08$o1.0/o0J3cDHswtnBPpdO.0KNYtXslW0gYv8ZcwaRkUdsupCw5dH.',
  userId: '0YXBcDcxPH',
  tenantId: 'hWiWJ_X0m6',
  createdAt: 2025-10-07T08:13:10.710Z,
  updatedAt: 2025-10-10T19:17:53.368Z,
  haloId: 'HL-00030',
  __v: 0
}
[requireAccess] Resolved access: user
[32minfo[39m: 📝 Accepting submission for project proj_Mrs538IYtOfd (form validation: disabled)
[32minfo[39m: 📥 Submission enqueued - Job ID: hWiWJ_X0m6-1761244993342 | Tenant: hWiWJ_X0m6
📡 Emitted activity update to tenant:hWiWJ_X0m6
[32minfo[39m: [Activity] queued - queued - Job: hWiWJ_X0m6-1761244993342 - PERM submission queued for 2025-10-01
[32minfo[39m: POST /v1/submissions 202 - 269.914 ms
[requireAccess] Checking access for endpoint: /v1/submissions?tenant_id=hWiWJ_X0m6&project_id=proj_Mrs538IYtOfd&month=2025-10-01&perm_enabled=true {
  permissions: [],
  scope: undefined,
  environment: undefined,
  jwtOnly: false,
  apiOnly: false
}
[requireAccess] Incoming headers: {
  Authorization: 'Bearer eyJhbGciOiJIUzI1NiIsInR5cCI6IkpXVCJ9.eyJzdWIiOiI2OGU0Y2I5NmQxODBiMDI4NWQ5YTcwMWQiLCJpYXQiOjE3NjEyNDQ5NzIsImV4cCI6MTc2MTI0Njc3MiwidHlwZSI6ImFjY2VzcyJ9.X5a78naXK6J6qXKvtNFsEjdmCPtj-kLp562qyH1ekIM',
  'x-api-key': undefined,
  requiredPermissions: []
}
[requireAccess] Full request headers: {
  accept: 'application/json, text/plain, */*',
  'content-type': 'application/json',
  authorization: 'Bearer eyJhbGciOiJIUzI1NiIsInR5cCI6IkpXVCJ9.eyJzdWIiOiI2OGU0Y2I5NmQxODBiMDI4NWQ5YTcwMWQiLCJpYXQiOjE3NjEyNDQ5NzIsImV4cCI6MTc2MTI0Njc3MiwidHlwZSI6ImFjY2VzcyJ9.X5a78naXK6J6qXKvtNFsEjdmCPtj-kLp562qyH1ekIM',
  'user-agent': 'axios/1.12.2',
  'accept-encoding': 'gzip, compress, deflate, br',
  host: 'localhost:4000',
  connection: 'close'
}
[requireAccess] Detected JWT
[TenantPlugin] Pre-hook triggered for: findOne
[TenantPlugin] Options: {}
[requireAccess] Authenticated user: {
  roles: [],
  isOwner: true,
  isSuper: true,
  isSaby: true,
  isAgreed: false,
  createdBy: null,
  otp: null,
  otpExpires: null,
  otpVerified: true,
  phoneNumber: null,
  isPhoneVerified: false,
  isEmailVerified: true,
  avatar: 'https://halocrm.s3.us-east-1.amazonaws.com/user/avatar-09.webp',
  status: true,
  deletedAt: null,
  _id: 68e4cb96d180b0285d9a701d,
  firstname: 'Debby',
  lastname: 'Adebowale',
  email: 'saby@saby.ai',
  password: '$2a$08$o1.0/o0J3cDHswtnBPpdO.0KNYtXslW0gYv8ZcwaRkUdsupCw5dH.',
  userId: '0YXBcDcxPH',
  tenantId: 'hWiWJ_X0m6',
  createdAt: 2025-10-07T08:13:10.710Z,
  updatedAt: 2025-10-10T19:17:53.368Z,
  haloId: 'HL-00030',
  __v: 0
}
[requireAccess] Resolved access: user
[32minfo[39m: [Worker] Processing PERM submission for project=proj_Mrs538IYtOfd (Attempt 1/3)
[32minfo[39m: ✅ PERM submission updated: 7e39b85a-1b2e-4d50-9380-f5f899616e78
[32minfo[39m: [Worker] PERM submission updated - 7e39b85a-1b2e-4d50-9380-f5f899616e78 (100% compliance, 5/5 events, status: complete)
📡 Emitted activity update to tenant:hWiWJ_X0m6
[32minfo[39m: [Activity] completed - success - Job: hWiWJ_X0m6-1761244989741 - PERM submission completed (100.00% compliance)
[TenantPlugin] Pre-hook triggered for: findOne
[TenantPlugin] Options: {}
📡 Emitted activity update to tenant:hWiWJ_X0m6
[32minfo[39m: [Activity] processing - in progress - Job: hWiWJ_X0m6-1761244993342 - Processing PERM submission for 2025-10-01
[32minfo[39m: [Worker] Calling permSubmissionService.submitPERMData for PERM submission
[32minfo[39m: GET /v1/submissions?tenant_id=hWiWJ_X0m6&project_id=proj_Mrs538IYtOfd&month=2025-10-01&perm_enabled=true 200 - 3004.682 ms
[requireAccess] Checking access for endpoint: /v1/submissions {
  permissions: [],
  scope: undefined,
  environment: undefined,
  jwtOnly: false,
  apiOnly: false
}
[requireAccess] Incoming headers: {
  Authorization: 'Bearer eyJhbGciOiJIUzI1NiIsInR5cCI6IkpXVCJ9.eyJzdWIiOiI2OGU0Y2I5NmQxODBiMDI4NWQ5YTcwMWQiLCJpYXQiOjE3NjEyNDQ5NzIsImV4cCI6MTc2MTI0Njc3MiwidHlwZSI6ImFjY2VzcyJ9.X5a78naXK6J6qXKvtNFsEjdmCPtj-kLp562qyH1ekIM',
  'x-api-key': undefined,
  requiredPermissions: []
}
[requireAccess] Full request headers: {
  accept: 'application/json, text/plain, */*',
  'content-type': 'application/json',
  authorization: 'Bearer eyJhbGciOiJIUzI1NiIsInR5cCI6IkpXVCJ9.eyJzdWIiOiI2OGU0Y2I5NmQxODBiMDI4NWQ5YTcwMWQiLCJpYXQiOjE3NjEyNDQ5NzIsImV4cCI6MTc2MTI0Njc3MiwidHlwZSI6ImFjY2VzcyJ9.X5a78naXK6J6qXKvtNFsEjdmCPtj-kLp562qyH1ekIM',
  'user-agent': 'axios/1.12.2',
  'content-length': '448',
  'accept-encoding': 'gzip, compress, deflate, br',
  host: 'localhost:4000',
  connection: 'close'
}
[requireAccess] Detected JWT
[TenantPlugin] Pre-hook triggered for: findOne
[TenantPlugin] Options: {}
[requireAccess] Authenticated user: {
  roles: [],
  isOwner: true,
  isSuper: true,
  isSaby: true,
  isAgreed: false,
  createdBy: null,
  otp: null,
  otpExpires: null,
  otpVerified: true,
  phoneNumber: null,
  isPhoneVerified: false,
  isEmailVerified: true,
  avatar: 'https://halocrm.s3.us-east-1.amazonaws.com/user/avatar-09.webp',
  status: true,
  deletedAt: null,
  _id: 68e4cb96d180b0285d9a701d,
  firstname: 'Debby',
  lastname: 'Adebowale',
  email: 'saby@saby.ai',
  password: '$2a$08$o1.0/o0J3cDHswtnBPpdO.0KNYtXslW0gYv8ZcwaRkUdsupCw5dH.',
  userId: '0YXBcDcxPH',
  tenantId: 'hWiWJ_X0m6',
  createdAt: 2025-10-07T08:13:10.710Z,
  updatedAt: 2025-10-10T19:17:53.368Z,
  haloId: 'HL-00030',
  __v: 0
}
[requireAccess] Resolved access: user
[32minfo[39m: 📝 Accepting submission for project proj_Mrs538IYtOfd (form validation: disabled)
[32minfo[39m: 📥 Submission enqueued - Job ID: hWiWJ_X0m6-1761244999635 | Tenant: hWiWJ_X0m6
📡 Emitted activity update to tenant:hWiWJ_X0m6
[32minfo[39m: [Activity] queued - queued - Job: hWiWJ_X0m6-1761244999635 - PERM submission queued for 2025-11-01
[32minfo[39m: POST /v1/submissions 202 - 265.507 ms
[32minfo[39m: ✅ PERM submission created: 3ff9623d-893a-4395-ac0b-44815874483d
[32minfo[39m: [Worker] PERM submission created - 3ff9623d-893a-4395-ac0b-44815874483d (20% compliance, 1/5 events, status: incomplete)
📡 Emitted activity update to tenant:hWiWJ_X0m6
[32minfo[39m: [Activity] completed - success - Job: hWiWJ_X0m6-1761244993342 - PERM submission completed (20.00% compliance)
[TenantPlugin] Pre-hook triggered for: findOne
[TenantPlugin] Options: {}
[requireAccess] Checking access for endpoint: /v1/submissions?tenant_id=hWiWJ_X0m6&project_id=proj_Mrs538IYtOfd&node_id=node_test_1761244972252&month=2025-11-01&perm_enabled=true {
  permissions: [],
  scope: undefined,
  environment: undefined,
  jwtOnly: false,
  apiOnly: false
}
[requireAccess] Incoming headers: {
  Authorization: 'Bearer eyJhbGciOiJIUzI1NiIsInR5cCI6IkpXVCJ9.eyJzdWIiOiI2OGU0Y2I5NmQxODBiMDI4NWQ5YTcwMWQiLCJpYXQiOjE3NjEyNDQ5NzIsImV4cCI6MTc2MTI0Njc3MiwidHlwZSI6ImFjY2VzcyJ9.X5a78naXK6J6qXKvtNFsEjdmCPtj-kLp562qyH1ekIM',
  'x-api-key': undefined,
  requiredPermissions: []
}
[requireAccess] Full request headers: {
  accept: 'application/json, text/plain, */*',
  'content-type': 'application/json',
  authorization: 'Bearer eyJhbGciOiJIUzI1NiIsInR5cCI6IkpXVCJ9.eyJzdWIiOiI2OGU0Y2I5NmQxODBiMDI4NWQ5YTcwMWQiLCJpYXQiOjE3NjEyNDQ5NzIsImV4cCI6MTc2MTI0Njc3MiwidHlwZSI6ImFjY2VzcyJ9.X5a78naXK6J6qXKvtNFsEjdmCPtj-kLp562qyH1ekIM',
  'user-agent': 'axios/1.12.2',
  'accept-encoding': 'gzip, compress, deflate, br',
  host: 'localhost:4000',
  connection: 'close'
}
[requireAccess] Detected JWT
[TenantPlugin] Pre-hook triggered for: findOne
[TenantPlugin] Options: {}
[requireAccess] Authenticated user: {
  roles: [],
  isOwner: true,
  isSuper: true,
  isSaby: true,
  isAgreed: false,
  createdBy: null,
  otp: null,
  otpExpires: null,
  otpVerified: true,
  phoneNumber: null,
  isPhoneVerified: false,
  isEmailVerified: true,
  avatar: 'https://halocrm.s3.us-east-1.amazonaws.com/user/avatar-09.webp',
  status: true,
  deletedAt: null,
  _id: 68e4cb96d180b0285d9a701d,
  firstname: 'Debby',
  lastname: 'Adebowale',
  email: 'saby@saby.ai',
  password: '$2a$08$o1.0/o0J3cDHswtnBPpdO.0KNYtXslW0gYv8ZcwaRkUdsupCw5dH.',
  userId: '0YXBcDcxPH',
  tenantId: 'hWiWJ_X0m6',
  createdAt: 2025-10-07T08:13:10.710Z,
  updatedAt: 2025-10-10T19:17:53.368Z,
  haloId: 'HL-00030',
  __v: 0
}
[requireAccess] Resolved access: user
[32minfo[39m: GET /v1/submissions?tenant_id=hWiWJ_X0m6&project_id=proj_Mrs538IYtOfd&node_id=node_test_1761244972252&month=2025-11-01&perm_enabled=true 200 - 241.780 ms
[requireAccess] Checking access for endpoint: /v1/submissions?tenant_id=hWiWJ_X0m6&project_id=proj_Mrs538IYtOfd&perm_enabled=true {
  permissions: [],
  scope: undefined,
  environment: undefined,
  jwtOnly: false,
  apiOnly: false
}
[requireAccess] Incoming headers: {
  Authorization: 'Bearer eyJhbGciOiJIUzI1NiIsInR5cCI6IkpXVCJ9.eyJzdWIiOiI2OGU0Y2I5NmQxODBiMDI4NWQ5YTcwMWQiLCJpYXQiOjE3NjEyNDQ5NzIsImV4cCI6MTc2MTI0Njc3MiwidHlwZSI6ImFjY2VzcyJ9.X5a78naXK6J6qXKvtNFsEjdmCPtj-kLp562qyH1ekIM',
  'x-api-key': undefined,
  requiredPermissions: []
}
[requireAccess] Full request headers: {
  accept: 'application/json, text/plain, */*',
  'content-type': 'application/json',
  authorization: 'Bearer eyJhbGciOiJIUzI1NiIsInR5cCI6IkpXVCJ9.eyJzdWIiOiI2OGU0Y2I5NmQxODBiMDI4NWQ5YTcwMWQiLCJpYXQiOjE3NjEyNDQ5NzIsImV4cCI6MTc2MTI0Njc3MiwidHlwZSI6ImFjY2VzcyJ9.X5a78naXK6J6qXKvtNFsEjdmCPtj-kLp562qyH1ekIM',
  'user-agent': 'axios/1.12.2',
  'accept-encoding': 'gzip, compress, deflate, br',
  host: 'localhost:4000',
  connection: 'close'
}
[requireAccess] Detected JWT
[TenantPlugin] Pre-hook triggered for: findOne
[TenantPlugin] Options: {}
[requireAccess] Authenticated user: {
  roles: [],
  isOwner: true,
  isSuper: true,
  isSaby: true,
  isAgreed: false,
  createdBy: null,
  otp: null,
  otpExpires: null,
  otpVerified: true,
  phoneNumber: null,
  isPhoneVerified: false,
  isEmailVerified: true,
  avatar: 'https://halocrm.s3.us-east-1.amazonaws.com/user/avatar-09.webp',
  status: true,
  deletedAt: null,
  _id: 68e4cb96d180b0285d9a701d,
  firstname: 'Debby',
  lastname: 'Adebowale',
  email: 'saby@saby.ai',
  password: '$2a$08$o1.0/o0J3cDHswtnBPpdO.0KNYtXslW0gYv8ZcwaRkUdsupCw5dH.',
  userId: '0YXBcDcxPH',
  tenantId: 'hWiWJ_X0m6',
  createdAt: 2025-10-07T08:13:10.710Z,
  updatedAt: 2025-10-10T19:17:53.368Z,
  haloId: 'HL-00030',
  __v: 0
}
[requireAccess] Resolved access: user
[32minfo[39m: ✅ Email sent to saby@saby.ai: ⚠️ Compliance Warning - node_test_1761244972252
[32minfo[39m: ✅ Warning queued for saby@saby.ai (40%)
[32minfo[39m: ✅ Submission job completed - ID: hWiWJ_X0m6-1761244972259
[32minfo[39m: ✅ Submission worker completed job: hWiWJ_X0m6-1761244972259
[32minfo[39m: [Worker] Processing PERM submission for project=proj_Mrs538IYtOfd (Attempt 1/3)
📡 Emitted activity update to tenant:hWiWJ_X0m6
[32minfo[39m: [Activity] processing - in progress - Job: hWiWJ_X0m6-1761244999635 - Processing PERM submission for 2025-11-01
[32minfo[39m: [Worker] Calling permSubmissionService.submitPERMData for PERM submission
[32minfo[39m: GET /v1/submissions?tenant_id=hWiWJ_X0m6&project_id=proj_Mrs538IYtOfd&perm_enabled=true 200 - 716.199 ms
[32minfo[39m: ✅ PERM submission created: 42f3118b-f63d-4ca0-8b06-7d0f8087c76c
[32minfo[39m: [Worker] PERM submission created - 42f3118b-f63d-4ca0-8b06-7d0f8087c76c (60% compliance, 3/5 events, status: partial)
[requireAccess] Checking access for endpoint: /v1/submissions/activity-log/recent?tenant_id=hWiWJ_X0m6&limit=10 {
  permissions: [],
  scope: undefined,
  environment: undefined,
  jwtOnly: false,
  apiOnly: false
}
[requireAccess] Incoming headers: {
  Authorization: 'Bearer eyJhbGciOiJIUzI1NiIsInR5cCI6IkpXVCJ9.eyJzdWIiOiI2OGU0Y2I5NmQxODBiMDI4NWQ5YTcwMWQiLCJpYXQiOjE3NjEyNDQ5NzIsImV4cCI6MTc2MTI0Njc3MiwidHlwZSI6ImFjY2VzcyJ9.X5a78naXK6J6qXKvtNFsEjdmCPtj-kLp562qyH1ekIM',
  'x-api-key': undefined,
  requiredPermissions: []
}
[requireAccess] Full request headers: {
  accept: 'application/json, text/plain, */*',
  'content-type': 'application/json',
  authorization: 'Bearer eyJhbGciOiJIUzI1NiIsInR5cCI6IkpXVCJ9.eyJzdWIiOiI2OGU0Y2I5NmQxODBiMDI4NWQ5YTcwMWQiLCJpYXQiOjE3NjEyNDQ5NzIsImV4cCI6MTc2MTI0Njc3MiwidHlwZSI6ImFjY2VzcyJ9.X5a78naXK6J6qXKvtNFsEjdmCPtj-kLp562qyH1ekIM',
  'user-agent': 'axios/1.12.2',
  'accept-encoding': 'gzip, compress, deflate, br',
  host: 'localhost:4000',
  connection: 'close'
}
[requireAccess] Detected JWT
[TenantPlugin] Pre-hook triggered for: findOne
[TenantPlugin] Options: {}
[requireAccess] Authenticated user: {
  roles: [],
  isOwner: true,
  isSuper: true,
  isSaby: true,
  isAgreed: false,
  createdBy: null,
  otp: null,
  otpExpires: null,
  otpVerified: true,
  phoneNumber: null,
  isPhoneVerified: false,
  isEmailVerified: true,
  avatar: 'https://halocrm.s3.us-east-1.amazonaws.com/user/avatar-09.webp',
  status: true,
  deletedAt: null,
  _id: 68e4cb96d180b0285d9a701d,
  firstname: 'Debby',
  lastname: 'Adebowale',
  email: 'saby@saby.ai',
  password: '$2a$08$o1.0/o0J3cDHswtnBPpdO.0KNYtXslW0gYv8ZcwaRkUdsupCw5dH.',
  userId: '0YXBcDcxPH',
  tenantId: 'hWiWJ_X0m6',
  createdAt: 2025-10-07T08:13:10.710Z,
  updatedAt: 2025-10-10T19:17:53.368Z,
  haloId: 'HL-00030',
  __v: 0
}
[requireAccess] Resolved access: user
📡 Emitted activity update to tenant:hWiWJ_X0m6
[32minfo[39m: [Activity] completed - success - Job: hWiWJ_X0m6-1761244999635 - PERM submission completed (60.00% compliance)
[TenantPlugin] Pre-hook triggered for: findOne
[TenantPlugin] Options: {}
[32minfo[39m: GET /v1/submissions/activity-log/recent?tenant_id=hWiWJ_X0m6&limit=10 200 - 255.657 ms
[32minfo[39m: GET /v1/submissions/activity-log/summary 200 - 568.666 ms
[32minfo[39m: ✅ Email sent to saby@saby.ai: ✅ Submission Received - proj_Mrs538IYtOfd
[32minfo[39m: ✅ Confirmation email queued for saby@saby.ai
[32minfo[39m: ✅ Email sent to saby@saby.ai: ✅ Submission Received - proj_Mrs538IYtOfd
[32minfo[39m: ✅ Confirmation email queued for saby@saby.ai
[32minfo[39m: ✅ Email sent to saby@saby.ai: ✅ Submission Received - proj_Mrs538IYtOfd
[32minfo[39m: ✅ Confirmation email queued for saby@saby.ai
[32minfo[39m: ✅ Email sent to saby@saby.ai: ⚠️ URGENT: Low Compliance Alert - node_test_different_1761244993332
[32minfo[39m: ✅ Critical alert queued for saby@saby.ai (20%)
[32minfo[39m: ✅ Submission job completed - ID: hWiWJ_X0m6-1761244993342
[32minfo[39m: ✅ Submission worker completed job: hWiWJ_X0m6-1761244993342
[32minfo[39m: ✅ Email sent to saby@saby.ai: ✅ 100% Compliance Achieved - node_test_1761244972252
[32minfo[39m: ✅ Completion email queued for saby@saby.ai (100%)
[32minfo[39m: ✅ Submission job completed - ID: hWiWJ_X0m6-1761244989741
[32minfo[39m: ✅ Submission worker completed job: hWiWJ_X0m6-1761244989741
[32minfo[39m: ✅ Email sent to saby@saby.ai: ⚠️ Compliance Warning - node_test_1761244972252
[32minfo[39m: ✅ Warning queued for saby@saby.ai (60%)
[32minfo[39m: ✅ Submission job completed - ID: hWiWJ_X0m6-1761244999635
[32minfo[39m: ✅ Submission worker completed job: hWiWJ_X0m6-1761244999635
[32m[nodemon] restarting due to changes...[39m
[32m[nodemon] starting `node src/index.js`[39m
[32m[nodemon] restarting due to changes...[39m
[32m[nodemon] starting `node src/index.js`[39m
🔍 [REQUIRE ACCESS] Owner Resource Bundle loaded: [
  'user',       'app',
  'structures', 'node',
  'payment',    'level',
  'storage',    'project',
  'apikeys',    'project-form',
  'roles',      'permissions'
]
🔍 [REQUIRE ACCESS] Bundle type: object
🔍 [REQUIRE ACCESS] Is Array?: true
🔍 [AUTH MIDDLEWARE] Owner Resource Bundle loaded: [
  'user',       'app',
  'structures', 'node',
  'payment',    'level',
  'storage',    'project',
  'apikeys',    'project-form',
  'roles',      'permissions'
]
🔍 [AUTH MIDDLEWARE] Bundle type: object
🔍 [AUTH MIDDLEWARE] Is Array?: true
[33mwarn[39m: ⚠️  Email ingestor worker not available (missing dependencies)
(node:17891) NOTE: The AWS SDK for JavaScript (v2) is in maintenance mode.
 SDK releases are limited to address critical bug fixes and security issues only.

Please migrate your code to use AWS SDK for JavaScript (v3).
For more information, check the blog post at https://a.co/cUPnyil
(Use `node --trace-warnings ...` to show where the warning was created)
[32minfo[39m: ✅ Connected to MongoDB
[32minfo[39m: 🔄 Testing PostgreSQL connection...
[32minfo[39m: 📊 Host: 20.169.129.160:5432
[32minfo[39m: 👤 User: sabyagentic_user
[32minfo[39m: 🗄️  Database: halograph
[32minfo[39m: ✅ PostgreSQL connected successfully
[32minfo[39m: 📋 PostgreSQL Version: PostgreSQL 15.14 (Debian 15.14-1.pgdg13+1) on x86_64-pc-linux-gnu, compiled by gcc (Debian 14.2.0-19) 14.2.0, 64-bit
[32minfo[39m: ✅ Redis connected
[32minfo[39m: ⚙️  Redis ready for commands
[32minfo[39m: ✅ Redis ping successful
[32minfo[39m: 🚀 Initializing background workers...
[32minfo[39m: ✅ Submission worker started
[32minfo[39m: ✅ PERM notification worker started
[32minfo[39m: 🔔 Notification worker initialized
[32minfo[39m: ✅ Notification worker started
[32minfo[39m: ⊘ Email ingestor worker not available (missing dependencies)
[32minfo[39m: 🎉 All workers initialized successfully
[32minfo[39m: 🚀 Server is running on port 4000
[32minfo[39m: 🌍 Environment: development
[32minfo[39m: 📊 Database Status:
[32minfo[39m:    - MongoDB: ✅ Connected
[32minfo[39m:    - PostgreSQL: ✅ Connected
[32minfo[39m:    - Redis: ✅ Connected
[32minfo[39m: Connected to email server
[32m[nodemon] restarting due to changes...[39m
[32m[nodemon] starting `node src/index.js`[39m
🔍 [REQUIRE ACCESS] Owner Resource Bundle loaded: [
  'user',       'app',
  'structures', 'node',
  'payment',    'level',
  'storage',    'project',
  'apikeys',    'project-form',
  'roles',      'permissions'
]
🔍 [REQUIRE ACCESS] Bundle type: object
🔍 [REQUIRE ACCESS] Is Array?: true
🔍 [AUTH MIDDLEWARE] Owner Resource Bundle loaded: [
  'user',       'app',
  'structures', 'node',
  'payment',    'level',
  'storage',    'project',
  'apikeys',    'project-form',
  'roles',      'permissions'
]
🔍 [AUTH MIDDLEWARE] Bundle type: object
🔍 [AUTH MIDDLEWARE] Is Array?: true
[33mwarn[39m: ⚠️  Email ingestor worker not available (missing dependencies)
(node:19650) NOTE: The AWS SDK for JavaScript (v2) is in maintenance mode.
 SDK releases are limited to address critical bug fixes and security issues only.

Please migrate your code to use AWS SDK for JavaScript (v3).
For more information, check the blog post at https://a.co/cUPnyil
(Use `node --trace-warnings ...` to show where the warning was created)
[32minfo[39m: ✅ Connected to MongoDB
[32minfo[39m: 🔄 Testing PostgreSQL connection...
[32minfo[39m: 📊 Host: 20.169.129.160:5432
[32minfo[39m: 👤 User: sabyagentic_user
[32minfo[39m: 🗄️  Database: halograph
[32minfo[39m: ✅ PostgreSQL connected successfully
[32minfo[39m: 📋 PostgreSQL Version: PostgreSQL 15.14 (Debian 15.14-1.pgdg13+1) on x86_64-pc-linux-gnu, compiled by gcc (Debian 14.2.0-19) 14.2.0, 64-bit
[32minfo[39m: ✅ Redis connected
[32minfo[39m: ⚙️  Redis ready for commands
[32minfo[39m: ✅ Redis ping successful
[32minfo[39m: 🚀 Initializing background workers...
[32minfo[39m: ✅ Submission worker started
[32minfo[39m: ✅ PERM notification worker started
[32minfo[39m: 🔔 Notification worker initialized
[32minfo[39m: ✅ Notification worker started
[32minfo[39m: ⊘ Email ingestor worker not available (missing dependencies)
[32minfo[39m: 🎉 All workers initialized successfully
[32minfo[39m: 🚀 Server is running on port 4000
[32minfo[39m: 🌍 Environment: development
[32minfo[39m: 📊 Database Status:
[32minfo[39m:    - MongoDB: ✅ Connected
[32minfo[39m:    - PostgreSQL: ✅ Connected
[32minfo[39m:    - Redis: ✅ Connected
[32minfo[39m: Connected to email server
[TenantPlugin] Pre-hook triggered for: findOne
[TenantPlugin] Options: {}
expired token expiry time ---> 30
expired token ---> Moment<2025-10-23T20:36:16+01:00>
expired token ---> Moment<2025-10-23T21:06:16+01:00>
acess token --> eyJhbGciOiJIUzI1NiIsInR5cCI6IkpXVCJ9.eyJzdWIiOiI2OGU0Y2I5NmQxODBiMDI4NWQ5YTcwMWQiLCJpYXQiOjE3NjEyNDYzNzYsImV4cCI6MTc2MTI0ODE3NiwidHlwZSI6ImFjY2VzcyJ9.kXp9dYqQnkAmJnJSf-0hn6ZSzfURh6mSv3MTFPV20sA
[32minfo[39m: POST /v1/auth/login 200 - 192.657 ms
[TenantPlugin] Pre-hook triggered for: findOne
[TenantPlugin] Options: {}
--- AUTH DEBUG ---
Route: /v1/node?tenantId=hWiWJ_X0m6&limit=1
HTTP Method: GET
Required Permissions: [ 'view:node' ]
[NODE CONTROLLER - QUERY] Query params: { tenantId: 'hWiWJ_X0m6', limit: 1 } Tenant: hWiWJ_X0m6
[NODE CONTROLLER - QUERY] Filter with tenantId: { tenantId: 'hWiWJ_X0m6' }
[TenantPlugin] paginate() - incoming options: { limit: 1, populate: 'level,structure,users.roles' }
[TenantPlugin] Pre-hook triggered for: countDocuments
[TenantPlugin] Options: {}
[TenantPlugin] Pre-hook triggered for: find
[TenantPlugin] Options: { sort: { createdAt: 1 }, skip: 0, limit: 1 }
[NODE CONTROLLER - QUERY] Found 0 nodes for tenant: hWiWJ_X0m6
[32minfo[39m: GET /v1/node?tenantId=hWiWJ_X0m6&limit=1 200 - 36.177 ms
[requireAccess] Checking access for endpoint: /v1/submissions {
  permissions: [],
  scope: undefined,
  environment: undefined,
  jwtOnly: false,
  apiOnly: false
}
[requireAccess] Incoming headers: {
  Authorization: 'Bearer eyJhbGciOiJIUzI1NiIsInR5cCI6IkpXVCJ9.eyJzdWIiOiI2OGU0Y2I5NmQxODBiMDI4NWQ5YTcwMWQiLCJpYXQiOjE3NjEyNDYzNzYsImV4cCI6MTc2MTI0ODE3NiwidHlwZSI6ImFjY2VzcyJ9.kXp9dYqQnkAmJnJSf-0hn6ZSzfURh6mSv3MTFPV20sA',
  'x-api-key': undefined,
  requiredPermissions: []
}
[requireAccess] Full request headers: {
  accept: 'application/json, text/plain, */*',
  'content-type': 'application/json',
  authorization: 'Bearer eyJhbGciOiJIUzI1NiIsInR5cCI6IkpXVCJ9.eyJzdWIiOiI2OGU0Y2I5NmQxODBiMDI4NWQ5YTcwMWQiLCJpYXQiOjE3NjEyNDYzNzYsImV4cCI6MTc2MTI0ODE3NiwidHlwZSI6ImFjY2VzcyJ9.kXp9dYqQnkAmJnJSf-0hn6ZSzfURh6mSv3MTFPV20sA',
  'user-agent': 'axios/1.12.2',
  'content-length': '510',
  'accept-encoding': 'gzip, compress, deflate, br',
  host: 'localhost:4000',
  connection: 'close'
}
[requireAccess] Detected JWT
[TenantPlugin] Pre-hook triggered for: findOne
[TenantPlugin] Options: {}
[requireAccess] Authenticated user: {
  roles: [],
  isOwner: true,
  isSuper: true,
  isSaby: true,
  isAgreed: false,
  createdBy: null,
  otp: null,
  otpExpires: null,
  otpVerified: true,
  phoneNumber: null,
  isPhoneVerified: false,
  isEmailVerified: true,
  avatar: 'https://halocrm.s3.us-east-1.amazonaws.com/user/avatar-09.webp',
  status: true,
  deletedAt: null,
  _id: 68e4cb96d180b0285d9a701d,
  firstname: 'Debby',
  lastname: 'Adebowale',
  email: 'saby@saby.ai',
  password: '$2a$08$o1.0/o0J3cDHswtnBPpdO.0KNYtXslW0gYv8ZcwaRkUdsupCw5dH.',
  userId: '0YXBcDcxPH',
  tenantId: 'hWiWJ_X0m6',
  createdAt: 2025-10-07T08:13:10.710Z,
  updatedAt: 2025-10-10T19:17:53.368Z,
  haloId: 'HL-00030',
  __v: 0
}
[requireAccess] Resolved access: user
[32minfo[39m: 📝 Accepting submission for project proj_Mrs538IYtOfd (form validation: disabled)
[32minfo[39m: 📥 Submission enqueued - Job ID: hWiWJ_X0m6-1761246376442 | Tenant: hWiWJ_X0m6
📡 Emitted activity update to tenant:hWiWJ_X0m6
[32minfo[39m: [Activity] queued - queued - Job: hWiWJ_X0m6-1761246376442 - PERM submission queued for 2025-10-01
[32minfo[39m: POST /v1/submissions 202 - 1086.146 ms
[requireAccess] Checking access for endpoint: /v1/submissions/activity-log?tenant_id=hWiWJ_X0m6&limit=5 {
  permissions: [],
  scope: undefined,
  environment: undefined,
  jwtOnly: false,
  apiOnly: false
}
[requireAccess] Incoming headers: {
  Authorization: 'Bearer eyJhbGciOiJIUzI1NiIsInR5cCI6IkpXVCJ9.eyJzdWIiOiI2OGU0Y2I5NmQxODBiMDI4NWQ5YTcwMWQiLCJpYXQiOjE3NjEyNDYzNzYsImV4cCI6MTc2MTI0ODE3NiwidHlwZSI6ImFjY2VzcyJ9.kXp9dYqQnkAmJnJSf-0hn6ZSzfURh6mSv3MTFPV20sA',
  'x-api-key': undefined,
  requiredPermissions: []
}
[requireAccess] Full request headers: {
  accept: 'application/json, text/plain, */*',
  'content-type': 'application/json',
  authorization: 'Bearer eyJhbGciOiJIUzI1NiIsInR5cCI6IkpXVCJ9.eyJzdWIiOiI2OGU0Y2I5NmQxODBiMDI4NWQ5YTcwMWQiLCJpYXQiOjE3NjEyNDYzNzYsImV4cCI6MTc2MTI0ODE3NiwidHlwZSI6ImFjY2VzcyJ9.kXp9dYqQnkAmJnJSf-0hn6ZSzfURh6mSv3MTFPV20sA',
  'user-agent': 'axios/1.12.2',
  'accept-encoding': 'gzip, compress, deflate, br',
  host: 'localhost:4000',
  connection: 'close'
}
[requireAccess] Detected JWT
[TenantPlugin] Pre-hook triggered for: findOne
[TenantPlugin] Options: {}
[requireAccess] Authenticated user: {
  roles: [],
  isOwner: true,
  isSuper: true,
  isSaby: true,
  isAgreed: false,
  createdBy: null,
  otp: null,
  otpExpires: null,
  otpVerified: true,
  phoneNumber: null,
  isPhoneVerified: false,
  isEmailVerified: true,
  avatar: 'https://halocrm.s3.us-east-1.amazonaws.com/user/avatar-09.webp',
  status: true,
  deletedAt: null,
  _id: 68e4cb96d180b0285d9a701d,
  firstname: 'Debby',
  lastname: 'Adebowale',
  email: 'saby@saby.ai',
  password: '$2a$08$o1.0/o0J3cDHswtnBPpdO.0KNYtXslW0gYv8ZcwaRkUdsupCw5dH.',
  userId: '0YXBcDcxPH',
  tenantId: 'hWiWJ_X0m6',
  createdAt: 2025-10-07T08:13:10.710Z,
  updatedAt: 2025-10-10T19:17:53.368Z,
  haloId: 'HL-00030',
  __v: 0
}
[requireAccess] Resolved access: user
[32minfo[39m: GET /v1/submissions/activity-log?tenant_id=hWiWJ_X0m6&limit=5 200 - 604.061 ms
[requireAccess] Checking access for endpoint: /v1/submissions?tenant_id=hWiWJ_X0m6&project_id=proj_Mrs538IYtOfd&node_id=node_test_1761246376427&month=2025-10-01&perm_enabled=true {
  permissions: [],
  scope: undefined,
  environment: undefined,
  jwtOnly: false,
  apiOnly: false
}
[requireAccess] Incoming headers: {
  Authorization: 'Bearer eyJhbGciOiJIUzI1NiIsInR5cCI6IkpXVCJ9.eyJzdWIiOiI2OGU0Y2I5NmQxODBiMDI4NWQ5YTcwMWQiLCJpYXQiOjE3NjEyNDYzNzYsImV4cCI6MTc2MTI0ODE3NiwidHlwZSI6ImFjY2VzcyJ9.kXp9dYqQnkAmJnJSf-0hn6ZSzfURh6mSv3MTFPV20sA',
  'x-api-key': undefined,
  requiredPermissions: []
}
[requireAccess] Full request headers: {
  accept: 'application/json, text/plain, */*',
  'content-type': 'application/json',
  authorization: 'Bearer eyJhbGciOiJIUzI1NiIsInR5cCI6IkpXVCJ9.eyJzdWIiOiI2OGU0Y2I5NmQxODBiMDI4NWQ5YTcwMWQiLCJpYXQiOjE3NjEyNDYzNzYsImV4cCI6MTc2MTI0ODE3NiwidHlwZSI6ImFjY2VzcyJ9.kXp9dYqQnkAmJnJSf-0hn6ZSzfURh6mSv3MTFPV20sA',
  'user-agent': 'axios/1.12.2',
  'accept-encoding': 'gzip, compress, deflate, br',
  host: 'localhost:4000',
  connection: 'close'
}
[requireAccess] Detected JWT
[TenantPlugin] Pre-hook triggered for: findOne
[TenantPlugin] Options: {}
[requireAccess] Authenticated user: {
  roles: [],
  isOwner: true,
  isSuper: true,
  isSaby: true,
  isAgreed: false,
  createdBy: null,
  otp: null,
  otpExpires: null,
  otpVerified: true,
  phoneNumber: null,
  isPhoneVerified: false,
  isEmailVerified: true,
  avatar: 'https://halocrm.s3.us-east-1.amazonaws.com/user/avatar-09.webp',
  status: true,
  deletedAt: null,
  _id: 68e4cb96d180b0285d9a701d,
  firstname: 'Debby',
  lastname: 'Adebowale',
  email: 'saby@saby.ai',
  password: '$2a$08$o1.0/o0J3cDHswtnBPpdO.0KNYtXslW0gYv8ZcwaRkUdsupCw5dH.',
  userId: '0YXBcDcxPH',
  tenantId: 'hWiWJ_X0m6',
  createdAt: 2025-10-07T08:13:10.710Z,
  updatedAt: 2025-10-10T19:17:53.368Z,
  haloId: 'HL-00030',
  __v: 0
}
[requireAccess] Resolved access: user
[32minfo[39m: GET /v1/submissions?tenant_id=hWiWJ_X0m6&project_id=proj_Mrs538IYtOfd&node_id=node_test_1761246376427&month=2025-10-01&perm_enabled=true 200 - 254.800 ms
[32minfo[39m: [Worker] Processing PERM submission for project=proj_Mrs538IYtOfd (Attempt 1/3)
📡 Emitted activity update to tenant:hWiWJ_X0m6
[32minfo[39m: [Activity] processing - in progress - Job: hWiWJ_X0m6-1761246376442 - Processing PERM submission for 2025-10-01
[32minfo[39m: [Worker] Calling permSubmissionService.submitPERMData for PERM submission
[32minfo[39m: ✅ PERM submission created: 7be38d7a-3773-4187-b5a8-012c6b7f48f9
[32minfo[39m: [Worker] PERM submission created - 7be38d7a-3773-4187-b5a8-012c6b7f48f9 (40% compliance, 2/5 events, status: partial)
📡 Emitted activity update to tenant:hWiWJ_X0m6
[32minfo[39m: [Activity] completed - success - Job: hWiWJ_X0m6-1761246376442 - PERM submission completed (40.00% compliance)
[TenantPlugin] Pre-hook triggered for: findOne
[TenantPlugin] Options: {}
[32minfo[39m: ✅ Template loaded: submission-confirmation
[32minfo[39m: ✅ Email sent to saby@saby.ai: ✅ Submission Received - PERM Event Tracking Test
[32minfo[39m: ✅ Confirmation email queued for saby@saby.ai
[32minfo[39m: ✅ Template loaded: perm-warning
[TenantPlugin] Pre-hook triggered for: findOne
[TenantPlugin] Options: {}
expired token expiry time ---> 30
expired token ---> Moment<2025-10-23T20:36:28+01:00>
expired token ---> Moment<2025-10-23T21:06:28+01:00>
acess token --> eyJhbGciOiJIUzI1NiIsInR5cCI6IkpXVCJ9.eyJzdWIiOiI2OGU0Y2I5NmQxODBiMDI4NWQ5YTcwMWQiLCJpYXQiOjE3NjEyNDYzODgsImV4cCI6MTc2MTI0ODE4OCwidHlwZSI6ImFjY2VzcyJ9.XyinmSchAJXC0zbOnINwqBFHR28UuA-zqpoIuzcKv8g
[32minfo[39m: POST /v1/auth/login 200 - 38.250 ms
[TenantPlugin] Pre-hook triggered for: findOne
[TenantPlugin] Options: {}
--- AUTH DEBUG ---
Route: /v1/node?tenantId=hWiWJ_X0m6&limit=1
HTTP Method: GET
Required Permissions: [ 'view:node' ]
[NODE CONTROLLER - QUERY] Query params: { tenantId: 'hWiWJ_X0m6', limit: 1 } Tenant: hWiWJ_X0m6
[NODE CONTROLLER - QUERY] Filter with tenantId: { tenantId: 'hWiWJ_X0m6' }
[TenantPlugin] paginate() - incoming options: { limit: 1, populate: 'level,structure,users.roles' }
[TenantPlugin] Pre-hook triggered for: countDocuments
[TenantPlugin] Options: {}
[TenantPlugin] Pre-hook triggered for: find
[TenantPlugin] Options: { sort: { createdAt: 1 }, skip: 0, limit: 1 }
[NODE CONTROLLER - QUERY] Found 0 nodes for tenant: hWiWJ_X0m6
[32minfo[39m: GET /v1/node?tenantId=hWiWJ_X0m6&limit=1 200 - 5.394 ms
[requireAccess] Checking access for endpoint: /v1/submissions {
  permissions: [],
  scope: undefined,
  environment: undefined,
  jwtOnly: false,
  apiOnly: false
}
[requireAccess] Incoming headers: {
  Authorization: 'Bearer eyJhbGciOiJIUzI1NiIsInR5cCI6IkpXVCJ9.eyJzdWIiOiI2OGU0Y2I5NmQxODBiMDI4NWQ5YTcwMWQiLCJpYXQiOjE3NjEyNDYzODgsImV4cCI6MTc2MTI0ODE4OCwidHlwZSI6ImFjY2VzcyJ9.XyinmSchAJXC0zbOnINwqBFHR28UuA-zqpoIuzcKv8g',
  'x-api-key': undefined,
  requiredPermissions: []
}
[requireAccess] Full request headers: {
  accept: 'application/json, text/plain, */*',
  'content-type': 'application/json',
  authorization: 'Bearer eyJhbGciOiJIUzI1NiIsInR5cCI6IkpXVCJ9.eyJzdWIiOiI2OGU0Y2I5NmQxODBiMDI4NWQ5YTcwMWQiLCJpYXQiOjE3NjEyNDYzODgsImV4cCI6MTc2MTI0ODE4OCwidHlwZSI6ImFjY2VzcyJ9.XyinmSchAJXC0zbOnINwqBFHR28UuA-zqpoIuzcKv8g',
  'user-agent': 'axios/1.12.2',
  'content-length': '510',
  'accept-encoding': 'gzip, compress, deflate, br',
  host: 'localhost:4000',
  connection: 'close'
}
[requireAccess] Detected JWT
[TenantPlugin] Pre-hook triggered for: findOne
[TenantPlugin] Options: {}
[requireAccess] Authenticated user: {
  roles: [],
  isOwner: true,
  isSuper: true,
  isSaby: true,
  isAgreed: false,
  createdBy: null,
  otp: null,
  otpExpires: null,
  otpVerified: true,
  phoneNumber: null,
  isPhoneVerified: false,
  isEmailVerified: true,
  avatar: 'https://halocrm.s3.us-east-1.amazonaws.com/user/avatar-09.webp',
  status: true,
  deletedAt: null,
  _id: 68e4cb96d180b0285d9a701d,
  firstname: 'Debby',
  lastname: 'Adebowale',
  email: 'saby@saby.ai',
  password: '$2a$08$o1.0/o0J3cDHswtnBPpdO.0KNYtXslW0gYv8ZcwaRkUdsupCw5dH.',
  userId: '0YXBcDcxPH',
  tenantId: 'hWiWJ_X0m6',
  createdAt: 2025-10-07T08:13:10.710Z,
  updatedAt: 2025-10-10T19:17:53.368Z,
  haloId: 'HL-00030',
  __v: 0
}
[requireAccess] Resolved access: user
[32minfo[39m: 📝 Accepting submission for project proj_Mrs538IYtOfd (form validation: disabled)
[32minfo[39m: 📥 Submission enqueued - Job ID: hWiWJ_X0m6-1761246388870 | Tenant: hWiWJ_X0m6
📡 Emitted activity update to tenant:hWiWJ_X0m6
[32minfo[39m: [Activity] queued - queued - Job: hWiWJ_X0m6-1761246388870 - PERM submission queued for 2025-10-01
[32minfo[39m: POST /v1/submissions 202 - 804.082 ms
[32minfo[39m: [Worker] Processing PERM submission for project=proj_Mrs538IYtOfd (Attempt 1/3)
📡 Emitted activity update to tenant:hWiWJ_X0m6
[32minfo[39m: [Activity] processing - in progress - Job: hWiWJ_X0m6-1761246388870 - Processing PERM submission for 2025-10-01
[32minfo[39m: [Worker] Calling permSubmissionService.submitPERMData for PERM submission
[32minfo[39m: ✅ PERM submission created: 7ea2178d-8aa4-4215-939f-6846a760a8af
[32minfo[39m: [Worker] PERM submission created - 7ea2178d-8aa4-4215-939f-6846a760a8af (40% compliance, 2/5 events, status: partial)
[requireAccess] Checking access for endpoint: /v1/submissions/activity-log?tenant_id=hWiWJ_X0m6&limit=5 {
  permissions: [],
  scope: undefined,
  environment: undefined,
  jwtOnly: false,
  apiOnly: false
}
[requireAccess] Incoming headers: {
  Authorization: 'Bearer eyJhbGciOiJIUzI1NiIsInR5cCI6IkpXVCJ9.eyJzdWIiOiI2OGU0Y2I5NmQxODBiMDI4NWQ5YTcwMWQiLCJpYXQiOjE3NjEyNDYzODgsImV4cCI6MTc2MTI0ODE4OCwidHlwZSI6ImFjY2VzcyJ9.XyinmSchAJXC0zbOnINwqBFHR28UuA-zqpoIuzcKv8g',
  'x-api-key': undefined,
  requiredPermissions: []
}
[requireAccess] Full request headers: {
  accept: 'application/json, text/plain, */*',
  'content-type': 'application/json',
  authorization: 'Bearer eyJhbGciOiJIUzI1NiIsInR5cCI6IkpXVCJ9.eyJzdWIiOiI2OGU0Y2I5NmQxODBiMDI4NWQ5YTcwMWQiLCJpYXQiOjE3NjEyNDYzODgsImV4cCI6MTc2MTI0ODE4OCwidHlwZSI6ImFjY2VzcyJ9.XyinmSchAJXC0zbOnINwqBFHR28UuA-zqpoIuzcKv8g',
  'user-agent': 'axios/1.12.2',
  'accept-encoding': 'gzip, compress, deflate, br',
  host: 'localhost:4000',
  connection: 'close'
}
[requireAccess] Detected JWT
[TenantPlugin] Pre-hook triggered for: findOne
[TenantPlugin] Options: {}
[requireAccess] Authenticated user: {
  roles: [],
  isOwner: true,
  isSuper: true,
  isSaby: true,
  isAgreed: false,
  createdBy: null,
  otp: null,
  otpExpires: null,
  otpVerified: true,
  phoneNumber: null,
  isPhoneVerified: false,
  isEmailVerified: true,
  avatar: 'https://halocrm.s3.us-east-1.amazonaws.com/user/avatar-09.webp',
  status: true,
  deletedAt: null,
  _id: 68e4cb96d180b0285d9a701d,
  firstname: 'Debby',
  lastname: 'Adebowale',
  email: 'saby@saby.ai',
  password: '$2a$08$o1.0/o0J3cDHswtnBPpdO.0KNYtXslW0gYv8ZcwaRkUdsupCw5dH.',
  userId: '0YXBcDcxPH',
  tenantId: 'hWiWJ_X0m6',
  createdAt: 2025-10-07T08:13:10.710Z,
  updatedAt: 2025-10-10T19:17:53.368Z,
  haloId: 'HL-00030',
  __v: 0
}
[requireAccess] Resolved access: user
📡 Emitted activity update to tenant:hWiWJ_X0m6
[32minfo[39m: [Activity] completed - success - Job: hWiWJ_X0m6-1761246388870 - PERM submission completed (40.00% compliance)
[TenantPlugin] Pre-hook triggered for: findOne
[TenantPlugin] Options: {}
[32minfo[39m: ✅ Email sent to saby@saby.ai: ⚠️ Compliance Warning - node_test_1761246376427
[32minfo[39m: ✅ Warning queued for saby@saby.ai (40%)
[32minfo[39m: ✅ Submission job completed - ID: hWiWJ_X0m6-1761246376442
[32minfo[39m: ✅ Submission worker completed job: hWiWJ_X0m6-1761246376442
[32minfo[39m: GET /v1/submissions/activity-log?tenant_id=hWiWJ_X0m6&limit=5 200 - 3091.117 ms
[requireAccess] Checking access for endpoint: /v1/submissions?tenant_id=hWiWJ_X0m6&project_id=proj_Mrs538IYtOfd&node_id=node_test_1761246388864&month=2025-10-01&perm_enabled=true {
  permissions: [],
  scope: undefined,
  environment: undefined,
  jwtOnly: false,
  apiOnly: false
}
[requireAccess] Incoming headers: {
  Authorization: 'Bearer eyJhbGciOiJIUzI1NiIsInR5cCI6IkpXVCJ9.eyJzdWIiOiI2OGU0Y2I5NmQxODBiMDI4NWQ5YTcwMWQiLCJpYXQiOjE3NjEyNDYzODgsImV4cCI6MTc2MTI0ODE4OCwidHlwZSI6ImFjY2VzcyJ9.XyinmSchAJXC0zbOnINwqBFHR28UuA-zqpoIuzcKv8g',
  'x-api-key': undefined,
  requiredPermissions: []
}
[requireAccess] Full request headers: {
  accept: 'application/json, text/plain, */*',
  'content-type': 'application/json',
  authorization: 'Bearer eyJhbGciOiJIUzI1NiIsInR5cCI6IkpXVCJ9.eyJzdWIiOiI2OGU0Y2I5NmQxODBiMDI4NWQ5YTcwMWQiLCJpYXQiOjE3NjEyNDYzODgsImV4cCI6MTc2MTI0ODE4OCwidHlwZSI6ImFjY2VzcyJ9.XyinmSchAJXC0zbOnINwqBFHR28UuA-zqpoIuzcKv8g',
  'user-agent': 'axios/1.12.2',
  'accept-encoding': 'gzip, compress, deflate, br',
  host: 'localhost:4000',
  connection: 'close'
}
[requireAccess] Detected JWT
[TenantPlugin] Pre-hook triggered for: findOne
[TenantPlugin] Options: {}
[requireAccess] Authenticated user: {
  roles: [],
  isOwner: true,
  isSuper: true,
  isSaby: true,
  isAgreed: false,
  createdBy: null,
  otp: null,
  otpExpires: null,
  otpVerified: true,
  phoneNumber: null,
  isPhoneVerified: false,
  isEmailVerified: true,
  avatar: 'https://halocrm.s3.us-east-1.amazonaws.com/user/avatar-09.webp',
  status: true,
  deletedAt: null,
  _id: 68e4cb96d180b0285d9a701d,
  firstname: 'Debby',
  lastname: 'Adebowale',
  email: 'saby@saby.ai',
  password: '$2a$08$o1.0/o0J3cDHswtnBPpdO.0KNYtXslW0gYv8ZcwaRkUdsupCw5dH.',
  userId: '0YXBcDcxPH',
  tenantId: 'hWiWJ_X0m6',
  createdAt: 2025-10-07T08:13:10.710Z,
  updatedAt: 2025-10-10T19:17:53.368Z,
  haloId: 'HL-00030',
  __v: 0
}
[requireAccess] Resolved access: user
[32minfo[39m: GET /v1/submissions?tenant_id=hWiWJ_X0m6&project_id=proj_Mrs538IYtOfd&node_id=node_test_1761246388864&month=2025-10-01&perm_enabled=true 200 - 603.768 ms
[requireAccess] Checking access for endpoint: /v1/submissions {
  permissions: [],
  scope: undefined,
  environment: undefined,
  jwtOnly: false,
  apiOnly: false
}
[requireAccess] Incoming headers: {
  Authorization: 'Bearer eyJhbGciOiJIUzI1NiIsInR5cCI6IkpXVCJ9.eyJzdWIiOiI2OGU0Y2I5NmQxODBiMDI4NWQ5YTcwMWQiLCJpYXQiOjE3NjEyNDYzODgsImV4cCI6MTc2MTI0ODE4OCwidHlwZSI6ImFjY2VzcyJ9.XyinmSchAJXC0zbOnINwqBFHR28UuA-zqpoIuzcKv8g',
  'x-api-key': undefined,
  requiredPermissions: []
}
[requireAccess] Full request headers: {
  accept: 'application/json, text/plain, */*',
  'content-type': 'application/json',
  authorization: 'Bearer eyJhbGciOiJIUzI1NiIsInR5cCI6IkpXVCJ9.eyJzdWIiOiI2OGU0Y2I5NmQxODBiMDI4NWQ5YTcwMWQiLCJpYXQiOjE3NjEyNDYzODgsImV4cCI6MTc2MTI0ODE4OCwidHlwZSI6ImFjY2VzcyJ9.XyinmSchAJXC0zbOnINwqBFHR28UuA-zqpoIuzcKv8g',
  'user-agent': 'axios/1.12.2',
  'content-length': '539',
  'accept-encoding': 'gzip, compress, deflate, br',
  host: 'localhost:4000',
  connection: 'close'
}
[requireAccess] Detected JWT
[TenantPlugin] Pre-hook triggered for: findOne
[TenantPlugin] Options: {}
[requireAccess] Authenticated user: {
  roles: [],
  isOwner: true,
  isSuper: true,
  isSaby: true,
  isAgreed: false,
  createdBy: null,
  otp: null,
  otpExpires: null,
  otpVerified: true,
  phoneNumber: null,
  isPhoneVerified: false,
  isEmailVerified: true,
  avatar: 'https://halocrm.s3.us-east-1.amazonaws.com/user/avatar-09.webp',
  status: true,
  deletedAt: null,
  _id: 68e4cb96d180b0285d9a701d,
  firstname: 'Debby',
  lastname: 'Adebowale',
  email: 'saby@saby.ai',
  password: '$2a$08$o1.0/o0J3cDHswtnBPpdO.0KNYtXslW0gYv8ZcwaRkUdsupCw5dH.',
  userId: '0YXBcDcxPH',
  tenantId: 'hWiWJ_X0m6',
  createdAt: 2025-10-07T08:13:10.710Z,
  updatedAt: 2025-10-10T19:17:53.368Z,
  haloId: 'HL-00030',
  __v: 0
}
[requireAccess] Resolved access: user
[32minfo[39m: 📝 Accepting submission for project proj_Mrs538IYtOfd (form validation: disabled)
[32minfo[39m: 📥 Submission enqueued - Job ID: hWiWJ_X0m6-1761246396403 | Tenant: hWiWJ_X0m6
[32minfo[39m: [Worker] Processing PERM submission for project=proj_Mrs538IYtOfd (Attempt 1/3)
📡 Emitted activity update to tenant:hWiWJ_X0m6
[32minfo[39m: [Activity] queued - queued - Job: hWiWJ_X0m6-1761246396403 - PERM submission queued for 2025-10-01
[32minfo[39m: POST /v1/submissions 202 - 303.380 ms
📡 Emitted activity update to tenant:hWiWJ_X0m6
[32minfo[39m: [Activity] processing - in progress - Job: hWiWJ_X0m6-1761246396403 - Processing PERM submission for 2025-10-01
[32minfo[39m: [Worker] Calling permSubmissionService.submitPERMData for PERM submission
[32minfo[39m: ✅ PERM submission updated: 7ea2178d-8aa4-4215-939f-6846a760a8af
[32minfo[39m: [Worker] PERM submission updated - 7ea2178d-8aa4-4215-939f-6846a760a8af (80% compliance, 4/5 events, status: partial)
📡 Emitted activity update to tenant:hWiWJ_X0m6
[32minfo[39m: [Activity] completed - success - Job: hWiWJ_X0m6-1761246396403 - PERM submission completed (80.00% compliance)
[TenantPlugin] Pre-hook triggered for: findOne
[TenantPlugin] Options: {}
[requireAccess] Checking access for endpoint: /v1/submissions?tenant_id=hWiWJ_X0m6&project_id=proj_Mrs538IYtOfd&node_id=node_test_1761246388864&month=2025-10-01&perm_enabled=true {
  permissions: [],
  scope: undefined,
  environment: undefined,
  jwtOnly: false,
  apiOnly: false
}
[requireAccess] Incoming headers: {
  Authorization: 'Bearer eyJhbGciOiJIUzI1NiIsInR5cCI6IkpXVCJ9.eyJzdWIiOiI2OGU0Y2I5NmQxODBiMDI4NWQ5YTcwMWQiLCJpYXQiOjE3NjEyNDYzODgsImV4cCI6MTc2MTI0ODE4OCwidHlwZSI6ImFjY2VzcyJ9.XyinmSchAJXC0zbOnINwqBFHR28UuA-zqpoIuzcKv8g',
  'x-api-key': undefined,
  requiredPermissions: []
}
[requireAccess] Full request headers: {
  accept: 'application/json, text/plain, */*',
  'content-type': 'application/json',
  authorization: 'Bearer eyJhbGciOiJIUzI1NiIsInR5cCI6IkpXVCJ9.eyJzdWIiOiI2OGU0Y2I5NmQxODBiMDI4NWQ5YTcwMWQiLCJpYXQiOjE3NjEyNDYzODgsImV4cCI6MTc2MTI0ODE4OCwidHlwZSI6ImFjY2VzcyJ9.XyinmSchAJXC0zbOnINwqBFHR28UuA-zqpoIuzcKv8g',
  'user-agent': 'axios/1.12.2',
  'accept-encoding': 'gzip, compress, deflate, br',
  host: 'localhost:4000',
  connection: 'close'
}
[requireAccess] Detected JWT
[TenantPlugin] Pre-hook triggered for: findOne
[TenantPlugin] Options: {}
[requireAccess] Authenticated user: {
  roles: [],
  isOwner: true,
  isSuper: true,
  isSaby: true,
  isAgreed: false,
  createdBy: null,
  otp: null,
  otpExpires: null,
  otpVerified: true,
  phoneNumber: null,
  isPhoneVerified: false,
  isEmailVerified: true,
  avatar: 'https://halocrm.s3.us-east-1.amazonaws.com/user/avatar-09.webp',
  status: true,
  deletedAt: null,
  _id: 68e4cb96d180b0285d9a701d,
  firstname: 'Debby',
  lastname: 'Adebowale',
  email: 'saby@saby.ai',
  password: '$2a$08$o1.0/o0J3cDHswtnBPpdO.0KNYtXslW0gYv8ZcwaRkUdsupCw5dH.',
  userId: '0YXBcDcxPH',
  tenantId: 'hWiWJ_X0m6',
  createdAt: 2025-10-07T08:13:10.710Z,
  updatedAt: 2025-10-10T19:17:53.368Z,
  haloId: 'HL-00030',
  __v: 0
}
[requireAccess] Resolved access: user
[32minfo[39m: GET /v1/submissions?tenant_id=hWiWJ_X0m6&project_id=proj_Mrs538IYtOfd&node_id=node_test_1761246388864&month=2025-10-01&perm_enabled=true 200 - 249.989 ms
[requireAccess] Checking access for endpoint: /v1/submissions {
  permissions: [],
  scope: undefined,
  environment: undefined,
  jwtOnly: false,
  apiOnly: false
}
[requireAccess] Incoming headers: {
  Authorization: 'Bearer eyJhbGciOiJIUzI1NiIsInR5cCI6IkpXVCJ9.eyJzdWIiOiI2OGU0Y2I5NmQxODBiMDI4NWQ5YTcwMWQiLCJpYXQiOjE3NjEyNDYzODgsImV4cCI6MTc2MTI0ODE4OCwidHlwZSI6ImFjY2VzcyJ9.XyinmSchAJXC0zbOnINwqBFHR28UuA-zqpoIuzcKv8g',
  'x-api-key': undefined,
  requiredPermissions: []
}
[requireAccess] Full request headers: {
  accept: 'application/json, text/plain, */*',
  'content-type': 'application/json',
  authorization: 'Bearer eyJhbGciOiJIUzI1NiIsInR5cCI6IkpXVCJ9.eyJzdWIiOiI2OGU0Y2I5NmQxODBiMDI4NWQ5YTcwMWQiLCJpYXQiOjE3NjEyNDYzODgsImV4cCI6MTc2MTI0ODE4OCwidHlwZSI6ImFjY2VzcyJ9.XyinmSchAJXC0zbOnINwqBFHR28UuA-zqpoIuzcKv8g',
  'user-agent': 'axios/1.12.2',
  'content-length': '479',
  'accept-encoding': 'gzip, compress, deflate, br',
  host: 'localhost:4000',
  connection: 'close'
}
[requireAccess] Detected JWT
[TenantPlugin] Pre-hook triggered for: findOne
[TenantPlugin] Options: {}
[requireAccess] Authenticated user: {
  roles: [],
  isOwner: true,
  isSuper: true,
  isSaby: true,
  isAgreed: false,
  createdBy: null,
  otp: null,
  otpExpires: null,
  otpVerified: true,
  phoneNumber: null,
  isPhoneVerified: false,
  isEmailVerified: true,
  avatar: 'https://halocrm.s3.us-east-1.amazonaws.com/user/avatar-09.webp',
  status: true,
  deletedAt: null,
  _id: 68e4cb96d180b0285d9a701d,
  firstname: 'Debby',
  lastname: 'Adebowale',
  email: 'saby@saby.ai',
  password: '$2a$08$o1.0/o0J3cDHswtnBPpdO.0KNYtXslW0gYv8ZcwaRkUdsupCw5dH.',
  userId: '0YXBcDcxPH',
  tenantId: 'hWiWJ_X0m6',
  createdAt: 2025-10-07T08:13:10.710Z,
  updatedAt: 2025-10-10T19:17:53.368Z,
  haloId: 'HL-00030',
  __v: 0
}
[requireAccess] Resolved access: user
[32minfo[39m: 📝 Accepting submission for project proj_Mrs538IYtOfd (form validation: disabled)
[32minfo[39m: 📥 Submission enqueued - Job ID: hWiWJ_X0m6-1761246399980 | Tenant: hWiWJ_X0m6
[32minfo[39m: ✅ Email sent to saby@saby.ai: ✅ Submission Received - PERM Event Tracking Test
[32minfo[39m: ✅ Confirmation email queued for saby@saby.ai
📡 Emitted activity update to tenant:hWiWJ_X0m6
[32minfo[39m: [Activity] queued - queued - Job: hWiWJ_X0m6-1761246399980 - PERM submission queued for 2025-10-01
[32minfo[39m: POST /v1/submissions 202 - 907.250 ms
[32minfo[39m: [Worker] Processing PERM submission for project=proj_Mrs538IYtOfd (Attempt 1/3)
📡 Emitted activity update to tenant:hWiWJ_X0m6
[32minfo[39m: [Activity] processing - in progress - Job: hWiWJ_X0m6-1761246399980 - Processing PERM submission for 2025-10-01
[32minfo[39m: [Worker] Calling permSubmissionService.submitPERMData for PERM submission
[32minfo[39m: ✅ PERM submission updated: 7ea2178d-8aa4-4215-939f-6846a760a8af
[32minfo[39m: [Worker] PERM submission updated - 7ea2178d-8aa4-4215-939f-6846a760a8af (100% compliance, 5/5 events, status: complete)
📡 Emitted activity update to tenant:hWiWJ_X0m6
[32minfo[39m: [Activity] completed - success - Job: hWiWJ_X0m6-1761246399980 - PERM submission completed (100.00% compliance)
[TenantPlugin] Pre-hook triggered for: findOne
[TenantPlugin] Options: {}
[requireAccess] Checking access for endpoint: /v1/submissions?tenant_id=hWiWJ_X0m6&project_id=proj_Mrs538IYtOfd&node_id=node_test_1761246388864&month=2025-10-01&perm_enabled=true {
  permissions: [],
  scope: undefined,
  environment: undefined,
  jwtOnly: false,
  apiOnly: false
}
[requireAccess] Incoming headers: {
  Authorization: 'Bearer eyJhbGciOiJIUzI1NiIsInR5cCI6IkpXVCJ9.eyJzdWIiOiI2OGU0Y2I5NmQxODBiMDI4NWQ5YTcwMWQiLCJpYXQiOjE3NjEyNDYzODgsImV4cCI6MTc2MTI0ODE4OCwidHlwZSI6ImFjY2VzcyJ9.XyinmSchAJXC0zbOnINwqBFHR28UuA-zqpoIuzcKv8g',
  'x-api-key': undefined,
  requiredPermissions: []
}
[requireAccess] Full request headers: {
  accept: 'application/json, text/plain, */*',
  'content-type': 'application/json',
  authorization: 'Bearer eyJhbGciOiJIUzI1NiIsInR5cCI6IkpXVCJ9.eyJzdWIiOiI2OGU0Y2I5NmQxODBiMDI4NWQ5YTcwMWQiLCJpYXQiOjE3NjEyNDYzODgsImV4cCI6MTc2MTI0ODE4OCwidHlwZSI6ImFjY2VzcyJ9.XyinmSchAJXC0zbOnINwqBFHR28UuA-zqpoIuzcKv8g',
  'user-agent': 'axios/1.12.2',
  'accept-encoding': 'gzip, compress, deflate, br',
  host: 'localhost:4000',
  connection: 'close'
}
[requireAccess] Detected JWT
[TenantPlugin] Pre-hook triggered for: findOne
[TenantPlugin] Options: {}
[requireAccess] Authenticated user: {
  roles: [],
  isOwner: true,
  isSuper: true,
  isSaby: true,
  isAgreed: false,
  createdBy: null,
  otp: null,
  otpExpires: null,
  otpVerified: true,
  phoneNumber: null,
  isPhoneVerified: false,
  isEmailVerified: true,
  avatar: 'https://halocrm.s3.us-east-1.amazonaws.com/user/avatar-09.webp',
  status: true,
  deletedAt: null,
  _id: 68e4cb96d180b0285d9a701d,
  firstname: 'Debby',
  lastname: 'Adebowale',
  email: 'saby@saby.ai',
  password: '$2a$08$o1.0/o0J3cDHswtnBPpdO.0KNYtXslW0gYv8ZcwaRkUdsupCw5dH.',
  userId: '0YXBcDcxPH',
  tenantId: 'hWiWJ_X0m6',
  createdAt: 2025-10-07T08:13:10.710Z,
  updatedAt: 2025-10-10T19:17:53.368Z,
  haloId: 'HL-00030',
  __v: 0
}
[requireAccess] Resolved access: user
[32minfo[39m: GET /v1/submissions?tenant_id=hWiWJ_X0m6&project_id=proj_Mrs538IYtOfd&node_id=node_test_1761246388864&month=2025-10-01&perm_enabled=true 200 - 489.502 ms
[requireAccess] Checking access for endpoint: /v1/submissions {
  permissions: [],
  scope: undefined,
  environment: undefined,
  jwtOnly: false,
  apiOnly: false
}
[requireAccess] Incoming headers: {
  Authorization: 'Bearer eyJhbGciOiJIUzI1NiIsInR5cCI6IkpXVCJ9.eyJzdWIiOiI2OGU0Y2I5NmQxODBiMDI4NWQ5YTcwMWQiLCJpYXQiOjE3NjEyNDYzODgsImV4cCI6MTc2MTI0ODE4OCwidHlwZSI6ImFjY2VzcyJ9.XyinmSchAJXC0zbOnINwqBFHR28UuA-zqpoIuzcKv8g',
  'x-api-key': undefined,
  requiredPermissions: []
}
[requireAccess] Full request headers: {
  accept: 'application/json, text/plain, */*',
  'content-type': 'application/json',
  authorization: 'Bearer eyJhbGciOiJIUzI1NiIsInR5cCI6IkpXVCJ9.eyJzdWIiOiI2OGU0Y2I5NmQxODBiMDI4NWQ5YTcwMWQiLCJpYXQiOjE3NjEyNDYzODgsImV4cCI6MTc2MTI0ODE4OCwidHlwZSI6ImFjY2VzcyJ9.XyinmSchAJXC0zbOnINwqBFHR28UuA-zqpoIuzcKv8g',
  'user-agent': 'axios/1.12.2',
  'content-length': '431',
  'accept-encoding': 'gzip, compress, deflate, br',
  host: 'localhost:4000',
  connection: 'close'
}
[requireAccess] Detected JWT
[TenantPlugin] Pre-hook triggered for: findOne
[TenantPlugin] Options: {}
[requireAccess] Authenticated user: {
  roles: [],
  isOwner: true,
  isSuper: true,
  isSaby: true,
  isAgreed: false,
  createdBy: null,
  otp: null,
  otpExpires: null,
  otpVerified: true,
  phoneNumber: null,
  isPhoneVerified: false,
  isEmailVerified: true,
  avatar: 'https://halocrm.s3.us-east-1.amazonaws.com/user/avatar-09.webp',
  status: true,
  deletedAt: null,
  _id: 68e4cb96d180b0285d9a701d,
  firstname: 'Debby',
  lastname: 'Adebowale',
  email: 'saby@saby.ai',
  password: '$2a$08$o1.0/o0J3cDHswtnBPpdO.0KNYtXslW0gYv8ZcwaRkUdsupCw5dH.',
  userId: '0YXBcDcxPH',
  tenantId: 'hWiWJ_X0m6',
  createdAt: 2025-10-07T08:13:10.710Z,
  updatedAt: 2025-10-10T19:17:53.368Z,
  haloId: 'HL-00030',
  __v: 0
}
[requireAccess] Resolved access: user
[32minfo[39m: 📝 Accepting submission for project proj_Mrs538IYtOfd (form validation: disabled)
[32minfo[39m: 📥 Submission enqueued - Job ID: hWiWJ_X0m6-1761246404396 | Tenant: hWiWJ_X0m6
📡 Emitted activity update to tenant:hWiWJ_X0m6
[32minfo[39m: [Activity] queued - queued - Job: hWiWJ_X0m6-1761246404396 - PERM submission queued for 2025-10-01
[32minfo[39m: POST /v1/submissions 202 - 701.501 ms
[requireAccess] Checking access for endpoint: /v1/submissions?tenant_id=hWiWJ_X0m6&project_id=proj_Mrs538IYtOfd&month=2025-10-01&perm_enabled=true {
  permissions: [],
  scope: undefined,
  environment: undefined,
  jwtOnly: false,
  apiOnly: false
}
[requireAccess] Incoming headers: {
  Authorization: 'Bearer eyJhbGciOiJIUzI1NiIsInR5cCI6IkpXVCJ9.eyJzdWIiOiI2OGU0Y2I5NmQxODBiMDI4NWQ5YTcwMWQiLCJpYXQiOjE3NjEyNDYzODgsImV4cCI6MTc2MTI0ODE4OCwidHlwZSI6ImFjY2VzcyJ9.XyinmSchAJXC0zbOnINwqBFHR28UuA-zqpoIuzcKv8g',
  'x-api-key': undefined,
  requiredPermissions: []
}
[requireAccess] Full request headers: {
  accept: 'application/json, text/plain, */*',
  'content-type': 'application/json',
  authorization: 'Bearer eyJhbGciOiJIUzI1NiIsInR5cCI6IkpXVCJ9.eyJzdWIiOiI2OGU0Y2I5NmQxODBiMDI4NWQ5YTcwMWQiLCJpYXQiOjE3NjEyNDYzODgsImV4cCI6MTc2MTI0ODE4OCwidHlwZSI6ImFjY2VzcyJ9.XyinmSchAJXC0zbOnINwqBFHR28UuA-zqpoIuzcKv8g',
  'user-agent': 'axios/1.12.2',
  'accept-encoding': 'gzip, compress, deflate, br',
  host: 'localhost:4000',
  connection: 'close'
}
[requireAccess] Detected JWT
[TenantPlugin] Pre-hook triggered for: findOne
[TenantPlugin] Options: {}
[requireAccess] Authenticated user: {
  roles: [],
  isOwner: true,
  isSuper: true,
  isSaby: true,
  isAgreed: false,
  createdBy: null,
  otp: null,
  otpExpires: null,
  otpVerified: true,
  phoneNumber: null,
  isPhoneVerified: false,
  isEmailVerified: true,
  avatar: 'https://halocrm.s3.us-east-1.amazonaws.com/user/avatar-09.webp',
  status: true,
  deletedAt: null,
  _id: 68e4cb96d180b0285d9a701d,
  firstname: 'Debby',
  lastname: 'Adebowale',
  email: 'saby@saby.ai',
  password: '$2a$08$o1.0/o0J3cDHswtnBPpdO.0KNYtXslW0gYv8ZcwaRkUdsupCw5dH.',
  userId: '0YXBcDcxPH',
  tenantId: 'hWiWJ_X0m6',
  createdAt: 2025-10-07T08:13:10.710Z,
  updatedAt: 2025-10-10T19:17:53.368Z,
  haloId: 'HL-00030',
  __v: 0
}
[requireAccess] Resolved access: user
[32minfo[39m: ✅ Email sent to saby@saby.ai: ✅ Submission Received - PERM Event Tracking Test
[32minfo[39m: ✅ Confirmation email queued for saby@saby.ai
[32minfo[39m: ✅ Submission job completed - ID: hWiWJ_X0m6-1761246396403
[32minfo[39m: ✅ Submission worker completed job: hWiWJ_X0m6-1761246396403
[32minfo[39m: [Worker] Processing PERM submission for project=proj_Mrs538IYtOfd (Attempt 1/3)
📡 Emitted activity update to tenant:hWiWJ_X0m6
[32minfo[39m: [Activity] processing - in progress - Job: hWiWJ_X0m6-1761246404396 - Processing PERM submission for 2025-10-01
[32minfo[39m: [Worker] Calling permSubmissionService.submitPERMData for PERM submission
[32minfo[39m: ✅ PERM submission created: 92d43659-026f-4dde-9ad0-be6443a2f02a
[32minfo[39m: [Worker] PERM submission created - 92d43659-026f-4dde-9ad0-be6443a2f02a (20% compliance, 1/5 events, status: incomplete)
[32minfo[39m: ✅ Email sent to saby@saby.ai: ⚠️ Compliance Warning - node_test_1761246388864
[32minfo[39m: ✅ Warning queued for saby@saby.ai (40%)
[32minfo[39m: ✅ Submission job completed - ID: hWiWJ_X0m6-1761246388870
[32minfo[39m: ✅ Submission worker completed job: hWiWJ_X0m6-1761246388870
📡 Emitted activity update to tenant:hWiWJ_X0m6
[32minfo[39m: [Activity] completed - success - Job: hWiWJ_X0m6-1761246404396 - PERM submission completed (20.00% compliance)
[TenantPlugin] Pre-hook triggered for: findOne
[TenantPlugin] Options: {}
[32minfo[39m: GET /v1/submissions?tenant_id=hWiWJ_X0m6&project_id=proj_Mrs538IYtOfd&month=2025-10-01&perm_enabled=true 200 - 3668.780 ms
[requireAccess] Checking access for endpoint: /v1/submissions {
  permissions: [],
  scope: undefined,
  environment: undefined,
  jwtOnly: false,
  apiOnly: false
}
[requireAccess] Incoming headers: {
  Authorization: 'Bearer eyJhbGciOiJIUzI1NiIsInR5cCI6IkpXVCJ9.eyJzdWIiOiI2OGU0Y2I5NmQxODBiMDI4NWQ5YTcwMWQiLCJpYXQiOjE3NjEyNDYzODgsImV4cCI6MTc2MTI0ODE4OCwidHlwZSI6ImFjY2VzcyJ9.XyinmSchAJXC0zbOnINwqBFHR28UuA-zqpoIuzcKv8g',
  'x-api-key': undefined,
  requiredPermissions: []
}
[requireAccess] Full request headers: {
  accept: 'application/json, text/plain, */*',
  'content-type': 'application/json',
  authorization: 'Bearer eyJhbGciOiJIUzI1NiIsInR5cCI6IkpXVCJ9.eyJzdWIiOiI2OGU0Y2I5NmQxODBiMDI4NWQ5YTcwMWQiLCJpYXQiOjE3NjEyNDYzODgsImV4cCI6MTc2MTI0ODE4OCwidHlwZSI6ImFjY2VzcyJ9.XyinmSchAJXC0zbOnINwqBFHR28UuA-zqpoIuzcKv8g',
  'user-agent': 'axios/1.12.2',
  'content-length': '448',
  'accept-encoding': 'gzip, compress, deflate, br',
  host: 'localhost:4000',
  connection: 'close'
}
[requireAccess] Detected JWT
[TenantPlugin] Pre-hook triggered for: findOne
[TenantPlugin] Options: {}
[requireAccess] Authenticated user: {
  roles: [],
  isOwner: true,
  isSuper: true,
  isSaby: true,
  isAgreed: false,
  createdBy: null,
  otp: null,
  otpExpires: null,
  otpVerified: true,
  phoneNumber: null,
  isPhoneVerified: false,
  isEmailVerified: true,
  avatar: 'https://halocrm.s3.us-east-1.amazonaws.com/user/avatar-09.webp',
  status: true,
  deletedAt: null,
  _id: 68e4cb96d180b0285d9a701d,
  firstname: 'Debby',
  lastname: 'Adebowale',
  email: 'saby@saby.ai',
  password: '$2a$08$o1.0/o0J3cDHswtnBPpdO.0KNYtXslW0gYv8ZcwaRkUdsupCw5dH.',
  userId: '0YXBcDcxPH',
  tenantId: 'hWiWJ_X0m6',
  createdAt: 2025-10-07T08:13:10.710Z,
  updatedAt: 2025-10-10T19:17:53.368Z,
  haloId: 'HL-00030',
  __v: 0
}
[requireAccess] Resolved access: user
[32minfo[39m: 📝 Accepting submission for project proj_Mrs538IYtOfd (form validation: disabled)
[32minfo[39m: 📥 Submission enqueued - Job ID: hWiWJ_X0m6-1761246411786 | Tenant: hWiWJ_X0m6
📡 Emitted activity update to tenant:hWiWJ_X0m6
[32minfo[39m: [Activity] queued - queued - Job: hWiWJ_X0m6-1761246411786 - PERM submission queued for 2025-11-01
[32minfo[39m: POST /v1/submissions 202 - 770.881 ms
[32minfo[39m: ✅ Email sent to saby@saby.ai: ✅ Submission Received - proj_Mrs538IYtOfd
[32minfo[39m: ✅ Confirmation email queued for saby@saby.ai
[32minfo[39m: ✅ Template loaded: perm-completion
[requireAccess] Checking access for endpoint: /v1/submissions?tenant_id=hWiWJ_X0m6&project_id=proj_Mrs538IYtOfd&node_id=node_test_1761246388864&month=2025-11-01&perm_enabled=true {
  permissions: [],
  scope: undefined,
  environment: undefined,
  jwtOnly: false,
  apiOnly: false
}
[requireAccess] Incoming headers: {
  Authorization: 'Bearer eyJhbGciOiJIUzI1NiIsInR5cCI6IkpXVCJ9.eyJzdWIiOiI2OGU0Y2I5NmQxODBiMDI4NWQ5YTcwMWQiLCJpYXQiOjE3NjEyNDYzODgsImV4cCI6MTc2MTI0ODE4OCwidHlwZSI6ImFjY2VzcyJ9.XyinmSchAJXC0zbOnINwqBFHR28UuA-zqpoIuzcKv8g',
  'x-api-key': undefined,
  requiredPermissions: []
}
[requireAccess] Full request headers: {
  accept: 'application/json, text/plain, */*',
  'content-type': 'application/json',
  authorization: 'Bearer eyJhbGciOiJIUzI1NiIsInR5cCI6IkpXVCJ9.eyJzdWIiOiI2OGU0Y2I5NmQxODBiMDI4NWQ5YTcwMWQiLCJpYXQiOjE3NjEyNDYzODgsImV4cCI6MTc2MTI0ODE4OCwidHlwZSI6ImFjY2VzcyJ9.XyinmSchAJXC0zbOnINwqBFHR28UuA-zqpoIuzcKv8g',
  'user-agent': 'axios/1.12.2',
  'accept-encoding': 'gzip, compress, deflate, br',
  host: 'localhost:4000',
  connection: 'close'
}
[requireAccess] Detected JWT
[TenantPlugin] Pre-hook triggered for: findOne
[TenantPlugin] Options: {}
[requireAccess] Authenticated user: {
  roles: [],
  isOwner: true,
  isSuper: true,
  isSaby: true,
  isAgreed: false,
  createdBy: null,
  otp: null,
  otpExpires: null,
  otpVerified: true,
  phoneNumber: null,
  isPhoneVerified: false,
  isEmailVerified: true,
  avatar: 'https://halocrm.s3.us-east-1.amazonaws.com/user/avatar-09.webp',
  status: true,
  deletedAt: null,
  _id: 68e4cb96d180b0285d9a701d,
  firstname: 'Debby',
  lastname: 'Adebowale',
  email: 'saby@saby.ai',
  password: '$2a$08$o1.0/o0J3cDHswtnBPpdO.0KNYtXslW0gYv8ZcwaRkUdsupCw5dH.',
  userId: '0YXBcDcxPH',
  tenantId: 'hWiWJ_X0m6',
  createdAt: 2025-10-07T08:13:10.710Z,
  updatedAt: 2025-10-10T19:17:53.368Z,
  haloId: 'HL-00030',
  __v: 0
}
[requireAccess] Resolved access: user
[32minfo[39m: GET /v1/submissions?tenant_id=hWiWJ_X0m6&project_id=proj_Mrs538IYtOfd&node_id=node_test_1761246388864&month=2025-11-01&perm_enabled=true 200 - 262.595 ms
[requireAccess] Checking access for endpoint: /v1/submissions?tenant_id=hWiWJ_X0m6&project_id=proj_Mrs538IYtOfd&perm_enabled=true {
  permissions: [],
  scope: undefined,
  environment: undefined,
  jwtOnly: false,
  apiOnly: false
}
[requireAccess] Incoming headers: {
  Authorization: 'Bearer eyJhbGciOiJIUzI1NiIsInR5cCI6IkpXVCJ9.eyJzdWIiOiI2OGU0Y2I5NmQxODBiMDI4NWQ5YTcwMWQiLCJpYXQiOjE3NjEyNDYzODgsImV4cCI6MTc2MTI0ODE4OCwidHlwZSI6ImFjY2VzcyJ9.XyinmSchAJXC0zbOnINwqBFHR28UuA-zqpoIuzcKv8g',
  'x-api-key': undefined,
  requiredPermissions: []
}
[requireAccess] Full request headers: {
  accept: 'application/json, text/plain, */*',
  'content-type': 'application/json',
  authorization: 'Bearer eyJhbGciOiJIUzI1NiIsInR5cCI6IkpXVCJ9.eyJzdWIiOiI2OGU0Y2I5NmQxODBiMDI4NWQ5YTcwMWQiLCJpYXQiOjE3NjEyNDYzODgsImV4cCI6MTc2MTI0ODE4OCwidHlwZSI6ImFjY2VzcyJ9.XyinmSchAJXC0zbOnINwqBFHR28UuA-zqpoIuzcKv8g',
  'user-agent': 'axios/1.12.2',
  'accept-encoding': 'gzip, compress, deflate, br',
  host: 'localhost:4000',
  connection: 'close'
}
[requireAccess] Detected JWT
[TenantPlugin] Pre-hook triggered for: findOne
[TenantPlugin] Options: {}
[requireAccess] Authenticated user: {
  roles: [],
  isOwner: true,
  isSuper: true,
  isSaby: true,
  isAgreed: false,
  createdBy: null,
  otp: null,
  otpExpires: null,
  otpVerified: true,
  phoneNumber: null,
  isPhoneVerified: false,
  isEmailVerified: true,
  avatar: 'https://halocrm.s3.us-east-1.amazonaws.com/user/avatar-09.webp',
  status: true,
  deletedAt: null,
  _id: 68e4cb96d180b0285d9a701d,
  firstname: 'Debby',
  lastname: 'Adebowale',
  email: 'saby@saby.ai',
  password: '$2a$08$o1.0/o0J3cDHswtnBPpdO.0KNYtXslW0gYv8ZcwaRkUdsupCw5dH.',
  userId: '0YXBcDcxPH',
  tenantId: 'hWiWJ_X0m6',
  createdAt: 2025-10-07T08:13:10.710Z,
  updatedAt: 2025-10-10T19:17:53.368Z,
  haloId: 'HL-00030',
  __v: 0
}
[requireAccess] Resolved access: user
[32minfo[39m: [Worker] Processing PERM submission for project=proj_Mrs538IYtOfd (Attempt 1/3)
[32minfo[39m: GET /v1/submissions?tenant_id=hWiWJ_X0m6&project_id=proj_Mrs538IYtOfd&perm_enabled=true 200 - 1601.273 ms
[requireAccess] Checking access for endpoint: /v1/submissions/activity-log/recent?tenant_id=hWiWJ_X0m6&limit=10 {
  permissions: [],
  scope: undefined,
  environment: undefined,
  jwtOnly: false,
  apiOnly: false
}
[requireAccess] Incoming headers: {
  Authorization: 'Bearer eyJhbGciOiJIUzI1NiIsInR5cCI6IkpXVCJ9.eyJzdWIiOiI2OGU0Y2I5NmQxODBiMDI4NWQ5YTcwMWQiLCJpYXQiOjE3NjEyNDYzODgsImV4cCI6MTc2MTI0ODE4OCwidHlwZSI6ImFjY2VzcyJ9.XyinmSchAJXC0zbOnINwqBFHR28UuA-zqpoIuzcKv8g',
  'x-api-key': undefined,
  requiredPermissions: []
}
[requireAccess] Full request headers: {
  accept: 'application/json, text/plain, */*',
  'content-type': 'application/json',
  authorization: 'Bearer eyJhbGciOiJIUzI1NiIsInR5cCI6IkpXVCJ9.eyJzdWIiOiI2OGU0Y2I5NmQxODBiMDI4NWQ5YTcwMWQiLCJpYXQiOjE3NjEyNDYzODgsImV4cCI6MTc2MTI0ODE4OCwidHlwZSI6ImFjY2VzcyJ9.XyinmSchAJXC0zbOnINwqBFHR28UuA-zqpoIuzcKv8g',
  'user-agent': 'axios/1.12.2',
  'accept-encoding': 'gzip, compress, deflate, br',
  host: 'localhost:4000',
  connection: 'close'
}
[requireAccess] Detected JWT
[TenantPlugin] Pre-hook triggered for: findOne
[TenantPlugin] Options: {}
[requireAccess] Authenticated user: {
  roles: [],
  isOwner: true,
  isSuper: true,
  isSaby: true,
  isAgreed: false,
  createdBy: null,
  otp: null,
  otpExpires: null,
  otpVerified: true,
  phoneNumber: null,
  isPhoneVerified: false,
  isEmailVerified: true,
  avatar: 'https://halocrm.s3.us-east-1.amazonaws.com/user/avatar-09.webp',
  status: true,
  deletedAt: null,
  _id: 68e4cb96d180b0285d9a701d,
  firstname: 'Debby',
  lastname: 'Adebowale',
  email: 'saby@saby.ai',
  password: '$2a$08$o1.0/o0J3cDHswtnBPpdO.0KNYtXslW0gYv8ZcwaRkUdsupCw5dH.',
  userId: '0YXBcDcxPH',
  tenantId: 'hWiWJ_X0m6',
  createdAt: 2025-10-07T08:13:10.710Z,
  updatedAt: 2025-10-10T19:17:53.368Z,
  haloId: 'HL-00030',
  __v: 0
}
[requireAccess] Resolved access: user
[32minfo[39m: GET /v1/submissions/activity-log/recent?tenant_id=hWiWJ_X0m6&limit=10 200 - 273.434 ms
📡 Emitted activity update to tenant:hWiWJ_X0m6
[32minfo[39m: [Activity] processing - in progress - Job: hWiWJ_X0m6-1761246411786 - Processing PERM submission for 2025-11-01
[32minfo[39m: [Worker] Calling permSubmissionService.submitPERMData for PERM submission
[32minfo[39m: GET /v1/submissions/activity-log/summary 200 - 831.625 ms
[32minfo[39m: ✅ Email sent to saby@saby.ai: ✅ 100% Compliance Achieved - node_test_1761246388864
[32minfo[39m: ✅ Completion email queued for saby@saby.ai (100%)
[32minfo[39m: ✅ Submission job completed - ID: hWiWJ_X0m6-1761246399980
[32minfo[39m: ✅ Submission worker completed job: hWiWJ_X0m6-1761246399980
[32minfo[39m: ✅ Email sent to saby@saby.ai: ✅ Submission Received - proj_Mrs538IYtOfd
[32minfo[39m: ✅ Confirmation email queued for saby@saby.ai
[32minfo[39m: ✅ Template loaded: perm-critical-alert
[32minfo[39m: ✅ PERM submission created: d9e7accd-fe91-4efa-8e46-931df853738c
[32minfo[39m: [Worker] PERM submission created - d9e7accd-fe91-4efa-8e46-931df853738c (60% compliance, 3/5 events, status: partial)
📡 Emitted activity update to tenant:hWiWJ_X0m6
[32minfo[39m: [Activity] completed - success - Job: hWiWJ_X0m6-1761246411786 - PERM submission completed (60.00% compliance)
[TenantPlugin] Pre-hook triggered for: findOne
[TenantPlugin] Options: {}
[32minfo[39m: ✅ Email sent to saby@saby.ai: ⚠️ URGENT: Low Compliance Alert - node_test_different_1761246404384
[32minfo[39m: ✅ Critical alert queued for saby@saby.ai (20%)
[32minfo[39m: ✅ Submission job completed - ID: hWiWJ_X0m6-1761246404396
[32minfo[39m: ✅ Submission worker completed job: hWiWJ_X0m6-1761246404396
[32minfo[39m: ✅ Email sent to saby@saby.ai: ✅ Submission Received - proj_Mrs538IYtOfd
[32minfo[39m: ✅ Confirmation email queued for saby@saby.ai
[32minfo[39m: ✅ Email sent to saby@saby.ai: ⚠️ Compliance Warning - node_test_1761246388864
[32minfo[39m: ✅ Warning queued for saby@saby.ai (60%)
[32minfo[39m: ✅ Submission job completed - ID: hWiWJ_X0m6-1761246411786
[32minfo[39m: ✅ Submission worker completed job: hWiWJ_X0m6-1761246411786
[31m[nodemon] app crashed - waiting for file changes before starting...[39m
[32m[nodemon] restarting due to changes...[39m
[32m[nodemon] starting `node src/index.js`[39m
[32m[nodemon] restarting due to changes...[39m
[32m[nodemon] starting `node src/index.js`[39m
🔍 [REQUIRE ACCESS] Owner Resource Bundle loaded: [
  'user',       'app',
  'structures', 'node',
  'payment',    'level',
  'storage',    'project',
  'apikeys',    'project-form',
  'roles',      'permissions'
]
🔍 [REQUIRE ACCESS] Bundle type: object
🔍 [REQUIRE ACCESS] Is Array?: true
🔍 [AUTH MIDDLEWARE] Owner Resource Bundle loaded: [
  'user',       'app',
  'structures', 'node',
  'payment',    'level',
  'storage',    'project',
  'apikeys',    'project-form',
  'roles',      'permissions'
]
🔍 [AUTH MIDDLEWARE] Bundle type: object
🔍 [AUTH MIDDLEWARE] Is Array?: true
[33mwarn[39m: ⚠️  Email ingestor worker not available (missing dependencies)
(node:4172) NOTE: The AWS SDK for JavaScript (v2) is in maintenance mode.
 SDK releases are limited to address critical bug fixes and security issues only.

Please migrate your code to use AWS SDK for JavaScript (v3).
For more information, check the blog post at https://a.co/cUPnyil
(Use `node --trace-warnings ...` to show where the warning was created)
[32minfo[39m: ✅ Connected to MongoDB
[32minfo[39m: 🔄 Testing PostgreSQL connection...
[32minfo[39m: 📊 Host: 20.169.129.160:5432
[32minfo[39m: 👤 User: sabyagentic_user
[32minfo[39m: 🗄️  Database: halograph
[32minfo[39m: ✅ PostgreSQL connected successfully
[32minfo[39m: 📋 PostgreSQL Version: PostgreSQL 15.14 (Debian 15.14-1.pgdg13+1) on x86_64-pc-linux-gnu, compiled by gcc (Debian 14.2.0-19) 14.2.0, 64-bit
[32minfo[39m: ✅ Redis connected
[32minfo[39m: ⚙️  Redis ready for commands
[32minfo[39m: ✅ Redis ping successful
[32minfo[39m: 🚀 Initializing background workers...
[32minfo[39m: ✅ Submission worker started
[32minfo[39m: ✅ PERM notification worker started
[32minfo[39m: 🔔 Notification worker initialized
[32minfo[39m: ✅ Notification worker started
[32minfo[39m: ⊘ Email ingestor worker not available (missing dependencies)
[32minfo[39m: 🎉 All workers initialized successfully
[32minfo[39m: 🚀 Server is running on port 4000
[32minfo[39m: 🌍 Environment: development
[32minfo[39m: 📊 Database Status:
[32minfo[39m:    - MongoDB: ✅ Connected
[32minfo[39m:    - PostgreSQL: ✅ Connected
[32minfo[39m:    - Redis: ✅ Connected
🔌 Socket connected: joWZaD5EefRpbNNTAAAB (User: 68e4cb96d180b0285d9a701d, Tenant: undefined)
[32minfo[39m: Connected to email server
🔌 Socket connected: BbeqxO2oCKIx1pP9AAAD (User: 68e4cb96d180b0285d9a701d, Tenant: undefined)
[32minfo[39m: OPTIONS /v1/submitData/activity-log?limit=25&offset=100 204 - 5.215 ms
[32minfo[39m: OPTIONS /v1/submitData/activity-log 204 - 0.837 ms
[32minfo[39m: OPTIONS /v1/submitData/activity-log/summary 204 - 0.389 ms
[Backend] Activity log request: { limit: 25, offset: 100 }
[Backend] Activity log request: {}
[32minfo[39m: GET /v1/submitData/activity-log?limit=25&offset=100 304 - 500.982 ms
[32minfo[39m: GET /v1/submitData/activity-log/summary 304 - 1351.108 ms
[32minfo[39m: GET /v1/submitData/activity-log 304 - 1498.687 ms
[32minfo[39m: GET / 200 - 2.964 ms
[TenantPlugin] Pre-hook triggered for: findOne
[TenantPlugin] Options: {}
expired token expiry time ---> 30
expired token ---> Moment<2025-10-23T21:26:40+01:00>
expired token ---> Moment<2025-10-23T21:56:40+01:00>
acess token --> eyJhbGciOiJIUzI1NiIsInR5cCI6IkpXVCJ9.eyJzdWIiOiI2OGU0Y2I5NmQxODBiMDI4NWQ5YTcwMWQiLCJpYXQiOjE3NjEyNDk0MDAsImV4cCI6MTc2MTI1MTIwMCwidHlwZSI6ImFjY2VzcyJ9.Fago0EixF3tnpt8qGvqPk6Lq6wFUHygW-bsaWivjwCw
[32minfo[39m: POST /v1/auth/login 200 - 134.636 ms
[requireAccess] Checking access for endpoint: /v1/submissions {
  permissions: [],
  scope: undefined,
  environment: undefined,
  jwtOnly: false,
  apiOnly: false
}
[requireAccess] Incoming headers: {
  Authorization: 'Bearer eyJhbGciOiJIUzI1NiIsInR5cCI6IkpXVCJ9.eyJzdWIiOiI2OGU0Y2I5NmQxODBiMDI4NWQ5YTcwMWQiLCJpYXQiOjE3NjEyNDk0MDAsImV4cCI6MTc2MTI1MTIwMCwidHlwZSI6ImFjY2VzcyJ9.Fago0EixF3tnpt8qGvqPk6Lq6wFUHygW-bsaWivjwCw',
  'x-api-key': undefined,
  requiredPermissions: []
}
[requireAccess] Full request headers: {
  accept: 'application/json, text/plain, */*',
  'content-type': 'application/json',
  authorization: 'Bearer eyJhbGciOiJIUzI1NiIsInR5cCI6IkpXVCJ9.eyJzdWIiOiI2OGU0Y2I5NmQxODBiMDI4NWQ5YTcwMWQiLCJpYXQiOjE3NjEyNDk0MDAsImV4cCI6MTc2MTI1MTIwMCwidHlwZSI6ImFjY2VzcyJ9.Fago0EixF3tnpt8qGvqPk6Lq6wFUHygW-bsaWivjwCw',
  'user-agent': 'axios/1.12.2',
  'content-length': '212',
  'accept-encoding': 'gzip, compress, deflate, br',
  host: 'localhost:4000',
  connection: 'close'
}
[requireAccess] Detected JWT
[TenantPlugin] Pre-hook triggered for: findOne
[TenantPlugin] Options: {}
[requireAccess] Authenticated user: {
  roles: [],
  isOwner: true,
  isSuper: true,
  isSaby: true,
  isAgreed: false,
  createdBy: null,
  otp: null,
  otpExpires: null,
  otpVerified: true,
  phoneNumber: null,
  isPhoneVerified: false,
  isEmailVerified: true,
  avatar: 'https://halocrm.s3.us-east-1.amazonaws.com/user/avatar-09.webp',
  status: true,
  deletedAt: null,
  _id: 68e4cb96d180b0285d9a701d,
  firstname: 'Debby',
  lastname: 'Adebowale',
  email: 'saby@saby.ai',
  password: '$2a$08$o1.0/o0J3cDHswtnBPpdO.0KNYtXslW0gYv8ZcwaRkUdsupCw5dH.',
  userId: '0YXBcDcxPH',
  tenantId: 'hWiWJ_X0m6',
  createdAt: 2025-10-07T08:13:10.710Z,
  updatedAt: 2025-10-10T19:17:53.368Z,
  haloId: 'HL-00030',
  __v: 0
}
[requireAccess] Resolved access: user
[32minfo[39m: 📝 Accepting submission for project proj_test_endpoints (form validation: disabled)
[32minfo[39m: 📥 Submission enqueued - Job ID: hWiWJ_X0m6-1761249400405 | Tenant: hWiWJ_X0m6
📡 Emitted activity update to tenant:hWiWJ_X0m6
[32minfo[39m: [Activity] queued - queued - Job: hWiWJ_X0m6-1761249400405 - PERM submission queued for 2025-10-01
[32minfo[39m: POST /v1/submissions 202 - 228.928 ms
[requireAccess] Checking access for endpoint: /v1/submissions?tenant_id=hWiWJ_X0m6&limit=10 {
  permissions: [],
  scope: undefined,
  environment: undefined,
  jwtOnly: false,
  apiOnly: false
}
[requireAccess] Incoming headers: {
  Authorization: 'Bearer eyJhbGciOiJIUzI1NiIsInR5cCI6IkpXVCJ9.eyJzdWIiOiI2OGU0Y2I5NmQxODBiMDI4NWQ5YTcwMWQiLCJpYXQiOjE3NjEyNDk0MDAsImV4cCI6MTc2MTI1MTIwMCwidHlwZSI6ImFjY2VzcyJ9.Fago0EixF3tnpt8qGvqPk6Lq6wFUHygW-bsaWivjwCw',
  'x-api-key': undefined,
  requiredPermissions: []
}
[requireAccess] Full request headers: {
  accept: 'application/json, text/plain, */*',
  'content-type': 'application/json',
  authorization: 'Bearer eyJhbGciOiJIUzI1NiIsInR5cCI6IkpXVCJ9.eyJzdWIiOiI2OGU0Y2I5NmQxODBiMDI4NWQ5YTcwMWQiLCJpYXQiOjE3NjEyNDk0MDAsImV4cCI6MTc2MTI1MTIwMCwidHlwZSI6ImFjY2VzcyJ9.Fago0EixF3tnpt8qGvqPk6Lq6wFUHygW-bsaWivjwCw',
  'user-agent': 'axios/1.12.2',
  'accept-encoding': 'gzip, compress, deflate, br',
  host: 'localhost:4000',
  connection: 'close'
}
[requireAccess] Detected JWT
[TenantPlugin] Pre-hook triggered for: findOne
[TenantPlugin] Options: {}
[requireAccess] Authenticated user: {
  roles: [],
  isOwner: true,
  isSuper: true,
  isSaby: true,
  isAgreed: false,
  createdBy: null,
  otp: null,
  otpExpires: null,
  otpVerified: true,
  phoneNumber: null,
  isPhoneVerified: false,
  isEmailVerified: true,
  avatar: 'https://halocrm.s3.us-east-1.amazonaws.com/user/avatar-09.webp',
  status: true,
  deletedAt: null,
  _id: 68e4cb96d180b0285d9a701d,
  firstname: 'Debby',
  lastname: 'Adebowale',
  email: 'saby@saby.ai',
  password: '$2a$08$o1.0/o0J3cDHswtnBPpdO.0KNYtXslW0gYv8ZcwaRkUdsupCw5dH.',
  userId: '0YXBcDcxPH',
  tenantId: 'hWiWJ_X0m6',
  createdAt: 2025-10-07T08:13:10.710Z,
  updatedAt: 2025-10-10T19:17:53.368Z,
  haloId: 'HL-00030',
  __v: 0
}
[requireAccess] Resolved access: user
[32minfo[39m: GET /v1/submissions?tenant_id=hWiWJ_X0m6&limit=10 200 - 1052.124 ms
[32minfo[39m: GET /v1/submissions/activity-log/summary 200 - 240.465 ms
[requireAccess] Checking access for endpoint: /v1/submissions/activity-log/recent?tenant_id=hWiWJ_X0m6&limit=10 {
  permissions: [],
  scope: undefined,
  environment: undefined,
  jwtOnly: false,
  apiOnly: false
}
[requireAccess] Incoming headers: {
  Authorization: 'Bearer eyJhbGciOiJIUzI1NiIsInR5cCI6IkpXVCJ9.eyJzdWIiOiI2OGU0Y2I5NmQxODBiMDI4NWQ5YTcwMWQiLCJpYXQiOjE3NjEyNDk0MDAsImV4cCI6MTc2MTI1MTIwMCwidHlwZSI6ImFjY2VzcyJ9.Fago0EixF3tnpt8qGvqPk6Lq6wFUHygW-bsaWivjwCw',
  'x-api-key': undefined,
  requiredPermissions: []
}
[requireAccess] Full request headers: {
  accept: 'application/json, text/plain, */*',
  'content-type': 'application/json',
  authorization: 'Bearer eyJhbGciOiJIUzI1NiIsInR5cCI6IkpXVCJ9.eyJzdWIiOiI2OGU0Y2I5NmQxODBiMDI4NWQ5YTcwMWQiLCJpYXQiOjE3NjEyNDk0MDAsImV4cCI6MTc2MTI1MTIwMCwidHlwZSI6ImFjY2VzcyJ9.Fago0EixF3tnpt8qGvqPk6Lq6wFUHygW-bsaWivjwCw',
  'user-agent': 'axios/1.12.2',
  'accept-encoding': 'gzip, compress, deflate, br',
  host: 'localhost:4000',
  connection: 'close'
}
[requireAccess] Detected JWT
[TenantPlugin] Pre-hook triggered for: findOne
[TenantPlugin] Options: {}
[requireAccess] Authenticated user: {
  roles: [],
  isOwner: true,
  isSuper: true,
  isSaby: true,
  isAgreed: false,
  createdBy: null,
  otp: null,
  otpExpires: null,
  otpVerified: true,
  phoneNumber: null,
  isPhoneVerified: false,
  isEmailVerified: true,
  avatar: 'https://halocrm.s3.us-east-1.amazonaws.com/user/avatar-09.webp',
  status: true,
  deletedAt: null,
  _id: 68e4cb96d180b0285d9a701d,
  firstname: 'Debby',
  lastname: 'Adebowale',
  email: 'saby@saby.ai',
  password: '$2a$08$o1.0/o0J3cDHswtnBPpdO.0KNYtXslW0gYv8ZcwaRkUdsupCw5dH.',
  userId: '0YXBcDcxPH',
  tenantId: 'hWiWJ_X0m6',
  createdAt: 2025-10-07T08:13:10.710Z,
  updatedAt: 2025-10-10T19:17:53.368Z,
  haloId: 'HL-00030',
  __v: 0
}
[requireAccess] Resolved access: user
[32minfo[39m: GET /v1/submissions/activity-log/recent?tenant_id=hWiWJ_X0m6&limit=10 200 - 209.843 ms
[requireAccess] Checking access for endpoint: /v1/submissions/activity-log?tenant_id=hWiWJ_X0m6&limit=20&offset=0 {
  permissions: [],
  scope: undefined,
  environment: undefined,
  jwtOnly: false,
  apiOnly: false
}
[requireAccess] Incoming headers: {
  Authorization: 'Bearer eyJhbGciOiJIUzI1NiIsInR5cCI6IkpXVCJ9.eyJzdWIiOiI2OGU0Y2I5NmQxODBiMDI4NWQ5YTcwMWQiLCJpYXQiOjE3NjEyNDk0MDAsImV4cCI6MTc2MTI1MTIwMCwidHlwZSI6ImFjY2VzcyJ9.Fago0EixF3tnpt8qGvqPk6Lq6wFUHygW-bsaWivjwCw',
  'x-api-key': undefined,
  requiredPermissions: []
}
[requireAccess] Full request headers: {
  accept: 'application/json, text/plain, */*',
  'content-type': 'application/json',
  authorization: 'Bearer eyJhbGciOiJIUzI1NiIsInR5cCI6IkpXVCJ9.eyJzdWIiOiI2OGU0Y2I5NmQxODBiMDI4NWQ5YTcwMWQiLCJpYXQiOjE3NjEyNDk0MDAsImV4cCI6MTc2MTI1MTIwMCwidHlwZSI6ImFjY2VzcyJ9.Fago0EixF3tnpt8qGvqPk6Lq6wFUHygW-bsaWivjwCw',
  'user-agent': 'axios/1.12.2',
  'accept-encoding': 'gzip, compress, deflate, br',
  host: 'localhost:4000',
  connection: 'close'
}
[requireAccess] Detected JWT
[TenantPlugin] Pre-hook triggered for: findOne
[TenantPlugin] Options: {}
[requireAccess] Authenticated user: {
  roles: [],
  isOwner: true,
  isSuper: true,
  isSaby: true,
  isAgreed: false,
  createdBy: null,
  otp: null,
  otpExpires: null,
  otpVerified: true,
  phoneNumber: null,
  isPhoneVerified: false,
  isEmailVerified: true,
  avatar: 'https://halocrm.s3.us-east-1.amazonaws.com/user/avatar-09.webp',
  status: true,
  deletedAt: null,
  _id: 68e4cb96d180b0285d9a701d,
  firstname: 'Debby',
  lastname: 'Adebowale',
  email: 'saby@saby.ai',
  password: '$2a$08$o1.0/o0J3cDHswtnBPpdO.0KNYtXslW0gYv8ZcwaRkUdsupCw5dH.',
  userId: '0YXBcDcxPH',
  tenantId: 'hWiWJ_X0m6',
  createdAt: 2025-10-07T08:13:10.710Z,
  updatedAt: 2025-10-10T19:17:53.368Z,
  haloId: 'HL-00030',
  __v: 0
}
[requireAccess] Resolved access: user
[32minfo[39m: [Worker] Processing PERM submission for project=proj_test_endpoints (Attempt 1/3)
📡 Emitted activity update to tenant:hWiWJ_X0m6
[32minfo[39m: [Activity] processing - in progress - Job: hWiWJ_X0m6-1761249400405 - Processing PERM submission for 2025-10-01
[32minfo[39m: [Worker] Calling permSubmissionService.submitPERMData for PERM submission
[32minfo[39m: GET /v1/submissions/activity-log?tenant_id=hWiWJ_X0m6&limit=20&offset=0 200 - 404.333 ms
[requireAccess] Checking access for endpoint: /v1/submissions/activity-log/action/completed?tenant_id=hWiWJ_X0m6&limit=5 {
  permissions: [],
  scope: undefined,
  environment: undefined,
  jwtOnly: false,
  apiOnly: false
}
[requireAccess] Incoming headers: {
  Authorization: 'Bearer eyJhbGciOiJIUzI1NiIsInR5cCI6IkpXVCJ9.eyJzdWIiOiI2OGU0Y2I5NmQxODBiMDI4NWQ5YTcwMWQiLCJpYXQiOjE3NjEyNDk0MDAsImV4cCI6MTc2MTI1MTIwMCwidHlwZSI6ImFjY2VzcyJ9.Fago0EixF3tnpt8qGvqPk6Lq6wFUHygW-bsaWivjwCw',
  'x-api-key': undefined,
  requiredPermissions: []
}
[requireAccess] Full request headers: {
  accept: 'application/json, text/plain, */*',
  'content-type': 'application/json',
  authorization: 'Bearer eyJhbGciOiJIUzI1NiIsInR5cCI6IkpXVCJ9.eyJzdWIiOiI2OGU0Y2I5NmQxODBiMDI4NWQ5YTcwMWQiLCJpYXQiOjE3NjEyNDk0MDAsImV4cCI6MTc2MTI1MTIwMCwidHlwZSI6ImFjY2VzcyJ9.Fago0EixF3tnpt8qGvqPk6Lq6wFUHygW-bsaWivjwCw',
  'user-agent': 'axios/1.12.2',
  'accept-encoding': 'gzip, compress, deflate, br',
  host: 'localhost:4000',
  connection: 'close'
}
[requireAccess] Detected JWT
[TenantPlugin] Pre-hook triggered for: findOne
[TenantPlugin] Options: {}
[requireAccess] Authenticated user: {
  roles: [],
  isOwner: true,
  isSuper: true,
  isSaby: true,
  isAgreed: false,
  createdBy: null,
  otp: null,
  otpExpires: null,
  otpVerified: true,
  phoneNumber: null,
  isPhoneVerified: false,
  isEmailVerified: true,
  avatar: 'https://halocrm.s3.us-east-1.amazonaws.com/user/avatar-09.webp',
  status: true,
  deletedAt: null,
  _id: 68e4cb96d180b0285d9a701d,
  firstname: 'Debby',
  lastname: 'Adebowale',
  email: 'saby@saby.ai',
  password: '$2a$08$o1.0/o0J3cDHswtnBPpdO.0KNYtXslW0gYv8ZcwaRkUdsupCw5dH.',
  userId: '0YXBcDcxPH',
  tenantId: 'hWiWJ_X0m6',
  createdAt: 2025-10-07T08:13:10.710Z,
  updatedAt: 2025-10-10T19:17:53.368Z,
  haloId: 'HL-00030',
  __v: 0
}
[requireAccess] Resolved access: user
[32minfo[39m: ✅ PERM submission created: e76fc4e8-a447-42dd-acc1-11cbd3b1a517
[32minfo[39m: [Worker] PERM submission created - e76fc4e8-a447-42dd-acc1-11cbd3b1a517 (0% compliance, 0/0 events, status: incomplete)
[32minfo[39m: GET /v1/submissions/activity-log/action/completed?tenant_id=hWiWJ_X0m6&limit=5 200 - 415.404 ms
[requireAccess] Checking access for endpoint: /v1/submissions/activity-log/action/failed?tenant_id=hWiWJ_X0m6&limit=5 {
  permissions: [],
  scope: undefined,
  environment: undefined,
  jwtOnly: false,
  apiOnly: false
}
[requireAccess] Incoming headers: {
  Authorization: 'Bearer eyJhbGciOiJIUzI1NiIsInR5cCI6IkpXVCJ9.eyJzdWIiOiI2OGU0Y2I5NmQxODBiMDI4NWQ5YTcwMWQiLCJpYXQiOjE3NjEyNDk0MDAsImV4cCI6MTc2MTI1MTIwMCwidHlwZSI6ImFjY2VzcyJ9.Fago0EixF3tnpt8qGvqPk6Lq6wFUHygW-bsaWivjwCw',
  'x-api-key': undefined,
  requiredPermissions: []
}
[requireAccess] Full request headers: {
  accept: 'application/json, text/plain, */*',
  'content-type': 'application/json',
  authorization: 'Bearer eyJhbGciOiJIUzI1NiIsInR5cCI6IkpXVCJ9.eyJzdWIiOiI2OGU0Y2I5NmQxODBiMDI4NWQ5YTcwMWQiLCJpYXQiOjE3NjEyNDk0MDAsImV4cCI6MTc2MTI1MTIwMCwidHlwZSI6ImFjY2VzcyJ9.Fago0EixF3tnpt8qGvqPk6Lq6wFUHygW-bsaWivjwCw',
  'user-agent': 'axios/1.12.2',
  'accept-encoding': 'gzip, compress, deflate, br',
  host: 'localhost:4000',
  connection: 'close'
}
[requireAccess] Detected JWT
[TenantPlugin] Pre-hook triggered for: findOne
[TenantPlugin] Options: {}
[requireAccess] Authenticated user: {
  roles: [],
  isOwner: true,
  isSuper: true,
  isSaby: true,
  isAgreed: false,
  createdBy: null,
  otp: null,
  otpExpires: null,
  otpVerified: true,
  phoneNumber: null,
  isPhoneVerified: false,
  isEmailVerified: true,
  avatar: 'https://halocrm.s3.us-east-1.amazonaws.com/user/avatar-09.webp',
  status: true,
  deletedAt: null,
  _id: 68e4cb96d180b0285d9a701d,
  firstname: 'Debby',
  lastname: 'Adebowale',
  email: 'saby@saby.ai',
  password: '$2a$08$o1.0/o0J3cDHswtnBPpdO.0KNYtXslW0gYv8ZcwaRkUdsupCw5dH.',
  userId: '0YXBcDcxPH',
  tenantId: 'hWiWJ_X0m6',
  createdAt: 2025-10-07T08:13:10.710Z,
  updatedAt: 2025-10-10T19:17:53.368Z,
  haloId: 'HL-00030',
  __v: 0
}
[requireAccess] Resolved access: user
📡 Emitted activity update to tenant:hWiWJ_X0m6
[32minfo[39m: [Activity] completed - success - Job: hWiWJ_X0m6-1761249400405 - PERM submission completed (0.00% compliance)
[TenantPlugin] Pre-hook triggered for: findOne
[TenantPlugin] Options: {}
[32minfo[39m: ✅ Template loaded: submission-confirmation
[32minfo[39m: GET /v1/submissions/activity-log/action/failed?tenant_id=hWiWJ_X0m6&limit=5 200 - 414.837 ms
[requireAccess] Checking access for endpoint: /v1/submissions/activity-log/action/queued?tenant_id=hWiWJ_X0m6&limit=5 {
  permissions: [],
  scope: undefined,
  environment: undefined,
  jwtOnly: false,
  apiOnly: false
}
[requireAccess] Incoming headers: {
  Authorization: 'Bearer eyJhbGciOiJIUzI1NiIsInR5cCI6IkpXVCJ9.eyJzdWIiOiI2OGU0Y2I5NmQxODBiMDI4NWQ5YTcwMWQiLCJpYXQiOjE3NjEyNDk0MDAsImV4cCI6MTc2MTI1MTIwMCwidHlwZSI6ImFjY2VzcyJ9.Fago0EixF3tnpt8qGvqPk6Lq6wFUHygW-bsaWivjwCw',
  'x-api-key': undefined,
  requiredPermissions: []
}
[requireAccess] Full request headers: {
  accept: 'application/json, text/plain, */*',
  'content-type': 'application/json',
  authorization: 'Bearer eyJhbGciOiJIUzI1NiIsInR5cCI6IkpXVCJ9.eyJzdWIiOiI2OGU0Y2I5NmQxODBiMDI4NWQ5YTcwMWQiLCJpYXQiOjE3NjEyNDk0MDAsImV4cCI6MTc2MTI1MTIwMCwidHlwZSI6ImFjY2VzcyJ9.Fago0EixF3tnpt8qGvqPk6Lq6wFUHygW-bsaWivjwCw',
  'user-agent': 'axios/1.12.2',
  'accept-encoding': 'gzip, compress, deflate, br',
  host: 'localhost:4000',
  connection: 'close'
}
[requireAccess] Detected JWT
[TenantPlugin] Pre-hook triggered for: findOne
[TenantPlugin] Options: {}
[requireAccess] Authenticated user: {
  roles: [],
  isOwner: true,
  isSuper: true,
  isSaby: true,
  isAgreed: false,
  createdBy: null,
  otp: null,
  otpExpires: null,
  otpVerified: true,
  phoneNumber: null,
  isPhoneVerified: false,
  isEmailVerified: true,
  avatar: 'https://halocrm.s3.us-east-1.amazonaws.com/user/avatar-09.webp',
  status: true,
  deletedAt: null,
  _id: 68e4cb96d180b0285d9a701d,
  firstname: 'Debby',
  lastname: 'Adebowale',
  email: 'saby@saby.ai',
  password: '$2a$08$o1.0/o0J3cDHswtnBPpdO.0KNYtXslW0gYv8ZcwaRkUdsupCw5dH.',
  userId: '0YXBcDcxPH',
  tenantId: 'hWiWJ_X0m6',
  createdAt: 2025-10-07T08:13:10.710Z,
  updatedAt: 2025-10-10T19:17:53.368Z,
  haloId: 'HL-00030',
  __v: 0
}
[requireAccess] Resolved access: user
[32minfo[39m: GET /v1/submissions/activity-log/action/queued?tenant_id=hWiWJ_X0m6&limit=5 200 - 404.633 ms
[requireAccess] Checking access for endpoint: /v1/submissions?tenant_id=hWiWJ_X0m6&node_id=00000000-0000-0000-0000-000000000099 {
  permissions: [],
  scope: undefined,
  environment: undefined,
  jwtOnly: false,
  apiOnly: false
}
[requireAccess] Incoming headers: {
  Authorization: 'Bearer eyJhbGciOiJIUzI1NiIsInR5cCI6IkpXVCJ9.eyJzdWIiOiI2OGU0Y2I5NmQxODBiMDI4NWQ5YTcwMWQiLCJpYXQiOjE3NjEyNDk0MDAsImV4cCI6MTc2MTI1MTIwMCwidHlwZSI6ImFjY2VzcyJ9.Fago0EixF3tnpt8qGvqPk6Lq6wFUHygW-bsaWivjwCw',
  'x-api-key': undefined,
  requiredPermissions: []
}
[requireAccess] Full request headers: {
  accept: 'application/json, text/plain, */*',
  'content-type': 'application/json',
  authorization: 'Bearer eyJhbGciOiJIUzI1NiIsInR5cCI6IkpXVCJ9.eyJzdWIiOiI2OGU0Y2I5NmQxODBiMDI4NWQ5YTcwMWQiLCJpYXQiOjE3NjEyNDk0MDAsImV4cCI6MTc2MTI1MTIwMCwidHlwZSI6ImFjY2VzcyJ9.Fago0EixF3tnpt8qGvqPk6Lq6wFUHygW-bsaWivjwCw',
  'user-agent': 'axios/1.12.2',
  'accept-encoding': 'gzip, compress, deflate, br',
  host: 'localhost:4000',
  connection: 'close'
}
[requireAccess] Detected JWT
[TenantPlugin] Pre-hook triggered for: findOne
[TenantPlugin] Options: {}
[requireAccess] Authenticated user: {
  roles: [],
  isOwner: true,
  isSuper: true,
  isSaby: true,
  isAgreed: false,
  createdBy: null,
  otp: null,
  otpExpires: null,
  otpVerified: true,
  phoneNumber: null,
  isPhoneVerified: false,
  isEmailVerified: true,
  avatar: 'https://halocrm.s3.us-east-1.amazonaws.com/user/avatar-09.webp',
  status: true,
  deletedAt: null,
  _id: 68e4cb96d180b0285d9a701d,
  firstname: 'Debby',
  lastname: 'Adebowale',
  email: 'saby@saby.ai',
  password: '$2a$08$o1.0/o0J3cDHswtnBPpdO.0KNYtXslW0gYv8ZcwaRkUdsupCw5dH.',
  userId: '0YXBcDcxPH',
  tenantId: 'hWiWJ_X0m6',
  createdAt: 2025-10-07T08:13:10.710Z,
  updatedAt: 2025-10-10T19:17:53.368Z,
  haloId: 'HL-00030',
  __v: 0
}
[requireAccess] Resolved access: user
[32minfo[39m: GET /v1/submissions?tenant_id=hWiWJ_X0m6&node_id=00000000-0000-0000-0000-000000000099 200 - 221.374 ms
[requireAccess] Checking access for endpoint: /v1/submissions?tenant_id=hWiWJ_X0m6&month=2025-10-01 {
  permissions: [],
  scope: undefined,
  environment: undefined,
  jwtOnly: false,
  apiOnly: false
}
[requireAccess] Incoming headers: {
  Authorization: 'Bearer eyJhbGciOiJIUzI1NiIsInR5cCI6IkpXVCJ9.eyJzdWIiOiI2OGU0Y2I5NmQxODBiMDI4NWQ5YTcwMWQiLCJpYXQiOjE3NjEyNDk0MDAsImV4cCI6MTc2MTI1MTIwMCwidHlwZSI6ImFjY2VzcyJ9.Fago0EixF3tnpt8qGvqPk6Lq6wFUHygW-bsaWivjwCw',
  'x-api-key': undefined,
  requiredPermissions: []
}
[requireAccess] Full request headers: {
  accept: 'application/json, text/plain, */*',
  'content-type': 'application/json',
  authorization: 'Bearer eyJhbGciOiJIUzI1NiIsInR5cCI6IkpXVCJ9.eyJzdWIiOiI2OGU0Y2I5NmQxODBiMDI4NWQ5YTcwMWQiLCJpYXQiOjE3NjEyNDk0MDAsImV4cCI6MTc2MTI1MTIwMCwidHlwZSI6ImFjY2VzcyJ9.Fago0EixF3tnpt8qGvqPk6Lq6wFUHygW-bsaWivjwCw',
  'user-agent': 'axios/1.12.2',
  'accept-encoding': 'gzip, compress, deflate, br',
  host: 'localhost:4000',
  connection: 'close'
}
[requireAccess] Detected JWT
[TenantPlugin] Pre-hook triggered for: findOne
[TenantPlugin] Options: {}
[requireAccess] Authenticated user: {
  roles: [],
  isOwner: true,
  isSuper: true,
  isSaby: true,
  isAgreed: false,
  createdBy: null,
  otp: null,
  otpExpires: null,
  otpVerified: true,
  phoneNumber: null,
  isPhoneVerified: false,
  isEmailVerified: true,
  avatar: 'https://halocrm.s3.us-east-1.amazonaws.com/user/avatar-09.webp',
  status: true,
  deletedAt: null,
  _id: 68e4cb96d180b0285d9a701d,
  firstname: 'Debby',
  lastname: 'Adebowale',
  email: 'saby@saby.ai',
  password: '$2a$08$o1.0/o0J3cDHswtnBPpdO.0KNYtXslW0gYv8ZcwaRkUdsupCw5dH.',
  userId: '0YXBcDcxPH',
  tenantId: 'hWiWJ_X0m6',
  createdAt: 2025-10-07T08:13:10.710Z,
  updatedAt: 2025-10-10T19:17:53.368Z,
  haloId: 'HL-00030',
  __v: 0
}
[requireAccess] Resolved access: user
[32minfo[39m: ✅ Email sent to saby@saby.ai: ✅ Submission Received - proj_test_endpoints
[32minfo[39m: ✅ Confirmation email queued for saby@saby.ai
[32minfo[39m: ✅ Template loaded: perm-critical-alert
[32minfo[39m: GET /v1/submissions?tenant_id=hWiWJ_X0m6&month=2025-10-01 200 - 825.694 ms
[requireAccess] Checking access for endpoint: /v1/submissions?tenant_id=hWiWJ_X0m6&project_id=proj_Mrs538IYtOfd {
  permissions: [],
  scope: undefined,
  environment: undefined,
  jwtOnly: false,
  apiOnly: false
}
[requireAccess] Incoming headers: {
  Authorization: 'Bearer eyJhbGciOiJIUzI1NiIsInR5cCI6IkpXVCJ9.eyJzdWIiOiI2OGU0Y2I5NmQxODBiMDI4NWQ5YTcwMWQiLCJpYXQiOjE3NjEyNDk0MDAsImV4cCI6MTc2MTI1MTIwMCwidHlwZSI6ImFjY2VzcyJ9.Fago0EixF3tnpt8qGvqPk6Lq6wFUHygW-bsaWivjwCw',
  'x-api-key': undefined,
  requiredPermissions: []
}
[requireAccess] Full request headers: {
  accept: 'application/json, text/plain, */*',
  'content-type': 'application/json',
  authorization: 'Bearer eyJhbGciOiJIUzI1NiIsInR5cCI6IkpXVCJ9.eyJzdWIiOiI2OGU0Y2I5NmQxODBiMDI4NWQ5YTcwMWQiLCJpYXQiOjE3NjEyNDk0MDAsImV4cCI6MTc2MTI1MTIwMCwidHlwZSI6ImFjY2VzcyJ9.Fago0EixF3tnpt8qGvqPk6Lq6wFUHygW-bsaWivjwCw',
  'user-agent': 'axios/1.12.2',
  'accept-encoding': 'gzip, compress, deflate, br',
  host: 'localhost:4000',
  connection: 'close'
}
[requireAccess] Detected JWT
[TenantPlugin] Pre-hook triggered for: findOne
[TenantPlugin] Options: {}
[requireAccess] Authenticated user: {
  roles: [],
  isOwner: true,
  isSuper: true,
  isSaby: true,
  isAgreed: false,
  createdBy: null,
  otp: null,
  otpExpires: null,
  otpVerified: true,
  phoneNumber: null,
  isPhoneVerified: false,
  isEmailVerified: true,
  avatar: 'https://halocrm.s3.us-east-1.amazonaws.com/user/avatar-09.webp',
  status: true,
  deletedAt: null,
  _id: 68e4cb96d180b0285d9a701d,
  firstname: 'Debby',
  lastname: 'Adebowale',
  email: 'saby@saby.ai',
  password: '$2a$08$o1.0/o0J3cDHswtnBPpdO.0KNYtXslW0gYv8ZcwaRkUdsupCw5dH.',
  userId: '0YXBcDcxPH',
  tenantId: 'hWiWJ_X0m6',
  createdAt: 2025-10-07T08:13:10.710Z,
  updatedAt: 2025-10-10T19:17:53.368Z,
  haloId: 'HL-00030',
  __v: 0
}
[requireAccess] Resolved access: user
[32minfo[39m: GET /v1/submissions?tenant_id=hWiWJ_X0m6&project_id=proj_Mrs538IYtOfd 200 - 212.769 ms
[requireAccess] Checking access for endpoint: /v1/submissions?tenant_id=hWiWJ_X0m6&limit=5&offset=0 {
  permissions: [],
  scope: undefined,
  environment: undefined,
  jwtOnly: false,
  apiOnly: false
}
[requireAccess] Incoming headers: {
  Authorization: 'Bearer eyJhbGciOiJIUzI1NiIsInR5cCI6IkpXVCJ9.eyJzdWIiOiI2OGU0Y2I5NmQxODBiMDI4NWQ5YTcwMWQiLCJpYXQiOjE3NjEyNDk0MDAsImV4cCI6MTc2MTI1MTIwMCwidHlwZSI6ImFjY2VzcyJ9.Fago0EixF3tnpt8qGvqPk6Lq6wFUHygW-bsaWivjwCw',
  'x-api-key': undefined,
  requiredPermissions: []
}
[requireAccess] Full request headers: {
  accept: 'application/json, text/plain, */*',
  'content-type': 'application/json',
  authorization: 'Bearer eyJhbGciOiJIUzI1NiIsInR5cCI6IkpXVCJ9.eyJzdWIiOiI2OGU0Y2I5NmQxODBiMDI4NWQ5YTcwMWQiLCJpYXQiOjE3NjEyNDk0MDAsImV4cCI6MTc2MTI1MTIwMCwidHlwZSI6ImFjY2VzcyJ9.Fago0EixF3tnpt8qGvqPk6Lq6wFUHygW-bsaWivjwCw',
  'user-agent': 'axios/1.12.2',
  'accept-encoding': 'gzip, compress, deflate, br',
  host: 'localhost:4000',
  connection: 'close'
}
[requireAccess] Detected JWT
[TenantPlugin] Pre-hook triggered for: findOne
[TenantPlugin] Options: {}
[requireAccess] Authenticated user: {
  roles: [],
  isOwner: true,
  isSuper: true,
  isSaby: true,
  isAgreed: false,
  createdBy: null,
  otp: null,
  otpExpires: null,
  otpVerified: true,
  phoneNumber: null,
  isPhoneVerified: false,
  isEmailVerified: true,
  avatar: 'https://halocrm.s3.us-east-1.amazonaws.com/user/avatar-09.webp',
  status: true,
  deletedAt: null,
  _id: 68e4cb96d180b0285d9a701d,
  firstname: 'Debby',
  lastname: 'Adebowale',
  email: 'saby@saby.ai',
  password: '$2a$08$o1.0/o0J3cDHswtnBPpdO.0KNYtXslW0gYv8ZcwaRkUdsupCw5dH.',
  userId: '0YXBcDcxPH',
  tenantId: 'hWiWJ_X0m6',
  createdAt: 2025-10-07T08:13:10.710Z,
  updatedAt: 2025-10-10T19:17:53.368Z,
  haloId: 'HL-00030',
  __v: 0
}
[requireAccess] Resolved access: user
[32minfo[39m: GET /v1/submissions?tenant_id=hWiWJ_X0m6&limit=5&offset=0 200 - 424.681 ms
[requireAccess] Checking access for endpoint: /v1/submissions?tenant_id=hWiWJ_X0m6&limit=5&offset=5 {
  permissions: [],
  scope: undefined,
  environment: undefined,
  jwtOnly: false,
  apiOnly: false
}
[requireAccess] Incoming headers: {
  Authorization: 'Bearer eyJhbGciOiJIUzI1NiIsInR5cCI6IkpXVCJ9.eyJzdWIiOiI2OGU0Y2I5NmQxODBiMDI4NWQ5YTcwMWQiLCJpYXQiOjE3NjEyNDk0MDAsImV4cCI6MTc2MTI1MTIwMCwidHlwZSI6ImFjY2VzcyJ9.Fago0EixF3tnpt8qGvqPk6Lq6wFUHygW-bsaWivjwCw',
  'x-api-key': undefined,
  requiredPermissions: []
}
[requireAccess] Full request headers: {
  accept: 'application/json, text/plain, */*',
  'content-type': 'application/json',
  authorization: 'Bearer eyJhbGciOiJIUzI1NiIsInR5cCI6IkpXVCJ9.eyJzdWIiOiI2OGU0Y2I5NmQxODBiMDI4NWQ5YTcwMWQiLCJpYXQiOjE3NjEyNDk0MDAsImV4cCI6MTc2MTI1MTIwMCwidHlwZSI6ImFjY2VzcyJ9.Fago0EixF3tnpt8qGvqPk6Lq6wFUHygW-bsaWivjwCw',
  'user-agent': 'axios/1.12.2',
  'accept-encoding': 'gzip, compress, deflate, br',
  host: 'localhost:4000',
  connection: 'close'
}
[requireAccess] Detected JWT
[TenantPlugin] Pre-hook triggered for: findOne
[TenantPlugin] Options: {}
[requireAccess] Authenticated user: {
  roles: [],
  isOwner: true,
  isSuper: true,
  isSaby: true,
  isAgreed: false,
  createdBy: null,
  otp: null,
  otpExpires: null,
  otpVerified: true,
  phoneNumber: null,
  isPhoneVerified: false,
  isEmailVerified: true,
  avatar: 'https://halocrm.s3.us-east-1.amazonaws.com/user/avatar-09.webp',
  status: true,
  deletedAt: null,
  _id: 68e4cb96d180b0285d9a701d,
  firstname: 'Debby',
  lastname: 'Adebowale',
  email: 'saby@saby.ai',
  password: '$2a$08$o1.0/o0J3cDHswtnBPpdO.0KNYtXslW0gYv8ZcwaRkUdsupCw5dH.',
  userId: '0YXBcDcxPH',
  tenantId: 'hWiWJ_X0m6',
  createdAt: 2025-10-07T08:13:10.710Z,
  updatedAt: 2025-10-10T19:17:53.368Z,
  haloId: 'HL-00030',
  __v: 0
}
[requireAccess] Resolved access: user
[32minfo[39m: GET /v1/submissions?tenant_id=hWiWJ_X0m6&limit=5&offset=5 200 - 440.114 ms
[requireAccess] Checking access for endpoint: /v1/submissions?tenant_id=hWiWJ_X0m6&project_id=proj_Mrs538IYtOfd&perm_enabled=true&limit=10 {
  permissions: [],
  scope: undefined,
  environment: undefined,
  jwtOnly: false,
  apiOnly: false
}
[requireAccess] Incoming headers: {
  Authorization: 'Bearer eyJhbGciOiJIUzI1NiIsInR5cCI6IkpXVCJ9.eyJzdWIiOiI2OGU0Y2I5NmQxODBiMDI4NWQ5YTcwMWQiLCJpYXQiOjE3NjEyNDk0MDAsImV4cCI6MTc2MTI1MTIwMCwidHlwZSI6ImFjY2VzcyJ9.Fago0EixF3tnpt8qGvqPk6Lq6wFUHygW-bsaWivjwCw',
  'x-api-key': undefined,
  requiredPermissions: []
}
[requireAccess] Full request headers: {
  accept: 'application/json, text/plain, */*',
  'content-type': 'application/json',
  authorization: 'Bearer eyJhbGciOiJIUzI1NiIsInR5cCI6IkpXVCJ9.eyJzdWIiOiI2OGU0Y2I5NmQxODBiMDI4NWQ5YTcwMWQiLCJpYXQiOjE3NjEyNDk0MDAsImV4cCI6MTc2MTI1MTIwMCwidHlwZSI6ImFjY2VzcyJ9.Fago0EixF3tnpt8qGvqPk6Lq6wFUHygW-bsaWivjwCw',
  'user-agent': 'axios/1.12.2',
  'accept-encoding': 'gzip, compress, deflate, br',
  host: 'localhost:4000',
  connection: 'close'
}
[requireAccess] Detected JWT
[TenantPlugin] Pre-hook triggered for: findOne
[TenantPlugin] Options: {}
[requireAccess] Authenticated user: {
  roles: [],
  isOwner: true,
  isSuper: true,
  isSaby: true,
  isAgreed: false,
  createdBy: null,
  otp: null,
  otpExpires: null,
  otpVerified: true,
  phoneNumber: null,
  isPhoneVerified: false,
  isEmailVerified: true,
  avatar: 'https://halocrm.s3.us-east-1.amazonaws.com/user/avatar-09.webp',
  status: true,
  deletedAt: null,
  _id: 68e4cb96d180b0285d9a701d,
  firstname: 'Debby',
  lastname: 'Adebowale',
  email: 'saby@saby.ai',
  password: '$2a$08$o1.0/o0J3cDHswtnBPpdO.0KNYtXslW0gYv8ZcwaRkUdsupCw5dH.',
  userId: '0YXBcDcxPH',
  tenantId: 'hWiWJ_X0m6',
  createdAt: 2025-10-07T08:13:10.710Z,
  updatedAt: 2025-10-10T19:17:53.368Z,
  haloId: 'HL-00030',
  __v: 0
}
[requireAccess] Resolved access: user
[32minfo[39m: GET /v1/submissions?tenant_id=hWiWJ_X0m6&project_id=proj_Mrs538IYtOfd&perm_enabled=true&limit=10 200 - 208.373 ms
[32minfo[39m: ✅ Email sent to saby@saby.ai: ⚠️ URGENT: Low Compliance Alert - node_endpoint_test
[32minfo[39m: ✅ Critical alert queued for saby@saby.ai (0%)
[32minfo[39m: ✅ Submission job completed - ID: hWiWJ_X0m6-1761249400405
[32minfo[39m: ✅ Submission worker completed job: hWiWJ_X0m6-1761249400405
[TenantPlugin] Pre-hook triggered for: findOne
[TenantPlugin] Options: {}
expired token expiry time ---> 30
expired token ---> Moment<2025-10-23T21:27:01+01:00>
expired token ---> Moment<2025-10-23T21:57:01+01:00>
acess token --> eyJhbGciOiJIUzI1NiIsInR5cCI6IkpXVCJ9.eyJzdWIiOiI2OGU0Y2I5NmQxODBiMDI4NWQ5YTcwMWQiLCJpYXQiOjE3NjEyNDk0MjEsImV4cCI6MTc2MTI1MTIyMSwidHlwZSI6ImFjY2VzcyJ9.ilH_k-odf79WcLHe3-VgJM9VFe_vIazE1ZayHP08HII
[32minfo[39m: POST /v1/auth/login 200 - 65.507 ms
[requireAccess] Checking access for endpoint: /v1/submissions {
  permissions: [],
  scope: undefined,
  environment: undefined,
  jwtOnly: false,
  apiOnly: false
}
[requireAccess] Incoming headers: {
  Authorization: 'Bearer eyJhbGciOiJIUzI1NiIsInR5cCI6IkpXVCJ9.eyJzdWIiOiI2OGU0Y2I5NmQxODBiMDI4NWQ5YTcwMWQiLCJpYXQiOjE3NjEyNDk0MjEsImV4cCI6MTc2MTI1MTIyMSwidHlwZSI6ImFjY2VzcyJ9.ilH_k-odf79WcLHe3-VgJM9VFe_vIazE1ZayHP08HII',
  'x-api-key': undefined,
  requiredPermissions: []
}
[requireAccess] Full request headers: {
  accept: 'application/json, text/plain, */*',
  'content-type': 'application/json',
  authorization: 'Bearer eyJhbGciOiJIUzI1NiIsInR5cCI6IkpXVCJ9.eyJzdWIiOiI2OGU0Y2I5NmQxODBiMDI4NWQ5YTcwMWQiLCJpYXQiOjE3NjEyNDk0MjEsImV4cCI6MTc2MTI1MTIyMSwidHlwZSI6ImFjY2VzcyJ9.ilH_k-odf79WcLHe3-VgJM9VFe_vIazE1ZayHP08HII',
  'user-agent': 'axios/1.12.2',
  'content-length': '212',
  'accept-encoding': 'gzip, compress, deflate, br',
  host: 'localhost:4000',
  connection: 'close'
}
[requireAccess] Detected JWT
[TenantPlugin] Pre-hook triggered for: findOne
[TenantPlugin] Options: {}
[requireAccess] Authenticated user: {
  roles: [],
  isOwner: true,
  isSuper: true,
  isSaby: true,
  isAgreed: false,
  createdBy: null,
  otp: null,
  otpExpires: null,
  otpVerified: true,
  phoneNumber: null,
  isPhoneVerified: false,
  isEmailVerified: true,
  avatar: 'https://halocrm.s3.us-east-1.amazonaws.com/user/avatar-09.webp',
  status: true,
  deletedAt: null,
  _id: 68e4cb96d180b0285d9a701d,
  firstname: 'Debby',
  lastname: 'Adebowale',
  email: 'saby@saby.ai',
  password: '$2a$08$o1.0/o0J3cDHswtnBPpdO.0KNYtXslW0gYv8ZcwaRkUdsupCw5dH.',
  userId: '0YXBcDcxPH',
  tenantId: 'hWiWJ_X0m6',
  createdAt: 2025-10-07T08:13:10.710Z,
  updatedAt: 2025-10-10T19:17:53.368Z,
  haloId: 'HL-00030',
  __v: 0
}
[requireAccess] Resolved access: user
[32minfo[39m: 📝 Accepting submission for project proj_test_endpoints (form validation: disabled)
[32minfo[39m: 📥 Submission enqueued - Job ID: hWiWJ_X0m6-1761249421934 | Tenant: hWiWJ_X0m6
📡 Emitted activity update to tenant:hWiWJ_X0m6
[32minfo[39m: [Activity] queued - queued - Job: hWiWJ_X0m6-1761249421934 - PERM submission queued for 2025-10-01
[32minfo[39m: POST /v1/submissions 202 - 219.521 ms
[requireAccess] Checking access for endpoint: /v1/submissions?tenant_id=hWiWJ_X0m6&limit=10 {
  permissions: [],
  scope: undefined,
  environment: undefined,
  jwtOnly: false,
  apiOnly: false
}
[requireAccess] Incoming headers: {
  Authorization: 'Bearer eyJhbGciOiJIUzI1NiIsInR5cCI6IkpXVCJ9.eyJzdWIiOiI2OGU0Y2I5NmQxODBiMDI4NWQ5YTcwMWQiLCJpYXQiOjE3NjEyNDk0MjEsImV4cCI6MTc2MTI1MTIyMSwidHlwZSI6ImFjY2VzcyJ9.ilH_k-odf79WcLHe3-VgJM9VFe_vIazE1ZayHP08HII',
  'x-api-key': undefined,
  requiredPermissions: []
}
[requireAccess] Full request headers: {
  accept: 'application/json, text/plain, */*',
  'content-type': 'application/json',
  authorization: 'Bearer eyJhbGciOiJIUzI1NiIsInR5cCI6IkpXVCJ9.eyJzdWIiOiI2OGU0Y2I5NmQxODBiMDI4NWQ5YTcwMWQiLCJpYXQiOjE3NjEyNDk0MjEsImV4cCI6MTc2MTI1MTIyMSwidHlwZSI6ImFjY2VzcyJ9.ilH_k-odf79WcLHe3-VgJM9VFe_vIazE1ZayHP08HII',
  'user-agent': 'axios/1.12.2',
  'accept-encoding': 'gzip, compress, deflate, br',
  host: 'localhost:4000',
  connection: 'close'
}
[requireAccess] Detected JWT
[TenantPlugin] Pre-hook triggered for: findOne
[TenantPlugin] Options: {}
[requireAccess] Authenticated user: {
  roles: [],
  isOwner: true,
  isSuper: true,
  isSaby: true,
  isAgreed: false,
  createdBy: null,
  otp: null,
  otpExpires: null,
  otpVerified: true,
  phoneNumber: null,
  isPhoneVerified: false,
  isEmailVerified: true,
  avatar: 'https://halocrm.s3.us-east-1.amazonaws.com/user/avatar-09.webp',
  status: true,
  deletedAt: null,
  _id: 68e4cb96d180b0285d9a701d,
  firstname: 'Debby',
  lastname: 'Adebowale',
  email: 'saby@saby.ai',
  password: '$2a$08$o1.0/o0J3cDHswtnBPpdO.0KNYtXslW0gYv8ZcwaRkUdsupCw5dH.',
  userId: '0YXBcDcxPH',
  tenantId: 'hWiWJ_X0m6',
  createdAt: 2025-10-07T08:13:10.710Z,
  updatedAt: 2025-10-10T19:17:53.368Z,
  haloId: 'HL-00030',
  __v: 0
}
[requireAccess] Resolved access: user
[32minfo[39m: [Worker] Processing PERM submission for project=proj_test_endpoints (Attempt 1/3)
📡 Emitted activity update to tenant:hWiWJ_X0m6
[32minfo[39m: [Activity] processing - in progress - Job: hWiWJ_X0m6-1761249421934 - Processing PERM submission for 2025-10-01
[32minfo[39m: [Worker] Calling permSubmissionService.submitPERMData for PERM submission
[32minfo[39m: ✅ PERM submission updated: e76fc4e8-a447-42dd-acc1-11cbd3b1a517
[32minfo[39m: [Worker] PERM submission updated - e76fc4e8-a447-42dd-acc1-11cbd3b1a517 (0% compliance, 0/0 events, status: incomplete)
[32minfo[39m: GET /v1/submissions?tenant_id=hWiWJ_X0m6&limit=10 200 - 1015.429 ms
📡 Emitted activity update to tenant:hWiWJ_X0m6
[32minfo[39m: [Activity] completed - success - Job: hWiWJ_X0m6-1761249421934 - PERM submission completed (0.00% compliance)
[TenantPlugin] Pre-hook triggered for: findOne
[TenantPlugin] Options: {}
[32minfo[39m: GET /v1/submissions/activity-log/summary 200 - 204.390 ms
[requireAccess] Checking access for endpoint: /v1/submissions/activity-log/recent?tenant_id=hWiWJ_X0m6&limit=10 {
  permissions: [],
  scope: undefined,
  environment: undefined,
  jwtOnly: false,
  apiOnly: false
}
[requireAccess] Incoming headers: {
  Authorization: 'Bearer eyJhbGciOiJIUzI1NiIsInR5cCI6IkpXVCJ9.eyJzdWIiOiI2OGU0Y2I5NmQxODBiMDI4NWQ5YTcwMWQiLCJpYXQiOjE3NjEyNDk0MjEsImV4cCI6MTc2MTI1MTIyMSwidHlwZSI6ImFjY2VzcyJ9.ilH_k-odf79WcLHe3-VgJM9VFe_vIazE1ZayHP08HII',
  'x-api-key': undefined,
  requiredPermissions: []
}
[requireAccess] Full request headers: {
  accept: 'application/json, text/plain, */*',
  'content-type': 'application/json',
  authorization: 'Bearer eyJhbGciOiJIUzI1NiIsInR5cCI6IkpXVCJ9.eyJzdWIiOiI2OGU0Y2I5NmQxODBiMDI4NWQ5YTcwMWQiLCJpYXQiOjE3NjEyNDk0MjEsImV4cCI6MTc2MTI1MTIyMSwidHlwZSI6ImFjY2VzcyJ9.ilH_k-odf79WcLHe3-VgJM9VFe_vIazE1ZayHP08HII',
  'user-agent': 'axios/1.12.2',
  'accept-encoding': 'gzip, compress, deflate, br',
  host: 'localhost:4000',
  connection: 'close'
}
[requireAccess] Detected JWT
[TenantPlugin] Pre-hook triggered for: findOne
[TenantPlugin] Options: {}
[requireAccess] Authenticated user: {
  roles: [],
  isOwner: true,
  isSuper: true,
  isSaby: true,
  isAgreed: false,
  createdBy: null,
  otp: null,
  otpExpires: null,
  otpVerified: true,
  phoneNumber: null,
  isPhoneVerified: false,
  isEmailVerified: true,
  avatar: 'https://halocrm.s3.us-east-1.amazonaws.com/user/avatar-09.webp',
  status: true,
  deletedAt: null,
  _id: 68e4cb96d180b0285d9a701d,
  firstname: 'Debby',
  lastname: 'Adebowale',
  email: 'saby@saby.ai',
  password: '$2a$08$o1.0/o0J3cDHswtnBPpdO.0KNYtXslW0gYv8ZcwaRkUdsupCw5dH.',
  userId: '0YXBcDcxPH',
  tenantId: 'hWiWJ_X0m6',
  createdAt: 2025-10-07T08:13:10.710Z,
  updatedAt: 2025-10-10T19:17:53.368Z,
  haloId: 'HL-00030',
  __v: 0
}
[requireAccess] Resolved access: user
[32minfo[39m: GET /v1/submissions/activity-log/recent?tenant_id=hWiWJ_X0m6&limit=10 200 - 205.663 ms
[requireAccess] Checking access for endpoint: /v1/submissions/activity-log?tenant_id=hWiWJ_X0m6&limit=20&offset=0 {
  permissions: [],
  scope: undefined,
  environment: undefined,
  jwtOnly: false,
  apiOnly: false
}
[requireAccess] Incoming headers: {
  Authorization: 'Bearer eyJhbGciOiJIUzI1NiIsInR5cCI6IkpXVCJ9.eyJzdWIiOiI2OGU0Y2I5NmQxODBiMDI4NWQ5YTcwMWQiLCJpYXQiOjE3NjEyNDk0MjEsImV4cCI6MTc2MTI1MTIyMSwidHlwZSI6ImFjY2VzcyJ9.ilH_k-odf79WcLHe3-VgJM9VFe_vIazE1ZayHP08HII',
  'x-api-key': undefined,
  requiredPermissions: []
}
[requireAccess] Full request headers: {
  accept: 'application/json, text/plain, */*',
  'content-type': 'application/json',
  authorization: 'Bearer eyJhbGciOiJIUzI1NiIsInR5cCI6IkpXVCJ9.eyJzdWIiOiI2OGU0Y2I5NmQxODBiMDI4NWQ5YTcwMWQiLCJpYXQiOjE3NjEyNDk0MjEsImV4cCI6MTc2MTI1MTIyMSwidHlwZSI6ImFjY2VzcyJ9.ilH_k-odf79WcLHe3-VgJM9VFe_vIazE1ZayHP08HII',
  'user-agent': 'axios/1.12.2',
  'accept-encoding': 'gzip, compress, deflate, br',
  host: 'localhost:4000',
  connection: 'close'
}
[requireAccess] Detected JWT
[TenantPlugin] Pre-hook triggered for: findOne
[TenantPlugin] Options: {}
[requireAccess] Authenticated user: {
  roles: [],
  isOwner: true,
  isSuper: true,
  isSaby: true,
  isAgreed: false,
  createdBy: null,
  otp: null,
  otpExpires: null,
  otpVerified: true,
  phoneNumber: null,
  isPhoneVerified: false,
  isEmailVerified: true,
  avatar: 'https://halocrm.s3.us-east-1.amazonaws.com/user/avatar-09.webp',
  status: true,
  deletedAt: null,
  _id: 68e4cb96d180b0285d9a701d,
  firstname: 'Debby',
  lastname: 'Adebowale',
  email: 'saby@saby.ai',
  password: '$2a$08$o1.0/o0J3cDHswtnBPpdO.0KNYtXslW0gYv8ZcwaRkUdsupCw5dH.',
  userId: '0YXBcDcxPH',
  tenantId: 'hWiWJ_X0m6',
  createdAt: 2025-10-07T08:13:10.710Z,
  updatedAt: 2025-10-10T19:17:53.368Z,
  haloId: 'HL-00030',
  __v: 0
}
[requireAccess] Resolved access: user
[32minfo[39m: GET /v1/submissions/activity-log?tenant_id=hWiWJ_X0m6&limit=20&offset=0 200 - 413.251 ms
[requireAccess] Checking access for endpoint: /v1/submissions/activity-log/action/completed?tenant_id=hWiWJ_X0m6&limit=5 {
  permissions: [],
  scope: undefined,
  environment: undefined,
  jwtOnly: false,
  apiOnly: false
}
[requireAccess] Incoming headers: {
  Authorization: 'Bearer eyJhbGciOiJIUzI1NiIsInR5cCI6IkpXVCJ9.eyJzdWIiOiI2OGU0Y2I5NmQxODBiMDI4NWQ5YTcwMWQiLCJpYXQiOjE3NjEyNDk0MjEsImV4cCI6MTc2MTI1MTIyMSwidHlwZSI6ImFjY2VzcyJ9.ilH_k-odf79WcLHe3-VgJM9VFe_vIazE1ZayHP08HII',
  'x-api-key': undefined,
  requiredPermissions: []
}
[requireAccess] Full request headers: {
  accept: 'application/json, text/plain, */*',
  'content-type': 'application/json',
  authorization: 'Bearer eyJhbGciOiJIUzI1NiIsInR5cCI6IkpXVCJ9.eyJzdWIiOiI2OGU0Y2I5NmQxODBiMDI4NWQ5YTcwMWQiLCJpYXQiOjE3NjEyNDk0MjEsImV4cCI6MTc2MTI1MTIyMSwidHlwZSI6ImFjY2VzcyJ9.ilH_k-odf79WcLHe3-VgJM9VFe_vIazE1ZayHP08HII',
  'user-agent': 'axios/1.12.2',
  'accept-encoding': 'gzip, compress, deflate, br',
  host: 'localhost:4000',
  connection: 'close'
}
[requireAccess] Detected JWT
[TenantPlugin] Pre-hook triggered for: findOne
[TenantPlugin] Options: {}
[requireAccess] Authenticated user: {
  roles: [],
  isOwner: true,
  isSuper: true,
  isSaby: true,
  isAgreed: false,
  createdBy: null,
  otp: null,
  otpExpires: null,
  otpVerified: true,
  phoneNumber: null,
  isPhoneVerified: false,
  isEmailVerified: true,
  avatar: 'https://halocrm.s3.us-east-1.amazonaws.com/user/avatar-09.webp',
  status: true,
  deletedAt: null,
  _id: 68e4cb96d180b0285d9a701d,
  firstname: 'Debby',
  lastname: 'Adebowale',
  email: 'saby@saby.ai',
  password: '$2a$08$o1.0/o0J3cDHswtnBPpdO.0KNYtXslW0gYv8ZcwaRkUdsupCw5dH.',
  userId: '0YXBcDcxPH',
  tenantId: 'hWiWJ_X0m6',
  createdAt: 2025-10-07T08:13:10.710Z,
  updatedAt: 2025-10-10T19:17:53.368Z,
  haloId: 'HL-00030',
  __v: 0
}
[requireAccess] Resolved access: user
[32minfo[39m: GET /v1/submissions/activity-log/action/completed?tenant_id=hWiWJ_X0m6&limit=5 200 - 406.434 ms
[requireAccess] Checking access for endpoint: /v1/submissions/activity-log/action/failed?tenant_id=hWiWJ_X0m6&limit=5 {
  permissions: [],
  scope: undefined,
  environment: undefined,
  jwtOnly: false,
  apiOnly: false
}
[requireAccess] Incoming headers: {
  Authorization: 'Bearer eyJhbGciOiJIUzI1NiIsInR5cCI6IkpXVCJ9.eyJzdWIiOiI2OGU0Y2I5NmQxODBiMDI4NWQ5YTcwMWQiLCJpYXQiOjE3NjEyNDk0MjEsImV4cCI6MTc2MTI1MTIyMSwidHlwZSI6ImFjY2VzcyJ9.ilH_k-odf79WcLHe3-VgJM9VFe_vIazE1ZayHP08HII',
  'x-api-key': undefined,
  requiredPermissions: []
}
[requireAccess] Full request headers: {
  accept: 'application/json, text/plain, */*',
  'content-type': 'application/json',
  authorization: 'Bearer eyJhbGciOiJIUzI1NiIsInR5cCI6IkpXVCJ9.eyJzdWIiOiI2OGU0Y2I5NmQxODBiMDI4NWQ5YTcwMWQiLCJpYXQiOjE3NjEyNDk0MjEsImV4cCI6MTc2MTI1MTIyMSwidHlwZSI6ImFjY2VzcyJ9.ilH_k-odf79WcLHe3-VgJM9VFe_vIazE1ZayHP08HII',
  'user-agent': 'axios/1.12.2',
  'accept-encoding': 'gzip, compress, deflate, br',
  host: 'localhost:4000',
  connection: 'close'
}
[requireAccess] Detected JWT
[TenantPlugin] Pre-hook triggered for: findOne
[TenantPlugin] Options: {}
[requireAccess] Authenticated user: {
  roles: [],
  isOwner: true,
  isSuper: true,
  isSaby: true,
  isAgreed: false,
  createdBy: null,
  otp: null,
  otpExpires: null,
  otpVerified: true,
  phoneNumber: null,
  isPhoneVerified: false,
  isEmailVerified: true,
  avatar: 'https://halocrm.s3.us-east-1.amazonaws.com/user/avatar-09.webp',
  status: true,
  deletedAt: null,
  _id: 68e4cb96d180b0285d9a701d,
  firstname: 'Debby',
  lastname: 'Adebowale',
  email: 'saby@saby.ai',
  password: '$2a$08$o1.0/o0J3cDHswtnBPpdO.0KNYtXslW0gYv8ZcwaRkUdsupCw5dH.',
  userId: '0YXBcDcxPH',
  tenantId: 'hWiWJ_X0m6',
  createdAt: 2025-10-07T08:13:10.710Z,
  updatedAt: 2025-10-10T19:17:53.368Z,
  haloId: 'HL-00030',
  __v: 0
}
[requireAccess] Resolved access: user
[32minfo[39m: GET /v1/submissions/activity-log/action/failed?tenant_id=hWiWJ_X0m6&limit=5 200 - 444.096 ms
[requireAccess] Checking access for endpoint: /v1/submissions/activity-log/action/queued?tenant_id=hWiWJ_X0m6&limit=5 {
  permissions: [],
  scope: undefined,
  environment: undefined,
  jwtOnly: false,
  apiOnly: false
}
[requireAccess] Incoming headers: {
  Authorization: 'Bearer eyJhbGciOiJIUzI1NiIsInR5cCI6IkpXVCJ9.eyJzdWIiOiI2OGU0Y2I5NmQxODBiMDI4NWQ5YTcwMWQiLCJpYXQiOjE3NjEyNDk0MjEsImV4cCI6MTc2MTI1MTIyMSwidHlwZSI6ImFjY2VzcyJ9.ilH_k-odf79WcLHe3-VgJM9VFe_vIazE1ZayHP08HII',
  'x-api-key': undefined,
  requiredPermissions: []
}
[requireAccess] Full request headers: {
  accept: 'application/json, text/plain, */*',
  'content-type': 'application/json',
  authorization: 'Bearer eyJhbGciOiJIUzI1NiIsInR5cCI6IkpXVCJ9.eyJzdWIiOiI2OGU0Y2I5NmQxODBiMDI4NWQ5YTcwMWQiLCJpYXQiOjE3NjEyNDk0MjEsImV4cCI6MTc2MTI1MTIyMSwidHlwZSI6ImFjY2VzcyJ9.ilH_k-odf79WcLHe3-VgJM9VFe_vIazE1ZayHP08HII',
  'user-agent': 'axios/1.12.2',
  'accept-encoding': 'gzip, compress, deflate, br',
  host: 'localhost:4000',
  connection: 'close'
}
[requireAccess] Detected JWT
[TenantPlugin] Pre-hook triggered for: findOne
[TenantPlugin] Options: {}
[requireAccess] Authenticated user: {
  roles: [],
  isOwner: true,
  isSuper: true,
  isSaby: true,
  isAgreed: false,
  createdBy: null,
  otp: null,
  otpExpires: null,
  otpVerified: true,
  phoneNumber: null,
  isPhoneVerified: false,
  isEmailVerified: true,
  avatar: 'https://halocrm.s3.us-east-1.amazonaws.com/user/avatar-09.webp',
  status: true,
  deletedAt: null,
  _id: 68e4cb96d180b0285d9a701d,
  firstname: 'Debby',
  lastname: 'Adebowale',
  email: 'saby@saby.ai',
  password: '$2a$08$o1.0/o0J3cDHswtnBPpdO.0KNYtXslW0gYv8ZcwaRkUdsupCw5dH.',
  userId: '0YXBcDcxPH',
  tenantId: 'hWiWJ_X0m6',
  createdAt: 2025-10-07T08:13:10.710Z,
  updatedAt: 2025-10-10T19:17:53.368Z,
  haloId: 'HL-00030',
  __v: 0
}
[requireAccess] Resolved access: user
[32minfo[39m: GET /v1/submissions/activity-log/action/queued?tenant_id=hWiWJ_X0m6&limit=5 200 - 404.434 ms
[32minfo[39m: ✅ Email sent to saby@saby.ai: ✅ Submission Received - proj_test_endpoints
[32minfo[39m: ✅ Confirmation email queued for saby@saby.ai
[requireAccess] Checking access for endpoint: /v1/submissions?tenant_id=hWiWJ_X0m6&node_id=00000000-0000-0000-0000-000000000099 {
  permissions: [],
  scope: undefined,
  environment: undefined,
  jwtOnly: false,
  apiOnly: false
}
[requireAccess] Incoming headers: {
  Authorization: 'Bearer eyJhbGciOiJIUzI1NiIsInR5cCI6IkpXVCJ9.eyJzdWIiOiI2OGU0Y2I5NmQxODBiMDI4NWQ5YTcwMWQiLCJpYXQiOjE3NjEyNDk0MjEsImV4cCI6MTc2MTI1MTIyMSwidHlwZSI6ImFjY2VzcyJ9.ilH_k-odf79WcLHe3-VgJM9VFe_vIazE1ZayHP08HII',
  'x-api-key': undefined,
  requiredPermissions: []
}
[requireAccess] Full request headers: {
  accept: 'application/json, text/plain, */*',
  'content-type': 'application/json',
  authorization: 'Bearer eyJhbGciOiJIUzI1NiIsInR5cCI6IkpXVCJ9.eyJzdWIiOiI2OGU0Y2I5NmQxODBiMDI4NWQ5YTcwMWQiLCJpYXQiOjE3NjEyNDk0MjEsImV4cCI6MTc2MTI1MTIyMSwidHlwZSI6ImFjY2VzcyJ9.ilH_k-odf79WcLHe3-VgJM9VFe_vIazE1ZayHP08HII',
  'user-agent': 'axios/1.12.2',
  'accept-encoding': 'gzip, compress, deflate, br',
  host: 'localhost:4000',
  connection: 'close'
}
[requireAccess] Detected JWT
[TenantPlugin] Pre-hook triggered for: findOne
[TenantPlugin] Options: {}
[requireAccess] Authenticated user: {
  roles: [],
  isOwner: true,
  isSuper: true,
  isSaby: true,
  isAgreed: false,
  createdBy: null,
  otp: null,
  otpExpires: null,
  otpVerified: true,
  phoneNumber: null,
  isPhoneVerified: false,
  isEmailVerified: true,
  avatar: 'https://halocrm.s3.us-east-1.amazonaws.com/user/avatar-09.webp',
  status: true,
  deletedAt: null,
  _id: 68e4cb96d180b0285d9a701d,
  firstname: 'Debby',
  lastname: 'Adebowale',
  email: 'saby@saby.ai',
  password: '$2a$08$o1.0/o0J3cDHswtnBPpdO.0KNYtXslW0gYv8ZcwaRkUdsupCw5dH.',
  userId: '0YXBcDcxPH',
  tenantId: 'hWiWJ_X0m6',
  createdAt: 2025-10-07T08:13:10.710Z,
  updatedAt: 2025-10-10T19:17:53.368Z,
  haloId: 'HL-00030',
  __v: 0
}
[requireAccess] Resolved access: user
[32minfo[39m: GET /v1/submissions?tenant_id=hWiWJ_X0m6&node_id=00000000-0000-0000-0000-000000000099 200 - 201.968 ms
[requireAccess] Checking access for endpoint: /v1/submissions?tenant_id=hWiWJ_X0m6&month=2025-10-01 {
  permissions: [],
  scope: undefined,
  environment: undefined,
  jwtOnly: false,
  apiOnly: false
}
[requireAccess] Incoming headers: {
  Authorization: 'Bearer eyJhbGciOiJIUzI1NiIsInR5cCI6IkpXVCJ9.eyJzdWIiOiI2OGU0Y2I5NmQxODBiMDI4NWQ5YTcwMWQiLCJpYXQiOjE3NjEyNDk0MjEsImV4cCI6MTc2MTI1MTIyMSwidHlwZSI6ImFjY2VzcyJ9.ilH_k-odf79WcLHe3-VgJM9VFe_vIazE1ZayHP08HII',
  'x-api-key': undefined,
  requiredPermissions: []
}
[requireAccess] Full request headers: {
  accept: 'application/json, text/plain, */*',
  'content-type': 'application/json',
  authorization: 'Bearer eyJhbGciOiJIUzI1NiIsInR5cCI6IkpXVCJ9.eyJzdWIiOiI2OGU0Y2I5NmQxODBiMDI4NWQ5YTcwMWQiLCJpYXQiOjE3NjEyNDk0MjEsImV4cCI6MTc2MTI1MTIyMSwidHlwZSI6ImFjY2VzcyJ9.ilH_k-odf79WcLHe3-VgJM9VFe_vIazE1ZayHP08HII',
  'user-agent': 'axios/1.12.2',
  'accept-encoding': 'gzip, compress, deflate, br',
  host: 'localhost:4000',
  connection: 'close'
}
[requireAccess] Detected JWT
[TenantPlugin] Pre-hook triggered for: findOne
[TenantPlugin] Options: {}
[requireAccess] Authenticated user: {
  roles: [],
  isOwner: true,
  isSuper: true,
  isSaby: true,
  isAgreed: false,
  createdBy: null,
  otp: null,
  otpExpires: null,
  otpVerified: true,
  phoneNumber: null,
  isPhoneVerified: false,
  isEmailVerified: true,
  avatar: 'https://halocrm.s3.us-east-1.amazonaws.com/user/avatar-09.webp',
  status: true,
  deletedAt: null,
  _id: 68e4cb96d180b0285d9a701d,
  firstname: 'Debby',
  lastname: 'Adebowale',
  email: 'saby@saby.ai',
  password: '$2a$08$o1.0/o0J3cDHswtnBPpdO.0KNYtXslW0gYv8ZcwaRkUdsupCw5dH.',
  userId: '0YXBcDcxPH',
  tenantId: 'hWiWJ_X0m6',
  createdAt: 2025-10-07T08:13:10.710Z,
  updatedAt: 2025-10-10T19:17:53.368Z,
  haloId: 'HL-00030',
  __v: 0
}
[requireAccess] Resolved access: user
[32minfo[39m: GET /v1/submissions?tenant_id=hWiWJ_X0m6&month=2025-10-01 200 - 816.448 ms
[requireAccess] Checking access for endpoint: /v1/submissions?tenant_id=hWiWJ_X0m6&project_id=proj_Mrs538IYtOfd {
  permissions: [],
  scope: undefined,
  environment: undefined,
  jwtOnly: false,
  apiOnly: false
}
[requireAccess] Incoming headers: {
  Authorization: 'Bearer eyJhbGciOiJIUzI1NiIsInR5cCI6IkpXVCJ9.eyJzdWIiOiI2OGU0Y2I5NmQxODBiMDI4NWQ5YTcwMWQiLCJpYXQiOjE3NjEyNDk0MjEsImV4cCI6MTc2MTI1MTIyMSwidHlwZSI6ImFjY2VzcyJ9.ilH_k-odf79WcLHe3-VgJM9VFe_vIazE1ZayHP08HII',
  'x-api-key': undefined,
  requiredPermissions: []
}
[requireAccess] Full request headers: {
  accept: 'application/json, text/plain, */*',
  'content-type': 'application/json',
  authorization: 'Bearer eyJhbGciOiJIUzI1NiIsInR5cCI6IkpXVCJ9.eyJzdWIiOiI2OGU0Y2I5NmQxODBiMDI4NWQ5YTcwMWQiLCJpYXQiOjE3NjEyNDk0MjEsImV4cCI6MTc2MTI1MTIyMSwidHlwZSI6ImFjY2VzcyJ9.ilH_k-odf79WcLHe3-VgJM9VFe_vIazE1ZayHP08HII',
  'user-agent': 'axios/1.12.2',
  'accept-encoding': 'gzip, compress, deflate, br',
  host: 'localhost:4000',
  connection: 'close'
}
[requireAccess] Detected JWT
[TenantPlugin] Pre-hook triggered for: findOne
[TenantPlugin] Options: {}
[requireAccess] Authenticated user: {
  roles: [],
  isOwner: true,
  isSuper: true,
  isSaby: true,
  isAgreed: false,
  createdBy: null,
  otp: null,
  otpExpires: null,
  otpVerified: true,
  phoneNumber: null,
  isPhoneVerified: false,
  isEmailVerified: true,
  avatar: 'https://halocrm.s3.us-east-1.amazonaws.com/user/avatar-09.webp',
  status: true,
  deletedAt: null,
  _id: 68e4cb96d180b0285d9a701d,
  firstname: 'Debby',
  lastname: 'Adebowale',
  email: 'saby@saby.ai',
  password: '$2a$08$o1.0/o0J3cDHswtnBPpdO.0KNYtXslW0gYv8ZcwaRkUdsupCw5dH.',
  userId: '0YXBcDcxPH',
  tenantId: 'hWiWJ_X0m6',
  createdAt: 2025-10-07T08:13:10.710Z,
  updatedAt: 2025-10-10T19:17:53.368Z,
  haloId: 'HL-00030',
  __v: 0
}
[requireAccess] Resolved access: user
[32minfo[39m: GET /v1/submissions?tenant_id=hWiWJ_X0m6&project_id=proj_Mrs538IYtOfd 200 - 214.931 ms
[requireAccess] Checking access for endpoint: /v1/submissions?tenant_id=hWiWJ_X0m6&limit=5&offset=0 {
  permissions: [],
  scope: undefined,
  environment: undefined,
  jwtOnly: false,
  apiOnly: false
}
[requireAccess] Incoming headers: {
  Authorization: 'Bearer eyJhbGciOiJIUzI1NiIsInR5cCI6IkpXVCJ9.eyJzdWIiOiI2OGU0Y2I5NmQxODBiMDI4NWQ5YTcwMWQiLCJpYXQiOjE3NjEyNDk0MjEsImV4cCI6MTc2MTI1MTIyMSwidHlwZSI6ImFjY2VzcyJ9.ilH_k-odf79WcLHe3-VgJM9VFe_vIazE1ZayHP08HII',
  'x-api-key': undefined,
  requiredPermissions: []
}
[requireAccess] Full request headers: {
  accept: 'application/json, text/plain, */*',
  'content-type': 'application/json',
  authorization: 'Bearer eyJhbGciOiJIUzI1NiIsInR5cCI6IkpXVCJ9.eyJzdWIiOiI2OGU0Y2I5NmQxODBiMDI4NWQ5YTcwMWQiLCJpYXQiOjE3NjEyNDk0MjEsImV4cCI6MTc2MTI1MTIyMSwidHlwZSI6ImFjY2VzcyJ9.ilH_k-odf79WcLHe3-VgJM9VFe_vIazE1ZayHP08HII',
  'user-agent': 'axios/1.12.2',
  'accept-encoding': 'gzip, compress, deflate, br',
  host: 'localhost:4000',
  connection: 'close'
}
[requireAccess] Detected JWT
[TenantPlugin] Pre-hook triggered for: findOne
[TenantPlugin] Options: {}
[requireAccess] Authenticated user: {
  roles: [],
  isOwner: true,
  isSuper: true,
  isSaby: true,
  isAgreed: false,
  createdBy: null,
  otp: null,
  otpExpires: null,
  otpVerified: true,
  phoneNumber: null,
  isPhoneVerified: false,
  isEmailVerified: true,
  avatar: 'https://halocrm.s3.us-east-1.amazonaws.com/user/avatar-09.webp',
  status: true,
  deletedAt: null,
  _id: 68e4cb96d180b0285d9a701d,
  firstname: 'Debby',
  lastname: 'Adebowale',
  email: 'saby@saby.ai',
  password: '$2a$08$o1.0/o0J3cDHswtnBPpdO.0KNYtXslW0gYv8ZcwaRkUdsupCw5dH.',
  userId: '0YXBcDcxPH',
  tenantId: 'hWiWJ_X0m6',
  createdAt: 2025-10-07T08:13:10.710Z,
  updatedAt: 2025-10-10T19:17:53.368Z,
  haloId: 'HL-00030',
  __v: 0
}
[requireAccess] Resolved access: user
[32minfo[39m: GET /v1/submissions?tenant_id=hWiWJ_X0m6&limit=5&offset=0 200 - 417.317 ms
[requireAccess] Checking access for endpoint: /v1/submissions?tenant_id=hWiWJ_X0m6&limit=5&offset=5 {
  permissions: [],
  scope: undefined,
  environment: undefined,
  jwtOnly: false,
  apiOnly: false
}
[requireAccess] Incoming headers: {
  Authorization: 'Bearer eyJhbGciOiJIUzI1NiIsInR5cCI6IkpXVCJ9.eyJzdWIiOiI2OGU0Y2I5NmQxODBiMDI4NWQ5YTcwMWQiLCJpYXQiOjE3NjEyNDk0MjEsImV4cCI6MTc2MTI1MTIyMSwidHlwZSI6ImFjY2VzcyJ9.ilH_k-odf79WcLHe3-VgJM9VFe_vIazE1ZayHP08HII',
  'x-api-key': undefined,
  requiredPermissions: []
}
[requireAccess] Full request headers: {
  accept: 'application/json, text/plain, */*',
  'content-type': 'application/json',
  authorization: 'Bearer eyJhbGciOiJIUzI1NiIsInR5cCI6IkpXVCJ9.eyJzdWIiOiI2OGU0Y2I5NmQxODBiMDI4NWQ5YTcwMWQiLCJpYXQiOjE3NjEyNDk0MjEsImV4cCI6MTc2MTI1MTIyMSwidHlwZSI6ImFjY2VzcyJ9.ilH_k-odf79WcLHe3-VgJM9VFe_vIazE1ZayHP08HII',
  'user-agent': 'axios/1.12.2',
  'accept-encoding': 'gzip, compress, deflate, br',
  host: 'localhost:4000',
  connection: 'close'
}
[requireAccess] Detected JWT
[TenantPlugin] Pre-hook triggered for: findOne
[TenantPlugin] Options: {}
[requireAccess] Authenticated user: {
  roles: [],
  isOwner: true,
  isSuper: true,
  isSaby: true,
  isAgreed: false,
  createdBy: null,
  otp: null,
  otpExpires: null,
  otpVerified: true,
  phoneNumber: null,
  isPhoneVerified: false,
  isEmailVerified: true,
  avatar: 'https://halocrm.s3.us-east-1.amazonaws.com/user/avatar-09.webp',
  status: true,
  deletedAt: null,
  _id: 68e4cb96d180b0285d9a701d,
  firstname: 'Debby',
  lastname: 'Adebowale',
  email: 'saby@saby.ai',
  password: '$2a$08$o1.0/o0J3cDHswtnBPpdO.0KNYtXslW0gYv8ZcwaRkUdsupCw5dH.',
  userId: '0YXBcDcxPH',
  tenantId: 'hWiWJ_X0m6',
  createdAt: 2025-10-07T08:13:10.710Z,
  updatedAt: 2025-10-10T19:17:53.368Z,
  haloId: 'HL-00030',
  __v: 0
}
[requireAccess] Resolved access: user
[32minfo[39m: GET /v1/submissions?tenant_id=hWiWJ_X0m6&limit=5&offset=5 200 - 419.918 ms
[requireAccess] Checking access for endpoint: /v1/submissions?tenant_id=hWiWJ_X0m6&project_id=proj_Mrs538IYtOfd&perm_enabled=true&limit=10 {
  permissions: [],
  scope: undefined,
  environment: undefined,
  jwtOnly: false,
  apiOnly: false
}
[requireAccess] Incoming headers: {
  Authorization: 'Bearer eyJhbGciOiJIUzI1NiIsInR5cCI6IkpXVCJ9.eyJzdWIiOiI2OGU0Y2I5NmQxODBiMDI4NWQ5YTcwMWQiLCJpYXQiOjE3NjEyNDk0MjEsImV4cCI6MTc2MTI1MTIyMSwidHlwZSI6ImFjY2VzcyJ9.ilH_k-odf79WcLHe3-VgJM9VFe_vIazE1ZayHP08HII',
  'x-api-key': undefined,
  requiredPermissions: []
}
[requireAccess] Full request headers: {
  accept: 'application/json, text/plain, */*',
  'content-type': 'application/json',
  authorization: 'Bearer eyJhbGciOiJIUzI1NiIsInR5cCI6IkpXVCJ9.eyJzdWIiOiI2OGU0Y2I5NmQxODBiMDI4NWQ5YTcwMWQiLCJpYXQiOjE3NjEyNDk0MjEsImV4cCI6MTc2MTI1MTIyMSwidHlwZSI6ImFjY2VzcyJ9.ilH_k-odf79WcLHe3-VgJM9VFe_vIazE1ZayHP08HII',
  'user-agent': 'axios/1.12.2',
  'accept-encoding': 'gzip, compress, deflate, br',
  host: 'localhost:4000',
  connection: 'close'
}
[requireAccess] Detected JWT
[TenantPlugin] Pre-hook triggered for: findOne
[TenantPlugin] Options: {}
[requireAccess] Authenticated user: {
  roles: [],
  isOwner: true,
  isSuper: true,
  isSaby: true,
  isAgreed: false,
  createdBy: null,
  otp: null,
  otpExpires: null,
  otpVerified: true,
  phoneNumber: null,
  isPhoneVerified: false,
  isEmailVerified: true,
  avatar: 'https://halocrm.s3.us-east-1.amazonaws.com/user/avatar-09.webp',
  status: true,
  deletedAt: null,
  _id: 68e4cb96d180b0285d9a701d,
  firstname: 'Debby',
  lastname: 'Adebowale',
  email: 'saby@saby.ai',
  password: '$2a$08$o1.0/o0J3cDHswtnBPpdO.0KNYtXslW0gYv8ZcwaRkUdsupCw5dH.',
  userId: '0YXBcDcxPH',
  tenantId: 'hWiWJ_X0m6',
  createdAt: 2025-10-07T08:13:10.710Z,
  updatedAt: 2025-10-10T19:17:53.368Z,
  haloId: 'HL-00030',
  __v: 0
}
[requireAccess] Resolved access: user
[32minfo[39m: GET /v1/submissions?tenant_id=hWiWJ_X0m6&project_id=proj_Mrs538IYtOfd&perm_enabled=true&limit=10 200 - 207.563 ms
[32minfo[39m: ✅ Email sent to saby@saby.ai: ⚠️ URGENT: Low Compliance Alert - node_endpoint_test
[32minfo[39m: ✅ Critical alert queued for saby@saby.ai (0%)
[32minfo[39m: ✅ Submission job completed - ID: hWiWJ_X0m6-1761249421934
[32minfo[39m: ✅ Submission worker completed job: hWiWJ_X0m6-1761249421934
[32minfo[39m: OPTIONS /v1/submitData/activity-log?limit=25&offset=100 204 - 20.045 ms
[Backend] Activity log request: { limit: 25, offset: 100 }
[32minfo[39m: OPTIONS /v1/submitData/activity-log 204 - 0.753 ms
[Backend] Activity log request: {}
[32minfo[39m: OPTIONS /v1/submitData/activity-log/summary 204 - 0.239 ms
[32minfo[39m: GET /v1/submitData/activity-log?limit=25&offset=100 200 - 458.102 ms
[32minfo[39m: GET /v1/submitData/activity-log 200 - 619.104 ms
[32minfo[39m: GET /v1/submitData/activity-log/summary 200 - 1289.929 ms
[32minfo[39m: OPTIONS /v1/submitData/activity-log?limit=25&offset=100 204 - 0.992 ms
[Backend] Activity log request: { limit: 25, offset: 100 }
[32minfo[39m: OPTIONS /v1/submitData/activity-log 204 - 0.262 ms
[Backend] Activity log request: {}
[32minfo[39m: OPTIONS /v1/submitData/activity-log/summary 204 - 0.143 ms
[32minfo[39m: GET /v1/submitData/activity-log?limit=25&offset=100 304 - 1228.959 ms
[32minfo[39m: GET /v1/submitData/activity-log/summary 304 - 1217.189 ms
[32minfo[39m: GET /v1/submitData/activity-log 304 - 1418.534 ms
[32m[nodemon] restarting due to changes...[39m
[32m[nodemon] starting `node src/index.js`[39m
🔍 [REQUIRE ACCESS] Owner Resource Bundle loaded: [
  'user',       'app',
  'structures', 'node',
  'payment',    'level',
  'storage',    'project',
  'apikeys',    'project-form',
  'roles',      'permissions'
]
🔍 [REQUIRE ACCESS] Bundle type: object
🔍 [REQUIRE ACCESS] Is Array?: true
🔍 [AUTH MIDDLEWARE] Owner Resource Bundle loaded: [
  'user',       'app',
  'structures', 'node',
  'payment',    'level',
  'storage',    'project',
  'apikeys',    'project-form',
  'roles',      'permissions'
]
🔍 [AUTH MIDDLEWARE] Bundle type: object
🔍 [AUTH MIDDLEWARE] Is Array?: true
[33mwarn[39m: ⚠️  Email ingestor worker not available (missing dependencies)
(node:7640) NOTE: The AWS SDK for JavaScript (v2) is in maintenance mode.
 SDK releases are limited to address critical bug fixes and security issues only.

Please migrate your code to use AWS SDK for JavaScript (v3).
For more information, check the blog post at https://a.co/cUPnyil
(Use `node --trace-warnings ...` to show where the warning was created)
[32minfo[39m: ✅ Connected to MongoDB
[32minfo[39m: 🔄 Testing PostgreSQL connection...
[32minfo[39m: 📊 Host: 20.169.129.160:5432
[32minfo[39m: 👤 User: sabyagentic_user
[32minfo[39m: 🗄️  Database: halograph
[32minfo[39m: ✅ PostgreSQL connected successfully
[32minfo[39m: 📋 PostgreSQL Version: PostgreSQL 15.14 (Debian 15.14-1.pgdg13+1) on x86_64-pc-linux-gnu, compiled by gcc (Debian 14.2.0-19) 14.2.0, 64-bit
[32minfo[39m: ✅ Redis connected
[32minfo[39m: ⚙️  Redis ready for commands
[32minfo[39m: ✅ Redis ping successful
[32minfo[39m: 🚀 Initializing background workers...
[32minfo[39m: ✅ Submission worker started
[32minfo[39m: ✅ PERM notification worker started
[32minfo[39m: 🔔 Notification worker initialized
[32minfo[39m: ✅ Notification worker started
[32minfo[39m: ⊘ Email ingestor worker not available (missing dependencies)
[32minfo[39m: 🎉 All workers initialized successfully
[32minfo[39m: 🚀 Server is running on port 4000
[32minfo[39m: 🌍 Environment: development
[32minfo[39m: 📊 Database Status:
[32minfo[39m:    - MongoDB: ✅ Connected
[32minfo[39m:    - PostgreSQL: ✅ Connected
[32minfo[39m:    - Redis: ✅ Connected
[32minfo[39m: Connected to email server
🔌 Socket connected: DpxKR0qm7Tk6y_jZAAAB (User: 68e4cb96d180b0285d9a701d, Tenant: undefined)
🔌 Socket connected: fwK_6q4xPJFtnBU_AAAD (User: 68e4cb96d180b0285d9a701d, Tenant: undefined)
[32minfo[39m: OPTIONS /v1/submitData/activity-log?limit=25&offset=100 204 - 3.472 ms
[32minfo[39m: OPTIONS /v1/submitData/activity-log 204 - 0.419 ms
[32minfo[39m: OPTIONS /v1/submitData/activity-log/summary 204 - 0.163 ms
[Backend] Activity log request: { limit: 25, offset: 100 }
[Backend] Activity log request: {}
[32minfo[39m: GET /v1/submitData/activity-log?limit=25&offset=100 304 - 1282.198 ms
[32minfo[39m: GET /v1/submitData/activity-log/summary 304 - 1278.277 ms
[32minfo[39m: GET /v1/submitData/activity-log 304 - 1442.414 ms
[32minfo[39m: OPTIONS /v1/submitData/activity-log?limit=25&offset=100 204 - 1.192 ms
[32minfo[39m: OPTIONS /v1/submitData/activity-log 204 - 0.232 ms
[Backend] Activity log request: { limit: 25, offset: 100 }
[32minfo[39m: OPTIONS /v1/submitData/activity-log/summary 204 - 0.220 ms
[Backend] Activity log request: {}
[32minfo[39m: GET /v1/submitData/activity-log/summary 304 - 1243.046 ms
[32minfo[39m: GET /v1/submitData/activity-log?limit=25&offset=100 304 - 1250.427 ms
[32minfo[39m: GET /v1/submitData/activity-log 304 - 1443.816 ms
[32minfo[39m: OPTIONS /v1/submitData/activity-log?limit=25&offset=100 204 - 1.065 ms
[32minfo[39m: OPTIONS /v1/submitData/activity-log 204 - 0.388 ms
[32minfo[39m: OPTIONS /v1/submitData/activity-log/summary 204 - 0.217 ms
[Backend] Activity log request: { limit: 25, offset: 100 }
[Backend] Activity log request: {}
[32minfo[39m: GET /v1/submitData/activity-log/summary 304 - 1327.398 ms
[32minfo[39m: GET /v1/submitData/activity-log?limit=25&offset=100 304 - 1332.360 ms
[32minfo[39m: GET /v1/submitData/activity-log 304 - 1536.422 ms
[32minfo[39m: OPTIONS /v1/submitData/activity-log?limit=25&offset=100 204 - 1.278 ms
[32minfo[39m: OPTIONS /v1/submitData/activity-log 204 - 0.199 ms
[32minfo[39m: OPTIONS /v1/submitData/activity-log/summary 204 - 0.316 ms
[Backend] Activity log request: { limit: 25, offset: 100 }
[Backend] Activity log request: {}
[32minfo[39m: GET /v1/submitData/activity-log/summary 304 - 1256.106 ms
[32minfo[39m: GET /v1/submitData/activity-log?limit=25&offset=100 304 - 1265.637 ms
[32minfo[39m: GET /v1/submitData/activity-log 304 - 1461.729 ms
[32minfo[39m: OPTIONS /v1/submitData/activity-log?limit=25&offset=100 204 - 0.927 ms
[32minfo[39m: OPTIONS /v1/submitData/activity-log 204 - 0.324 ms
[32minfo[39m: OPTIONS /v1/submitData/activity-log/summary 204 - 0.251 ms
[Backend] Activity log request: { limit: 25, offset: 100 }
[Backend] Activity log request: {}
[32minfo[39m: GET /v1/submitData/activity-log/summary 304 - 1388.862 ms
[32minfo[39m: GET /v1/submitData/activity-log?limit=25&offset=100 304 - 1398.074 ms
[32minfo[39m: GET /v1/submitData/activity-log 304 - 1581.664 ms
[32minfo[39m: OPTIONS /v1/submitData/activity-log?limit=25&offset=100 204 - 0.604 ms
[32minfo[39m: OPTIONS /v1/submitData/activity-log 204 - 0.129 ms
[Backend] Activity log request: { limit: 25, offset: 100 }
[32minfo[39m: OPTIONS /v1/submitData/activity-log/summary 204 - 0.120 ms
[Backend] Activity log request: {}
[32minfo[39m: GET /v1/submitData/activity-log/summary 304 - 1304.427 ms
[32minfo[39m: GET /v1/submitData/activity-log?limit=25&offset=100 304 - 1310.385 ms
[32minfo[39m: GET /v1/submitData/activity-log 304 - 1516.740 ms
[32minfo[39m: OPTIONS /v1/submitData/activity-log?limit=25&offset=100 204 - 0.720 ms
[32minfo[39m: OPTIONS /v1/submitData/activity-log 204 - 0.238 ms
[Backend] Activity log request: { limit: 25, offset: 100 }
[32minfo[39m: OPTIONS /v1/submitData/activity-log/summary 204 - 0.135 ms
[Backend] Activity log request: {}
[32minfo[39m: GET /v1/submitData/activity-log/summary 304 - 1220.852 ms
[32minfo[39m: GET /v1/submitData/activity-log?limit=25&offset=100 304 - 1226.929 ms
[32minfo[39m: GET /v1/submitData/activity-log 304 - 1420.798 ms
[32minfo[39m: OPTIONS /v1/submitData/activity-log?limit=25&offset=100 204 - 0.823 ms
[32minfo[39m: OPTIONS /v1/submitData/activity-log 204 - 0.276 ms
[32minfo[39m: OPTIONS /v1/submitData/activity-log/summary 204 - 0.189 ms
[Backend] Activity log request: { limit: 25, offset: 100 }
[Backend] Activity log request: {}
[32minfo[39m: GET /v1/submitData/activity-log/summary 304 - 1383.357 ms
[32minfo[39m: GET /v1/submitData/activity-log?limit=25&offset=100 304 - 1390.801 ms
[32minfo[39m: GET /v1/submitData/activity-log 304 - 1587.350 ms
[32minfo[39m: OPTIONS /v1/submitData/activity-log?limit=25&offset=100 204 - 2.359 ms
[32minfo[39m: OPTIONS /v1/submitData/activity-log 204 - 0.155 ms
[Backend] Activity log request: { limit: 25, offset: 100 }
[32minfo[39m: OPTIONS /v1/submitData/activity-log/summary 204 - 0.140 ms
[Backend] Activity log request: {}
[32minfo[39m: GET /v1/submitData/activity-log?limit=25&offset=100 304 - 1254.683 ms
[32minfo[39m: GET /v1/submitData/activity-log/summary 304 - 1251.198 ms
[32minfo[39m: GET /v1/submitData/activity-log 304 - 1454.767 ms
[32minfo[39m: OPTIONS /v1/submitData/activity-log?limit=25&offset=100 204 - 1.140 ms
[32minfo[39m: OPTIONS /v1/submitData/activity-log 204 - 0.243 ms
[Backend] Activity log request: { limit: 25, offset: 100 }
[32minfo[39m: OPTIONS /v1/submitData/activity-log/summary 204 - 0.189 ms
[Backend] Activity log request: {}
[32minfo[39m: GET /v1/submitData/activity-log/summary 304 - 1240.520 ms
[32minfo[39m: GET /v1/submitData/activity-log?limit=25&offset=100 304 - 1250.407 ms
[32minfo[39m: GET /v1/submitData/activity-log 304 - 1443.441 ms
[32minfo[39m: OPTIONS /v1/submitData/activity-log?limit=25&offset=100 204 - 2.381 ms
[Backend] Activity log request: { limit: 25, offset: 100 }
[32minfo[39m: OPTIONS /v1/submitData/activity-log 204 - 0.127 ms
[Backend] Activity log request: {}
[32minfo[39m: OPTIONS /v1/submitData/activity-log/summary 204 - 0.101 ms
[32minfo[39m: GET /v1/submitData/activity-log/summary 304 - 1223.843 ms
[32minfo[39m: GET /v1/submitData/activity-log?limit=25&offset=100 304 - 1243.012 ms
[32minfo[39m: GET /v1/submitData/activity-log 304 - 1435.853 ms
[32minfo[39m: OPTIONS /v1/submitData/activity-log?limit=25&offset=100 204 - 1.671 ms
[32minfo[39m: OPTIONS /v1/submitData/activity-log 204 - 0.510 ms
[Backend] Activity log request: { limit: 25, offset: 100 }
[32minfo[39m: OPTIONS /v1/submitData/activity-log/summary 204 - 0.130 ms
[Backend] Activity log request: {}
[32minfo[39m: GET /v1/submitData/activity-log/summary 304 - 1245.197 ms
[32minfo[39m: GET /v1/submitData/activity-log?limit=25&offset=100 304 - 1249.567 ms
[32minfo[39m: GET /v1/submitData/activity-log 304 - 1448.107 ms
[32minfo[39m: OPTIONS /v1/submitData/activity-log?limit=25&offset=100 204 - 0.696 ms
[32minfo[39m: OPTIONS /v1/submitData/activity-log 204 - 0.193 ms
[Backend] Activity log request: { limit: 25, offset: 100 }
[32minfo[39m: OPTIONS /v1/submitData/activity-log/summary 204 - 0.184 ms
[Backend] Activity log request: {}
[32minfo[39m: GET /v1/submitData/activity-log/summary 304 - 1246.570 ms
[32minfo[39m: GET /v1/submitData/activity-log?limit=25&offset=100 304 - 1252.182 ms
[32minfo[39m: GET /v1/submitData/activity-log 304 - 1457.178 ms
[32minfo[39m: OPTIONS /v1/submitData/activity-log?limit=25&offset=100 204 - 0.928 ms
[Backend] Activity log request: { limit: 25, offset: 100 }
[32minfo[39m: OPTIONS /v1/submitData/activity-log 204 - 0.201 ms
[32minfo[39m: OPTIONS /v1/submitData/activity-log/summary 204 - 0.202 ms
[Backend] Activity log request: {}
[32minfo[39m: GET /v1/submitData/activity-log/summary 304 - 1371.907 ms
[32minfo[39m: GET /v1/submitData/activity-log?limit=25&offset=100 304 - 1381.829 ms
[32minfo[39m: GET /v1/submitData/activity-log 304 - 1655.860 ms
[32minfo[39m: OPTIONS /v1/submitData/activity-log?limit=25&offset=100 204 - 0.786 ms
[32minfo[39m: OPTIONS /v1/submitData/activity-log 204 - 0.165 ms
[32minfo[39m: OPTIONS /v1/submitData/activity-log/summary 204 - 0.136 ms
[Backend] Activity log request: { limit: 25, offset: 100 }
[Backend] Activity log request: {}
[32minfo[39m: GET /v1/submitData/activity-log/summary 304 - 1441.312 ms
[32minfo[39m: GET /v1/submitData/activity-log?limit=25&offset=100 304 - 1446.733 ms
[32minfo[39m: GET /v1/submitData/activity-log 304 - 1744.289 ms
[32minfo[39m: OPTIONS /v1/submitData/activity-log?limit=25&offset=100 204 - 1.261 ms
[32minfo[39m: OPTIONS /v1/submitData/activity-log 204 - 0.344 ms
[Backend] Activity log request: { limit: 25, offset: 100 }
[Backend] Activity log request: {}
[32minfo[39m: OPTIONS /v1/submitData/activity-log/summary 204 - 0.252 ms
[32minfo[39m: GET /v1/submitData/activity-log/summary 304 - 1273.389 ms
[32minfo[39m: GET /v1/submitData/activity-log?limit=25&offset=100 304 - 1293.664 ms
[32minfo[39m: GET /v1/submitData/activity-log 304 - 1491.647 ms
[32minfo[39m: OPTIONS /v1/submitData/activity-log?limit=25&offset=100 204 - 1.041 ms
[32minfo[39m: OPTIONS /v1/submitData/activity-log 204 - 0.198 ms
[Backend] Activity log request: { limit: 25, offset: 100 }
[32minfo[39m: OPTIONS /v1/submitData/activity-log/summary 204 - 0.278 ms
[Backend] Activity log request: {}
[32minfo[39m: GET /v1/submitData/activity-log/summary 304 - 1253.812 ms
[32minfo[39m: GET /v1/submitData/activity-log?limit=25&offset=100 304 - 1263.554 ms
[32minfo[39m: GET /v1/submitData/activity-log 304 - 1464.181 ms
[31merror[39m: Unexpected error on idle client read ETIMEDOUT
[31m[nodemon] app crashed - waiting for file changes before starting...[39m
[32m[nodemon] restarting due to changes...[39m
[32m[nodemon] starting `node src/index.js`[39m
🔍 [REQUIRE ACCESS] Owner Resource Bundle loaded: [
  'user',       'app',
  'structures', 'node',
  'payment',    'level',
  'storage',    'project',
  'apikeys',    'project-form',
  'roles',      'permissions',
  'submission'
]
🔍 [REQUIRE ACCESS] Bundle type: object
🔍 [REQUIRE ACCESS] Is Array?: true
🔍 [AUTH MIDDLEWARE] Owner Resource Bundle loaded: [
  'user',       'app',
  'structures', 'node',
  'payment',    'level',
  'storage',    'project',
  'apikeys',    'project-form',
  'roles',      'permissions',
  'submission'
]
🔍 [AUTH MIDDLEWARE] Bundle type: object
🔍 [AUTH MIDDLEWARE] Is Array?: true
[33mwarn[39m: ⚠️  Email ingestor worker not available (missing dependencies)
(node:57601) NOTE: The AWS SDK for JavaScript (v2) is in maintenance mode.
 SDK releases are limited to address critical bug fixes and security issues only.

Please migrate your code to use AWS SDK for JavaScript (v3).
For more information, check the blog post at https://a.co/cUPnyil
(Use `node --trace-warnings ...` to show where the warning was created)
[32minfo[39m: ✅ Connected to MongoDB
[32minfo[39m: 🔄 Testing PostgreSQL connection...
[32minfo[39m: 📊 Host: 20.169.129.160:5432
[32minfo[39m: 👤 User: sabyagentic_user
[32minfo[39m: 🗄️  Database: halograph
[32minfo[39m: ✅ PostgreSQL connected successfully
[32minfo[39m: 📋 PostgreSQL Version: PostgreSQL 15.14 (Debian 15.14-1.pgdg13+1) on x86_64-pc-linux-gnu, compiled by gcc (Debian 14.2.0-19) 14.2.0, 64-bit
[32minfo[39m: ✅ Redis connected
[32minfo[39m: ⚙️  Redis ready for commands
[32minfo[39m: ✅ Redis ping successful
[32minfo[39m: 🚀 Initializing background workers...
[32minfo[39m: ✅ Submission worker started
[32minfo[39m: ✅ PERM notification worker started
[32minfo[39m: 🔔 Notification worker initialized
[32minfo[39m: ✅ Notification worker started
[32minfo[39m: ⊘ Email ingestor worker not available (missing dependencies)
[32minfo[39m: 🎉 All workers initialized successfully
[32minfo[39m: 🚀 Server is running on port 4000
[32minfo[39m: 🌍 Environment: development
[32minfo[39m: 📊 Database Status:
[32minfo[39m:    - MongoDB: ✅ Connected
[32minfo[39m:    - PostgreSQL: ✅ Connected
[32minfo[39m:    - Redis: ✅ Connected
[32minfo[39m: Connected to email server
[32m[nodemon] restarting due to changes...[39m
[32m[nodemon] starting `node src/index.js`[39m
🔍 [REQUIRE ACCESS] Owner Resource Bundle loaded: [
  'user',       'app',
  'structures', 'node',
  'payment',    'level',
  'storage',    'project',
  'apikeys',    'project-form',
  'roles',      'permissions',
  'submission'
]
🔍 [REQUIRE ACCESS] Bundle type: object
🔍 [REQUIRE ACCESS] Is Array?: true
🔍 [AUTH MIDDLEWARE] Owner Resource Bundle loaded: [
  'user',       'app',
  'structures', 'node',
  'payment',    'level',
  'storage',    'project',
  'apikeys',    'project-form',
  'roles',      'permissions',
  'submission'
]
🔍 [AUTH MIDDLEWARE] Bundle type: object
🔍 [AUTH MIDDLEWARE] Is Array?: true
[33mwarn[39m: ⚠️  Email ingestor worker not available (missing dependencies)
(node:58124) NOTE: The AWS SDK for JavaScript (v2) is in maintenance mode.
 SDK releases are limited to address critical bug fixes and security issues only.

Please migrate your code to use AWS SDK for JavaScript (v3).
For more information, check the blog post at https://a.co/cUPnyil
(Use `node --trace-warnings ...` to show where the warning was created)
[32minfo[39m: ✅ Connected to MongoDB
[32minfo[39m: 🔄 Testing PostgreSQL connection...
[32minfo[39m: 📊 Host: 20.169.129.160:5432
[32minfo[39m: 👤 User: sabyagentic_user
[32minfo[39m: 🗄️  Database: halograph
[32minfo[39m: ✅ PostgreSQL connected successfully
[32minfo[39m: 📋 PostgreSQL Version: PostgreSQL 15.14 (Debian 15.14-1.pgdg13+1) on x86_64-pc-linux-gnu, compiled by gcc (Debian 14.2.0-19) 14.2.0, 64-bit
[32minfo[39m: ✅ Redis connected
[32minfo[39m: ⚙️  Redis ready for commands
[32minfo[39m: ✅ Redis ping successful
[32minfo[39m: 🚀 Initializing background workers...
[32minfo[39m: ✅ Submission worker started
[32minfo[39m: ✅ PERM notification worker started
[32minfo[39m: 🔔 Notification worker initialized
[32minfo[39m: ✅ Notification worker started
[32minfo[39m: ⊘ Email ingestor worker not available (missing dependencies)
[32minfo[39m: 🎉 All workers initialized successfully
[31merror[39m: Error: listen EADDRINUSE: address already in use :::4000
    at Server.setupListenHandle [as _listen2] (node:net:1817:16)
    at listenInCluster (node:net:1865:12)
    at doListen (node:net:2014:7)
    at process.processTicksAndRejections (node:internal/process/task_queues:83:21)
[32minfo[39m: 🛑 Shutting down workers...
[32minfo[39m: ✅ Submission worker stopped
[32minfo[39m: ✅ PERM notification worker stopped
[32minfo[39m: ✅ Notification worker stopped
[32minfo[39m: 🛑 All workers shut down
[32minfo[39m: Server closed
[31m[nodemon] app crashed - waiting for file changes before starting...[39m
[32m[nodemon] restarting due to changes...[39m
[32m[nodemon] starting `node src/index.js`[39m
🔍 [REQUIRE ACCESS] Owner Resource Bundle loaded: [
  'user',       'app',
  'structures', 'node',
  'payment',    'level',
  'storage',    'project',
  'apikeys',    'project-form',
  'roles',      'permissions',
  'submission'
]
🔍 [REQUIRE ACCESS] Bundle type: object
🔍 [REQUIRE ACCESS] Is Array?: true
🔍 [AUTH MIDDLEWARE] Owner Resource Bundle loaded: [
  'user',       'app',
  'structures', 'node',
  'payment',    'level',
  'storage',    'project',
  'apikeys',    'project-form',
  'roles',      'permissions',
  'submission'
]
🔍 [AUTH MIDDLEWARE] Bundle type: object
🔍 [AUTH MIDDLEWARE] Is Array?: true
[33mwarn[39m: ⚠️  Email ingestor worker not available (missing dependencies)
(node:60398) NOTE: The AWS SDK for JavaScript (v2) is in maintenance mode.
 SDK releases are limited to address critical bug fixes and security issues only.

Please migrate your code to use AWS SDK for JavaScript (v3).
For more information, check the blog post at https://a.co/cUPnyil
(Use `node --trace-warnings ...` to show where the warning was created)
[32minfo[39m: ✅ Connected to MongoDB
[32minfo[39m: 🔄 Testing PostgreSQL connection...
[32minfo[39m: 📊 Host: 20.169.129.160:5432
[32minfo[39m: 👤 User: sabyagentic_user
[32minfo[39m: 🗄️  Database: halograph
[32minfo[39m: ✅ PostgreSQL connected successfully
[32minfo[39m: 📋 PostgreSQL Version: PostgreSQL 15.14 (Debian 15.14-1.pgdg13+1) on x86_64-pc-linux-gnu, compiled by gcc (Debian 14.2.0-19) 14.2.0, 64-bit
[32minfo[39m: ✅ Redis connected
[32minfo[39m: ⚙️  Redis ready for commands
[32minfo[39m: ✅ Redis ping successful
[32minfo[39m: 🚀 Initializing background workers...
[32minfo[39m: ✅ Submission worker started
[32minfo[39m: ✅ PERM notification worker started
[32minfo[39m: 🔔 Notification worker initialized
[32minfo[39m: ✅ Notification worker started
[32minfo[39m: ⊘ Email ingestor worker not available (missing dependencies)
[32minfo[39m: 🎉 All workers initialized successfully
[32minfo[39m: 🚀 Server is running on port 4000
[32minfo[39m: 🌍 Environment: development
[32minfo[39m: 📊 Database Status:
[32minfo[39m:    - MongoDB: ✅ Connected
[32minfo[39m:    - PostgreSQL: ✅ Connected
[32minfo[39m:    - Redis: ✅ Connected
[32minfo[39m: Connected to email server
[32m[nodemon] restarting due to changes...[39m
[32m[nodemon] starting `node src/index.js`[39m
🔍 [REQUIRE ACCESS] Owner Resource Bundle loaded: [
  'user',       'app',
  'structures', 'node',
  'payment',    'level',
  'storage',    'project',
  'apikeys',    'project-form',
  'roles',      'permissions',
  'submission'
]
🔍 [REQUIRE ACCESS] Bundle type: object
🔍 [REQUIRE ACCESS] Is Array?: true
🔍 [AUTH MIDDLEWARE] Owner Resource Bundle loaded: [
  'user',       'app',
  'structures', 'node',
  'payment',    'level',
  'storage',    'project',
  'apikeys',    'project-form',
  'roles',      'permissions',
  'submission'
]
🔍 [AUTH MIDDLEWARE] Bundle type: object
🔍 [AUTH MIDDLEWARE] Is Array?: true
[33mwarn[39m: ⚠️  Email ingestor worker not available (missing dependencies)
(node:70670) NOTE: The AWS SDK for JavaScript (v2) is in maintenance mode.
 SDK releases are limited to address critical bug fixes and security issues only.

Please migrate your code to use AWS SDK for JavaScript (v3).
For more information, check the blog post at https://a.co/cUPnyil
(Use `node --trace-warnings ...` to show where the warning was created)
[32minfo[39m: ✅ Connected to MongoDB
[32minfo[39m: 🔄 Testing PostgreSQL connection...
[32minfo[39m: 📊 Host: 20.169.129.160:5432
[32minfo[39m: 👤 User: sabyagentic_user
[32minfo[39m: 🗄️  Database: halograph
[32minfo[39m: ✅ PostgreSQL connected successfully
[32minfo[39m: 📋 PostgreSQL Version: PostgreSQL 15.14 (Debian 15.14-1.pgdg13+1) on x86_64-pc-linux-gnu, compiled by gcc (Debian 14.2.0-19) 14.2.0, 64-bit
[32minfo[39m: ✅ Redis connected
[32minfo[39m: ⚙️  Redis ready for commands
[32minfo[39m: ✅ Redis ping successful
[32minfo[39m: 🚀 Initializing background workers...
[32minfo[39m: ✅ Submission worker started
[32minfo[39m: ✅ PERM notification worker started
[32minfo[39m: 🔔 Notification worker initialized
[32minfo[39m: ✅ Notification worker started
[32minfo[39m: ⊘ Email ingestor worker not available (missing dependencies)
[32minfo[39m: 🎉 All workers initialized successfully
[31merror[39m: Error: listen EADDRINUSE: address already in use :::4000
    at Server.setupListenHandle [as _listen2] (node:net:1817:16)
    at listenInCluster (node:net:1865:12)
    at doListen (node:net:2014:7)
    at process.processTicksAndRejections (node:internal/process/task_queues:83:21)
[32minfo[39m: 🛑 Shutting down workers...
[32minfo[39m: ✅ Submission worker stopped
[32minfo[39m: ✅ PERM notification worker stopped
[32minfo[39m: ✅ Notification worker stopped
[32minfo[39m: 🛑 All workers shut down
[32minfo[39m: Server closed
[31m[nodemon] app crashed - waiting for file changes before starting...[39m
[32m[nodemon] restarting due to changes...[39m
[32m[nodemon] starting `node src/index.js`[39m
[32m[nodemon] restarting due to changes...[39m
[32m[nodemon] starting `node src/index.js`[39m
🔍 [REQUIRE ACCESS] Owner Resource Bundle loaded: [
  'user',       'app',
  'structures', 'node',
  'payment',    'level',
  'storage',    'project',
  'apikeys',    'project-form',
  'roles',      'permissions',
  'submission'
]
🔍 [REQUIRE ACCESS] Bundle type: object
🔍 [REQUIRE ACCESS] Is Array?: true
🔍 [AUTH MIDDLEWARE] Owner Resource Bundle loaded: [
  'user',       'app',
  'structures', 'node',
  'payment',    'level',
  'storage',    'project',
  'apikeys',    'project-form',
  'roles',      'permissions',
  'submission'
]
🔍 [AUTH MIDDLEWARE] Bundle type: object
🔍 [AUTH MIDDLEWARE] Is Array?: true
[33mwarn[39m: ⚠️  Email ingestor worker not available (missing dependencies)
(node:24963) NOTE: The AWS SDK for JavaScript (v2) is in maintenance mode.
 SDK releases are limited to address critical bug fixes and security issues only.

Please migrate your code to use AWS SDK for JavaScript (v3).
For more information, check the blog post at https://a.co/cUPnyil
(Use `node --trace-warnings ...` to show where the warning was created)
[32minfo[39m: ✅ Connected to MongoDB
[32minfo[39m: 🔄 Testing PostgreSQL connection...
[32minfo[39m: 📊 Host: 20.169.129.160:5432
[32minfo[39m: 👤 User: sabyagentic_user
[32minfo[39m: 🗄️  Database: halograph
[32minfo[39m: ✅ PostgreSQL connected successfully
[32minfo[39m: 📋 PostgreSQL Version: PostgreSQL 15.14 (Debian 15.14-1.pgdg13+1) on x86_64-pc-linux-gnu, compiled by gcc (Debian 14.2.0-19) 14.2.0, 64-bit
[32minfo[39m: ✅ Redis connected
[32minfo[39m: ⚙️  Redis ready for commands
[32minfo[39m: ✅ Redis ping successful
[32minfo[39m: 🚀 Initializing background workers...
[32minfo[39m: ✅ Submission worker started
[32minfo[39m: ✅ PERM notification worker started
[32minfo[39m: 🔔 Notification worker initialized
[32minfo[39m: ✅ Notification worker started
[32minfo[39m: ⊘ Email ingestor worker not available (missing dependencies)
[32minfo[39m: 🎉 All workers initialized successfully
[32minfo[39m: 🚀 Server is running on port 4000
[32minfo[39m: 🌍 Environment: development
[32minfo[39m: 📊 Database Status:
[32minfo[39m:    - MongoDB: ✅ Connected
[32minfo[39m:    - PostgreSQL: ✅ Connected
[32minfo[39m:    - Redis: ✅ Connected
[32minfo[39m: Connected to email server
🔌 Socket connected: pAilY1ZFQpKQBhacAAAB (User: 68e4cb96d180b0285d9a701d, Tenant: undefined)
🔌 Socket connected: o8-sfvVguOr_to14AAAD (User: 68e4cb96d180b0285d9a701d, Tenant: undefined)
[32minfo[39m: OPTIONS /v1/submissions/activity-log?limit=25&offset=0 204 - 4.951 ms
[32minfo[39m: OPTIONS /v1/submissions/activity-log 204 - 0.930 ms
[32minfo[39m: OPTIONS /v1/submissions/activity-log/summary 204 - 0.736 ms
[requireAccess] Checking access for endpoint: /v1/submissions/activity-log?limit=25&offset=0 {
  permissions: [],
  scope: undefined,
  environment: undefined,
  jwtOnly: false,
  apiOnly: false
}
[requireAccess] Incoming headers: {
  Authorization: 'Bearer eyJhbGciOiJIUzI1NiIsInR5cCI6IkpXVCJ9.eyJzdWIiOiI2OGU0Y2I5NmQxODBiMDI4NWQ5YTcwMWQiLCJpYXQiOjE3NjEyNTgxNzEsImV4cCI6MTc2MTI1OTk3MSwidHlwZSI6ImFjY2VzcyJ9.1RCxyajcT9U3aKfuV8xyF7uUJa3tmy4n8zsaCdawxXc',
  'x-api-key': undefined,
  requiredPermissions: []
}
[requireAccess] Full request headers: {
  host: 'localhost:4000',
  connection: 'keep-alive',
  'sec-ch-ua-platform': '"macOS"',
  authorization: 'Bearer eyJhbGciOiJIUzI1NiIsInR5cCI6IkpXVCJ9.eyJzdWIiOiI2OGU0Y2I5NmQxODBiMDI4NWQ5YTcwMWQiLCJpYXQiOjE3NjEyNTgxNzEsImV4cCI6MTc2MTI1OTk3MSwidHlwZSI6ImFjY2VzcyJ9.1RCxyajcT9U3aKfuV8xyF7uUJa3tmy4n8zsaCdawxXc',
  'user-agent': 'Mozilla/5.0 (Macintosh; Intel Mac OS X 10_15_7) AppleWebKit/537.36 (KHTML, like Gecko) Chrome/141.0.0.0 Safari/537.36',
  accept: 'application/json, text/plain, */*',
  'sec-ch-ua': '"Google Chrome";v="141", "Not?A_Brand";v="8", "Chromium";v="141"',
  'sec-ch-ua-mobile': '?0',
  origin: 'http://localhost:3000',
  'sec-fetch-site': 'same-site',
  'sec-fetch-mode': 'cors',
  'sec-fetch-dest': 'empty',
  referer: 'http://localhost:3000/',
  'accept-encoding': 'gzip, deflate, br, zstd',
  'accept-language': 'en-GB,en-US;q=0.9,en;q=0.8',
  cookie: 'next-auth.csrf-token=f11f82856e3c28ba73e12ddfd5693d1ca8079702a5ab7865957f369ab2877007%7C41b08bbac80a06aadc57cefc5b8d3db5da5c82dd32a953bddf59b7b0b375d97b; next-auth.callback-url=http%3A%2F%2Flocalhost%3A3000%2F; next-auth.session-token=eyJhbGciOiJkaXIiLCJlbmMiOiJBMjU2R0NNIn0..LdHxBHauS-nDX43s.2L-djm1xznyaQYU2eQvO1eqKt-L4ST1g7l7xmfkoEdeN7qD7O9uBwSu9CdslLM7J86fz82Q5N3GCChdHkCFAcpBS1PTvDX6ohDxv3Nh3z6JCkwEhMMwerjpX4tfjzoHNO8ZCyJSQgsPKFqZPn49KtZl8rm7boQjshyQmMFTp3oQWCE5akg97bDbsH66IKpKUBoFMPyUzTfKnd_xV2mJ2e_ddP9rSomx3gELytosRCK9haGAqeuSHXb4AkSL4RGsmgxulac8sukawSSeb-RLqVrW0UKNEWnRlwW6Csj2JaqHFA8RSi6zl-MskkhMgarV63fHVyvKemZgbwNQAjH77z6lq7Hc3Ac-G0hv2P5_D7zw3LpDmXuD6GnK5Yjm3g-IOWZMzg0FWBhasN5TootzZlVXpolQXwbdu-PF4r2H9Y63tF0tTctkKn-HD_ImXtEfTaAZY-2En_vBdpa9wQFzMg-rPLzCNoViz1OeLJiQTiPsFle-DwlKLnm6qODu_mV9otQ5AiVHBYAhj83lUmszYgvdvsC0xw-0zr-StSXYSmxTsJSax-iot26BiNJq4CNdGAxIWVGyKJ5Yyqzoe6Z8jLX4Z51MrBaZS2oaLU3Ns9U_YJlZd61Oe19ic5RQCK0NYjtj0rHK8022yLzlRaZovCWNJlT3cvZbhNhz9eMxnbnIulYwI7ysAg_YE4pSD5SI80KcEtQU957-vm_zwDcn8eSxSq7BOnioDEnRslFMs3b-DfZOGbnsPOO5EkVm1davo0w1STUTfI-TtT4otckM25QLddifm2kpDeVqLo7Bm-71fLRfdbAqskjXPZB2xMnFuQUFrZ3IkCEiHyExQBRVWv8ZE_2kJmxY7ohiRzQ5vDIT5Z7aibNxBIWXPdCkxwmB2Ag2A-kmmGRse2_e5nb2CWjnYQOhQzs5qDMNrh8QIjbYumLreWQ8y6ZZsPCi8UkOs6OseJ4rslwsYJluOQ3FgANxx0XSGGsZwEoesyVi39LvAvVBqi1cMzPHkwUreAywiZAur2n7pYiCnlgNb7M531PWbXiBY328gOgbadZ5Dsomiipm56tQ7hm0qU6hpJ0C6K1kaCzrs-tb0lFqcaPlIuyk_5HXrj0VhzwMbPUIm8x-zj8X4OdNHH0hhVqkcNVZ_pVbgHhhXp2_EZR3plc3kiET9C6h0MoBL8WEWraOBiy5Y02Deydm6IUQfZbFTJri3xiCFnuyoxp5KH7y0gi9ch8DVOdtRCGb5RotQT2kaMyOJ2QcvyT3f4kyBATojqOAqGrmIzgRpJU_jHOKR47rAB-Jwmc_DHFsEPIIEw6nIIxCb2Jo1kvaILLkEBdCReIv6geeGMnsymsZS7tsJayAH2bdCdwsJ-s6YFhZ3RLuFrsg0yCPw2oP34NGnR6ltHL7ESaOBig4bPzJGmcKWFt5B87iie1J1y211PstdV20ES_5UvweNZD_dth0HsF-K0xBT2ZasGwjB8c_JvfnUqyDii-_e7I1jvI47L-P0ZWc78PlzFDZPZo4pVfP72dEvN-NGPNwGYOm5bwoLIJAaYArtX6zBzlFi1ASkFSbjj1xCJEHlECWiGdUT41em8MtHr1ahLKwXRwjts92bfDPVM4BbvMBQ8cxtEzOB6tkMrdNtPF2171CZ_HM2Kuu9IJ5BHhXhdmF599bvfIVNBbDJlh788hyn0Yd28a_f7jmwiBDlNGEMyj0srVwRvdFvcXTjXFq7bokWq0EozQf82k59-CqnRRrYeN4lJAf1JcPUT64yLJl2LJkTBJuBz2lX8LJmF2LyXnudy_fM5q1RskoSc1Aky9AKWoiq_QUt2CKnkpuLNbFgNHLaVq5GcGlgb8xV7rMCO8cwvr4J8PKjiLiaMBJO6ts1rB5vjCCBVRM_96frDgo8zJkZPkgW2-N42lW2EFPG9wi5fqxbvMYQFW9MBSTN0dtbp7Ua24i79VPKYty6tNPWC0z7jQyuEABKMNm9GZNBRO2EJP9_Zcg9BAvob7JmmqceCmvpjBfxySxSV9NZGbsr3qTPGkdhV_Ijv-lSp9zfELnl05v3Z1G26J1d_-hHZTttPfMm5UxKdCtzjvUHNLOiJySxhzBRQ-SDnNeIsKldID9jF_GO8DIVvg.UckTv-eoDEo2rq4mV0Qgsw',
  'if-none-match': 'W/"277d-vTVGH9+X2LGAjKitR0IVvBFSJb4"'
}
[requireAccess] Detected JWT
[TenantPlugin] Pre-hook triggered for: findOne
[TenantPlugin] Options: {}
[requireAccess] Checking access for endpoint: /v1/submissions/activity-log {
  permissions: [],
  scope: undefined,
  environment: undefined,
  jwtOnly: false,
  apiOnly: false
}
[requireAccess] Incoming headers: {
  Authorization: 'Bearer eyJhbGciOiJIUzI1NiIsInR5cCI6IkpXVCJ9.eyJzdWIiOiI2OGU0Y2I5NmQxODBiMDI4NWQ5YTcwMWQiLCJpYXQiOjE3NjEyNTgxNzEsImV4cCI6MTc2MTI1OTk3MSwidHlwZSI6ImFjY2VzcyJ9.1RCxyajcT9U3aKfuV8xyF7uUJa3tmy4n8zsaCdawxXc',
  'x-api-key': undefined,
  requiredPermissions: []
}
[requireAccess] Full request headers: {
  host: 'localhost:4000',
  connection: 'keep-alive',
  'sec-ch-ua-platform': '"macOS"',
  authorization: 'Bearer eyJhbGciOiJIUzI1NiIsInR5cCI6IkpXVCJ9.eyJzdWIiOiI2OGU0Y2I5NmQxODBiMDI4NWQ5YTcwMWQiLCJpYXQiOjE3NjEyNTgxNzEsImV4cCI6MTc2MTI1OTk3MSwidHlwZSI6ImFjY2VzcyJ9.1RCxyajcT9U3aKfuV8xyF7uUJa3tmy4n8zsaCdawxXc',
  'user-agent': 'Mozilla/5.0 (Macintosh; Intel Mac OS X 10_15_7) AppleWebKit/537.36 (KHTML, like Gecko) Chrome/141.0.0.0 Safari/537.36',
  accept: 'application/json, text/plain, */*',
  'sec-ch-ua': '"Google Chrome";v="141", "Not?A_Brand";v="8", "Chromium";v="141"',
  'sec-ch-ua-mobile': '?0',
  origin: 'http://localhost:3000',
  'sec-fetch-site': 'same-site',
  'sec-fetch-mode': 'cors',
  'sec-fetch-dest': 'empty',
  referer: 'http://localhost:3000/',
  'accept-encoding': 'gzip, deflate, br, zstd',
  'accept-language': 'en-GB,en-US;q=0.9,en;q=0.8',
  cookie: 'next-auth.csrf-token=f11f82856e3c28ba73e12ddfd5693d1ca8079702a5ab7865957f369ab2877007%7C41b08bbac80a06aadc57cefc5b8d3db5da5c82dd32a953bddf59b7b0b375d97b; next-auth.callback-url=http%3A%2F%2Flocalhost%3A3000%2F; next-auth.session-token=eyJhbGciOiJkaXIiLCJlbmMiOiJBMjU2R0NNIn0..LdHxBHauS-nDX43s.2L-djm1xznyaQYU2eQvO1eqKt-L4ST1g7l7xmfkoEdeN7qD7O9uBwSu9CdslLM7J86fz82Q5N3GCChdHkCFAcpBS1PTvDX6ohDxv3Nh3z6JCkwEhMMwerjpX4tfjzoHNO8ZCyJSQgsPKFqZPn49KtZl8rm7boQjshyQmMFTp3oQWCE5akg97bDbsH66IKpKUBoFMPyUzTfKnd_xV2mJ2e_ddP9rSomx3gELytosRCK9haGAqeuSHXb4AkSL4RGsmgxulac8sukawSSeb-RLqVrW0UKNEWnRlwW6Csj2JaqHFA8RSi6zl-MskkhMgarV63fHVyvKemZgbwNQAjH77z6lq7Hc3Ac-G0hv2P5_D7zw3LpDmXuD6GnK5Yjm3g-IOWZMzg0FWBhasN5TootzZlVXpolQXwbdu-PF4r2H9Y63tF0tTctkKn-HD_ImXtEfTaAZY-2En_vBdpa9wQFzMg-rPLzCNoViz1OeLJiQTiPsFle-DwlKLnm6qODu_mV9otQ5AiVHBYAhj83lUmszYgvdvsC0xw-0zr-StSXYSmxTsJSax-iot26BiNJq4CNdGAxIWVGyKJ5Yyqzoe6Z8jLX4Z51MrBaZS2oaLU3Ns9U_YJlZd61Oe19ic5RQCK0NYjtj0rHK8022yLzlRaZovCWNJlT3cvZbhNhz9eMxnbnIulYwI7ysAg_YE4pSD5SI80KcEtQU957-vm_zwDcn8eSxSq7BOnioDEnRslFMs3b-DfZOGbnsPOO5EkVm1davo0w1STUTfI-TtT4otckM25QLddifm2kpDeVqLo7Bm-71fLRfdbAqskjXPZB2xMnFuQUFrZ3IkCEiHyExQBRVWv8ZE_2kJmxY7ohiRzQ5vDIT5Z7aibNxBIWXPdCkxwmB2Ag2A-kmmGRse2_e5nb2CWjnYQOhQzs5qDMNrh8QIjbYumLreWQ8y6ZZsPCi8UkOs6OseJ4rslwsYJluOQ3FgANxx0XSGGsZwEoesyVi39LvAvVBqi1cMzPHkwUreAywiZAur2n7pYiCnlgNb7M531PWbXiBY328gOgbadZ5Dsomiipm56tQ7hm0qU6hpJ0C6K1kaCzrs-tb0lFqcaPlIuyk_5HXrj0VhzwMbPUIm8x-zj8X4OdNHH0hhVqkcNVZ_pVbgHhhXp2_EZR3plc3kiET9C6h0MoBL8WEWraOBiy5Y02Deydm6IUQfZbFTJri3xiCFnuyoxp5KH7y0gi9ch8DVOdtRCGb5RotQT2kaMyOJ2QcvyT3f4kyBATojqOAqGrmIzgRpJU_jHOKR47rAB-Jwmc_DHFsEPIIEw6nIIxCb2Jo1kvaILLkEBdCReIv6geeGMnsymsZS7tsJayAH2bdCdwsJ-s6YFhZ3RLuFrsg0yCPw2oP34NGnR6ltHL7ESaOBig4bPzJGmcKWFt5B87iie1J1y211PstdV20ES_5UvweNZD_dth0HsF-K0xBT2ZasGwjB8c_JvfnUqyDii-_e7I1jvI47L-P0ZWc78PlzFDZPZo4pVfP72dEvN-NGPNwGYOm5bwoLIJAaYArtX6zBzlFi1ASkFSbjj1xCJEHlECWiGdUT41em8MtHr1ahLKwXRwjts92bfDPVM4BbvMBQ8cxtEzOB6tkMrdNtPF2171CZ_HM2Kuu9IJ5BHhXhdmF599bvfIVNBbDJlh788hyn0Yd28a_f7jmwiBDlNGEMyj0srVwRvdFvcXTjXFq7bokWq0EozQf82k59-CqnRRrYeN4lJAf1JcPUT64yLJl2LJkTBJuBz2lX8LJmF2LyXnudy_fM5q1RskoSc1Aky9AKWoiq_QUt2CKnkpuLNbFgNHLaVq5GcGlgb8xV7rMCO8cwvr4J8PKjiLiaMBJO6ts1rB5vjCCBVRM_96frDgo8zJkZPkgW2-N42lW2EFPG9wi5fqxbvMYQFW9MBSTN0dtbp7Ua24i79VPKYty6tNPWC0z7jQyuEABKMNm9GZNBRO2EJP9_Zcg9BAvob7JmmqceCmvpjBfxySxSV9NZGbsr3qTPGkdhV_Ijv-lSp9zfELnl05v3Z1G26J1d_-hHZTttPfMm5UxKdCtzjvUHNLOiJySxhzBRQ-SDnNeIsKldID9jF_GO8DIVvg.UckTv-eoDEo2rq4mV0Qgsw',
  'if-none-match': 'W/"4ea2-0VSyA3duEZVFbOGkzEe17lQqVX8"'
}
[requireAccess] Detected JWT
[TenantPlugin] Pre-hook triggered for: findOne
[TenantPlugin] Options: {}
[requireAccess] Authenticated user: {
  roles: [],
  isOwner: true,
  isSuper: true,
  isSaby: true,
  isAgreed: false,
  createdBy: null,
  otp: null,
  otpExpires: null,
  otpVerified: true,
  phoneNumber: null,
  isPhoneVerified: false,
  isEmailVerified: true,
  avatar: 'https://halocrm.s3.us-east-1.amazonaws.com/user/avatar-09.webp',
  status: true,
  deletedAt: null,
  _id: 68e4cb96d180b0285d9a701d,
  firstname: 'Debby',
  lastname: 'Adebowale',
  email: 'saby@saby.ai',
  password: '$2a$08$o1.0/o0J3cDHswtnBPpdO.0KNYtXslW0gYv8ZcwaRkUdsupCw5dH.',
  userId: '0YXBcDcxPH',
  tenantId: 'hWiWJ_X0m6',
  createdAt: 2025-10-07T08:13:10.710Z,
  updatedAt: 2025-10-10T19:17:53.368Z,
  haloId: 'HL-00030',
  __v: 0
}
[requireAccess] Resolved access: user
[requireAccess] Authenticated user: {
  roles: [],
  isOwner: true,
  isSuper: true,
  isSaby: true,
  isAgreed: false,
  createdBy: null,
  otp: null,
  otpExpires: null,
  otpVerified: true,
  phoneNumber: null,
  isPhoneVerified: false,
  isEmailVerified: true,
  avatar: 'https://halocrm.s3.us-east-1.amazonaws.com/user/avatar-09.webp',
  status: true,
  deletedAt: null,
  _id: 68e4cb96d180b0285d9a701d,
  firstname: 'Debby',
  lastname: 'Adebowale',
  email: 'saby@saby.ai',
  password: '$2a$08$o1.0/o0J3cDHswtnBPpdO.0KNYtXslW0gYv8ZcwaRkUdsupCw5dH.',
  userId: '0YXBcDcxPH',
  tenantId: 'hWiWJ_X0m6',
  createdAt: 2025-10-07T08:13:10.710Z,
  updatedAt: 2025-10-10T19:17:53.368Z,
  haloId: 'HL-00030',
  __v: 0
}
[requireAccess] Resolved access: user
[32minfo[39m: GET /v1/submissions/activity-log/summary 304 - 884.214 ms
[32minfo[39m: GET /v1/submissions/activity-log?limit=25&offset=0 304 - 2062.585 ms
[32minfo[39m: GET /v1/submissions/activity-log 304 - 3124.928 ms
[32minfo[39m: OPTIONS /v1/submissions/activity-log?limit=25&offset=0 204 - 7.495 ms
[32minfo[39m: OPTIONS /v1/submissions/activity-log 204 - 4.416 ms
[32minfo[39m: OPTIONS /v1/submissions/activity-log/summary 204 - 0.416 ms
[requireAccess] Checking access for endpoint: /v1/submissions/activity-log?limit=25&offset=0 {
  permissions: [],
  scope: undefined,
  environment: undefined,
  jwtOnly: false,
  apiOnly: false
}
[requireAccess] Incoming headers: {
  Authorization: 'Bearer eyJhbGciOiJIUzI1NiIsInR5cCI6IkpXVCJ9.eyJzdWIiOiI2OGU0Y2I5NmQxODBiMDI4NWQ5YTcwMWQiLCJpYXQiOjE3NjEyNTgxNzEsImV4cCI6MTc2MTI1OTk3MSwidHlwZSI6ImFjY2VzcyJ9.1RCxyajcT9U3aKfuV8xyF7uUJa3tmy4n8zsaCdawxXc',
  'x-api-key': undefined,
  requiredPermissions: []
}
[requireAccess] Full request headers: {
  host: 'localhost:4000',
  connection: 'keep-alive',
  'sec-ch-ua-platform': '"macOS"',
  authorization: 'Bearer eyJhbGciOiJIUzI1NiIsInR5cCI6IkpXVCJ9.eyJzdWIiOiI2OGU0Y2I5NmQxODBiMDI4NWQ5YTcwMWQiLCJpYXQiOjE3NjEyNTgxNzEsImV4cCI6MTc2MTI1OTk3MSwidHlwZSI6ImFjY2VzcyJ9.1RCxyajcT9U3aKfuV8xyF7uUJa3tmy4n8zsaCdawxXc',
  'user-agent': 'Mozilla/5.0 (Macintosh; Intel Mac OS X 10_15_7) AppleWebKit/537.36 (KHTML, like Gecko) Chrome/141.0.0.0 Safari/537.36',
  accept: 'application/json, text/plain, */*',
  'sec-ch-ua': '"Google Chrome";v="141", "Not?A_Brand";v="8", "Chromium";v="141"',
  'sec-ch-ua-mobile': '?0',
  origin: 'http://localhost:3000',
  'sec-fetch-site': 'same-site',
  'sec-fetch-mode': 'cors',
  'sec-fetch-dest': 'empty',
  referer: 'http://localhost:3000/',
  'accept-encoding': 'gzip, deflate, br, zstd',
  'accept-language': 'en-GB,en-US;q=0.9,en;q=0.8',
  cookie: 'next-auth.csrf-token=f11f82856e3c28ba73e12ddfd5693d1ca8079702a5ab7865957f369ab2877007%7C41b08bbac80a06aadc57cefc5b8d3db5da5c82dd32a953bddf59b7b0b375d97b; next-auth.callback-url=http%3A%2F%2Flocalhost%3A3000%2F; next-auth.session-token=eyJhbGciOiJkaXIiLCJlbmMiOiJBMjU2R0NNIn0..J8YbCWAfgd8PMPq-.-MQg81j5BL1z_i4AGPJbthnJiFAobrlJ88-NimFndHlWsTvvdllUJzj30SE4PeY2arthzWdC2lB7eCB88Oma0yr4uQa4xN0sJBWQ2X85LEXkX8S1em2vaHem2GzzzaUrgOtKj88rDBphFH2c-OjbEIQTGy8AZ9vg0_k0VtJ9aq-6_cG4RNlJaWHf4p75VBF_xsp2fxAQ_WVOJmSpjmHZZaCoRoxgJH1UY_CxOh3fsxnDvlwhgcR7ZhEA77LVw73nqcx2ns-Nbpi2a8LJW-Plv1ziYYBnf7F5HtzRm5IhhtaqV84Ak7G2GZLzBcqS_U0ARn50c4TV9bU61os7Z2L4ND4fYe80V_JDjXjW7k3NSIcnljbrVJniQl9L1Hb1v0L6Xi64bdxnUg_8iqiU9AveHO1gYKw3Z2bxe6Pq0K1sYt4pr2hcsAT1TiK5STvi3Ag9_3Swh61jEFJKJ9AK52SwGga-rvvgU3ZJm3o8T1RJDGZHM6EKqeLadFwwm3rj9vGjQr05TlFrmkQqih5N1u1RUnUMiCL-yMrtocZz6Kp2vImcxPgJvrsw7TYu7fLRPbl_PvXp749RLsh5ckSkzEZ3X805ig4y687MsmHPb9kQb2z3wX-9VlqbBtgrfFOsCZLTDAMc73B3eLVDY2tX4qJv-w1e4PRQKpFzVjIGV48MahVocmoXGaZekyeyFKBC6DN_D8S-OShckXI9ucPBT7PhgQ_lugR8S4WMytFWRYV0nT7jgA-qgF_m7EeSz-R_BYgJkRddO9jKFQbkhG6o6WEPVl6yn2bYLCnwMrZBA7Q7CHGxIgTqyDRuGclSkdcCYp2Gtn6lei6Q6IdjTYIm_OuyToA4ovjYMHtRSTX-tywIE1gRN6iBjY2DH7I8QSrSxPjhcdvDl2bYXVqX2voMYeq9UKRtdBmmlPevcLu-3OvqTEJxF83Xp89mGcQMZP8fcnr_axBdmJoPJwk5KcnqDUsSmU9U8L8WcUYAgwKQ5G5abevhHLIYJR_SFicKw5A21KehQjDZs5j5xvEe-Nj1osygJfAHFN64Zp4M4TzCxXFnR6Mk5IZPU5MAirvVarqynJzBoM2QU0TybnR5EguLv4Jq8U8PPm3Pl9I66ICjDrGn4dQaCOxzTdvQ3hZ-cKaWCcoLcPj3k99jSDZ-vcxGdmHN7lzJz6GHw5zRdrqFWMD8csdlOFtVsERBJVitr9GK_qL13x8a0TZ75CRN0t_41uhImqttas5oIDSMeMH-GBCyF22YE5pF8FpTTdDFXydAPe1WGbts_veidjIzwWJkRA0--XKGMomWbOjJ17iWfh4ZouPPh4uvWjAvaE9CpyU7TJ1YN65TzTG1A8P-gAUD4QSErPk_JcUHqX2E1IcmarxEEXhFpZc0Vezh_JwVxSn_moie0yT0YiqV-bfMbnSV2uvfow0ueynd4bR6-dZ3kvyXjK1_YrsEg__dvbq-QF_pxALznuEApfNYVerFbW8oZCsneBaT9t7l3b1Ysv_iv-TC2lXDoUo6z1CzSyX5ufv7TPFjqRcpz66Fmo04Hc-owJF4Pw-d1hmVp8js549hHr38O4aceCy97gbSL2Wh0C8dvYx-kmFwtTMX2vD5Ne5CETAdbv3cx4CyWW1W40Lf6IoCLWyMdxhHrCZawDG48OiwnkVMeGUeM8qwR0saUDKhumGswDB539rNbZpIX6XZgyCzAawS71hl6H4bkrjYf1KucML9RytfIH7fmc9cd1tTHaFfJQJ01lT2ER_l4Dydpy7tt59EN4UlVnAMZnQUc7neP7zE7KbnvDYVmnpRmIjd_CNEH7B9d9nUjqYf3wq3B3zmcxYW_sUxuLu2WA1hlHlOQjsgxmPgJpqjR6lNC39oAFy-n6QgGg6G_zt-WDJj3YhBSivZSo6zQv1rDiBxCaYugS0d6Bzgow5MJ7uAS5CcWTyxMOGBG2muL1fp1J4VQ6b7UimCm4u_rzWKZkcDOueMNee-7zaDGB-Oj2hRt33bFQmFyA7Vn2HPIsDMdPzKCctepsRYYRSNYHXYajg7OBZWR0WUvwExX32rG2KiuzAaVT074JJPjzlaPxnEAjHMiNyN-VbrcS01kIV3ZxqfY7x9ORRbK6LUsv3_AqRB7A.Fk-AjQrg-MWKAxXpTWBnRw',
  'if-none-match': 'W/"277d-vTVGH9+X2LGAjKitR0IVvBFSJb4"'
}
[requireAccess] Detected JWT
[TenantPlugin] Pre-hook triggered for: findOne
[TenantPlugin] Options: {}
[requireAccess] Checking access for endpoint: /v1/submissions/activity-log {
  permissions: [],
  scope: undefined,
  environment: undefined,
  jwtOnly: false,
  apiOnly: false
}
[requireAccess] Incoming headers: {
  Authorization: 'Bearer eyJhbGciOiJIUzI1NiIsInR5cCI6IkpXVCJ9.eyJzdWIiOiI2OGU0Y2I5NmQxODBiMDI4NWQ5YTcwMWQiLCJpYXQiOjE3NjEyNTgxNzEsImV4cCI6MTc2MTI1OTk3MSwidHlwZSI6ImFjY2VzcyJ9.1RCxyajcT9U3aKfuV8xyF7uUJa3tmy4n8zsaCdawxXc',
  'x-api-key': undefined,
  requiredPermissions: []
}
[requireAccess] Full request headers: {
  host: 'localhost:4000',
  connection: 'keep-alive',
  'sec-ch-ua-platform': '"macOS"',
  authorization: 'Bearer eyJhbGciOiJIUzI1NiIsInR5cCI6IkpXVCJ9.eyJzdWIiOiI2OGU0Y2I5NmQxODBiMDI4NWQ5YTcwMWQiLCJpYXQiOjE3NjEyNTgxNzEsImV4cCI6MTc2MTI1OTk3MSwidHlwZSI6ImFjY2VzcyJ9.1RCxyajcT9U3aKfuV8xyF7uUJa3tmy4n8zsaCdawxXc',
  'user-agent': 'Mozilla/5.0 (Macintosh; Intel Mac OS X 10_15_7) AppleWebKit/537.36 (KHTML, like Gecko) Chrome/141.0.0.0 Safari/537.36',
  accept: 'application/json, text/plain, */*',
  'sec-ch-ua': '"Google Chrome";v="141", "Not?A_Brand";v="8", "Chromium";v="141"',
  'sec-ch-ua-mobile': '?0',
  origin: 'http://localhost:3000',
  'sec-fetch-site': 'same-site',
  'sec-fetch-mode': 'cors',
  'sec-fetch-dest': 'empty',
  referer: 'http://localhost:3000/',
  'accept-encoding': 'gzip, deflate, br, zstd',
  'accept-language': 'en-GB,en-US;q=0.9,en;q=0.8',
  cookie: 'next-auth.csrf-token=f11f82856e3c28ba73e12ddfd5693d1ca8079702a5ab7865957f369ab2877007%7C41b08bbac80a06aadc57cefc5b8d3db5da5c82dd32a953bddf59b7b0b375d97b; next-auth.callback-url=http%3A%2F%2Flocalhost%3A3000%2F; next-auth.session-token=eyJhbGciOiJkaXIiLCJlbmMiOiJBMjU2R0NNIn0..NMC-TA4dTwdliy0Y.Rp2Z1v0ycaDMhXemOt26SuthLPHqjNh-CGO8_jX7mshfyPu13maKx86IrIveqvkIFqsnq3S5xon4VFr9VebH5kLZx2YznPFoC7NLAzyznIckolpZ9ZFCm3Fhd_6gNmh3siqChq1tKAvKfMUnAH8bsoAJ7AMrJJapYNi-AC0Vb3kT3rLIXPZEADrKS0gLr_TKZD_ujL50nof_UsXGCwlJeqqsvXOX1HbtrOkBxhoi7JbvMhemeYBOec3TzefrCPuhTRIq8qCum9ShCnLuxxadJt6BNd7doUMQVHcUZ1qAL9J-k9y6mViT8kqBKx_Rc0z_vmVIiAxWMSv2jJzBQk22SVIShy-0GXkFF7ZGBn-R5albuM30Zrep46Y7OZhCuT6Du4hst9mBM3yd3JymYHpF_prSHvkxmqg-f1Dt6ADJfnVvuHdxsk24JeacfBNUe-x7OqrwCEiBkIF5vKqxlItgnP4g5zpbSLJQiQJq2TZII_2jNP_8Wlf_qHtt3nlVTVKIvnRmRwp7sAqdPhlcV_O7Y9qdBdfXSt_yUUbibiQ0QgNK0L8UU1H_oDcaqZeihhHU97MHky73XfjztKBTgi_isKkmm-AAcDr37V6uhAuk3Q7xAPMZA6TH6gEt6hyAyiXHRJ7UQaNLh2bQBXdwIN_NpCkaUfQGWNaRRHWPGpTG2QfAWXP2xTqLZUAn_5njHHTHtB5103Ly32sPyT62SU2KmzHF-P8-Cf5lv6bacUvjruydooxUW_ro0rqiEI7ghMKTyRUrAUjxfjTsbIaaMc6Y1qT_TgZDKNSwC-Rhdu6ibldztCJVHuv6Bkl1gy0Mglufo624prrQPpfF7USP-4eea2qs_PMjGeROKvfp_a4N648TxQRhH_MnkNrcTGTL4vubAfyycDmIevRvryqNxIxVMJiKaYLKWoSqsTL9jCPbXPGdAyAmUaw2SH2BxRlbXIFrT8R5N2xeVCwTQfkfSVX1b7B9dNxx4-5zf256-WJYrwCh5vtBjW3BgrVetPqq4N0T4a37cxylFV8YVURyWK9riwRI19iOl-LOl5o1T_lO2YLuaHcqQPoa0N6qEUGn7bm8wMQZVwR5vx7j-QGM-UFma1-2lsAjxwRnyoB_fz0eX3rUkR1Hmzau4dPhkSrggytkyJyoxpXLG4ID4_eoRZpoVrn6uIPm4j-Jm-4e_ksMhJRp6F_61lsgUWC_sgLQ6la9JkyFdEiDU3bFvzkBupNyYV54MwV0P2G4kf8hByMv9hhPwWeAvvX74lc1CQjSfS6UyCjhSvRSzbZIRCJEhOxLQzDG9suL5kWLQegdMaCCVKvGix7O_WtjnbnU0Y1HKWTeq4WGs75GpSe3OKcUJVIGUKUm8idsEJwe6TTrLh_ZWd5njkRKMk0Zyzbu6DUXTWanVqzHG5xgodLr-m8MNW23GmG_JL-81YKhtBOqrAcTGY5pWLJWBGp41o70oSP8nZAMeehX2n0z8gDE28rnJpWSdkXw0ZHticXKkwhgXpKP4u_njujHpbWqfKdOksrN3_tRXA5ZJc_rSwmm4PrJZ0N-QFvnmawfcd8KH7wPyUiQ40FODA-QXSsWjfpz_poclJumPWlOHCIoozOpvirU2qldtDS7yYP22_iGp3nsbUDeQGEweanb7KNoatrmum6Uq9MKK352w3ToAzxmt1JHaEjE5S1PdAyYDiCqtg-Le9wRFl961n2gIV1BMEFv1F5R7GpLGV1EfgDPmtOlgkovfePYnOgheKZMj8fJzNK4TQslhxqUZUS_UUBU0OtPFrXopV5YtE4MVHFNKomhnmudBi2vZfYvxG5dzOhQ6hU2gpTR0JFdPCNt2K3G-37ZB_JtoxVQzCK4Wgu-U7-ARTRlN6biL9VVfUVD1hnzdGT7RlszJjdFTlMP-aOLy_PvSPPrGR-cB5SpciFIU9RFR_a8T3dFs5e_CncMP8A_3A3-xM_I8TJTTJPPHo9dkj2zaG2f5qNHGItbD9kZn5agqraESHRJMyKO5bFEm3QUAPB7AYylTfsBp0lsUklqZZS055RP3ki8KwGc2Hhccd6gqqrSGgEQfZHA1-K05_i3hoYvyRu180emog_S7K88uWIK30FRVSq52KYJd0eKr_S4vQ.jLT7Mrty7u0n4gAmjCASQQ',
  'if-none-match': 'W/"4ea2-0VSyA3duEZVFbOGkzEe17lQqVX8"'
}
[requireAccess] Detected JWT
[TenantPlugin] Pre-hook triggered for: findOne
[TenantPlugin] Options: {}
[requireAccess] Authenticated user: {
  roles: [],
  isOwner: true,
  isSuper: true,
  isSaby: true,
  isAgreed: false,
  createdBy: null,
  otp: null,
  otpExpires: null,
  otpVerified: true,
  phoneNumber: null,
  isPhoneVerified: false,
  isEmailVerified: true,
  avatar: 'https://halocrm.s3.us-east-1.amazonaws.com/user/avatar-09.webp',
  status: true,
  deletedAt: null,
  _id: 68e4cb96d180b0285d9a701d,
  firstname: 'Debby',
  lastname: 'Adebowale',
  email: 'saby@saby.ai',
  password: '$2a$08$o1.0/o0J3cDHswtnBPpdO.0KNYtXslW0gYv8ZcwaRkUdsupCw5dH.',
  userId: '0YXBcDcxPH',
  tenantId: 'hWiWJ_X0m6',
  createdAt: 2025-10-07T08:13:10.710Z,
  updatedAt: 2025-10-10T19:17:53.368Z,
  haloId: 'HL-00030',
  __v: 0
}
[requireAccess] Resolved access: user
[requireAccess] Authenticated user: {
  roles: [],
  isOwner: true,
  isSuper: true,
  isSaby: true,
  isAgreed: false,
  createdBy: null,
  otp: null,
  otpExpires: null,
  otpVerified: true,
  phoneNumber: null,
  isPhoneVerified: false,
  isEmailVerified: true,
  avatar: 'https://halocrm.s3.us-east-1.amazonaws.com/user/avatar-09.webp',
  status: true,
  deletedAt: null,
  _id: 68e4cb96d180b0285d9a701d,
  firstname: 'Debby',
  lastname: 'Adebowale',
  email: 'saby@saby.ai',
  password: '$2a$08$o1.0/o0J3cDHswtnBPpdO.0KNYtXslW0gYv8ZcwaRkUdsupCw5dH.',
  userId: '0YXBcDcxPH',
  tenantId: 'hWiWJ_X0m6',
  createdAt: 2025-10-07T08:13:10.710Z,
  updatedAt: 2025-10-10T19:17:53.368Z,
  haloId: 'HL-00030',
  __v: 0
}
[requireAccess] Resolved access: user
[32minfo[39m: GET /v1/submissions/activity-log/summary 304 - 1669.649 ms
[32minfo[39m: GET /v1/submissions/activity-log?limit=25&offset=0 304 - 1789.464 ms
[32minfo[39m: GET /v1/submissions/activity-log 304 - 2013.661 ms
[requireAccess] Checking access for endpoint: /v1/submissions/activity-log?limit=25&offset=0 {
  permissions: [],
  scope: undefined,
  environment: undefined,
  jwtOnly: false,
  apiOnly: false
}
[requireAccess] Incoming headers: {
  Authorization: undefined,
  'x-api-key': undefined,
  requiredPermissions: []
}
[requireAccess] Full request headers: {
  host: 'localhost:4000',
  connection: 'keep-alive',
  'sec-ch-ua-platform': '"macOS"',
  'user-agent': 'Mozilla/5.0 (Macintosh; Intel Mac OS X 10_15_7) AppleWebKit/537.36 (KHTML, like Gecko) Chrome/141.0.0.0 Safari/537.36',
  accept: 'application/json, text/plain, */*',
  'sec-ch-ua': '"Google Chrome";v="141", "Not?A_Brand";v="8", "Chromium";v="141"',
  'sec-ch-ua-mobile': '?0',
  origin: 'http://localhost:3000',
  'sec-fetch-site': 'same-site',
  'sec-fetch-mode': 'cors',
  'sec-fetch-dest': 'empty',
  referer: 'http://localhost:3000/',
  'accept-encoding': 'gzip, deflate, br, zstd',
  'accept-language': 'en-GB,en-US;q=0.9,en;q=0.8',
  cookie: 'next-auth.csrf-token=f11f82856e3c28ba73e12ddfd5693d1ca8079702a5ab7865957f369ab2877007%7C41b08bbac80a06aadc57cefc5b8d3db5da5c82dd32a953bddf59b7b0b375d97b; next-auth.callback-url=http%3A%2F%2Flocalhost%3A3000%2F; next-auth.session-token=eyJhbGciOiJkaXIiLCJlbmMiOiJBMjU2R0NNIn0..ONg0TDactoN2unsi.vHhAeDulI1e5UEqZfpwzrAInx-dtUCGUyo66wbKH-zQeIQ8LQMZfkRaHkUvYkAmYGWtTHFQgA3VxHqgkBzqd6S03X1KBUBIaxcCTPmKNG38H_FLvR2vm_mekWN1_MNmkpcYLH9hgBMdshQK2DElYnxS4p43e33YagxV6J66Z7arB_c61DgfvYofQXpP5XKEVS7KoM9hRx0X42U_kK5i_E9da46g3tjY_w-tqfrAeH0aHPyRuA7bEkqavAypE-Q0qV96VkYorlUtZXBy-3uU1WXl4YzDGUVGjU_pd2ejt-1WjrWxGBTLvSqsBnN32FscGpFvjZKh6GmatQ7sgjGoUZsCHQ6R7e3vEuYt1mPymzaWa7kJZUcZLs1Mn-phRTjFyihAPXaAPkRSPpKwY-UnPX1f0ik7pMlGPvHBn0HpsMlvys-NID-vGBPxNtpby94wd3VVcKgAotij1mox7US2J4iDwi2NpCpXdYFG5zIiJEslsvS_vTqfoCwF3KSDRyFRxCdBSfDxnEAhP_1ihGwNr-_4NXPf-XH1oMGzCt60M61tFpQaC8rF_0vOjKZJVRE7EUwNXZ9QEb7beu6T23MzP0CuS8Vr4KzDzBIv69hu2b0GR5KudyCUFnPNoL2s1P58Bp0fA_-Pzuk16thKOzVpoKX4iDp3h5JJr1QVaKU36obf9BXpi394BxFV3RFYwhU3oGo45p4NhNYr1rlmI54zuNDDPTXP_awPMuvslNL7aB-sr-Jw_0H9VoMTEWw4y7y6cAFVDs2xio37s9YseUrMtONKxTtggdNDOVaVyzS3MESZB2E0omAmbhAvpk0DUCkwBayb7vG4jhKbS6yjEj-KiWuqza_NB20msV0iMt8LgPqHs1RfjzCGpGBLg14E4uHyAyhsCvLnL37uKmlOZjIPtDYYgSiNJsojL-PqoVAX30PqNmgc3GDmh2uwj3gC5-jJysbAMV0rgow5xRMxp21ocLHxh8GOqE6feCLIwfgCmu1kg0fCXsnao_1Fya6mfgmU6ycitFodZqyg9BnMJigs-AW7g_soNm-MJMtmSGt1GpSRP01x2wRnrH4bJRR4LGVhThS2TQGSNcZjJlKGpBgl_LIYaeMSmD8B56I7v9cs-MSSIh5fhPa8504ULRe4ey_mnstdmgVdY_taeiYewxN0syC4-c1HFqKmLAIejJnG-UOse_1UIDniPDx9x6gj7oevod4DAgzDNdvhNm7FuA_QbsVWH7mC-NpsiT8t90-P1mKHkzBR1qOJEwPXVrHqNNBUHwAPP7VH0zi0z4wM68COi8IAkRD2Qyt-grC3U-bi_WEEroHua5lrmlT9RubibC_PwpY0MQyM8mLE4Z1MP5EF41VWxHTKoWckgEV1ey7sMQLZCMYWo4XuXGdGSUlpJKDom2eSG0dZhqXhttiVECw0c5NenX-j8W8CKlVeNs-ffwHBxGQ9TQYahB013PEI0kFRN7iQx1ckH8cVrbfW8BrUSMbEuyStDsaLJE0vV7ri_vRlafa5aMsiTCbBNP0DPK1kk8skI09-XuSZqDptepxGFxiYmyEy_uR18sIPA8sD4KSqI6DtrrKIISyipdM_GbZHrtEbvo2kBomAobKxjhISnT80KpywYBBxoTS5jEvpOwofi20qnOAdPb3rq74jCsUV1PCi6MnwtwQaNXl-2ZPOVn97RhPz_5lHNvzq-urVefHEafl3bpVYx90LPREgyv65gfrJF0ubIECCotfRZTad-mVmhKjBT1IR8PvzZyKLpxxmYbZPXZ7HNdDfLYbuujITWA0DK-QrqqC24n9gUPTZ8StAhBTepQrvbt69UUxzvIZ9QRhv7fwE6lWtXDuWvE9V8Kl3sllTO4h2FoknRci0fXKWDnqY1IOxWBhb_BDZucEkwxYJDnbb6410HOb63Jpta0oRLOXwUdgCV85LAHm660UaloE3w8EpoD9XeBC8FertJ_qXgsEKomyAFOD9a_-J45O6qxlVt2v-FxCCzHi3UPDthlmcskQ-TWp3TlE96Iv01Hs0D9DupVeYSPaFEb2PtfZusDSPIJgwLpHwkv5hAcPCrHOV0mGCsfdO-J1uRgPfrIiagpSuo-YOXn6B34R3u-93HFzmwXpFiaA.632mZAmWtEQ6MwuTebXDww',
  'if-none-match': 'W/"277d-vTVGH9+X2LGAjKitR0IVvBFSJb4"'
}
[Access Denied]: Missing API key or JWT {
  ip: '::1',
  userAgent: 'Mozilla/5.0 (Macintosh; Intel Mac OS X 10_15_7) AppleWebKit/537.36 (KHTML, like Gecko) Chrome/141.0.0.0 Safari/537.36',
  endpoint: '/v1/submissions/activity-log?limit=25&offset=0',
  time: '2025-10-23T22:45:29.380Z'
}
[31merror[39m: Error: Missing API key or JWT
    at resolveAccessIdentity (/Users/fadebowaley/saby/sabyBackend/src/middlewares/requireAccess.js:110:11)
    at /Users/fadebowaley/saby/sabyBackend/src/middlewares/requireAccess.js:224:28
    at /Users/fadebowaley/saby/sabyBackend/src/utils/catchAsync.js:31:19
    at Layer.handle [as handle_request] (/Users/fadebowaley/saby/sabyBackend/node_modules/express/lib/router/layer.js:95:5)
    at next (/Users/fadebowaley/saby/sabyBackend/node_modules/express/lib/router/route.js:137:13)
    at Route.dispatch (/Users/fadebowaley/saby/sabyBackend/node_modules/express/lib/router/route.js:112:3)
    at Layer.handle [as handle_request] (/Users/fadebowaley/saby/sabyBackend/node_modules/express/lib/router/layer.js:95:5)
    at /Users/fadebowaley/saby/sabyBackend/node_modules/express/lib/router/index.js:281:22
    at Function.process_params (/Users/fadebowaley/saby/sabyBackend/node_modules/express/lib/router/index.js:335:12)
    at next (/Users/fadebowaley/saby/sabyBackend/node_modules/express/lib/router/index.js:275:10)
    at Function.handle (/Users/fadebowaley/saby/sabyBackend/node_modules/express/lib/router/index.js:174:3)
    at router (/Users/fadebowaley/saby/sabyBackend/node_modules/express/lib/router/index.js:47:12)
    at Layer.handle [as handle_request] (/Users/fadebowaley/saby/sabyBackend/node_modules/express/lib/router/layer.js:95:5)
    at trim_prefix (/Users/fadebowaley/saby/sabyBackend/node_modules/express/lib/router/index.js:317:13)
    at /Users/fadebowaley/saby/sabyBackend/node_modules/express/lib/router/index.js:284:7
    at Function.process_params (/Users/fadebowaley/saby/sabyBackend/node_modules/express/lib/router/index.js:335:12)
🔌 Socket disconnected: o8-sfvVguOr_to14AAAD
[32minfo[39m: OPTIONS /v1/submissions/activity-log/summary 204 - 2.672 ms
[requireAccess] Checking access for endpoint: /v1/submissions/activity-log {
  permissions: [],
  scope: undefined,
  environment: undefined,
  jwtOnly: false,
  apiOnly: false
}
[requireAccess] Incoming headers: {
  Authorization: undefined,
  'x-api-key': undefined,
  requiredPermissions: []
}
[requireAccess] Full request headers: {
  host: 'localhost:4000',
  connection: 'keep-alive',
  'sec-ch-ua-platform': '"macOS"',
  'user-agent': 'Mozilla/5.0 (Macintosh; Intel Mac OS X 10_15_7) AppleWebKit/537.36 (KHTML, like Gecko) Chrome/141.0.0.0 Safari/537.36',
  accept: 'application/json, text/plain, */*',
  'sec-ch-ua': '"Google Chrome";v="141", "Not?A_Brand";v="8", "Chromium";v="141"',
  'sec-ch-ua-mobile': '?0',
  origin: 'http://localhost:3000',
  'sec-fetch-site': 'same-site',
  'sec-fetch-mode': 'cors',
  'sec-fetch-dest': 'empty',
  referer: 'http://localhost:3000/',
  'accept-encoding': 'gzip, deflate, br, zstd',
  'accept-language': 'en-GB,en-US;q=0.9,en;q=0.8',
  cookie: 'next-auth.csrf-token=f11f82856e3c28ba73e12ddfd5693d1ca8079702a5ab7865957f369ab2877007%7C41b08bbac80a06aadc57cefc5b8d3db5da5c82dd32a953bddf59b7b0b375d97b; next-auth.callback-url=http%3A%2F%2Flocalhost%3A3000%2F; next-auth.session-token=eyJhbGciOiJkaXIiLCJlbmMiOiJBMjU2R0NNIn0..ONg0TDactoN2unsi.vHhAeDulI1e5UEqZfpwzrAInx-dtUCGUyo66wbKH-zQeIQ8LQMZfkRaHkUvYkAmYGWtTHFQgA3VxHqgkBzqd6S03X1KBUBIaxcCTPmKNG38H_FLvR2vm_mekWN1_MNmkpcYLH9hgBMdshQK2DElYnxS4p43e33YagxV6J66Z7arB_c61DgfvYofQXpP5XKEVS7KoM9hRx0X42U_kK5i_E9da46g3tjY_w-tqfrAeH0aHPyRuA7bEkqavAypE-Q0qV96VkYorlUtZXBy-3uU1WXl4YzDGUVGjU_pd2ejt-1WjrWxGBTLvSqsBnN32FscGpFvjZKh6GmatQ7sgjGoUZsCHQ6R7e3vEuYt1mPymzaWa7kJZUcZLs1Mn-phRTjFyihAPXaAPkRSPpKwY-UnPX1f0ik7pMlGPvHBn0HpsMlvys-NID-vGBPxNtpby94wd3VVcKgAotij1mox7US2J4iDwi2NpCpXdYFG5zIiJEslsvS_vTqfoCwF3KSDRyFRxCdBSfDxnEAhP_1ihGwNr-_4NXPf-XH1oMGzCt60M61tFpQaC8rF_0vOjKZJVRE7EUwNXZ9QEb7beu6T23MzP0CuS8Vr4KzDzBIv69hu2b0GR5KudyCUFnPNoL2s1P58Bp0fA_-Pzuk16thKOzVpoKX4iDp3h5JJr1QVaKU36obf9BXpi394BxFV3RFYwhU3oGo45p4NhNYr1rlmI54zuNDDPTXP_awPMuvslNL7aB-sr-Jw_0H9VoMTEWw4y7y6cAFVDs2xio37s9YseUrMtONKxTtggdNDOVaVyzS3MESZB2E0omAmbhAvpk0DUCkwBayb7vG4jhKbS6yjEj-KiWuqza_NB20msV0iMt8LgPqHs1RfjzCGpGBLg14E4uHyAyhsCvLnL37uKmlOZjIPtDYYgSiNJsojL-PqoVAX30PqNmgc3GDmh2uwj3gC5-jJysbAMV0rgow5xRMxp21ocLHxh8GOqE6feCLIwfgCmu1kg0fCXsnao_1Fya6mfgmU6ycitFodZqyg9BnMJigs-AW7g_soNm-MJMtmSGt1GpSRP01x2wRnrH4bJRR4LGVhThS2TQGSNcZjJlKGpBgl_LIYaeMSmD8B56I7v9cs-MSSIh5fhPa8504ULRe4ey_mnstdmgVdY_taeiYewxN0syC4-c1HFqKmLAIejJnG-UOse_1UIDniPDx9x6gj7oevod4DAgzDNdvhNm7FuA_QbsVWH7mC-NpsiT8t90-P1mKHkzBR1qOJEwPXVrHqNNBUHwAPP7VH0zi0z4wM68COi8IAkRD2Qyt-grC3U-bi_WEEroHua5lrmlT9RubibC_PwpY0MQyM8mLE4Z1MP5EF41VWxHTKoWckgEV1ey7sMQLZCMYWo4XuXGdGSUlpJKDom2eSG0dZhqXhttiVECw0c5NenX-j8W8CKlVeNs-ffwHBxGQ9TQYahB013PEI0kFRN7iQx1ckH8cVrbfW8BrUSMbEuyStDsaLJE0vV7ri_vRlafa5aMsiTCbBNP0DPK1kk8skI09-XuSZqDptepxGFxiYmyEy_uR18sIPA8sD4KSqI6DtrrKIISyipdM_GbZHrtEbvo2kBomAobKxjhISnT80KpywYBBxoTS5jEvpOwofi20qnOAdPb3rq74jCsUV1PCi6MnwtwQaNXl-2ZPOVn97RhPz_5lHNvzq-urVefHEafl3bpVYx90LPREgyv65gfrJF0ubIECCotfRZTad-mVmhKjBT1IR8PvzZyKLpxxmYbZPXZ7HNdDfLYbuujITWA0DK-QrqqC24n9gUPTZ8StAhBTepQrvbt69UUxzvIZ9QRhv7fwE6lWtXDuWvE9V8Kl3sllTO4h2FoknRci0fXKWDnqY1IOxWBhb_BDZucEkwxYJDnbb6410HOb63Jpta0oRLOXwUdgCV85LAHm660UaloE3w8EpoD9XeBC8FertJ_qXgsEKomyAFOD9a_-J45O6qxlVt2v-FxCCzHi3UPDthlmcskQ-TWp3TlE96Iv01Hs0D9DupVeYSPaFEb2PtfZusDSPIJgwLpHwkv5hAcPCrHOV0mGCsfdO-J1uRgPfrIiagpSuo-YOXn6B34R3u-93HFzmwXpFiaA.632mZAmWtEQ6MwuTebXDww',
  'if-none-match': 'W/"4ea2-0VSyA3duEZVFbOGkzEe17lQqVX8"'
}
[Access Denied]: Missing API key or JWT {
  ip: '::1',
  userAgent: 'Mozilla/5.0 (Macintosh; Intel Mac OS X 10_15_7) AppleWebKit/537.36 (KHTML, like Gecko) Chrome/141.0.0.0 Safari/537.36',
  endpoint: '/v1/submissions/activity-log',
  time: '2025-10-23T22:45:29.429Z'
}
[31merror[39m: Error: Missing API key or JWT
    at resolveAccessIdentity (/Users/fadebowaley/saby/sabyBackend/src/middlewares/requireAccess.js:110:11)
    at /Users/fadebowaley/saby/sabyBackend/src/middlewares/requireAccess.js:224:28
    at /Users/fadebowaley/saby/sabyBackend/src/utils/catchAsync.js:31:19
    at Layer.handle [as handle_request] (/Users/fadebowaley/saby/sabyBackend/node_modules/express/lib/router/layer.js:95:5)
    at next (/Users/fadebowaley/saby/sabyBackend/node_modules/express/lib/router/route.js:137:13)
    at Route.dispatch (/Users/fadebowaley/saby/sabyBackend/node_modules/express/lib/router/route.js:112:3)
    at Layer.handle [as handle_request] (/Users/fadebowaley/saby/sabyBackend/node_modules/express/lib/router/layer.js:95:5)
    at /Users/fadebowaley/saby/sabyBackend/node_modules/express/lib/router/index.js:281:22
    at Function.process_params (/Users/fadebowaley/saby/sabyBackend/node_modules/express/lib/router/index.js:335:12)
    at next (/Users/fadebowaley/saby/sabyBackend/node_modules/express/lib/router/index.js:275:10)
    at Function.handle (/Users/fadebowaley/saby/sabyBackend/node_modules/express/lib/router/index.js:174:3)
    at router (/Users/fadebowaley/saby/sabyBackend/node_modules/express/lib/router/index.js:47:12)
    at Layer.handle [as handle_request] (/Users/fadebowaley/saby/sabyBackend/node_modules/express/lib/router/layer.js:95:5)
    at trim_prefix (/Users/fadebowaley/saby/sabyBackend/node_modules/express/lib/router/index.js:317:13)
    at /Users/fadebowaley/saby/sabyBackend/node_modules/express/lib/router/index.js:284:7
    at Function.process_params (/Users/fadebowaley/saby/sabyBackend/node_modules/express/lib/router/index.js:335:12)
[31merror[39m: GET /v1/submissions/activity-log?limit=25&offset=0 401 - 40.353 ms - message: Missing API key or JWT
[31merror[39m: GET /v1/submissions/activity-log 401 - 9.771 ms - message: Missing API key or JWT
[32minfo[39m: GET /v1/submissions/activity-log/summary 304 - 1119.086 ms
🔌 Socket disconnected: pAilY1ZFQpKQBhacAAAB
[32minfo[39m: OPTIONS /v1/storage/stats 204 - 2.638 ms
[TenantPlugin] Pre-hook triggered for: findOne
[TenantPlugin] Options: {}
--- AUTH DEBUG ---
Route: /v1/storage/stats
HTTP Method: GET
Required Permissions: [ 'view:storage:stats' ]
[TenantPlugin] Pre-hook triggered for: findOne
[TenantPlugin] Options: {}
[32minfo[39m: GET /v1/storage/stats 304 - 243.579 ms
[TenantPlugin] Pre-hook triggered for: findOne
[TenantPlugin] Options: {}
--- AUTH DEBUG ---
Route: /v1/storage/stats
HTTP Method: GET
Required Permissions: [ 'view:storage:stats' ]
[TenantPlugin] Pre-hook triggered for: findOne
[TenantPlugin] Options: {}
[32minfo[39m: GET /v1/storage/stats 304 - 15.182 ms
[TenantPlugin] Pre-hook triggered for: findOne
[TenantPlugin] Options: {}
expired token expiry time ---> 30
expired token ---> Moment<2025-10-24T00:22:10+01:00>
expired token ---> Moment<2025-10-24T00:52:10+01:00>
acess token --> eyJhbGciOiJIUzI1NiIsInR5cCI6IkpXVCJ9.eyJzdWIiOiI2OGU0Y2I5NmQxODBiMDI4NWQ5YTcwMWQiLCJpYXQiOjE3NjEyNTk5MzAsImV4cCI6MTc2MTI2MTczMCwidHlwZSI6ImFjY2VzcyJ9.HQbBYeIGYRIxGT89R8RdoHP3FytkOZQGF23VpQV5sQc
[32minfo[39m: POST /v1/auth/login 200 - 149.297 ms
[32minfo[39m: OPTIONS /v1/storage/stats 204 - 0.714 ms
[32minfo[39m: OPTIONS /v1/storage/stats 204 - 0.287 ms
[TenantPlugin] Pre-hook triggered for: findOne
[TenantPlugin] Options: {}
--- AUTH DEBUG ---
Route: /v1/storage/stats
HTTP Method: GET
Required Permissions: [ 'view:storage:stats' ]
[TenantPlugin] Pre-hook triggered for: findOne
[TenantPlugin] Options: {}
[32minfo[39m: GET /v1/storage/stats 304 - 31.755 ms
[TenantPlugin] Pre-hook triggered for: findOne
[TenantPlugin] Options: {}
--- AUTH DEBUG ---
Route: /v1/storage/stats
HTTP Method: GET
Required Permissions: [ 'view:storage:stats' ]
[TenantPlugin] Pre-hook triggered for: findOne
[TenantPlugin] Options: {}
[32minfo[39m: GET /v1/storage/stats 304 - 8.255 ms
[32minfo[39m: OPTIONS /v1/submissions?limit=25&offset=0 204 - 0.888 ms
[requireAccess] Checking access for endpoint: /v1/submissions?limit=25&offset=0 {
  permissions: [],
  scope: undefined,
  environment: undefined,
  jwtOnly: false,
  apiOnly: false
}
[requireAccess] Incoming headers: {
  Authorization: 'Bearer eyJhbGciOiJIUzI1NiIsInR5cCI6IkpXVCJ9.eyJzdWIiOiI2OGU0Y2I5NmQxODBiMDI4NWQ5YTcwMWQiLCJpYXQiOjE3NjEyNTk5MzAsImV4cCI6MTc2MTI2MTczMCwidHlwZSI6ImFjY2VzcyJ9.HQbBYeIGYRIxGT89R8RdoHP3FytkOZQGF23VpQV5sQc',
  'x-api-key': undefined,
  requiredPermissions: []
}
[requireAccess] Full request headers: {
  host: 'localhost:4000',
  connection: 'keep-alive',
  'sec-ch-ua-platform': '"macOS"',
  authorization: 'Bearer eyJhbGciOiJIUzI1NiIsInR5cCI6IkpXVCJ9.eyJzdWIiOiI2OGU0Y2I5NmQxODBiMDI4NWQ5YTcwMWQiLCJpYXQiOjE3NjEyNTk5MzAsImV4cCI6MTc2MTI2MTczMCwidHlwZSI6ImFjY2VzcyJ9.HQbBYeIGYRIxGT89R8RdoHP3FytkOZQGF23VpQV5sQc',
  'user-agent': 'Mozilla/5.0 (Macintosh; Intel Mac OS X 10_15_7) AppleWebKit/537.36 (KHTML, like Gecko) Chrome/141.0.0.0 Safari/537.36',
  accept: 'application/json, text/plain, */*',
  'sec-ch-ua': '"Google Chrome";v="141", "Not?A_Brand";v="8", "Chromium";v="141"',
  'sec-ch-ua-mobile': '?0',
  origin: 'http://localhost:3000',
  'sec-fetch-site': 'same-site',
  'sec-fetch-mode': 'cors',
  'sec-fetch-dest': 'empty',
  referer: 'http://localhost:3000/',
  'accept-encoding': 'gzip, deflate, br, zstd',
  'accept-language': 'en-GB,en-US;q=0.9,en;q=0.8',
  cookie: 'next-auth.csrf-token=f11f82856e3c28ba73e12ddfd5693d1ca8079702a5ab7865957f369ab2877007%7C41b08bbac80a06aadc57cefc5b8d3db5da5c82dd32a953bddf59b7b0b375d97b; next-auth.callback-url=http%3A%2F%2Flocalhost%3A3000%2F; next-auth.session-token=eyJhbGciOiJkaXIiLCJlbmMiOiJBMjU2R0NNIn0..9grPasCnF04izY7e.XKU1po7sbkD2tP2ke2NTccPRqdGaMjLnisxgpbQq4WjARjllJGvw54vCCZl7s7-kXMLjKWntyHLeSZFTWLxVeluRdSwFeW5dHAHyleORM7j7wkrnLWtJz2jjCguBYhrYSkjp4FpuTxDqDpc-dw6WsLkWPTCnaQ0Gdy3xgUKnntiJeVmdDgBiIQmW_40TGrPTIA5xHwgj_lPHOa0KXWaZbMGB-rEdye0p0bToDTxs-v0lk3-AeWfaH4ww6PRiWqa3T9nidO-LiYn6DrMKVIbhI1LnloQr0LZvtpYVgP_6jrDU9o21lZY_Ja3VkMFwW9IZe4OMix0fDi8B8XM4J71NGPRSrjmjZGlSuLqukMFZGblI99NagCTW08ruXzVdt7HVSf18lXDTrIKmcNsftIFJISU09WTMNsd2IGMOvxEuF0XxVQNFAe6jiZYo80u6o0I62mlM7a0EpJS4XoZaH4Qu-7pDc0ntaDLnbHFr5taNzGVtrun5ydZ2GRsRi3xmkuZ2JfXJYcMRtaPCWKSnGjV0YRerTDsMH8g6vvTLHx9OESMKvxIuOhuvRA9kHm5uOdPvjvz9iL7B1yDCmZHgeMsrl33JtlpoXLS-qpBYUrUgqxqBL8m4CYR1RU17sQ1oOn8654U10mBdT_ooYVeqhyeYdHW617_q0AmM_sQPnx3BuuMUWjv9v0A0myP2uxLpb0qVdCbbEsdoq8tbnOJYcauxVyDU8eL76AefPpLERPA1wWVHCu7PXAtFmZmReYn4tQH6uzP9SLBzKK2wSeD3H1w8VXfwB-Ii-Li3VC3jhYMfpMA8kHFEGFpHBHWndOnG2V-Im0tdI0f-rgTf50hRNIyfIK7cPFM_qL4fFtd3oh35FSlSzQMHO_6eTtub6AUSyMwgP-pYhLuulW_sfrDudiUeZHh5DhSLGEa9u56x-LggQNmpXft3abulBYgpc5kKu22-CTMWg0L-Vbm1M4uZKGG5Xm7ATJRs2nWwUPYYQ9BR2B28y0_B2d7VfGx4hdxhAT7BjV4h-Z8B878Y7gx3z05GGvGxqJpPizQZum0ZKr2K4vLdhvaYzaNm8WSJGuYhqdfdoO9snqaS5gRhP1soeCBTSsLMk-kK2Ob5RSNJ8ncnqBqv7D9BmeIlpqGucsg4nDNXHGacnpHstsNTw_NAry_y9K2Ol6qHmMMxUJ0eD_luJJOdvrbjrlmqzhIpkUpr03cCIVb5hK-O5aesJFftga8kka-By3ELeWmKpEyPpi1oWjEkHZEMU9Fe3YXYAsPwKakt2aV-5yKLBjmkNe8swwHmF5O3h8cDHlwB9zYBhAY3COPqpkpVf630L8nTdpYVIUTa_LtONMm1CrqoTYchzInxSoXCdsgJ5vHdIAPMNvdNZ0tn1UqaKZGfhvaYosIMzkEYUNAhoiUAQxNoZkZKYGQTJXvxjswbunMcmgDSAtJ18uNaa5MRU5WtVx8DkN__pL8yrptnRqDQjSLLcyxzcNh2efIAA1hi9897nvvErAgVU-2vcCHdVEaUJmsg2eiQmvcwdWGl-FDNLXe69bJSBmXtxKNoC7tcGAnSESaXonswohqMo7-d2zeM5TQVneYW5_JPj_3VZY5hgOV8Nq-SGPHTavcFz-ZrUdUglfQghf7mgk16nm3YYcbhvoBz88P9PucM3E3wVNrB-QFnND9OuX1YcnQzcMNJHoUJfnmu5fNi6wKViRtv3d5EkGfRY9WrHID8njiaqbTxUhAOzDi9WeJmbl7rUrUgIXNQr5sQMNOI2SSVYYJ5HyqwXHv3eRfiAp8VP_cbCQWoUcwZVg7BKXZUVs4SctYXVXRkuR00usg4rFqDkyOqF7L8dq09zVIcJo3hAR3e1UuiQd5i-7RwA72P961GXFVEpIrWbBhSbFrXOQa_hUf8VYw-JsXzbQlEwCf01I2hoF_kbgrUlaozwhNS_kASh4kmRa0XjJR0K1I5Hb7IIXzsURcucFUlMrxzKrunaS-MI5kHlEnOGVVtuS3KmZVRY8lhDEPpFRv50LG6UN5VTOKwy9-omznnyfLt97G-w5pvYx_LQ6cLtMWBkxTkS7gI0juFD0YKw5ehQaeWzidLFlRMKCl9OVLYcooaO-ivfilqtqS-d_1Gkg.tQSkJFM0WsW9rig6lUArdw',
  'if-none-match': 'W/"85b7e-RhvX/saba1TNHZcivjK63NsWgYk"'
}
[requireAccess] Detected JWT
[TenantPlugin] Pre-hook triggered for: findOne
[TenantPlugin] Options: {}
[requireAccess] Authenticated user: {
  roles: [],
  isOwner: true,
  isSuper: true,
  isSaby: true,
  isAgreed: false,
  createdBy: null,
  otp: null,
  otpExpires: null,
  otpVerified: true,
  phoneNumber: null,
  isPhoneVerified: false,
  isEmailVerified: true,
  avatar: 'https://halocrm.s3.us-east-1.amazonaws.com/user/avatar-09.webp',
  status: true,
  deletedAt: null,
  _id: 68e4cb96d180b0285d9a701d,
  firstname: 'Debby',
  lastname: 'Adebowale',
  email: 'saby@saby.ai',
  password: '$2a$08$o1.0/o0J3cDHswtnBPpdO.0KNYtXslW0gYv8ZcwaRkUdsupCw5dH.',
  userId: '0YXBcDcxPH',
  tenantId: 'hWiWJ_X0m6',
  createdAt: 2025-10-07T08:13:10.710Z,
  updatedAt: 2025-10-10T19:17:53.368Z,
  haloId: 'HL-00030',
  __v: 0
}
[requireAccess] Resolved access: user
[32minfo[39m: GET /v1/submissions?limit=25&offset=0 304 - 2268.606 ms
[32minfo[39m: OPTIONS /v1/submissions?limit=25&offset=0 204 - 1.200 ms
[requireAccess] Checking access for endpoint: /v1/submissions?limit=25&offset=0 {
  permissions: [],
  scope: undefined,
  environment: undefined,
  jwtOnly: false,
  apiOnly: false
}
[requireAccess] Incoming headers: {
  Authorization: 'Bearer eyJhbGciOiJIUzI1NiIsInR5cCI6IkpXVCJ9.eyJzdWIiOiI2OGU0Y2I5NmQxODBiMDI4NWQ5YTcwMWQiLCJpYXQiOjE3NjEyNTk5MzAsImV4cCI6MTc2MTI2MTczMCwidHlwZSI6ImFjY2VzcyJ9.HQbBYeIGYRIxGT89R8RdoHP3FytkOZQGF23VpQV5sQc',
  'x-api-key': undefined,
  requiredPermissions: []
}
[requireAccess] Full request headers: {
  host: 'localhost:4000',
  connection: 'keep-alive',
  'sec-ch-ua-platform': '"macOS"',
  authorization: 'Bearer eyJhbGciOiJIUzI1NiIsInR5cCI6IkpXVCJ9.eyJzdWIiOiI2OGU0Y2I5NmQxODBiMDI4NWQ5YTcwMWQiLCJpYXQiOjE3NjEyNTk5MzAsImV4cCI6MTc2MTI2MTczMCwidHlwZSI6ImFjY2VzcyJ9.HQbBYeIGYRIxGT89R8RdoHP3FytkOZQGF23VpQV5sQc',
  'user-agent': 'Mozilla/5.0 (Macintosh; Intel Mac OS X 10_15_7) AppleWebKit/537.36 (KHTML, like Gecko) Chrome/141.0.0.0 Safari/537.36',
  accept: 'application/json, text/plain, */*',
  'sec-ch-ua': '"Google Chrome";v="141", "Not?A_Brand";v="8", "Chromium";v="141"',
  'sec-ch-ua-mobile': '?0',
  origin: 'http://localhost:3000',
  'sec-fetch-site': 'same-site',
  'sec-fetch-mode': 'cors',
  'sec-fetch-dest': 'empty',
  referer: 'http://localhost:3000/',
  'accept-encoding': 'gzip, deflate, br, zstd',
  'accept-language': 'en-GB,en-US;q=0.9,en;q=0.8',
  cookie: 'next-auth.csrf-token=f11f82856e3c28ba73e12ddfd5693d1ca8079702a5ab7865957f369ab2877007%7C41b08bbac80a06aadc57cefc5b8d3db5da5c82dd32a953bddf59b7b0b375d97b; next-auth.callback-url=http%3A%2F%2Flocalhost%3A3000%2F; next-auth.session-token=eyJhbGciOiJkaXIiLCJlbmMiOiJBMjU2R0NNIn0..1YzHK60FMaGgzCC9.1bcPwEgZc8V4gQTVPP2w6Wf8roGoqktxY40jhFZF9m9EC0yjdudx79Gfe03y45-Yno-l8gElhdhSkW6AKmWQCrVxf4146r48B1wwT1yrYaEK1YocL6szaLdcjUUWYvWrSI4EWWMyFbo7vygDM8zbu5JlEKTtAbmcYAEiil3lteG3JOkSCbL15BRMUp5Hru20YVB6-7DpX5tew6vGYW4PssOd1vYcq2suKf5jXnO5etrYgnvHVYmsSg2kPLC9hSoti53zOMN7kT3Or4RHh9vVc18KZ95cpJwkV2-kBw7xYGVPJ1SI9k5EOQ8YbjyYQj1XhVYILcSjzcgOERVciWwbE-hTgFWdLdb4hALD_lCx5Y4Ns0e4rLjyTsHow3409APw3ZJlez0amkthhiPK81vuFrY3PuGGIEac4w17K6NQCdMMRHJ7_pW0eP6R59STtvQTwX-s-cxCQUlsHmhj9TT1fZIWJmZeq6FaWcS0486jE3xmQMAQ17uDEcq7VpdzHUMHNZhFgLYl-j2KzSnOSymvRhJM8-Vk5Yh9GOiP9WO7R5bVB9YamPEsrVVY1x7M92UoPSopHGgBjXoSz_VSbRa3PH7kqGOTxAyvNpUK7Y40xIJO1ERa-u71qrY6yU5f4fowC4Pnv2F8427mZ9Q2VnPy1P0EScejDVi9UFSzTzuFl1VFxG3q2AN9pBOSOPWqiHtDkVNVKpT_RI5a2CtQbVbpfEM0wIzvhIKori9lHyMgeSJnniFVfKEeKgfI3zMWGuYt04oat9sGfRymjM_lNT79f8QHk7AEgMDnAYeGqJbABJboUTCoG0zCc00vFdc145KXdQyX8R8dLvIT8VEU5dzJtxgWV10tBpEwcrWiYgL6bnvlS5CO6AATaibhKT_5dMGAgrHbYQrV2hzpJiBq855D2v_qCuPy2fdjwunZohaHmEp2KxWNOOn8ts69GNOUF7ZPOjVepzYJOKMgcM5ghasx8Q0M6xWM3GVspqRQXZiD91wMnrIp0iY28mUiK2Hwag37iiAfGjdHkdjZ-_WwbPsu0UEfXq_CM4d4dG9qhX01aDwHL5BCOu915t0AuZtBIQQiVjTgkgCGM-UUFMnVPzrLGH3Ye0k66UENmABVeUQx5xYwv7jzy914oXyOWQ2FIkkqnu-9sjrxwjJihqCAvBILKJWWSljp-A0T1Wk23GxrfiBiu9SrXpSDMIQuvY-Ib3NGSRuVAMlZlDFQBKFi-tnXtz-nMu7W6jRTsx-W40SJskBqwHxsCrf44bsqQMvhAz8wYQjIzVUUfoImiISU0KLgAzxBKffFQN8h4Yf6FYi4MLK387UlyADu2zWgTY9XQ0avXxFUtaFcvi1VhsngR6fEzTvuNFnIRthAyC6OyDxo6AtK4J_oKvgc-EV37S4nop0yxi0TQ_C6GPkWzjNeg0iaNjZLFVKWtBbsjQ6Kf5eDzkdSjmuNqz15aF04WaBqquuMyiZh_-luySJcj9vd8Dt2dYVqA_f8xqDylWyBUt8G2Ck-X7KhtdkuslORa_KJKs7mjmMeSakjga-RWGfrrdjY-6KZ8oJmOkV_t51rcC2b6lNQjZ5-xG-eATCg4zXIliI-aExQeIY831YKkGT3TEXsrJk6r8tiDKPwCsN7f2c4Jfqnlx7xHGYMhcqD5XyEoZJ0iJXXrVQTtyaspqweaFhInwGrhSGupHUkJvgAJXOrJvyfZDwBpmKzH8cstHSdfjCQs5eHSmpn6DYuYnjy7GQSvn06QKJo0bsAKx7qsQaNuQ4hungHGHS9OEAQomKXorZ7IlMbO_nJrpUD96GUvWwk_OotnxTISwFWgcol7H7HVmk-G9kWpXNOE_TZ2BFAfRV209i24pxtSvf7EvB_wtm_Q3w2iwuxBkTIwdjRFxKAe9yJDaAXTK3lqZWBR9MvaQCu8wUFtqT-NA929VdLR50Kq1BUP3rz8WGtRZf4XGcSpUsfj_fSW-1G8RaedYMj7thtAZoi3gF7KCVkhAZXv_d5Ilghh3uU3JzZDvTdzlJ3HPJ6oqMS4VkmvSM3ZKuXjS5x5K6eIEhS1GWHBbno8uPkaLSZK9rL1ZpHJdDEFEua-Fc5qd6DFYSmyo799T3jShNrrm-q62WO8GocEQ.MnB-Jxj-0yv8OR_TpzqQSw',
  'if-none-match': 'W/"85b7e-RhvX/saba1TNHZcivjK63NsWgYk"'
}
[requireAccess] Detected JWT
[TenantPlugin] Pre-hook triggered for: findOne
[TenantPlugin] Options: {}
[requireAccess] Authenticated user: {
  roles: [],
  isOwner: true,
  isSuper: true,
  isSaby: true,
  isAgreed: false,
  createdBy: null,
  otp: null,
  otpExpires: null,
  otpVerified: true,
  phoneNumber: null,
  isPhoneVerified: false,
  isEmailVerified: true,
  avatar: 'https://halocrm.s3.us-east-1.amazonaws.com/user/avatar-09.webp',
  status: true,
  deletedAt: null,
  _id: 68e4cb96d180b0285d9a701d,
  firstname: 'Debby',
  lastname: 'Adebowale',
  email: 'saby@saby.ai',
  password: '$2a$08$o1.0/o0J3cDHswtnBPpdO.0KNYtXslW0gYv8ZcwaRkUdsupCw5dH.',
  userId: '0YXBcDcxPH',
  tenantId: 'hWiWJ_X0m6',
  createdAt: 2025-10-07T08:13:10.710Z,
  updatedAt: 2025-10-10T19:17:53.368Z,
  haloId: 'HL-00030',
  __v: 0
}
[requireAccess] Resolved access: user
[32minfo[39m: GET /v1/submissions?limit=25&offset=0 304 - 2018.802 ms
[32minfo[39m: OPTIONS /v1/submissions?limit=25&offset=0 204 - 0.500 ms
[requireAccess] Checking access for endpoint: /v1/submissions?limit=25&offset=0 {
  permissions: [],
  scope: undefined,
  environment: undefined,
  jwtOnly: false,
  apiOnly: false
}
[requireAccess] Incoming headers: {
  Authorization: 'Bearer eyJhbGciOiJIUzI1NiIsInR5cCI6IkpXVCJ9.eyJzdWIiOiI2OGU0Y2I5NmQxODBiMDI4NWQ5YTcwMWQiLCJpYXQiOjE3NjEyNTk5MzAsImV4cCI6MTc2MTI2MTczMCwidHlwZSI6ImFjY2VzcyJ9.HQbBYeIGYRIxGT89R8RdoHP3FytkOZQGF23VpQV5sQc',
  'x-api-key': undefined,
  requiredPermissions: []
}
[requireAccess] Full request headers: {
  host: 'localhost:4000',
  connection: 'keep-alive',
  'sec-ch-ua-platform': '"macOS"',
  authorization: 'Bearer eyJhbGciOiJIUzI1NiIsInR5cCI6IkpXVCJ9.eyJzdWIiOiI2OGU0Y2I5NmQxODBiMDI4NWQ5YTcwMWQiLCJpYXQiOjE3NjEyNTk5MzAsImV4cCI6MTc2MTI2MTczMCwidHlwZSI6ImFjY2VzcyJ9.HQbBYeIGYRIxGT89R8RdoHP3FytkOZQGF23VpQV5sQc',
  'user-agent': 'Mozilla/5.0 (Macintosh; Intel Mac OS X 10_15_7) AppleWebKit/537.36 (KHTML, like Gecko) Chrome/141.0.0.0 Safari/537.36',
  accept: 'application/json, text/plain, */*',
  'sec-ch-ua': '"Google Chrome";v="141", "Not?A_Brand";v="8", "Chromium";v="141"',
  'sec-ch-ua-mobile': '?0',
  origin: 'http://localhost:3000',
  'sec-fetch-site': 'same-site',
  'sec-fetch-mode': 'cors',
  'sec-fetch-dest': 'empty',
  referer: 'http://localhost:3000/',
  'accept-encoding': 'gzip, deflate, br, zstd',
  'accept-language': 'en-GB,en-US;q=0.9,en;q=0.8',
  cookie: 'next-auth.csrf-token=f11f82856e3c28ba73e12ddfd5693d1ca8079702a5ab7865957f369ab2877007%7C41b08bbac80a06aadc57cefc5b8d3db5da5c82dd32a953bddf59b7b0b375d97b; next-auth.callback-url=http%3A%2F%2Flocalhost%3A3000%2F; next-auth.session-token=eyJhbGciOiJkaXIiLCJlbmMiOiJBMjU2R0NNIn0..qo_orePvOQQ6di4p.WZI-b7G4XYN4f4pV2BwKsVGGniA_bnb_RPYSWl6YS39hWHKXNpfONtTz8-7EQAQzroB82TC2KwWzZZKbz_v7SXMQCop49ehgej-K3JfStzGD4N7RhlGQvOKldFSlx3eKgX_FOw1MIOq3Cg7fjEiwl_TdhWzHHfT9xCrPR-H2KhtFvuts_UmrIxkL-pI8nGRA1PJ8JMH6doY4ngM3ABULanYf_Y4BZgrQ7HmSzWbvOxzKY7C6kU8KLLcR76pfZg-blhvgWN2QKwuIw-GvW9_72YEoF8eh68J10lwF9gJK_rn7bs4OoOAuLLSksk774bqDThgktZeXVoa3r99PBLoTxL7MxjYrIyHqr7VdFVZiUa3Lc4XTywATXk7BOHEgMqlTXGgk5-s9ZJL1BU0kHP1DbK9WsJ5RyXCb5s1GK2J2BT21p5lN0sxo2kQsNSlOMVtvf0kPZWNlyW3uoeMYiS4469p3HkbRRSiD_ZVJootHuOJLjbiBK4Psgvi1p64SC4jPGj-ZhpwtIXKdEm0zAU4mKbb2rDitkBor1zjV5Ng91RgY-oZZHo2kNQJu7BFIYV-32Zwar-uARp4yug_iLTmppoJB6oM6xf-Wga9K3TSGRiSB6eNkU8cRoPYLtzp46ijwhAHt3YEjZvz1eILkq3rM6y6rImGA3Ni0pnRXLmj8K9rWGcOB97GMoSm5J_kT5PG1zshloF1HbTc5gWjFYwA7XgpHUwC2azJ3k7KWnHax8yjEA3rj1PIVE2dOwN_2ouvI5TV3qqsgiu3JRo1R0HLXGFce3eOE3T2v1kuQexCW9hmYZ9E5o3MNLbgftLX6LG_a4h4UXFL4s9muYE4p4vJwrn6rGb7NLdsgJX3i18rVgVQiwGN46pecszxw5UCXqZ2h7Q36WLWI9ONJnhe3Xq3Uo2o2aE2LkNT9hiJjct6WjPJ5KNxwIdrFth1ShOfoD4ordNSxSdoZuYckIuReYYEU98JicvLfUDpfxzO-gszmyMrm6f3GhxQgQn-zC_WE7YGEEH3MsT-Bm2fV4ow3n6CO1F0vFKV_qo5GzXeU0RlKUgdxmO5pyYGhqVGCO63m4Q8s0zgEcSArrcFZzciyG1lJKe-tEJNTCey3TD4ttgfJTyhR-yr4ilcY1gLLn-toTk95eqs06SOK-nbOlMb_k5S1L78y1X5UOO-1yIu-0-XWG5a4lrjmU9ZOfq0WwvupTHEihNNTF7YmuQhtAXzWRdAWMqkH7Abs0fePQfe_gSFM5XCz9QSpR-JVzZUtCxCDaYl7IShKvRFX99nxwz7mzKzNov3c7b1HLlhRFMJcPrthnv6lzmhyyrRhX6P5K_nRHnk4j8YHXnfH7Rtuy0_RV8ryV4AwpAQ5VdZqqesJWFwJ1MxZHfCVyP9aeajdNzsUI8NfH2WxR9VW4x3F7_VChCVHmb9a63H-RlvJLGTbfT_kA5jNjM3hRnOpb1eqyBTfT0AWa_fdk7b3duMLcESAtm937USg0AUE2A9jv3Ln-4qtOB-gbElR75hVEp6_rr5VJ2PUtZoMklBQU5d7KqSJONphAVZH4eZ8TsUBWWxPZei73L6aCaN6Ed8Y_H52MyyJNviYRWcqQnTJU_mP3khFzdxt0_JcGKrih7Q9BhgVTk--MuGOTAH8YEATCQFQdZsaODkeZmcDYIES8wXFAhZ1pHzKeoeLFHpfe_o0BmR7q3benIn8QqJliZZ-FxqGG_ytK_714wmva7d0oI3wTcUFqQjONR0jW-5qiA9rK6EIOUadCmMmk9eI8NOZ2FkBwWD2Gx4FfCN4YZ0mvgT8zMtrgVmuzqH8Q4vgWw_6AZoXf802FwhBcjuYJkyyMom3fF4nJPYscyem0kNonb_8HBI7u9V_s9nfETp8xzTEa-uatl9Bhsa7mP4HxNgRl1J5FlA2EBkuvXHaqrHnTp51R4h7YCkTJo5O0o33QWO7V9xwe8kt7s5ZGfBm-_Prp-9wynRxCffzDHSQYsbNc9vnSqqCjnHy-71c9F6UYnKVhn41nJte1bwUV4iN246m9yfDYoSl_eufWig_wEPeG7-REolUAoRSLgiNk5XwlAlUvJQxb9vRgSMx4K0xeGzTq6XjZYNJdGeG1J6jMnDoS_dbZg.X1yEzAE3aUsptsSNYGjD5Q',
  'if-none-match': 'W/"85b7e-RhvX/saba1TNHZcivjK63NsWgYk"'
}
[requireAccess] Detected JWT
[TenantPlugin] Pre-hook triggered for: findOne
[TenantPlugin] Options: {}
[requireAccess] Authenticated user: {
  roles: [],
  isOwner: true,
  isSuper: true,
  isSaby: true,
  isAgreed: false,
  createdBy: null,
  otp: null,
  otpExpires: null,
  otpVerified: true,
  phoneNumber: null,
  isPhoneVerified: false,
  isEmailVerified: true,
  avatar: 'https://halocrm.s3.us-east-1.amazonaws.com/user/avatar-09.webp',
  status: true,
  deletedAt: null,
  _id: 68e4cb96d180b0285d9a701d,
  firstname: 'Debby',
  lastname: 'Adebowale',
  email: 'saby@saby.ai',
  password: '$2a$08$o1.0/o0J3cDHswtnBPpdO.0KNYtXslW0gYv8ZcwaRkUdsupCw5dH.',
  userId: '0YXBcDcxPH',
  tenantId: 'hWiWJ_X0m6',
  createdAt: 2025-10-07T08:13:10.710Z,
  updatedAt: 2025-10-10T19:17:53.368Z,
  haloId: 'HL-00030',
  __v: 0
}
[requireAccess] Resolved access: user
[32minfo[39m: GET /v1/submissions?limit=25&offset=0 304 - 1219.735 ms
[32minfo[39m: OPTIONS /v1/submissions?status=complete&limit=25&offset=0 204 - 0.328 ms
[requireAccess] Checking access for endpoint: /v1/submissions?status=complete&limit=25&offset=0 {
  permissions: [],
  scope: undefined,
  environment: undefined,
  jwtOnly: false,
  apiOnly: false
}
[requireAccess] Incoming headers: {
  Authorization: 'Bearer eyJhbGciOiJIUzI1NiIsInR5cCI6IkpXVCJ9.eyJzdWIiOiI2OGU0Y2I5NmQxODBiMDI4NWQ5YTcwMWQiLCJpYXQiOjE3NjEyNTk5MzAsImV4cCI6MTc2MTI2MTczMCwidHlwZSI6ImFjY2VzcyJ9.HQbBYeIGYRIxGT89R8RdoHP3FytkOZQGF23VpQV5sQc',
  'x-api-key': undefined,
  requiredPermissions: []
}
[requireAccess] Full request headers: {
  host: 'localhost:4000',
  connection: 'keep-alive',
  'sec-ch-ua-platform': '"macOS"',
  authorization: 'Bearer eyJhbGciOiJIUzI1NiIsInR5cCI6IkpXVCJ9.eyJzdWIiOiI2OGU0Y2I5NmQxODBiMDI4NWQ5YTcwMWQiLCJpYXQiOjE3NjEyNTk5MzAsImV4cCI6MTc2MTI2MTczMCwidHlwZSI6ImFjY2VzcyJ9.HQbBYeIGYRIxGT89R8RdoHP3FytkOZQGF23VpQV5sQc',
  'user-agent': 'Mozilla/5.0 (Macintosh; Intel Mac OS X 10_15_7) AppleWebKit/537.36 (KHTML, like Gecko) Chrome/141.0.0.0 Safari/537.36',
  accept: 'application/json, text/plain, */*',
  'sec-ch-ua': '"Google Chrome";v="141", "Not?A_Brand";v="8", "Chromium";v="141"',
  'sec-ch-ua-mobile': '?0',
  origin: 'http://localhost:3000',
  'sec-fetch-site': 'same-site',
  'sec-fetch-mode': 'cors',
  'sec-fetch-dest': 'empty',
  referer: 'http://localhost:3000/',
  'accept-encoding': 'gzip, deflate, br, zstd',
  'accept-language': 'en-GB,en-US;q=0.9,en;q=0.8',
  cookie: 'next-auth.csrf-token=f11f82856e3c28ba73e12ddfd5693d1ca8079702a5ab7865957f369ab2877007%7C41b08bbac80a06aadc57cefc5b8d3db5da5c82dd32a953bddf59b7b0b375d97b; next-auth.callback-url=http%3A%2F%2Flocalhost%3A3000%2F; next-auth.session-token=eyJhbGciOiJkaXIiLCJlbmMiOiJBMjU2R0NNIn0..c_vIFaV2tnE3SABO.o0otIZanMbLqKygjkSClNtq4hSKFO61qwISUnwPuekzNfz8bO7g8DKyWShXV0q6Y08cVpsEs3vvbv2lclKgh3HcjHLk1SGF2Dgu97CqX-GgHAwDCfMgIHaWQDpioPS0S0j15g8cNhOZOyrmBQchVaAaKed-5yUL7w-Qbf9ISD1-qDrxK-eyZ9F-ZWphN79KQL8lJie03W3rpgg-EF3U8wWFN6Y2W666Yv0cp5xkFHxiV_aoE2OoP-e46Fmv8_kZx7x0Zfm2SUMd6CgzB9q2yRrl0tkKY38TPFn0jvi92cPqhby2kBt15DFUdfffLV0LX9YrxcRwEIytwJ6iYgdbLvzG2kzfcTi-UOaoYXZYQFZp02llsU39bMg03voArj9PEsfs8-Ssh-py8Voic3zDrFslbHkcptLYFXubwGoVquE0WaLos3I_6Q0LD2C2zsV5I5oyOmVnubjRCIP0-NnlYpuanUAYknPrhXuMmshywKJ8ViwHlShX6oiM48hTSnnjVh0VChREle4FZhpVEbxltMi4b5mHc2YBYkNRbKqs6Y_QXbnyAq2uNwRwI-h2RPBWD50fAii6eM2NDULiKkp6SiWaiQ5bdAIjvr_8IuMF-heNmbhc8bZYq1mfiH2_X0Aww_GEGlKwodsYIoDho-sGUTJZgSmFatUjNmjbA6wdHqJo-Ak1pK86u0wrxi4RYZolFazFN6r-pNQ3CWTnIILClvb9tEEjhZ2mv0Que1ubkjskM-9DxkHJQVipG3YNSlsCjnWSgai1jxS0DU_9tunR9XZOuitQW0e7RSaI2_27g5igktaHCy235g0HroHS1EBAe4JtW6ScK2xEykqc3rdMl8ZDHlH7BdQSU7R8N0EsMX2wADqHJe9pa6y5zlI1AKbFH_7E46wtnf9HxJotkIX0ulosltz2UB-4NPV9D2fE2r5T07gWX3Ts3sr4zHQA8H9kJsRvPvwny5bqkcEgIl_05ytH6_wd1CwDmAnFrShAJ12mUUcN4wxPPh35069G1mb8MEzXDm3GzWfu4eycBspH_sQKqFdughTPzU_TB1Hx3zYflKaiYFS5CmKyobmV-OIXlOogK7OPf0_G6yLKlc1ylCAgjQX98Gn_ubzMuUJyw3xECTNeFr6-NgAaU5BpVo8q0U7RpJlksK9dvnAgXVNXj8Ap31CijCyGVB8ukE_1MZ9E9oLflUs-TmFuQxfDY9pJTiTUeQLUrWmzeZr3zqfXEu3hI9dvFJ-FmP08dKbG15yuB-P45HjOqgf3Mj7dptr-bN355zk7cGKq5z1yhj3zusB0Q-nsD0IWL7Sp4jdFW3ln_rO2YIZYB0gVAXiK8dSyT7rUu7snbjmmeyObunduSH7NmQ3EY6Y7MnU3zeqZgXOcV7yB3a9VFtur4TGyzkH7BvqR1Xnwr431AoR6fpvZvTFH9RVvLyHO10djzMUPwR_voxWJz7lq_21EOyPqLUORet6FtdkOzGNposB12csJC-1KC8h45zjsjvdp6aQlMlx_XOqfFfkSSydPdsT3NQOn9GIRgIPbzaw7179Lo9Y7jnJkIYRz9R4gaqhbWOyjH6D-sS573WsXZAUL54YieiGvAmYhr3DCmXHN_NAL5YMIcPAMusJkaWgwJ7ivOniMn1apyhlGYhOsYdJ_d4rx1MiYgC04pIqbttBZV0-0UAlbNIEf9IS2hvj9KkdRgBH5KH2QjbomlfahFwKe_0wCGDeMbXWlWn9KavjpIl0WXj1MZE3568r74kpOxgw7wWqYD7RAE9n5Wg1hgmsl-dlnFzXIGRb8LczVnSX0n9Clo-iXmlGpt_wpC8No16Qclb_dVWxKrfHYg1rddYBafhd073sZnXqKEwonvmnm4ubvoGvYhcxJh8Byxs5RW8TP1YrD_XaqdUhx068_hIufWcl5vF_FFk79ykQHGYHGd0LC8HZXp31BIyOD2DRDC7m7H53JRmzk8fcdVMl_ufIH2ClWrISYShQ9IvR90yUtmujym0RYrYWZw2brMBx9ps0T4eQlfhuj_5BsO5EA-wEyCZDPI2BIhlq-KZy2an6kLovu-uZqRvzrMeCLm5A--qstT_mlMObSu5duW9kryyBOEGa4whnaZi38EywO6PdNfBw.OJTVtTMjfAlL6opU0MPZdQ'
}
[requireAccess] Detected JWT
[TenantPlugin] Pre-hook triggered for: findOne
[TenantPlugin] Options: {}
[requireAccess] Authenticated user: {
  roles: [],
  isOwner: true,
  isSuper: true,
  isSaby: true,
  isAgreed: false,
  createdBy: null,
  otp: null,
  otpExpires: null,
  otpVerified: true,
  phoneNumber: null,
  isPhoneVerified: false,
  isEmailVerified: true,
  avatar: 'https://halocrm.s3.us-east-1.amazonaws.com/user/avatar-09.webp',
  status: true,
  deletedAt: null,
  _id: 68e4cb96d180b0285d9a701d,
  firstname: 'Debby',
  lastname: 'Adebowale',
  email: 'saby@saby.ai',
  password: '$2a$08$o1.0/o0J3cDHswtnBPpdO.0KNYtXslW0gYv8ZcwaRkUdsupCw5dH.',
  userId: '0YXBcDcxPH',
  tenantId: 'hWiWJ_X0m6',
  createdAt: 2025-10-07T08:13:10.710Z,
  updatedAt: 2025-10-10T19:17:53.368Z,
  haloId: 'HL-00030',
  __v: 0
}
[requireAccess] Resolved access: user
[32minfo[39m: GET /v1/submissions?status=complete&limit=25&offset=0 200 - 233.769 ms
[32minfo[39m: OPTIONS /v1/submissions?status=partial&limit=25&offset=0 204 - 0.267 ms
[requireAccess] Checking access for endpoint: /v1/submissions?status=partial&limit=25&offset=0 {
  permissions: [],
  scope: undefined,
  environment: undefined,
  jwtOnly: false,
  apiOnly: false
}
[requireAccess] Incoming headers: {
  Authorization: 'Bearer eyJhbGciOiJIUzI1NiIsInR5cCI6IkpXVCJ9.eyJzdWIiOiI2OGU0Y2I5NmQxODBiMDI4NWQ5YTcwMWQiLCJpYXQiOjE3NjEyNTk5MzAsImV4cCI6MTc2MTI2MTczMCwidHlwZSI6ImFjY2VzcyJ9.HQbBYeIGYRIxGT89R8RdoHP3FytkOZQGF23VpQV5sQc',
  'x-api-key': undefined,
  requiredPermissions: []
}
[requireAccess] Full request headers: {
  host: 'localhost:4000',
  connection: 'keep-alive',
  'sec-ch-ua-platform': '"macOS"',
  authorization: 'Bearer eyJhbGciOiJIUzI1NiIsInR5cCI6IkpXVCJ9.eyJzdWIiOiI2OGU0Y2I5NmQxODBiMDI4NWQ5YTcwMWQiLCJpYXQiOjE3NjEyNTk5MzAsImV4cCI6MTc2MTI2MTczMCwidHlwZSI6ImFjY2VzcyJ9.HQbBYeIGYRIxGT89R8RdoHP3FytkOZQGF23VpQV5sQc',
  'user-agent': 'Mozilla/5.0 (Macintosh; Intel Mac OS X 10_15_7) AppleWebKit/537.36 (KHTML, like Gecko) Chrome/141.0.0.0 Safari/537.36',
  accept: 'application/json, text/plain, */*',
  'sec-ch-ua': '"Google Chrome";v="141", "Not?A_Brand";v="8", "Chromium";v="141"',
  'sec-ch-ua-mobile': '?0',
  origin: 'http://localhost:3000',
  'sec-fetch-site': 'same-site',
  'sec-fetch-mode': 'cors',
  'sec-fetch-dest': 'empty',
  referer: 'http://localhost:3000/',
  'accept-encoding': 'gzip, deflate, br, zstd',
  'accept-language': 'en-GB,en-US;q=0.9,en;q=0.8',
  cookie: 'next-auth.csrf-token=f11f82856e3c28ba73e12ddfd5693d1ca8079702a5ab7865957f369ab2877007%7C41b08bbac80a06aadc57cefc5b8d3db5da5c82dd32a953bddf59b7b0b375d97b; next-auth.callback-url=http%3A%2F%2Flocalhost%3A3000%2F; next-auth.session-token=eyJhbGciOiJkaXIiLCJlbmMiOiJBMjU2R0NNIn0..EipEvwwnCZsst75C.dwpQJifasChtJHBIOybp9y6BYpP7Ws2fofv9BuTKc2OSPTlzkM1c03cOTWrTaKy7y_ksND_O4DYh8rvexpY7fljbl2KXRAXwXSk4X_2O1w5SuM9q_PkKDVF2UJoL5FrY8gU91VVQqEMnQS05Oi2k004vELZfTg5ENrGuRiyaIcdciLCo-3ZX45QlN37pM0s9uKREM8xzV4s1CHAABkfZR4RuG0DtBXKeTS-UW1lUkzXF1lMfsxvbqijDXMAJy5UlR2ypauvYkW6eCroRxCw7nsPiraD6Fk2-8r4UbtGjS4o-aLn6-C1bgiAzHr1jxLVe0v4XRrLNKvCxW8saOtmIuyB1oFNEuJeYvYXaQpFfCzIkEUb8KFZ1sUO1gVygFXENbz0foRb9JRnRtf-WjckncrE9VtHt2p219Wu3f8aF4f8sfGXNEwE5peDoVntGO5tXwDa8VZOyGtw-SsDNE_Ns0vXz-xbHPJdAj9kCpMl9etEzv9o00uCH00aWJ8RHmS89QGp26dKYCAqcwz60AGPf5_VDkEwBVjIQZoZLoCQjBpjQ07BuwudUy_F1PwCE7HEnssTW7_vDvQUAIId4-vzo0ZTKq2AKOIwTuzUMQMSzZnVXB0lsYjuKGQMXp9jM6sNgZUeTli_-E8G-DBjGivSgP5KWfhRZRT2hlOErMosXkO_24m5NvgKwC_cmPRXb-YzVJ_kSxrLo31yLP_LV1uVcRopx7jOKQJYrIpFkmdAQlS9-E9Z21ETvfamqvt1fmyB04kjEWThkEZBiHxtbf6cXuvkYW-N5QyVajGVBa8mMAgMmjfCjFp7nFjkIRRTESt3AASKHJWBhxWWh4dySnZTQHCfHRj9Ld8rpLxBQEqonFXhx3nZRYNV9MXkk6UHsl1ztAw_S2SIfV1ove7s0SpyQX21ldRV_1g1ds0Vm_KgZ3pY4o8RPWuudmLOzJ8rWVyFDrgBfnl8dOayv2gwvj7mpsnkaHVCO-N-TmJJ27pyARDxMoEYFvFE97t_07PN8i6pYC83wPSxXX55-_e9RQGX8FmREZomTf9dK29jmA06gwU6-18xC_pz1ppLIKWz-89BvTwUoDsgbsTOdGp8TDn0wFRXWlYkABaSAZXiRkwK1HJya1MpvZidWOoysjt46IUQR99-aM9kyrXIaduEER1GMo6TqIgRwajqT1TWpuWv2SROSi6ht3heTlh1gW0bR4xaTHIE9Qr0JmUwdlWO80b4zQ-KQVUxXkGlka03a6XWzsTcKWUd8GhOH3mLK--IRiTZ_6dISRddENf1zA26Qv3K7EmpP6N6AKRSY4rQ2OnhROcfvAw_ynIAsCP5PtYn9ApGFqxAbb6iQltdHYJgAO6TlTWBoOXkFXxQ0hKHXu-Wf9SZ4hgD8S_e9hTshOMfU66tSPpl0pOj99brgs8ESYi5AkvH2VMzv0cuvEEzbUb_JnziwaPJRx6-p65h4hGNR3rs7-j_WEJFBLNMeW4maxhVwQZkeSmSpZ_mVJxTZKvMX6rZWKcTgRdKrWIY_6wgQx99-C-rl6FD2WoyaItg_mh3qmahRj5WWhaskutk05Eg0el4_MKnJxfuj2SteDuGBMzBwEG31m_VJenk1_hTLRDqkaqTtOaTGP_Y2Jyjtu3kHvD7YhLEkuXYyf5B10QKNPDsX6W2zU68LDjXqmRYsaUdDb8Hm9WUMBWVsqorVHtFgeTOKzelrnmecM5E94OBlK5X9ama4hVo9LZAGBQbXg9-4xkygMNAyyszEpAHJxCLQGvk7q67c9Nk16md0Y7qj-D1PsJZZoIcMNPaoZr7oHja-jon3jQIBhn2u4A4_qKjhbiab33JmsenmmD0wlIs-bMgVilxJ4C0snWxMOCD4m3kZKQbWj3BUTs5pwQBHSa4YvC1SS0F_hd8nCGrWwYLLkFKDVis6WDbgIht8wBr3-N7bAL7gaUVtBq_aHitmEQwYgEE6k0D-7gSYBwsGjAxvlMJEm8zozIZNAnsO7mjKAUbyaMgT8gu_8Xd9RYwkYxlNvbEfPoTdxaM21a0xcurD5wtHXxiSYYLN9vBAEKs8fTYb8f0nvOS-gA4wevu-WGOh-gSR0FSppidsUSVOCh2sNMFiHo9eUwLjzfSlOw.OWU2bGzTlCLD_wAp0y6gYA'
}
[requireAccess] Detected JWT
[TenantPlugin] Pre-hook triggered for: findOne
[TenantPlugin] Options: {}
[requireAccess] Authenticated user: {
  roles: [],
  isOwner: true,
  isSuper: true,
  isSaby: true,
  isAgreed: false,
  createdBy: null,
  otp: null,
  otpExpires: null,
  otpVerified: true,
  phoneNumber: null,
  isPhoneVerified: false,
  isEmailVerified: true,
  avatar: 'https://halocrm.s3.us-east-1.amazonaws.com/user/avatar-09.webp',
  status: true,
  deletedAt: null,
  _id: 68e4cb96d180b0285d9a701d,
  firstname: 'Debby',
  lastname: 'Adebowale',
  email: 'saby@saby.ai',
  password: '$2a$08$o1.0/o0J3cDHswtnBPpdO.0KNYtXslW0gYv8ZcwaRkUdsupCw5dH.',
  userId: '0YXBcDcxPH',
  tenantId: 'hWiWJ_X0m6',
  createdAt: 2025-10-07T08:13:10.710Z,
  updatedAt: 2025-10-10T19:17:53.368Z,
  haloId: 'HL-00030',
  __v: 0
}
[requireAccess] Resolved access: user
[32minfo[39m: GET /v1/submissions?status=partial&limit=25&offset=0 200 - 194.990 ms
[32minfo[39m: OPTIONS /v1/submissions?status=incomplete&limit=25&offset=0 204 - 0.284 ms
[requireAccess] Checking access for endpoint: /v1/submissions?status=incomplete&limit=25&offset=0 {
  permissions: [],
  scope: undefined,
  environment: undefined,
  jwtOnly: false,
  apiOnly: false
}
[requireAccess] Incoming headers: {
  Authorization: 'Bearer eyJhbGciOiJIUzI1NiIsInR5cCI6IkpXVCJ9.eyJzdWIiOiI2OGU0Y2I5NmQxODBiMDI4NWQ5YTcwMWQiLCJpYXQiOjE3NjEyNTk5MzAsImV4cCI6MTc2MTI2MTczMCwidHlwZSI6ImFjY2VzcyJ9.HQbBYeIGYRIxGT89R8RdoHP3FytkOZQGF23VpQV5sQc',
  'x-api-key': undefined,
  requiredPermissions: []
}
[requireAccess] Full request headers: {
  host: 'localhost:4000',
  connection: 'keep-alive',
  'sec-ch-ua-platform': '"macOS"',
  authorization: 'Bearer eyJhbGciOiJIUzI1NiIsInR5cCI6IkpXVCJ9.eyJzdWIiOiI2OGU0Y2I5NmQxODBiMDI4NWQ5YTcwMWQiLCJpYXQiOjE3NjEyNTk5MzAsImV4cCI6MTc2MTI2MTczMCwidHlwZSI6ImFjY2VzcyJ9.HQbBYeIGYRIxGT89R8RdoHP3FytkOZQGF23VpQV5sQc',
  'user-agent': 'Mozilla/5.0 (Macintosh; Intel Mac OS X 10_15_7) AppleWebKit/537.36 (KHTML, like Gecko) Chrome/141.0.0.0 Safari/537.36',
  accept: 'application/json, text/plain, */*',
  'sec-ch-ua': '"Google Chrome";v="141", "Not?A_Brand";v="8", "Chromium";v="141"',
  'sec-ch-ua-mobile': '?0',
  origin: 'http://localhost:3000',
  'sec-fetch-site': 'same-site',
  'sec-fetch-mode': 'cors',
  'sec-fetch-dest': 'empty',
  referer: 'http://localhost:3000/',
  'accept-encoding': 'gzip, deflate, br, zstd',
  'accept-language': 'en-GB,en-US;q=0.9,en;q=0.8',
  cookie: 'next-auth.csrf-token=f11f82856e3c28ba73e12ddfd5693d1ca8079702a5ab7865957f369ab2877007%7C41b08bbac80a06aadc57cefc5b8d3db5da5c82dd32a953bddf59b7b0b375d97b; next-auth.callback-url=http%3A%2F%2Flocalhost%3A3000%2F; next-auth.session-token=eyJhbGciOiJkaXIiLCJlbmMiOiJBMjU2R0NNIn0..gQv_d2I6gWD0bToK.QfQlI5yZ1i-09ouuRnQtRgLfXGQw67WGSrbz-y2YfvbeyM-HKRioVeZ46K2HJFhk6kE00fiusOYzaH7jX2egHzOBclnlrr90EbCYsPOfrQfQ_LTuX7rdlBjL0zDAZnTJiS9ewoGKFfAJgUQvwMrTRXrrgaqmGr-orIo5tlqCPje7e7-70cnR4a_YGuZQjTCFNsFTzxtgyUbCpIj5sSd5rF-c8Boy0eVlhfNtooB6CbNIPCVGAsik66wLeH1J1pdTYIfX87rsQ38pYJUXTJw04SepK66pZByLbv5J-suS3xAcDLlm_wzG-3JPW2E_8IALcVIZ3YzUI-cn8H4FhLy5tX2BU5r_vWSEWMjR3zc6JHllb9Q-SVvwptjC30pia93xjej3RLiqO6Zd0CIYhmc0vJTkmkukwt9SBEL2X172o_S_f9136is260pUHq4P-Gm5uinc6HgV2SOhDCYs9oUxGtguvcZSCwzNsvnNwDXkKIRela2MuF_RCCdP93WM-rmU5CE3uRHUHXJB7Xu2P0bFxqjTTFzgpxc1cfjtlBx6BqK9HDn0QCetL1aFwLZDpb8G4lU66gSGUFpf609k2Au0bvyYOge41VjWMHrWdZhGG8KmlSvITtCh7IZH7op2UcwT_KrMSxwm36f6jUav_oH75aLlDTqgoDATMQI_wwR6OB7NqLmspIx7QejkRaHYNYmbkJlFyQuMJMjhTiIiVxCDevguIp9vmqVxWYDrGS5HMjwGbDmtWmleY7EoTluUA_-JRSwg40oMjJKICmTChwpcOsJaq8RN5mdE-HgFi2zCQzQtn8dSDoBam4i__z6SjSYzneum1Cc4MPinCAGtpoUQi8dW6mbjvBjBlxdLUrrrkl6z_0HEqVJ8WKs4fhzv8kQ9Yo0jkvPA7ieVHNQKmukjDvuH9jOH2KiYFdpVCsQtaqyZs0sK_sEfz4jTh3V5UnrtE18WhQhFSfmjSVPyyJpXpU7nBgJP23XiRKvEQGLJnmwvlYcL1v52BBXwcUTSOgbD7AXqnKW26nmbg-BKOB2SYtnmV4OHFv17X5sAl_wN_GMsl69NL6ViR--skFTbwDkWVIzloBCulf5NgP244QbpbDgcPCaTFt6k6x_HH1QkXUehGDLOSNZWwS2rwXSkCW2wZpbLZzbAwuigUJ0EQ9a18fNu8n8-Z8mPdTeN3KI7FSbuSV3l3rZe3JRgdiFK6RHnct3xQiFH5JybOsgtBRonzIgXw3WFyUVXy3jpb8OAjdhYdqJ9WB7PsDcad1PxOAW4bCcQyFGKkUfIp7PQvswhVSI87EL6ADJrYR004O2cFM8njk0adaaSlf7mKe1oHQ36DjIK_LQCsFaKThObkO5BJhwfQzsMc-wB-ONQ0uxEc6m9n-0xxfsNWgITRyjbdlvcZeLqPpx_99nHEGmrHfMAy4lrIAOFIbthQkV2M7hX4K7jqi6O2pvE1j_kggMVvKVQpBh-DNHwAvoyw3qIdU5kl3Ttobz6xYmlrK2IPaXh6UL7XLhpemadzuOBR_Ih4Bu-RVmIJQnekm479eh9JE87WgmhZV4jXWkQk4fWSX0iepGOn1-RRM1KM4dVOMl5P74R4Dk_zWjB7qyzG05NbovyckTd45QBXKbeIAsgYnkdEdmR0WmGZx13dnOQnZ7-ES5-aA6AKXraPqK6a2RRbX1Pu1_v770Tzg72NuUdfoULUlapReu5VNHrKWe92yLLpk7ZakFaOMW3SLh8CITti3ehPZXF9WWUlqBlA3vm1xcToTlQgTv-mVHlx1XDzbAjQtyVPjd-IDaGQFwhWBd7Wx0k6Iwd-b-_F_QXtOwehpnnqGdIfsrR81x6MzcX6A1HjNaYuKRoRurT7WWhjkeUg1uylcTOuXA1SCRwDUIa_tCn-b-0Of5q2qxv5YnBhyHs9aLiS5zKqyxoZbG5lOWrn7NjFtS7SLT-NDDXTuOUOihKsOF_drLkAn7Hg7JSMt6cBxbX5mW1PYZToYzTj00qz426KXJua-C1LuVAK8PkwyPYYPG5P3qvc_Y33Hm5unLPxq5mLL1FiGXdHE9ex9G35axae48DIkiwsZKy21plYmv-305hzzU5YyFz_XzxtSsoiOflYOPa0QSlx9zT-Q.jhFvs2dgYc14E__vSS5j6w'
}
[requireAccess] Detected JWT
[TenantPlugin] Pre-hook triggered for: findOne
[TenantPlugin] Options: {}
[requireAccess] Authenticated user: {
  roles: [],
  isOwner: true,
  isSuper: true,
  isSaby: true,
  isAgreed: false,
  createdBy: null,
  otp: null,
  otpExpires: null,
  otpVerified: true,
  phoneNumber: null,
  isPhoneVerified: false,
  isEmailVerified: true,
  avatar: 'https://halocrm.s3.us-east-1.amazonaws.com/user/avatar-09.webp',
  status: true,
  deletedAt: null,
  _id: 68e4cb96d180b0285d9a701d,
  firstname: 'Debby',
  lastname: 'Adebowale',
  email: 'saby@saby.ai',
  password: '$2a$08$o1.0/o0J3cDHswtnBPpdO.0KNYtXslW0gYv8ZcwaRkUdsupCw5dH.',
  userId: '0YXBcDcxPH',
  tenantId: 'hWiWJ_X0m6',
  createdAt: 2025-10-07T08:13:10.710Z,
  updatedAt: 2025-10-10T19:17:53.368Z,
  haloId: 'HL-00030',
  __v: 0
}
[requireAccess] Resolved access: user
[32minfo[39m: GET /v1/submissions?status=incomplete&limit=25&offset=0 200 - 207.561 ms
[32minfo[39m: OPTIONS /v1/submissions?limit=25&offset=0 204 - 0.277 ms
[requireAccess] Checking access for endpoint: /v1/submissions?limit=25&offset=0 {
  permissions: [],
  scope: undefined,
  environment: undefined,
  jwtOnly: false,
  apiOnly: false
}
[requireAccess] Incoming headers: {
  Authorization: 'Bearer eyJhbGciOiJIUzI1NiIsInR5cCI6IkpXVCJ9.eyJzdWIiOiI2OGU0Y2I5NmQxODBiMDI4NWQ5YTcwMWQiLCJpYXQiOjE3NjEyNTk5MzAsImV4cCI6MTc2MTI2MTczMCwidHlwZSI6ImFjY2VzcyJ9.HQbBYeIGYRIxGT89R8RdoHP3FytkOZQGF23VpQV5sQc',
  'x-api-key': undefined,
  requiredPermissions: []
}
[requireAccess] Full request headers: {
  host: 'localhost:4000',
  connection: 'keep-alive',
  'sec-ch-ua-platform': '"macOS"',
  authorization: 'Bearer eyJhbGciOiJIUzI1NiIsInR5cCI6IkpXVCJ9.eyJzdWIiOiI2OGU0Y2I5NmQxODBiMDI4NWQ5YTcwMWQiLCJpYXQiOjE3NjEyNTk5MzAsImV4cCI6MTc2MTI2MTczMCwidHlwZSI6ImFjY2VzcyJ9.HQbBYeIGYRIxGT89R8RdoHP3FytkOZQGF23VpQV5sQc',
  'user-agent': 'Mozilla/5.0 (Macintosh; Intel Mac OS X 10_15_7) AppleWebKit/537.36 (KHTML, like Gecko) Chrome/141.0.0.0 Safari/537.36',
  accept: 'application/json, text/plain, */*',
  'sec-ch-ua': '"Google Chrome";v="141", "Not?A_Brand";v="8", "Chromium";v="141"',
  'sec-ch-ua-mobile': '?0',
  origin: 'http://localhost:3000',
  'sec-fetch-site': 'same-site',
  'sec-fetch-mode': 'cors',
  'sec-fetch-dest': 'empty',
  referer: 'http://localhost:3000/',
  'accept-encoding': 'gzip, deflate, br, zstd',
  'accept-language': 'en-GB,en-US;q=0.9,en;q=0.8',
  cookie: 'next-auth.csrf-token=f11f82856e3c28ba73e12ddfd5693d1ca8079702a5ab7865957f369ab2877007%7C41b08bbac80a06aadc57cefc5b8d3db5da5c82dd32a953bddf59b7b0b375d97b; next-auth.callback-url=http%3A%2F%2Flocalhost%3A3000%2F; next-auth.session-token=eyJhbGciOiJkaXIiLCJlbmMiOiJBMjU2R0NNIn0..HTUhn99pA3mkGMAx.5a0Sn11r02WrVLq1DA1LvCuVA9lhD1rev6DpzZE0_KSy0XiKlwSP4hM6m2Xkgc1ZcIc4m51mxImgM8XxhaLgcfVkCqf8VvfKsihLNjqhWOu7gqeRl8-jws6u7wkhP2N-1FvuU4FfcHgLPmhS9pRUhFk7tLYahVCyoMkYg-fwl1EpUhT-orDKjaOCy-Eaa1KvED2BaRIGsKomoKGbgRKRJ_5WcB_BZjBrEdXEPjrKAdlDzg-YZpcjmGWpdQWLKxZr1HzsvR6AMsRXfPsC3TidbcA-sBQGABI8Cmc5xM8rzoXOpK7JOTWiO1F9fiySfEbmBRtle01EGoF24oW__uV_PsBBLz7FBxllk4zWOnmzryLozdZP_qoO1C1Wjfc36abTYMmka7-aZP6fsapSeDpP0vE-M0Gvyi7YSnM0gIsrlZoaEOE5KVKAPr9S6mk_TGiIB53UlJlQb0Hoq67a_4wPQEYamRRlN1ErLs_Yp3oLJ5npsBqlSjic2oMb2VQUV59eEPg7_1nlqK1yvr2ympYxpkHlihS1yGgWIM3maYRmrWme_YUL9pL20I7wH_9HG-VVu67HBTb5rpMaQ6L_S-TWb3_t6o20rxyn8Xwc2rnt0jKNzdh_CMaxfl8jFUKZH2CbKfMVwgqvf-2RHI7N2wkYOEmkDlyjUQGCu-V5m7aImdubUT3NTlpUhRyGZC9DhA_4S8KIQtHDuivztVHxHFNIMnlT61M885HTOCCHyHRKnjL33XyO5Dk-6Rz6dPL5hq_dKaCnl61MZyABGb4tj5HDjknAV8r-glvRW2gWCw3opv-q0jJ25cv2F8AFr7gx5D4Y3A9Jiy4WYSU1XeDQUJVPYxcUnKyaLgfKZsAHeVtAthWNjdt73VCbMSLkKO0oGbS0GnlimcuXqZPPp7MmXahRR4cP7EMJMY41E_Xqf_FaO-T0AQa-iAR5o72arjfiQF5joj9qDF9NViKGya8jd7f_7YtlAirZtbAL_RuA5bDrpIXxd2GfDPpGppfsdaHa8d1DHP9QnrRhk_yIkbIcjSRQ3HPjaenjA8Nhztb1gu5IZP8RmHDvxQm_QC1XgKKmIiGKP0uPkxIgqVuZwuk4u4FRm-8v6l_o_KP2TWA1q4Z2VNcrCd3PYjws2EkiHi54lfFcn2mpOXpe7OjQyxS3UpeCDFTIEU_JXyfnIkcKVN3lBirjhn7UGvmSRqHuv-oeDdBtHNN7VKIv9dhrwOT_zLfAUzzh7-b6HuTAFNgTLBiier6hZw7wqwcF2OjLmRWsZKlXD9lR69LgJYUcYsauVLVghgQrqSDmzeLPoqqPiCUhCwIVGUS7rU29XnBg2vCEkVjr1H6yUAcq2D4QV90iIEKaYuAle70OJeRGCS7YkINrODimxAVTWQ9DVqrPP0LqKBxyIATs_7D3B4uAH0yMiUzKfQXqZIkgqtBvzaxKTYYSrMX2wrOJbcGGbGIwAcyoYNgcr93hTfTq4ozeBl10Dx_viM1pk-GLz_SiDtwPVOTK0jsP4My2yrg2GMpOFB39AP49KGlseTcKrDE1LZKnPA9VUiIiEtQ9jHPM_VC8cocEU20w0R6T_hUQIL5bqowp9BlTjkTd32RJVds8pk0Wu8Y6d0EgGnFcP06mgjasgwjJfxxNrjb7-YcjNj_ngCuFTtCFwZovQ1W5Xsm9yKiPwqPFpvCkAccgjOgyaBb-6akMRbZcCjgxjjPSLN9j4yG2kAdfrnE5pucUiaZbwB9jqZlOxe7MyKLyPSiLn0bj98niPkAw36ffnspOqBxGdaI6DCY7jsGT_3lZKz4Si_p7x3y1v9aQyw6BQJpEcDCXe2Tr5rpm56SeZKF9aiaZenH1dCvTpyLf5NxErWRMSA9VWit34hX6FA0LdXh6aNocCPZCVhNj0jDnLYL7vmGgd1k3HuW8Xy3Exs6TZgO0x0dcDagf-YZCnF1cBOG74LD4ZClchVM9LPWu2nxj0PXMAd7HJdHCpSoMWxujxhfDlFO0Fjp2nDcwGfSKxsjugVUafLfW5XLsmGN_eTYHI0HhuMP5CORsL04UldKsjQd0QIhEMh8CGszif2Mj8gidUmNUukpiiFXfhuo0jL1dmCtmDIibHjg7xx13TTDC9r17ig.tPiNs2Cxe493AlUI4tH6hA',
  'if-none-match': 'W/"85b7e-RhvX/saba1TNHZcivjK63NsWgYk"'
}
[requireAccess] Detected JWT
[TenantPlugin] Pre-hook triggered for: findOne
[TenantPlugin] Options: {}
[requireAccess] Authenticated user: {
  roles: [],
  isOwner: true,
  isSuper: true,
  isSaby: true,
  isAgreed: false,
  createdBy: null,
  otp: null,
  otpExpires: null,
  otpVerified: true,
  phoneNumber: null,
  isPhoneVerified: false,
  isEmailVerified: true,
  avatar: 'https://halocrm.s3.us-east-1.amazonaws.com/user/avatar-09.webp',
  status: true,
  deletedAt: null,
  _id: 68e4cb96d180b0285d9a701d,
  firstname: 'Debby',
  lastname: 'Adebowale',
  email: 'saby@saby.ai',
  password: '$2a$08$o1.0/o0J3cDHswtnBPpdO.0KNYtXslW0gYv8ZcwaRkUdsupCw5dH.',
  userId: '0YXBcDcxPH',
  tenantId: 'hWiWJ_X0m6',
  createdAt: 2025-10-07T08:13:10.710Z,
  updatedAt: 2025-10-10T19:17:53.368Z,
  haloId: 'HL-00030',
  __v: 0
}
[requireAccess] Resolved access: user
[32minfo[39m: GET /v1/submissions?limit=25&offset=0 304 - 1347.622 ms
[32minfo[39m: OPTIONS /v1/submissions?perm_enabled=true&limit=25&offset=0 204 - 0.364 ms
[requireAccess] Checking access for endpoint: /v1/submissions?perm_enabled=true&limit=25&offset=0 {
  permissions: [],
  scope: undefined,
  environment: undefined,
  jwtOnly: false,
  apiOnly: false
}
[requireAccess] Incoming headers: {
  Authorization: 'Bearer eyJhbGciOiJIUzI1NiIsInR5cCI6IkpXVCJ9.eyJzdWIiOiI2OGU0Y2I5NmQxODBiMDI4NWQ5YTcwMWQiLCJpYXQiOjE3NjEyNTk5MzAsImV4cCI6MTc2MTI2MTczMCwidHlwZSI6ImFjY2VzcyJ9.HQbBYeIGYRIxGT89R8RdoHP3FytkOZQGF23VpQV5sQc',
  'x-api-key': undefined,
  requiredPermissions: []
}
[requireAccess] Full request headers: {
  host: 'localhost:4000',
  connection: 'keep-alive',
  'sec-ch-ua-platform': '"macOS"',
  authorization: 'Bearer eyJhbGciOiJIUzI1NiIsInR5cCI6IkpXVCJ9.eyJzdWIiOiI2OGU0Y2I5NmQxODBiMDI4NWQ5YTcwMWQiLCJpYXQiOjE3NjEyNTk5MzAsImV4cCI6MTc2MTI2MTczMCwidHlwZSI6ImFjY2VzcyJ9.HQbBYeIGYRIxGT89R8RdoHP3FytkOZQGF23VpQV5sQc',
  'user-agent': 'Mozilla/5.0 (Macintosh; Intel Mac OS X 10_15_7) AppleWebKit/537.36 (KHTML, like Gecko) Chrome/141.0.0.0 Safari/537.36',
  accept: 'application/json, text/plain, */*',
  'sec-ch-ua': '"Google Chrome";v="141", "Not?A_Brand";v="8", "Chromium";v="141"',
  'sec-ch-ua-mobile': '?0',
  origin: 'http://localhost:3000',
  'sec-fetch-site': 'same-site',
  'sec-fetch-mode': 'cors',
  'sec-fetch-dest': 'empty',
  referer: 'http://localhost:3000/',
  'accept-encoding': 'gzip, deflate, br, zstd',
  'accept-language': 'en-GB,en-US;q=0.9,en;q=0.8',
  cookie: 'next-auth.csrf-token=f11f82856e3c28ba73e12ddfd5693d1ca8079702a5ab7865957f369ab2877007%7C41b08bbac80a06aadc57cefc5b8d3db5da5c82dd32a953bddf59b7b0b375d97b; next-auth.callback-url=http%3A%2F%2Flocalhost%3A3000%2F; next-auth.session-token=eyJhbGciOiJkaXIiLCJlbmMiOiJBMjU2R0NNIn0..xi2Dxrx9KcexqPtc._B5fNDM43G2RfhKc1YUvjK5OjcYCa5Fotd1QEhJAczepVu8aYRyGKUdNnf0Ke-Y3qXx8nc25iZslADDnN-gSliunXhIemZJ8KL9E4G82495Kr2GyYEpQIB4QL2i0qJTWowT7KI5b5-7Fc2PnEhabvs1wy6Gn5TDRozrF7R_FZtGY6qfKbLeiu4mgYcWS3uap3Iwe-k3no2Zb_6DbmOfu4dLYoxgro6NeIafBy29QUO5bnRplTTw_PcMI7G-oUtVIoIBPK3IRvZqaTtFoTJAu_-cdczDEJh7iEsepVuho7khN-CfsERp2TcS738RBi71WggaL15jhWLbZmNpV1puM8Tlgmw-kDNk5qnc4vZaHduu8mmDC0UWR167PokhCtGVZNYRN2wXo9-1MVdh6aVC3uzQEOF262ki6Sqflb9GttapSVQ6C2njaa7y0Sp3vEWm9XSDXBYDd1P3gxQh-J0gQ2Szb6OKR_HT8DxSlodrNMqJjshI_MYmHYTqF5XUfysbK23gimr0JospKoZVsCpN8EXGd6T_49hoCU8cOnghBJaP-dCX9aAynI6dCpJ5QBRDlAYq4iY51JSuBpq5dgTq_S3CHu0_q8j-qpAKG7oqdBCbHxHMU9z86njsJDZOwPWk0ict3VjWfMTX8XOIFlrGmpnAefxunQrj_k7m6lpE3yOnmCgDkdf3urJuGqP99poDdlkpEZTHgNCrnFRC_A3hHG32JcEMWEUQfhCOLDCzgHgcR9E7fL8rw-CTchAm2TvSiQK-JggI2i8hxz0qM67kUAf8tb681pB_n1XiPHtuvxDYOTKOrPXzGMAcL9f-MU1QSWVgCuIOAurcHHf7hxvAGYsFZY6lnPiHDzFNbwx269Jtjjkj7ryKQFaG_KGuQuAykKu5FFys2eAE3p3Mps7wMdw14XyLXwwUKmckmc4oBSzAh9xbcxO5_oKZ0O6dcUVEu_00fFHlg9NTMCB3TcLsXELtyMGdtjbzfDE0hqG8wx15bazfc4SxCle7UYL2pTuXqwVFA-GCDI0rXU6hXlsOtRZTzcRFARzQyH_MCetYyBkaU35ggqHWQ4rT8K_M9gK38fsYJIFgxYo5fFl4Rnoy-Kjiijp_Fr_X5NJCSX1f7Tg_rGRrCamCVgMHn_nxlUpIfsNXYtrIFwJUZAgYjrLLjfAe0pIvGWCc6vAo0YKlqxZ1p9sSsGPwuFLQDmxA4Rl6aavIW4DvnWwYHA6XgtqMRX49emV3ZSIJDWiWeybjvUU1V85hNVQEgm3jAHRBWW2I4xAUSKy_Z7NtBtIky0u16LzANNtIHPfdgZMkf3TKJfewBok8eJmL3ECOets2XlcMs6rvw8mPBfOPv_fWCwyEjXUnAE7kL1Y-dC5en3xr15p5pfZXWU5zXAAAnld9696rwbPTAjH_GLi_r0dl-bhK222YIZ2zGTmBUcS76I4dgnesBn3FjNc11STpWyO16FQ3-mEvCHineB4Eycm6HkAVLBt7xCwau7TCIOfT5NvIHlnxUsPwKWEyyH8kr9X0WAPJXBjksH5zYfpsEJedvqSPPBpT37nZ9WBf6uyFpfA4A1-cMZjlYwllgLFnsmofuozj8aBWQlSv9OppA6YSVsrdG1V55mk8u_vgMMfTIpI_YmMhKrLHfGda5B0YEGlz2F6rSpSChDI75U1lI3sveVTZVJC_-YQLSTUUXszcJj1zx5FaGmfwV9A9UYgksqvOpoavaYb8Fb6JhSulfgzvXyXcciSgSLcVTy-wu82YO0Q2XfLCsYoZ6Z8nSIPEj-9MO53dEhXWVJry_y2KjGNhAPVnATHIJffc38puVI9eSyu2kgnYWbamzLWYi5nnT2DxAZEg_K6q9szlhI23ojvqY_QVsyjAJRIO0GnvM49UHhQK5azxwfYuZeLpRXCkxXkviApB_BcawN_GjY6-B_HFs79hcfgXYPhNRNg0MQB4PK2lc9ehBYV5veKfVPg0g2otJ1r9kwxwv9ugwVYHPRt5aC1_7bbNUPV1lp3B0YClJmvGiotMlKxaBuXQUvg2w1k2Df95JQPOk9tU7rVBGCig6qdKuXHP5Cn0vbhhYtOjFxmxl9MT-W5DodRRSvBGJGzDRW17vN1BrSUlaXdSgsw.ykFJ7Xl3bnATQzRtNn78WA'
}
[requireAccess] Detected JWT
[TenantPlugin] Pre-hook triggered for: findOne
[TenantPlugin] Options: {}
[requireAccess] Authenticated user: {
  roles: [],
  isOwner: true,
  isSuper: true,
  isSaby: true,
  isAgreed: false,
  createdBy: null,
  otp: null,
  otpExpires: null,
  otpVerified: true,
  phoneNumber: null,
  isPhoneVerified: false,
  isEmailVerified: true,
  avatar: 'https://halocrm.s3.us-east-1.amazonaws.com/user/avatar-09.webp',
  status: true,
  deletedAt: null,
  _id: 68e4cb96d180b0285d9a701d,
  firstname: 'Debby',
  lastname: 'Adebowale',
  email: 'saby@saby.ai',
  password: '$2a$08$o1.0/o0J3cDHswtnBPpdO.0KNYtXslW0gYv8ZcwaRkUdsupCw5dH.',
  userId: '0YXBcDcxPH',
  tenantId: 'hWiWJ_X0m6',
  createdAt: 2025-10-07T08:13:10.710Z,
  updatedAt: 2025-10-10T19:17:53.368Z,
  haloId: 'HL-00030',
  __v: 0
}
[requireAccess] Resolved access: user
[32minfo[39m: GET /v1/submissions?perm_enabled=true&limit=25&offset=0 200 - 1303.181 ms
[32minfo[39m: OPTIONS /v1/submissions?perm_enabled=false&limit=25&offset=0 204 - 0.598 ms
[requireAccess] Checking access for endpoint: /v1/submissions?perm_enabled=false&limit=25&offset=0 {
  permissions: [],
  scope: undefined,
  environment: undefined,
  jwtOnly: false,
  apiOnly: false
}
[requireAccess] Incoming headers: {
  Authorization: 'Bearer eyJhbGciOiJIUzI1NiIsInR5cCI6IkpXVCJ9.eyJzdWIiOiI2OGU0Y2I5NmQxODBiMDI4NWQ5YTcwMWQiLCJpYXQiOjE3NjEyNTk5MzAsImV4cCI6MTc2MTI2MTczMCwidHlwZSI6ImFjY2VzcyJ9.HQbBYeIGYRIxGT89R8RdoHP3FytkOZQGF23VpQV5sQc',
  'x-api-key': undefined,
  requiredPermissions: []
}
[requireAccess] Full request headers: {
  host: 'localhost:4000',
  connection: 'keep-alive',
  'sec-ch-ua-platform': '"macOS"',
  authorization: 'Bearer eyJhbGciOiJIUzI1NiIsInR5cCI6IkpXVCJ9.eyJzdWIiOiI2OGU0Y2I5NmQxODBiMDI4NWQ5YTcwMWQiLCJpYXQiOjE3NjEyNTk5MzAsImV4cCI6MTc2MTI2MTczMCwidHlwZSI6ImFjY2VzcyJ9.HQbBYeIGYRIxGT89R8RdoHP3FytkOZQGF23VpQV5sQc',
  'user-agent': 'Mozilla/5.0 (Macintosh; Intel Mac OS X 10_15_7) AppleWebKit/537.36 (KHTML, like Gecko) Chrome/141.0.0.0 Safari/537.36',
  accept: 'application/json, text/plain, */*',
  'sec-ch-ua': '"Google Chrome";v="141", "Not?A_Brand";v="8", "Chromium";v="141"',
  'sec-ch-ua-mobile': '?0',
  origin: 'http://localhost:3000',
  'sec-fetch-site': 'same-site',
  'sec-fetch-mode': 'cors',
  'sec-fetch-dest': 'empty',
  referer: 'http://localhost:3000/',
  'accept-encoding': 'gzip, deflate, br, zstd',
  'accept-language': 'en-GB,en-US;q=0.9,en;q=0.8',
  cookie: 'next-auth.csrf-token=f11f82856e3c28ba73e12ddfd5693d1ca8079702a5ab7865957f369ab2877007%7C41b08bbac80a06aadc57cefc5b8d3db5da5c82dd32a953bddf59b7b0b375d97b; next-auth.callback-url=http%3A%2F%2Flocalhost%3A3000%2F; next-auth.session-token=eyJhbGciOiJkaXIiLCJlbmMiOiJBMjU2R0NNIn0..waW5dmz43rlYfRwN.r0IeSM84ipuck7by6yZWYqS08UhJ-OJfVPpOc48PJZj_fxV_mi3EiZ9sYKwnPqkdWgZ2WvDAMrO1sWC39GlLEWZaWW6pGtPDl-GU6vXuMR2cTjIP5c4KXl1Of4YJS9C4JPuuJerZaO3ug5uZpDBhjddt3PRrQh04UxsW0s6xZlxTSktWn86n7TmwnjWP_226GIaeWzd7giaC6SSktFMSo5HCPaPwGn6ljj1giJyJlufzvdzHCwELzkVtergiXfN_MnhuBJQJCyIK9aVnPQCeqllByFT3S3T3-kfMyfLuNzT8U5Klxnuljv0rkLXVJfCocUMDkT9ZCaK2hi6kiAJzgEh9XgskPdqv0wD6lfS16st6-D3QtbRRjloUFicL6zgEyhx59waxRO2i2xy-Br93ZD2JAX0tzelqoNr5K3VF1Re5bxpJLszf-ZHvIRf3Q7ELj4MRIQLU3YVdtk01RRem0MU34RzgIlPtMH_g-CqyED-3Nhsotv362wFs-dqxnEbm_YPXa61EgTjd2dweog_XxrLkfeo87EswM6jI08oJaxqJG6Q1HOLOoVbCc9lKR9IyO_jSAaQS53SLocGGGOtadQnsyAtNro0SWxhw6Rhy6EDv-p6X3yP3vLjmT7OOGVSnzeawSOsnO565IhxZmfWP8VWQ8JVzdk5VCXEqy48_IElDMF5KQFOVMkme4FoyC1XZ1mL-fIo9uPigUouv472B5J5Aa9b88_O6WdKd2toj6cJv3apvUXuZ5MbpYn9aBDrt5yX_3HtMsGvKxxvqA0mu-xdLBxPuN5nIHh_lgLxuz3baeLuBTvs7-WC1bn4dR-JCh2PCA-j_jP8G-8Vpf5oI9l2z05A4PT6VJgTlJVMjBjdYYuYYpXALIFoto2M1Z6-0BNhlaim_qQ3KXR6NjgiZiPbi7MUc6S7ZgB2DqlEhb8i26VXAPDyayCEFf5pp1MvfC7X3In4vyWmLUnKGVRnvsGY_hC7CL6vf9prOarlRZXKaWDgXYa_BkwiWqY48ktp44UOMxTgYuHwKI0EeQlNVUL6c2aws1z6sTTk7K0gja6TVacfKPQuwhXqSzOOjFX7Fk1BK3YBdb7HUZ5R4rfTBbYUfhRV4Zt86TGiAwyCdxShn_fYISizufdvStm5NvEIYxv3tL-7V7zNKc53pb-RGS-gyZq_1AMA4Wc4vinQwG8KhFIwz9a8k1zuBfrU5oBjF0v8Lcm35x_tbaAQLjfOMNT4VjULNXY2OG0rr0ZskzpgjB8ZzV_tSRB9feP7djXWYBF50-p97kL_OoVA5r4AhudGAasPJHDkL9fLPjvibDHjc4kLX2es3c79qsFfqdrns5Tu0xm103lOkqQGauXu5c99Ib7E3MQ-xCBTnIkY5ZrTZj1vKvKmpt6H0pyjFMmOAvUre5_c-re4UUNUQTv5gfyC_eiKVXDMhktjavuQ67FhlUHjh7BaRn3I-Eib_3ret0vC1HZcCuVo-sA1d7vwr-K3kDefCGAjhYMwZC9RCUeJteVQSqqvTp5RLwKQhHHTk1WSYrJKlUzONUCuUDjx4eIdaDx4HnUqw7EOEtzzN92PrNxtiQ2jOmnUZKenho18QJ2ExboC6AzmB7UsyL6Fc21Wln8FMqZR6AaFlvCZOyYjLeTzS85_XbBh20xrZ-Ld9AKHAM4thVVUV7GSekhcJkr6cQasBBDcwNgoQcawSkfmAErZNIcpVbJWYr8QeaOr3XmWdsBtgLx4ryKT30K-LsP1wy_JxZs5GwDGjKRYwqVD0LDAns6gpsBC6PjjMc-1x0V_F-LorufkQbk1m5u2iEIakuipXZxJQ7g7DTKJRaPj6d12XWdqV5hLbAljQ-O2KNcRZegNrh0J6XqkDcfj9j7DxjsBGn2hVI_v_tebCK1_x0qfo0y2MztFPj_5X5WUqM7knmmDuma1tIy0lNPw7NtYtpsB9i0LrzS3_bUT2-EKbUj9WyTbvIgaxYsJMjK2fQJVTWMMmpFdLn7i8xga7Ptz11N_GjFWwL0aFRwwCNdarM9H_oBGohciQr-mjdZ5UaD2WeymtwFTgxHinh2TWtLd7mPwb4HI-7actwVRvRcpv2G6A3mQzfbLpByJv4jyTHOMK56pdnpC3xA.y5OlxvHMEZg3ThizlD2hUQ'
}
[requireAccess] Detected JWT
[TenantPlugin] Pre-hook triggered for: findOne
[TenantPlugin] Options: {}
[requireAccess] Authenticated user: {
  roles: [],
  isOwner: true,
  isSuper: true,
  isSaby: true,
  isAgreed: false,
  createdBy: null,
  otp: null,
  otpExpires: null,
  otpVerified: true,
  phoneNumber: null,
  isPhoneVerified: false,
  isEmailVerified: true,
  avatar: 'https://halocrm.s3.us-east-1.amazonaws.com/user/avatar-09.webp',
  status: true,
  deletedAt: null,
  _id: 68e4cb96d180b0285d9a701d,
  firstname: 'Debby',
  lastname: 'Adebowale',
  email: 'saby@saby.ai',
  password: '$2a$08$o1.0/o0J3cDHswtnBPpdO.0KNYtXslW0gYv8ZcwaRkUdsupCw5dH.',
  userId: '0YXBcDcxPH',
  tenantId: 'hWiWJ_X0m6',
  createdAt: 2025-10-07T08:13:10.710Z,
  updatedAt: 2025-10-10T19:17:53.368Z,
  haloId: 'HL-00030',
  __v: 0
}
[requireAccess] Resolved access: user
[32minfo[39m: OPTIONS /v1/submissions?perm_enabled=true&limit=25&offset=0 204 - 0.780 ms
[requireAccess] Checking access for endpoint: /v1/submissions?perm_enabled=true&limit=25&offset=0 {
  permissions: [],
  scope: undefined,
  environment: undefined,
  jwtOnly: false,
  apiOnly: false
}
[requireAccess] Incoming headers: {
  Authorization: 'Bearer eyJhbGciOiJIUzI1NiIsInR5cCI6IkpXVCJ9.eyJzdWIiOiI2OGU0Y2I5NmQxODBiMDI4NWQ5YTcwMWQiLCJpYXQiOjE3NjEyNTk5MzAsImV4cCI6MTc2MTI2MTczMCwidHlwZSI6ImFjY2VzcyJ9.HQbBYeIGYRIxGT89R8RdoHP3FytkOZQGF23VpQV5sQc',
  'x-api-key': undefined,
  requiredPermissions: []
}
[requireAccess] Full request headers: {
  host: 'localhost:4000',
  connection: 'keep-alive',
  'sec-ch-ua-platform': '"macOS"',
  authorization: 'Bearer eyJhbGciOiJIUzI1NiIsInR5cCI6IkpXVCJ9.eyJzdWIiOiI2OGU0Y2I5NmQxODBiMDI4NWQ5YTcwMWQiLCJpYXQiOjE3NjEyNTk5MzAsImV4cCI6MTc2MTI2MTczMCwidHlwZSI6ImFjY2VzcyJ9.HQbBYeIGYRIxGT89R8RdoHP3FytkOZQGF23VpQV5sQc',
  'user-agent': 'Mozilla/5.0 (Macintosh; Intel Mac OS X 10_15_7) AppleWebKit/537.36 (KHTML, like Gecko) Chrome/141.0.0.0 Safari/537.36',
  accept: 'application/json, text/plain, */*',
  'sec-ch-ua': '"Google Chrome";v="141", "Not?A_Brand";v="8", "Chromium";v="141"',
  'sec-ch-ua-mobile': '?0',
  origin: 'http://localhost:3000',
  'sec-fetch-site': 'same-site',
  'sec-fetch-mode': 'cors',
  'sec-fetch-dest': 'empty',
  referer: 'http://localhost:3000/',
  'accept-encoding': 'gzip, deflate, br, zstd',
  'accept-language': 'en-GB,en-US;q=0.9,en;q=0.8',
  cookie: 'next-auth.csrf-token=f11f82856e3c28ba73e12ddfd5693d1ca8079702a5ab7865957f369ab2877007%7C41b08bbac80a06aadc57cefc5b8d3db5da5c82dd32a953bddf59b7b0b375d97b; next-auth.callback-url=http%3A%2F%2Flocalhost%3A3000%2F; next-auth.session-token=eyJhbGciOiJkaXIiLCJlbmMiOiJBMjU2R0NNIn0..Pa5_tP9ZtDllqlRW.EauhDkXkl_dn3QXYuBPyVe46nSFUrG25UwJOMt3kPWBEA_2HgE6SRTou58H3Pml5sE9bNlQMwUnN1U2I3rUdwSJjjIGzgpifF2lqI6ts67Tx2ejrPC9NpyWoXp2upJvTkgCEa-srAEvb9diOJNKybT5yWAjpj5ieHgKAPN-ZOdy85xFeqUwERdn_wAXa1_tBcwxbynMtKonsagtP_vPnLzShdcQVqQndcaxGw83v9xsk8Uynr2tg_DwtMazVxgC_wHZisRENrFLQMSp_lMubp_QrI5DEZLjxtpOrmNN1PcTkX-zSH8MMV2Mnw6pju801wBR9EcfFWBDgt_4onfqq8EtcqVPQ8Y5CRZ7-tTqAk0yE_a3ftp5rqYGsgGl3sEJZM6xCjs4YE4RcTPFM6Ku7q2cYLte0BU5RCGZU-gZtUakPzSQd-IKQrgJKgG-cSKd1naaIoCzgeVwOsmK6pM6TQddBQ2m3cRgwogOk6PhQbw5hgIetbFvD20mSMfbwqMrlolCnkLPgc2-w3kT1DjhyRQsAfiJo5MHPntrO4gnHp87zEbUK9Xrx443kb81UyuWd2KWKD30gWZ1MWQa-1NyVpOXruR62rI4iyq7ue96w2bblW9tcT0kN6iYrWCa4y0thZGdUzgNvyGQJAe1xLreixe8hpWPsllZGZJ0gE_uDKKP4Gc9RgcrUwsjRKVVTC0nbeEPOiy1TYQFJtqhxNFI0KwZpyCzqzKQDWkf39Ak5YmJx6aGQjrcU_ScsZK8aldawU3iWTZZHRdIdgXQ2UNJwJXRoYhzUP0jZk_Omey4sZXmTI_VBpy8WBaZm5n0ixihRyU3Fdrl7E2MwqLOkdpHnREtiK7YjSZt8dNjBaD-DsQ04t9yGeON4VnpOhMB7ugCiRUoyzjv7EClA1VYSXC0mhr4fNKc6WfhJDRplz1Z1l2TM0knMvKcTyLm50Gj7z9UqM4RuG4rcEzOx20gvCmXhEyA0CsGrTxPcc-lrh1CyqzpJLV5MaklB61s_c2qdk4QLldQ5jkp9z3IneO4pP0236jUOsB5EFASfmXQnakX0Xo_7YGbM2ItK7xFi8dhdZfRS4CV4rTReQpEbF_B5m-vK5yumUdx49uN1M8zG6lfEs-U8A0ZSYPZFwAtrUAiFukvANjwV25aVeATIRw93ho_pT9Jj7t6hvrvFP5TjYtpB3c8MUip3yKV-acOOiCOOGL-qNK0oDvDNrBy_3MjbHuBFJvdTP4TnmunkESvGmGRydWO5y2n4vsPrb6VrObl9XeWjdfewL9sVOsi3Y2duKxBSwJJnNOoNZ5-QN7ZiLpHM1U09N6P5pOsHrT9-YXNT-CTqTsRWedfsArdCvBRzKTriSZc7EktpI46269j0zadKTkc1xbTvWCAQCaNFyVM4i_gIQsldVJ7MZIOVIMvMzaJ0bQRP_M7_WIWS_0UCUp6I-sBPDaqO1pQQ2kVYhCpwst1F1yWyGOssD4I0-dmajwyz6538hx7fxZQdgU_6gLegds0Z7QGSdtjLPbAvbs9HN4-ccyLvNT0ISyHJlLILQUxeSX76hrzQG6BjRkp0Cxl4yh0Ds1lr517T9cooV5U7SznT1ZNMJJQFe_vVOEZT9gGLHLDbLlMfYQT3zidbWchq41u_kzO5AaAbSFzaG1rmhy-NmMc-qaGgmJ0cX0lnwA3kYy28Q39O_UmRZUje-CTivmqkjHsG-IYKJjHN7QeHsEL5GD8xLGu34nklvSLSDzRTNm6awEYGxJdwSWXqif6h4BcO4S4eWZCiAk-h5Z0WsgA0sAZiJXyw_rO0_fOVuWxYderi8paaSeZCv2wrxwsoRoMJlZm4KST5gikfXWwaBOGLB0ru3ftBvOrnGhg0wIhXqfXspKjCTpw8jVEHr_9LSAweFk-IT_emECEi1Zu8G8ANv4AXYMdBW2RCkRqwOR22B6-vmxNpuihvoSXVfIgap0HpsqrXNvd1oVKkWLKBXXBqkugo3HoSITulJMqGrvQSInf6wl5difbpyEHu_o2GEI_7GZ43so4endIPo0jKtBX4yTGEp_LLKbtsYobQGKllX2UWcOoW3kCCtvmEc2eG9P9BWrXrDP5Zk9y0CSjvzmuq5MohavEspkVUsw.WZpTgNt25kosFZ0Zyfl4qw',
  'if-none-match': 'W/"85b7e-RhvX/saba1TNHZcivjK63NsWgYk"'
}
[requireAccess] Detected JWT
[TenantPlugin] Pre-hook triggered for: findOne
[TenantPlugin] Options: {}
[requireAccess] Authenticated user: {
  roles: [],
  isOwner: true,
  isSuper: true,
  isSaby: true,
  isAgreed: false,
  createdBy: null,
  otp: null,
  otpExpires: null,
  otpVerified: true,
  phoneNumber: null,
  isPhoneVerified: false,
  isEmailVerified: true,
  avatar: 'https://halocrm.s3.us-east-1.amazonaws.com/user/avatar-09.webp',
  status: true,
  deletedAt: null,
  _id: 68e4cb96d180b0285d9a701d,
  firstname: 'Debby',
  lastname: 'Adebowale',
  email: 'saby@saby.ai',
  password: '$2a$08$o1.0/o0J3cDHswtnBPpdO.0KNYtXslW0gYv8ZcwaRkUdsupCw5dH.',
  userId: '0YXBcDcxPH',
  tenantId: 'hWiWJ_X0m6',
  createdAt: 2025-10-07T08:13:10.710Z,
  updatedAt: 2025-10-10T19:17:53.368Z,
  haloId: 'HL-00030',
  __v: 0
}
[requireAccess] Resolved access: user
[32minfo[39m: GET /v1/submissions?perm_enabled=false&limit=25&offset=0 200 - 2146.318 ms
[32minfo[39m: GET /v1/submissions?perm_enabled=true&limit=25&offset=0 304 - 4024.500 ms
[32minfo[39m: OPTIONS /v1/submissions?limit=25&offset=0&perm_enabled=true 204 - 1.443 ms
[requireAccess] Checking access for endpoint: /v1/submissions?limit=25&offset=0&perm_enabled=true {
  permissions: [],
  scope: undefined,
  environment: undefined,
  jwtOnly: false,
  apiOnly: false
}
[requireAccess] Incoming headers: {
  Authorization: 'Bearer eyJhbGciOiJIUzI1NiIsInR5cCI6IkpXVCJ9.eyJzdWIiOiI2OGU0Y2I5NmQxODBiMDI4NWQ5YTcwMWQiLCJpYXQiOjE3NjEyNTk5MzAsImV4cCI6MTc2MTI2MTczMCwidHlwZSI6ImFjY2VzcyJ9.HQbBYeIGYRIxGT89R8RdoHP3FytkOZQGF23VpQV5sQc',
  'x-api-key': undefined,
  requiredPermissions: []
}
[requireAccess] Full request headers: {
  host: 'localhost:4000',
  connection: 'keep-alive',
  'sec-ch-ua-platform': '"macOS"',
  authorization: 'Bearer eyJhbGciOiJIUzI1NiIsInR5cCI6IkpXVCJ9.eyJzdWIiOiI2OGU0Y2I5NmQxODBiMDI4NWQ5YTcwMWQiLCJpYXQiOjE3NjEyNTk5MzAsImV4cCI6MTc2MTI2MTczMCwidHlwZSI6ImFjY2VzcyJ9.HQbBYeIGYRIxGT89R8RdoHP3FytkOZQGF23VpQV5sQc',
  'user-agent': 'Mozilla/5.0 (Macintosh; Intel Mac OS X 10_15_7) AppleWebKit/537.36 (KHTML, like Gecko) Chrome/141.0.0.0 Safari/537.36',
  accept: 'application/json, text/plain, */*',
  'sec-ch-ua': '"Google Chrome";v="141", "Not?A_Brand";v="8", "Chromium";v="141"',
  'sec-ch-ua-mobile': '?0',
  origin: 'http://localhost:3000',
  'sec-fetch-site': 'same-site',
  'sec-fetch-mode': 'cors',
  'sec-fetch-dest': 'empty',
  referer: 'http://localhost:3000/',
  'accept-encoding': 'gzip, deflate, br, zstd',
  'accept-language': 'en-GB,en-US;q=0.9,en;q=0.8',
  cookie: 'next-auth.csrf-token=f11f82856e3c28ba73e12ddfd5693d1ca8079702a5ab7865957f369ab2877007%7C41b08bbac80a06aadc57cefc5b8d3db5da5c82dd32a953bddf59b7b0b375d97b; next-auth.callback-url=http%3A%2F%2Flocalhost%3A3000%2F; next-auth.session-token=eyJhbGciOiJkaXIiLCJlbmMiOiJBMjU2R0NNIn0..VkCHmxQ14xY6VF5S.FTAPuijFdxIrGNocDSKuw_Egeh0sbKWKMFgvHBAfk53jO9zaFpeuBQUxLODkTxHPdGMwnYNrGjt0oxO5L_oRHa8UWgoxPbCP6gaUUKxP0ChD8Zve9aeXOuvJc0UnOHLPD0KjfmNC_qtrDb9by6Evb_jkBbIR3Fww9FGapKLUTHX6aGpxG7mMESpV8oliFgYIEm0YQxUMQb55GWFhXzrGHExkLmDrCki43lzrwiV1osN2_uRlx4tGBXy_Xu1lK0D2laLZ5MlguZG7rThHZPwqLj3Uiz0ENCGdHfKIRhqTZg1JCoQWietfErviyk16gT3ZfnYqggqMYZPNjiUwR1FoK_-rSkgriVLBD4df55BmEKCNcAFtRwiSey4AmhvRGSDMEMl6XpYYpn87fljUpT_QdYFUP743FTNGyGQbWP1AWFSKjEPnDDHbuMD5Y-kh-kvcfJt0GJSzvxS6b5dRPoOKk7ogxQVDdDijgB4At0NbbBNRZRrs9sJAwmAoy9lZ-cgvXB9-K_oyb4YeqJmWMirKraBvXtPR4ImbMEZnrI0faLRL-fRwSd2cq073XlUQPSFzb6AtaYVCFDWOLPWrc6T5CXOdeJJbYhvhIL9pnf0gZHabVNjBoo-gJteD35nrLE9OeIEDguJDc7QA-X0L56MjHfDj2RhKZOKAzeNQ3LWDEV2W-L75rpkWjoxIPw33PlXpqGUZVyrz_omLQGqQhyMO5LuNm5FYjBZs1stebAKu33mTyiZ-zBKfwEEszRxhbMWQqXauMm8MorhbrB1IyqMnr3kd4smhW-XWn5MPKYyIljPwUehZ3trHZXWiKjXY0pUN7SUzzyV6nIT1R4OKfPCIRC9lL9ri4KIQFzt7LtAJ8FeeOi2DvGBZ8rve3LMmtCz5VLHVvRGm4mEL-nnUCWEaHswIgJxnStKOvce9h9VlWJoRqT7yfd8pi9W5Hr3C5RF2bNDXj6tBVJSwnK0X2WenNkUdQsiWW0oBHT2tLmGVuYDfT6QD6ZNb8quVppaYEhBir7CsX826zrPzIqStHxPOxUoWPyPxxRru8MhnXba6aSWvIJiLalTgOqR-OndLeMhG3kB1EtnLp3suBBEYlC3uXn74ECchUPgPgAktHvS2YgyWuNeQ-RX-GcNgcELXOGkvKCQpNFx3fwR-fYo9PIC67ip1tkg8Pj2R5-xxkzQ7nSP5-x_8x8s3z5gamxdT8_bDy8q1zpzQOcWjfL7-u2vJ_N3F9AImTRqHiPR_D_A2FHAeLJqWptBta0NLYtlM6d9GVL-LcRmiJX7xDf7-WNHdamYMiw-dWr7q6HB_etO7eVMX81UMA_PJtUbGYe9WmDxB05scqSriA6wSl9nk4PoTsCbrku_jbyp4qtHLGNtUsAGPSVfA3lFYkLMrUB2AUM5iGZSLsM5lfGNe-udVzsovDb_rd0D9cuLYSeLFGrjSiUEzgJTYZiLWyEksvE2oQbj3QgERmHpCo813Ce7e84YbxszPsBgkPMtElPbe3UmfLohJq2fwVa9uH22trLzWoqM1b3RYRRxNVTViwPbDszcVmMnBIJ6aJoM0pbTwZL7ApulbGJcmfCsEr1zuCZxyo-2GyK9KFekAluFWdkvUA3nCKd9YYYVYOg32cMef-pSgoMPAc9r4rn0Tj0WV0uWx9CFSvGHmpd_zI6IuAJ-BXBFn0Lyuj3v4NlEFt4B8zx_MIRtDJa5niDzkignoxRWFs8TSo6QozHCfBjdGrqxDelWY2tlT6pJoRYDNM8diXfDLoBpwq5f0EjQQd0lYNlSbATnLt1CXoq1MhnYh83s8nbo7p-k0CV0EQNVRIYdOU6YDOgQWxGAxK-qDHCayGDW7tMjNjCa-H_skKQs6SmDACBotLPVZIoF1K8oywXmD-cEaBqyDicbxG6Mv9We1z2IkBNajUElz4obZQuMauEX9qgcV9QVLrdGg6k0hjEyga-5-vEQzWFQVzlgQa9ayHDZc68ZEztBQf4OhhJY1e0m3kmLvbJ_Iyg8QQwOFK8RKxrWxFcyATrF1Bs2_uiDrnRWMqR9IXK0axYnVHOmPSpbcEnwGnhc6EM9okqUFE1lf6PLSB_bV8l6RNaoS6sbJy_Ye9f65OJaTHoLdoG4m6g.QDJ6LqE7zuu3C1ZTCQM3-w',
  'if-none-match': 'W/"85b7e-RhvX/saba1TNHZcivjK63NsWgYk"'
}
[requireAccess] Detected JWT
[TenantPlugin] Pre-hook triggered for: findOne
[TenantPlugin] Options: {}
[requireAccess] Authenticated user: {
  roles: [],
  isOwner: true,
  isSuper: true,
  isSaby: true,
  isAgreed: false,
  createdBy: null,
  otp: null,
  otpExpires: null,
  otpVerified: true,
  phoneNumber: null,
  isPhoneVerified: false,
  isEmailVerified: true,
  avatar: 'https://halocrm.s3.us-east-1.amazonaws.com/user/avatar-09.webp',
  status: true,
  deletedAt: null,
  _id: 68e4cb96d180b0285d9a701d,
  firstname: 'Debby',
  lastname: 'Adebowale',
  email: 'saby@saby.ai',
  password: '$2a$08$o1.0/o0J3cDHswtnBPpdO.0KNYtXslW0gYv8ZcwaRkUdsupCw5dH.',
  userId: '0YXBcDcxPH',
  tenantId: 'hWiWJ_X0m6',
  createdAt: 2025-10-07T08:13:10.710Z,
  updatedAt: 2025-10-10T19:17:53.368Z,
  haloId: 'HL-00030',
  __v: 0
}
[requireAccess] Resolved access: user
[32minfo[39m: OPTIONS /v1/submissions?perm_enabled=true 204 - 1.229 ms
[requireAccess] Checking access for endpoint: /v1/submissions?perm_enabled=true {
  permissions: [],
  scope: undefined,
  environment: undefined,
  jwtOnly: false,
  apiOnly: false
}
[requireAccess] Incoming headers: {
  Authorization: 'Bearer eyJhbGciOiJIUzI1NiIsInR5cCI6IkpXVCJ9.eyJzdWIiOiI2OGU0Y2I5NmQxODBiMDI4NWQ5YTcwMWQiLCJpYXQiOjE3NjEyNTk5MzAsImV4cCI6MTc2MTI2MTczMCwidHlwZSI6ImFjY2VzcyJ9.HQbBYeIGYRIxGT89R8RdoHP3FytkOZQGF23VpQV5sQc',
  'x-api-key': undefined,
  requiredPermissions: []
}
[requireAccess] Full request headers: {
  host: 'localhost:4000',
  connection: 'keep-alive',
  'sec-ch-ua-platform': '"macOS"',
  authorization: 'Bearer eyJhbGciOiJIUzI1NiIsInR5cCI6IkpXVCJ9.eyJzdWIiOiI2OGU0Y2I5NmQxODBiMDI4NWQ5YTcwMWQiLCJpYXQiOjE3NjEyNTk5MzAsImV4cCI6MTc2MTI2MTczMCwidHlwZSI6ImFjY2VzcyJ9.HQbBYeIGYRIxGT89R8RdoHP3FytkOZQGF23VpQV5sQc',
  'user-agent': 'Mozilla/5.0 (Macintosh; Intel Mac OS X 10_15_7) AppleWebKit/537.36 (KHTML, like Gecko) Chrome/141.0.0.0 Safari/537.36',
  accept: 'application/json, text/plain, */*',
  'sec-ch-ua': '"Google Chrome";v="141", "Not?A_Brand";v="8", "Chromium";v="141"',
  'sec-ch-ua-mobile': '?0',
  origin: 'http://localhost:3000',
  'sec-fetch-site': 'same-site',
  'sec-fetch-mode': 'cors',
  'sec-fetch-dest': 'empty',
  referer: 'http://localhost:3000/',
  'accept-encoding': 'gzip, deflate, br, zstd',
  'accept-language': 'en-GB,en-US;q=0.9,en;q=0.8',
  cookie: 'next-auth.csrf-token=f11f82856e3c28ba73e12ddfd5693d1ca8079702a5ab7865957f369ab2877007%7C41b08bbac80a06aadc57cefc5b8d3db5da5c82dd32a953bddf59b7b0b375d97b; next-auth.callback-url=http%3A%2F%2Flocalhost%3A3000%2F; next-auth.session-token=eyJhbGciOiJkaXIiLCJlbmMiOiJBMjU2R0NNIn0..2sj7cW4Rm2Yl4Zyy.3_MqTtKX_VLiCB_-q8XBBiBhfZRme90IUCBbF4oyPDhKLrcClMPBnjza48g3o1q2Of08jMLhG2l31lsIjcd0JDsItK0Mm4i7AqNCByomBG3PniNOmxiT8s3PsRLbnV2zj9A7fyvcizZFWqjX1VMGlKvTL5rBmBCXHJD5LZXHU5FvImYwuUiQEPb-ZfKigyLOHO2-_XtpEIEWDCF9muiRD83SyqveWeszxp1t7YyMz6oYtAhRHqK8ZNDrWWcBt33O3SjBos2Taa8LMB5cC_qZ07gxp7mwPfDcVgpjGHAFzEzzlD5JdzvhjxlIu2VJDUw8Gi1U31f6vNg-bztEj2Vxu8URPdlxhNHDxSygH5-zTesGYYhaeqijTpi0t8vFKWi5SCJP--uFiGf5UZgtQdUQ-B3WvP2VQ4IRlA4YzVThrUKk8PsiMCKTYuBjYYa2c_AOfMtl-qQM_9YvBf1dDLR_Rj2kYBRTdZLsJlhF-Zm0QX1JSpWFew6vej9sO_j4XK44isSJwuSVdtgJEEGFpgKi-viyQ7FkfCjYcoISp3W-CMA1w4Gcz93vs-li4A0dGm6LFHMJWQMPckJ2FTRcLy6XpilQrocvLUge1NufwFaDInZET84CAkgcbWAZ8dS1p0IkJV827A8OlGGDIEcCyj6_2wVCwTssvCdumHtvdVG_Q4at5QITXRTsyakXbVEDinIiGn1y6Am-IWkfjMIfqVABPXgDle5N3t57SaF3hedGarWpBVwo7bQqDEYn1lY5oNFAZOr8nM9JIPATcm7Tb_M-Dnh7xR-EqQZWtw31qX_i0oFRM7St8NwcVb1Ed3gVFt8J-g0glm21Z1UG-Ia-_T-w2tBY7xva7ZB3fiWH_EooOHeiVRExW0pRKvUK1WcWedV6ZHOi6aQYeVewWZUz8UgJ_iB6TDA4sSO2efjMZzYujz8DE34krQ0wovx6RrzTApp6f4o0hXb7c2hfIrpz1jyfiNcOtI04NTPG1z2EcvuUTXFWTp-AQ9B7Tqpm7HG9rSqUqprUz1-336HDGJ4-gHv0iEBazaAOhFq6E-lnp46Sc2McGnnfQuJci2tBeDKnJ_57ullPrU9mufox_YaAgef-Jmpc4m3Rk0zwEXv2MWnNk7sj2rgO7_PEnLNwoDrJflIUn5YzgnYjqkRkUTS0KY2jcM5RLSzwBXHwexNhz0Ff_FZjGyEiVfTcS2XdOApw0byqsK0jKd1cHwfnf5oOdQwwidkkmmHScZYgVAS00uI0afB3wmhFayjZTmfA0g5hZbzEpCbU-ITqfMhqc13qzz6OrocyzGCw9fSzdNsO5CU9OwehPnLdg2XLxWGOLUPP3djyqQH-murX2i0x5_tozbjUTdpNCyWxnPBRsKQUkUQqNPSuUOxDaIZfLgiHzdgfexlrtrrx72-IwBCWoHlQNh7v4EodvZtHfkrufU68Xi0AamA8Ti3QxbQIVTpKlStZMnFhNh1dxJDWmjwXzk39jfndwwuaqxOyaGzOWyAmpRX6InugwD4vMnIvTeJt5v8lGY6xvB1yPBEjemakagcA_V31x53kEluSu9aR6qWC0QgomAmU_nx-WeKVKHHtmArO0SaO_T3MeEOBXYRzM8i4Tsn2HCCU7Fgi6-QbGhpbmUyR8z4Oc99SVgfppgwGtF2DLUOxHaijVxncf2Tu5-yOSB3lj2U_kJyqoeYodWCt21skRRuw4kU-x2f-tPcXw-5uSDEYlXA5ka7ymYGp3AhFEnYrVDD-CleMWPscvYo9XflDWSXvnAf8OSEh8qlWuuGwGkPqFikrADD7EoeEB8yWN1Cw81CMyMpSWiOpz9cZRg_HSrxkXLwyxrYkawtMbKK6pASDdisqgWPyOyIkPBX1GGslW-r8vBX1SZJz1RhnXmgSBtd3HkMeMbyowWWrnb_JgKrDDfwBEoRQG9XnlYgPu2rdWluGpShn9neC7vnU4vDI4Xj5mXjcwESMo0L8yujC1fxsDgRncRLudKFyHb3gmldNEwY2DtKHOVSArwNworWMAfTaAc3nt97AEhFGhhub_vjLLamb-8TRxbDo1JHNVkcvSvSXC35AhUV7C0czse32EF9KWNIh5c-QKuyRgpEP1avj8bPXA631ajRRYA.8Yg4w0-jZhEYyV2Tyc9Ozg',
  'if-none-match': 'W/"85b7e-RhvX/saba1TNHZcivjK63NsWgYk"'
}
[requireAccess] Detected JWT
[TenantPlugin] Pre-hook triggered for: findOne
[TenantPlugin] Options: {}
[requireAccess] Authenticated user: {
  roles: [],
  isOwner: true,
  isSuper: true,
  isSaby: true,
  isAgreed: false,
  createdBy: null,
  otp: null,
  otpExpires: null,
  otpVerified: true,
  phoneNumber: null,
  isPhoneVerified: false,
  isEmailVerified: true,
  avatar: 'https://halocrm.s3.us-east-1.amazonaws.com/user/avatar-09.webp',
  status: true,
  deletedAt: null,
  _id: 68e4cb96d180b0285d9a701d,
  firstname: 'Debby',
  lastname: 'Adebowale',
  email: 'saby@saby.ai',
  password: '$2a$08$o1.0/o0J3cDHswtnBPpdO.0KNYtXslW0gYv8ZcwaRkUdsupCw5dH.',
  userId: '0YXBcDcxPH',
  tenantId: 'hWiWJ_X0m6',
  createdAt: 2025-10-07T08:13:10.710Z,
  updatedAt: 2025-10-10T19:17:53.368Z,
  haloId: 'HL-00030',
  __v: 0
}
[requireAccess] Resolved access: user
[32minfo[39m: GET /v1/submissions?perm_enabled=true 304 - 2725.080 ms
[32minfo[39m: GET /v1/submissions?limit=25&offset=0&perm_enabled=true 304 - 3134.477 ms
[32minfo[39m: OPTIONS /v1/submissions?limit=25&offset=0 204 - 0.882 ms
[requireAccess] Checking access for endpoint: /v1/submissions?limit=25&offset=0 {
  permissions: [],
  scope: undefined,
  environment: undefined,
  jwtOnly: false,
  apiOnly: false
}
[requireAccess] Incoming headers: {
  Authorization: 'Bearer eyJhbGciOiJIUzI1NiIsInR5cCI6IkpXVCJ9.eyJzdWIiOiI2OGU0Y2I5NmQxODBiMDI4NWQ5YTcwMWQiLCJpYXQiOjE3NjEyNTk5MzAsImV4cCI6MTc2MTI2MTczMCwidHlwZSI6ImFjY2VzcyJ9.HQbBYeIGYRIxGT89R8RdoHP3FytkOZQGF23VpQV5sQc',
  'x-api-key': undefined,
  requiredPermissions: []
}
[requireAccess] Full request headers: {
  host: 'localhost:4000',
  connection: 'keep-alive',
  'sec-ch-ua-platform': '"macOS"',
  authorization: 'Bearer eyJhbGciOiJIUzI1NiIsInR5cCI6IkpXVCJ9.eyJzdWIiOiI2OGU0Y2I5NmQxODBiMDI4NWQ5YTcwMWQiLCJpYXQiOjE3NjEyNTk5MzAsImV4cCI6MTc2MTI2MTczMCwidHlwZSI6ImFjY2VzcyJ9.HQbBYeIGYRIxGT89R8RdoHP3FytkOZQGF23VpQV5sQc',
  'user-agent': 'Mozilla/5.0 (Macintosh; Intel Mac OS X 10_15_7) AppleWebKit/537.36 (KHTML, like Gecko) Chrome/141.0.0.0 Safari/537.36',
  accept: 'application/json, text/plain, */*',
  'sec-ch-ua': '"Google Chrome";v="141", "Not?A_Brand";v="8", "Chromium";v="141"',
  'sec-purpose': 'prefetch;prerender',
  'sec-ch-ua-mobile': '?0',
  origin: 'http://localhost:3000',
  'sec-fetch-site': 'same-site',
  'sec-fetch-mode': 'cors',
  'sec-fetch-dest': 'empty',
  referer: 'http://localhost:3000/',
  'accept-encoding': 'gzip, deflate, br, zstd',
  'accept-language': 'en-GB,en-US;q=0.9,en;q=0.8',
  cookie: 'next-auth.csrf-token=f11f82856e3c28ba73e12ddfd5693d1ca8079702a5ab7865957f369ab2877007%7C41b08bbac80a06aadc57cefc5b8d3db5da5c82dd32a953bddf59b7b0b375d97b; next-auth.callback-url=http%3A%2F%2Flocalhost%3A3000%2F; next-auth.session-token=eyJhbGciOiJkaXIiLCJlbmMiOiJBMjU2R0NNIn0..XFdsTOewEI2c0ls6.eF2AwjFc6fyeodsSKcQMocRhEUJ0RBDSCz-niRGNVk_qdw5ZjRPPIuP2SpCZauJdeGXF_x3VrcYelrEvOWmnNbrDQSQWHrwKrhaxhNL-QAYWinMlbZ-v0AAmiejQLl2yhrsaXkHv6HSspyBhqNIKuO-7UzwlHLtfytP_fZ3hmUKrhGqD1vCmdSGOOeswaf5rn-fXaRisY1pwa65ptneALu67IU4YRwJlOZ_FsL1ucDYZPEcmfVB6pWkTL149ZqVUtjtjbWYhHY3-keqXZuJEc7-LQ76ky2HARK4nOxeGiNb9uWOA_s6COcai9UFZVcYAAU5e-i8bM_jB_8FoFODCs9Nn7O7WwTP9UXkjieBo4WToALxc6qYlBcmQ2Nf4yMuv8S2rswXENYdYvQexLgTrgY1bjUDsnD_Xv-zhT68yLR1GiGCPJHcMmw6Zhrkv90UNo0I8kWHTf0gcE3mfvoPtI9nksKu5-PH1AAPeT7B2vwzVqDfaaRlZ09v2HACtDDpsE1r87X2vSJP7tIEq6aTB_iIGP-CxlFiwEfrIj2kPG-8hsYzXOtrTe6oJ31Q7bNh-GC7vEfBh5DlY0driPlgtgNRPZkexDzr26aqiRRzFsfd5f1bhqbV7bFCvq8R-Cr0cPKDztHjmAae4gPjIa-vnB8wlRVWBP3xygQHiUCSrW_z3Q436I4832Oo02Kc3XYvLzyx1kLauS21NdjJ7_RuGdFJEMmuqb3Xxnd6T3pmBtz2v98onAurD2JkcRbx0yu6MViVIpE7_RmKICyafESykceM9K1rchg6BHDB-FzT97k-AuhCy6GFXtZkR573kDCto8m9FAEEJ1Br5R7rCnn363URbRgAIvULWnqgEwmxGYe-uUP0IYFyGbzGX2PczrsN5fidosV5m1dOFV9XMNgw_eCzT3t_shwbxzs-oEJ8qLhjs-z5USoYjVRQeLvxRYV8_vKyqDMnjvFsZN8SQELDcnwLVwrdrI_2Wpfh0yUlLArgjdCNP_uODZqJBmLevYEdGGbExQvhCpAdpKj2REgkpLVU3DunJ_eyQOCaRxCgVbVEJEEjniL5TVaMYYFVbrvSyTgkXnWiXbBAYJyQWfw4WWxh3a0n-79Bhi2lNzEZcTbmc-iVzb2r1WpNIJCE6HRqGieEjavRImGtoTyLeNElGFsQU2aXZxueoMIKIoEjQBkSaQM-_PljSPwOOeVtHq-Kf9jJdClyZQfDYrHDabHQfKDhuOll-kps3ke9KqBVPdUdbjRVDFnikhcDVEK6upz_pgp-17clRUgN5SIRl9VV15vmbAcviS4mJFBID7W26W6PJCORcIX1gk9b3ByPhTp1WFkg_GWCzaz4DNcndlR6ah8FW_yGsGUPE4Xzb6DuMUPKtAvj06o2g_nNdLKsNFlj-xCdIGdpemUmeKXj-xMgYBvZnjZqPRVuvSpFtHLde6Gj-lXBUY9VjwfuJLKA_HlXLBJwTJmVTsw5jwg6rjWzB036quE0GzKviESN1JEg7WrfWj9OWEgFn8YGfk_HlE-eMdRJIAN5Tw7yziCoHZsKyAKhJtwXvutze0ULRHz6Fhz1yht5S4O1aVZ0O4x-ga8x9ovBH22yMxnLVBJa38SA7QDongXLf5x_HATI9MtVSJjpFLCbLo-HUV4fw4tn6FSKEINsf5dbk6zypROVtAO8yg0WgmbQOh8WeGFQb8bXOWM2kZpfBDhKf2koLIESZQB56iHFvMgQae-TcJ3IkQ8x3QLWEw3i0Bi88Myfl8QDDO5saEER2T9JBw0JIe5FJPQqfAI6883TiFU57QH7_LOsCdVLnMl3pes-9YKMLCeR_0VupvbB1T4TfSNMcGs5lRG9eO4K6FBGDkosjFHGC14VfdmipOZdQtxNTFiPkMgudbd05D11xeX83c153TDWF4t5W9pYPmY-qUKfOySwQUtnlKMLB56ir-A0eGMweqNkSLUAd-OOCA7Ke_pEoMukIljTxwnIHMa6IGf7Dc68fQXkdiw-4jXIAlSDYxNOQoPs8um-2LmQFMIspWGdPFYOt5HTjmhS2g-EqCChto6hkgFTUe_56xMb2OHnbKOoGCh1WJyzz5ymYXY15506tukiv72PgAZIWwZ_4iGevTg.zoxFcwb0qYmg2JFOy0e4nQ',
  'if-none-match': 'W/"85b7e-RhvX/saba1TNHZcivjK63NsWgYk"'
}
[requireAccess] Detected JWT
[TenantPlugin] Pre-hook triggered for: findOne
[TenantPlugin] Options: {}
[requireAccess] Authenticated user: {
  roles: [],
  isOwner: true,
  isSuper: true,
  isSaby: true,
  isAgreed: false,
  createdBy: null,
  otp: null,
  otpExpires: null,
  otpVerified: true,
  phoneNumber: null,
  isPhoneVerified: false,
  isEmailVerified: true,
  avatar: 'https://halocrm.s3.us-east-1.amazonaws.com/user/avatar-09.webp',
  status: true,
  deletedAt: null,
  _id: 68e4cb96d180b0285d9a701d,
  firstname: 'Debby',
  lastname: 'Adebowale',
  email: 'saby@saby.ai',
  password: '$2a$08$o1.0/o0J3cDHswtnBPpdO.0KNYtXslW0gYv8ZcwaRkUdsupCw5dH.',
  userId: '0YXBcDcxPH',
  tenantId: 'hWiWJ_X0m6',
  createdAt: 2025-10-07T08:13:10.710Z,
  updatedAt: 2025-10-10T19:17:53.368Z,
  haloId: 'HL-00030',
  __v: 0
}
[requireAccess] Resolved access: user
[32minfo[39m: GET /v1/submissions?limit=25&offset=0 304 - 2651.201 ms
[32minfo[39m: OPTIONS /v1/submissions?limit=25&offset=0 204 - 0.703 ms
[requireAccess] Checking access for endpoint: /v1/submissions?limit=25&offset=0 {
  permissions: [],
  scope: undefined,
  environment: undefined,
  jwtOnly: false,
  apiOnly: false
}
[requireAccess] Incoming headers: {
  Authorization: 'Bearer eyJhbGciOiJIUzI1NiIsInR5cCI6IkpXVCJ9.eyJzdWIiOiI2OGU0Y2I5NmQxODBiMDI4NWQ5YTcwMWQiLCJpYXQiOjE3NjEyNTk5MzAsImV4cCI6MTc2MTI2MTczMCwidHlwZSI6ImFjY2VzcyJ9.HQbBYeIGYRIxGT89R8RdoHP3FytkOZQGF23VpQV5sQc',
  'x-api-key': undefined,
  requiredPermissions: []
}
[requireAccess] Full request headers: {
  host: 'localhost:4000',
  connection: 'keep-alive',
  'sec-ch-ua-platform': '"macOS"',
  authorization: 'Bearer eyJhbGciOiJIUzI1NiIsInR5cCI6IkpXVCJ9.eyJzdWIiOiI2OGU0Y2I5NmQxODBiMDI4NWQ5YTcwMWQiLCJpYXQiOjE3NjEyNTk5MzAsImV4cCI6MTc2MTI2MTczMCwidHlwZSI6ImFjY2VzcyJ9.HQbBYeIGYRIxGT89R8RdoHP3FytkOZQGF23VpQV5sQc',
  'user-agent': 'Mozilla/5.0 (Macintosh; Intel Mac OS X 10_15_7) AppleWebKit/537.36 (KHTML, like Gecko) Chrome/141.0.0.0 Safari/537.36',
  accept: 'application/json, text/plain, */*',
  'sec-ch-ua': '"Google Chrome";v="141", "Not?A_Brand";v="8", "Chromium";v="141"',
  'sec-ch-ua-mobile': '?0',
  origin: 'http://localhost:3000',
  'sec-fetch-site': 'same-site',
  'sec-fetch-mode': 'cors',
  'sec-fetch-dest': 'empty',
  referer: 'http://localhost:3000/',
  'accept-encoding': 'gzip, deflate, br, zstd',
  'accept-language': 'en-GB,en-US;q=0.9,en;q=0.8',
  cookie: 'next-auth.csrf-token=f11f82856e3c28ba73e12ddfd5693d1ca8079702a5ab7865957f369ab2877007%7C41b08bbac80a06aadc57cefc5b8d3db5da5c82dd32a953bddf59b7b0b375d97b; next-auth.callback-url=http%3A%2F%2Flocalhost%3A3000%2F; next-auth.session-token=eyJhbGciOiJkaXIiLCJlbmMiOiJBMjU2R0NNIn0..WqFDiIfh93y6CHqX.S2Hf-QtWVuC9pyOsTEViQkZ3vFOelyUOvlsx8RL6R2uRBQ7JE2pfzYaHyHxVm6HzIc9gtGejsQKTr3Oend8LIN_4S6XRE5EISe8WmF-eXTe71psw37hTklz-k4a8bHlXLwoKQ-lTVhV_Oaue7Pvd4ZOKX6azkZobZMyM-wVz25KTgeZt6B9uxd5Vkn-ZXj_IWa6kbUYO1HT6QG6QgFYLNbpldrSZO93WxVTU6rl6gPfcQIQrbsHT68Vk3bG0kofuDAT-tVr1C2FFVekyzMjpErbeU21f6q1AvM9GnIt_9S5P0Ib0ae7mNng1Ox8gbG-_s5qku0DbWNUb0jhF4VwZtcKp9nepdaceXNTeOv_x2w9s4SOhxpK6_1miaBHmpXnyGSL11f1oOaI1IQpX3THTNtkH_ykrjxxEnJW2m41VoU6NhsLoHP4gck3yf6qKc0vMDpzgaKXcoTfmwbQ8qh86U05UxMYZWAU-IRUoXSwbDVFKyNDBGpzBdYBEirx_RmXxb_vTMfQF7hgM9DCW_7gb5Mm5omsfjZBlz4aLp0OyEahHPmALW08TxwJD_pMiIhFU_eYaMYmKoL_BwcMqfzG0MiiFw9hhVjmSqNX3LK-AthRh0fvBStw1sKYPCzBFTXPenYjgU0d7q6tLoaJhzg9TP6RiBMwGUou3PBFqkcVH3ZkmFtt5uQk2U2_wW6drDnLBqvdvvvosBT3K2xr7hXubgT3D48Llz3_zjjQMhGpFJVwRIvL4UmFGXiaZhkMMFG3t4PnyolSxv3Vkt8XbDd-QH-n37W_W0ndRMG0ri6ODT_eobveY4CD-UB_V7bNW8iTSGpvxZoz8gHDaqsr1l5-wjQ-SmGrCthC-NcVQyb5p5FYUoTm8TbUa_GnHNYUTrjPO-j7lOsQnZr52LnJDFJlM8Rxpy1k1a235fnDH2IcGJsmtF2X1OLFwlwROX6P1-CqmEUv844ETmnSQtOG7qN1vi9ISGjfra-AbVrIihd18LyzPNYqTaBVYKODM9Y8KfYN1xQ5s_QAQ9kQhrerUYuJVylFOTb73PG5eG86Dd2kJ_eBNWM09cX9RfYtgVALTi1F81Ofqq6K1lqagVKsL0KYxCJsNdQMvbYnu8V7VQLxdOewI-M7mTnNpHFss6kVebjGDVyeZoO8pjFFR0jXrnCKTsth_dXXhPJ-Vgy18ljEJY3PKCQH4_mPeZD_4Eq0dbmxb2MYZrsEDWMAeAReA6D4V15SKse7dVsBEIxTsnosw3K4taTddg8uI15xOrO_pp-N2HVnKclzR66MyD8kZtEK72a5-2HuuB0Rsi92WovSAkE877oVMMyha4z2EjFzrRXlWvEjRplkVjD-9xpNYqfeDKUd932J01jNWW_5M75witrRUcD-gj_cTPiUMdWV3JL00PPJ8p6Nl96cV1tYZHNKriv1Izn35wYHDlnHZ7OK9AwU3oYdh6NX_IpETnG7lsslKQEY4mxSTJ97X2xIFpw4mI-JxTIGwE_rrASzHhyIaaPXjkAupqgBkTsgSQrIrK1Q_WUFJISWYsuhIarqyylI10-0ZTkcWAbhv9CXqnCAGPYoGnV4jwZ3D01ZYHy5LpgoQaVQuZ7HCKcrtAyQIi3NzZpXmHUnkCoRV3_OZUy6BIoElE4puRQ3ZSJUIp349xxtSytNPBeJ9Sx7zvGcg9fGNtCLqcdPxMuAWyLGfrfcuTimT06bazSNI6LlPlWFhudUKoY2e_BHZwaTlq-V-fnm5xRfhf66KBoXOMu6Jcz6QmHLq6G8EIroLyZL1mMp62aaMaI5-6VsrbXb0j-QZjM__GERxVVnKs4mfaX8UskmZUrKyCAxDZBWMWMA_e64EyrPmmDoXQoQMiQMDwJRFs7fIGS8f-PvcMz3D23-reugowm7-Ep0j7I-nK0ut2GtR_VUM8LjrsoQSvTO2fHwX1xUN66nvR50-kmxZCXY6VMBrXn9xmjRr5OrmgBQlXOULmr8jJfN1reIz60UT5o1XZWbg6dgDlfewBv8vEzaaXENbY_mLT9-xyQrCdePetRwu9m-TWHgFZyse8d0-6CEazRSEY4qbAy8o2O1ztVeDifL8GMDvBaDzri0--qxTS4JKmML39b0yQhc-oG4saA.kOXJHG0OVzQVOiFp-39n9A',
  'if-none-match': 'W/"85b7e-RhvX/saba1TNHZcivjK63NsWgYk"'
}
[requireAccess] Detected JWT
[TenantPlugin] Pre-hook triggered for: findOne
[TenantPlugin] Options: {}
[requireAccess] Authenticated user: {
  roles: [],
  isOwner: true,
  isSuper: true,
  isSaby: true,
  isAgreed: false,
  createdBy: null,
  otp: null,
  otpExpires: null,
  otpVerified: true,
  phoneNumber: null,
  isPhoneVerified: false,
  isEmailVerified: true,
  avatar: 'https://halocrm.s3.us-east-1.amazonaws.com/user/avatar-09.webp',
  status: true,
  deletedAt: null,
  _id: 68e4cb96d180b0285d9a701d,
  firstname: 'Debby',
  lastname: 'Adebowale',
  email: 'saby@saby.ai',
  password: '$2a$08$o1.0/o0J3cDHswtnBPpdO.0KNYtXslW0gYv8ZcwaRkUdsupCw5dH.',
  userId: '0YXBcDcxPH',
  tenantId: 'hWiWJ_X0m6',
  createdAt: 2025-10-07T08:13:10.710Z,
  updatedAt: 2025-10-10T19:17:53.368Z,
  haloId: 'HL-00030',
  __v: 0
}
[requireAccess] Resolved access: user
[32minfo[39m: GET /v1/submissions?limit=25&offset=0 304 - 2212.023 ms
[32minfo[39m: OPTIONS /v1/submissions?limit=25&offset=0 204 - 0.864 ms
[requireAccess] Checking access for endpoint: /v1/submissions?limit=25&offset=0 {
  permissions: [],
  scope: undefined,
  environment: undefined,
  jwtOnly: false,
  apiOnly: false
}
[requireAccess] Incoming headers: {
  Authorization: 'Bearer eyJhbGciOiJIUzI1NiIsInR5cCI6IkpXVCJ9.eyJzdWIiOiI2OGU0Y2I5NmQxODBiMDI4NWQ5YTcwMWQiLCJpYXQiOjE3NjEyNTk5MzAsImV4cCI6MTc2MTI2MTczMCwidHlwZSI6ImFjY2VzcyJ9.HQbBYeIGYRIxGT89R8RdoHP3FytkOZQGF23VpQV5sQc',
  'x-api-key': undefined,
  requiredPermissions: []
}
[requireAccess] Full request headers: {
  host: 'localhost:4000',
  connection: 'keep-alive',
  'sec-ch-ua-platform': '"macOS"',
  authorization: 'Bearer eyJhbGciOiJIUzI1NiIsInR5cCI6IkpXVCJ9.eyJzdWIiOiI2OGU0Y2I5NmQxODBiMDI4NWQ5YTcwMWQiLCJpYXQiOjE3NjEyNTk5MzAsImV4cCI6MTc2MTI2MTczMCwidHlwZSI6ImFjY2VzcyJ9.HQbBYeIGYRIxGT89R8RdoHP3FytkOZQGF23VpQV5sQc',
  'user-agent': 'Mozilla/5.0 (Macintosh; Intel Mac OS X 10_15_7) AppleWebKit/537.36 (KHTML, like Gecko) Chrome/141.0.0.0 Safari/537.36',
  accept: 'application/json, text/plain, */*',
  'sec-ch-ua': '"Google Chrome";v="141", "Not?A_Brand";v="8", "Chromium";v="141"',
  'sec-ch-ua-mobile': '?0',
  origin: 'http://localhost:3000',
  'sec-fetch-site': 'same-site',
  'sec-fetch-mode': 'cors',
  'sec-fetch-dest': 'empty',
  referer: 'http://localhost:3000/',
  'accept-encoding': 'gzip, deflate, br, zstd',
  'accept-language': 'en-GB,en-US;q=0.9,en;q=0.8',
  cookie: 'next-auth.csrf-token=f11f82856e3c28ba73e12ddfd5693d1ca8079702a5ab7865957f369ab2877007%7C41b08bbac80a06aadc57cefc5b8d3db5da5c82dd32a953bddf59b7b0b375d97b; next-auth.callback-url=http%3A%2F%2Flocalhost%3A3000%2F; next-auth.session-token=eyJhbGciOiJkaXIiLCJlbmMiOiJBMjU2R0NNIn0..79UA_NwLr1aJSsxn.kI8vuF74e1rWbRSXWkWhAMJlVKO6JmmKWMU4NeaeR4kK37jykxQrvA8SZJ0uBRpm_OB5AXO9MVhKPstqZdNmKa2GEkDKvfwYVnd7hG5RxgmGTip3lKENWy33OsWhziVgSpJzWVJUaJ-ian6hkKzVRKjEhEQgefSXS4UII_jWn7QtFCEje1IQ8qP_YdjpjumdrsvpC8YkoEwIiXbEbKp9UKMV_fU9L4Vwo7d9tdBbl1fFlgLUJ-Z2plZtCf57eZ6OuP7pH_RjHfqY1PLKeL0scgb8M7Dcn26bTsrvrU4gHsgwgzemsa11-JD1cm8FsdlpsufcfWGOfPLGpuC73P6SzfvMPaFzmC4RNmVbYGcRD1Hf4J9aaRljlBly6jLjSJVwsHaFVG3c4fd6sCTNRdArNekUi0_7k12H6Vdv2lfPLb6z1pWUZkk797csjCJuTN5A7N069-9E8P3mGlPhWDUT3nvclkNCTwe2p0F2zVTt4cdpNRArfCEQVv5ZaCLj5Omfz_WxCPStzncb3UwOQ4YhkoD5lzT6eC_Z98ePj-VR9CVVlN0SLS0bXv0ITUTAcZIZvZdvLaq2kl6YZD9bYFLLT4sMmE76fwRxdGDmJvlCIBrTDn37zClLaBa3qcBZ85UcxpK_DYQ6FUuZy93YnU66Mvaub33X5zJflgEKDqOfDyWsbn4dCV_1GeTxXlLT9FOiFRJRmZ8IfS1N9-5KLaXA9Z5tchJDd6Cm91Ecf0A9iU56zMk6gZnB9qsSt_Oi0cOOAY4ddFoO2IUQbpVv6Emtk-NGsW5tTcxYKi0NjEMKzNDIJHPv8q8pWZFY2Pp5CK7-fPuuSBF3czr7Wl7yjW77Lx5he91_xukEDD8cxQzYjP9SCXbxGij12KIzd-RWhXkfVdeOYqkL1r-J7wH4RFG8Hg-btvFZP8jcKLRRx_da3488Xz5fVzyGa7raaeanGlrx_RfXpsbZz4VAtUKym2jueyvcUUMOAj742-pL8efTi5BLm0WzqhcGHJDz1NqRmFzNydegQvsbfx3gSVO1uUJD6v4cd_Da3c0dogZIfSmO72tPFGHIE7YYXbd32LBGNsC9sgrgownpHnFc5B3zYr_lCAgD1IEcen98z9nzrrbSIToM0voiRNG6xJmi3mjc4dATRthQ1fCc-5UkXS2coWbZTtJp0roNlUcMR5NEPnfudjPctlVAuIUWYKsXIhLDJiOFGfnrjf9FoCtPViKfB9bD015rDRK_YQGE1CWeIBOuGf2UQyaMA-af_veJfFlttj_5eNtQelCKICgMbJAbkpELC_EZe6YeIT932nSYjsienPqc63ZUht_--SKQrLnX7ZN27hi44VwzdI24973B-Yd9HEQfOpWZgxA9jZ38YbSqQgmAmSRY3utvylwW3ngjfRp_bVjGmDPqigddkzLOVI1lHBDFAjIhjSPg4HtNLetbmLzZo5aFl_IT4TKfZR6hwqHJFxe-i7OK2TmmpYHXlVvSyjKhTavfM2FuRtV_eBO39fvBI3YrJg2C67S52vVj79hUasbwQAR7KaGsg_PN5I04QO-YbWx0ZEwB3m53MiZCq1Ea-RBVo67ZgRUWqcrpZHtWNIhSHB8MSnbWzMzHn5egD2qtpQWfQ-QpyY9cuLO1DrS53JPBoK4fB-2Xb4lXlnoYEVZuv5ZIlZYgdyJFMfM1mWT4cJRIvVvj83W8xbyYg3jjgQjQH5cMwhic-PI95wiLCLU2cjf3AGuaf4q8dqSibZV9tMigdVcWTNHwdh13gsBckqyE4afMCTADPcdpDEx9e0JHiFdRYkJ4eRZ1Fp7h-_yAG1OCmDv2I1-sLHZNG2s-m4eUV74Zrae9TId9UPcvfOjLtNnDbYjPjjM2A1_NS1XJDdbP_c5VKD-hGsr4Q40fNdUHiCUGhUdPUOb9RHOjGOkKBAd1kqNhn2XRZlbs9ymJSTDAQFS71s9xF_90R7Frqrjf7RNleH5WfMc8ou6i9KJmkOhJ_etYwnOk5TG4gaKDPhPBtNaYKgvXd8OautPEXuzdyOeaTtFLM5KH5BPLu4q6S0xlsA_gK8r_EjyhPF5g-WkO1vWLJT8X3HPbp1cr25bWtclzUN7bYbqlq2VjPpbgCj1T_ENf6A.CtwZLULb3qNDRPGJrA8YUQ',
  'if-none-match': 'W/"85b7e-RhvX/saba1TNHZcivjK63NsWgYk"'
}
[requireAccess] Detected JWT
[TenantPlugin] Pre-hook triggered for: findOne
[TenantPlugin] Options: {}
[requireAccess] Authenticated user: {
  roles: [],
  isOwner: true,
  isSuper: true,
  isSaby: true,
  isAgreed: false,
  createdBy: null,
  otp: null,
  otpExpires: null,
  otpVerified: true,
  phoneNumber: null,
  isPhoneVerified: false,
  isEmailVerified: true,
  avatar: 'https://halocrm.s3.us-east-1.amazonaws.com/user/avatar-09.webp',
  status: true,
  deletedAt: null,
  _id: 68e4cb96d180b0285d9a701d,
  firstname: 'Debby',
  lastname: 'Adebowale',
  email: 'saby@saby.ai',
  password: '$2a$08$o1.0/o0J3cDHswtnBPpdO.0KNYtXslW0gYv8ZcwaRkUdsupCw5dH.',
  userId: '0YXBcDcxPH',
  tenantId: 'hWiWJ_X0m6',
  createdAt: 2025-10-07T08:13:10.710Z,
  updatedAt: 2025-10-10T19:17:53.368Z,
  haloId: 'HL-00030',
  __v: 0
}
[requireAccess] Resolved access: user
[32minfo[39m: GET /v1/submissions?limit=25&offset=0 304 - 1837.070 ms
[32minfo[39m: OPTIONS /v1/submissions?limit=25&offset=0 204 - 0.944 ms
[requireAccess] Checking access for endpoint: /v1/submissions?limit=25&offset=0 {
  permissions: [],
  scope: undefined,
  environment: undefined,
  jwtOnly: false,
  apiOnly: false
}
[requireAccess] Incoming headers: {
  Authorization: 'Bearer eyJhbGciOiJIUzI1NiIsInR5cCI6IkpXVCJ9.eyJzdWIiOiI2OGU0Y2I5NmQxODBiMDI4NWQ5YTcwMWQiLCJpYXQiOjE3NjEyNTk5MzAsImV4cCI6MTc2MTI2MTczMCwidHlwZSI6ImFjY2VzcyJ9.HQbBYeIGYRIxGT89R8RdoHP3FytkOZQGF23VpQV5sQc',
  'x-api-key': undefined,
  requiredPermissions: []
}
[requireAccess] Full request headers: {
  host: 'localhost:4000',
  connection: 'keep-alive',
  'sec-ch-ua-platform': '"macOS"',
  authorization: 'Bearer eyJhbGciOiJIUzI1NiIsInR5cCI6IkpXVCJ9.eyJzdWIiOiI2OGU0Y2I5NmQxODBiMDI4NWQ5YTcwMWQiLCJpYXQiOjE3NjEyNTk5MzAsImV4cCI6MTc2MTI2MTczMCwidHlwZSI6ImFjY2VzcyJ9.HQbBYeIGYRIxGT89R8RdoHP3FytkOZQGF23VpQV5sQc',
  'user-agent': 'Mozilla/5.0 (Macintosh; Intel Mac OS X 10_15_7) AppleWebKit/537.36 (KHTML, like Gecko) Chrome/141.0.0.0 Safari/537.36',
  accept: 'application/json, text/plain, */*',
  'sec-ch-ua': '"Google Chrome";v="141", "Not?A_Brand";v="8", "Chromium";v="141"',
  'sec-ch-ua-mobile': '?0',
  origin: 'http://localhost:3000',
  'sec-fetch-site': 'same-site',
  'sec-fetch-mode': 'cors',
  'sec-fetch-dest': 'empty',
  referer: 'http://localhost:3000/',
  'accept-encoding': 'gzip, deflate, br, zstd',
  'accept-language': 'en-GB,en-US;q=0.9,en;q=0.8',
  cookie: 'next-auth.csrf-token=f11f82856e3c28ba73e12ddfd5693d1ca8079702a5ab7865957f369ab2877007%7C41b08bbac80a06aadc57cefc5b8d3db5da5c82dd32a953bddf59b7b0b375d97b; next-auth.callback-url=http%3A%2F%2Flocalhost%3A3000%2F; next-auth.session-token=eyJhbGciOiJkaXIiLCJlbmMiOiJBMjU2R0NNIn0..3mwm-QuThbPd0qif.UzWDkeanK7h6DUsVb6DunTXTUaOn-uUUchJES35zJpRUDpoFABnv7bJU7zjvjbZC6CMJ2qcXzkH2UEWByTUdJiHNIxnYdC8a58Z6KrBsxEIMYfFxDFGWDO5KntUjhnL7mVZucjV6lbWK_fkPuZFZ9t7wefsNKcild7tnCAKkm8iCrjGjfJbL-0Lp0OByViW_2N8O7_yOaicSv05alC2Y6WGpWDahS3J0cDdPjL6yd17XG4EfHBZxVmkB9DTaAseGHWlR7KQyVkqqHck0KX--tZaCob0RKGh2OPjkHYjWhx447-V0cN12kO1dwCfq9lYTPlG3o64kNeMZuIyo1eGUxFCBmzufqagzKWdkiSBiXGKKkDY0ejhI6FPdMY8Fpk66Fip2o9NLK-YuyPMRF-RZwfjkc5lAU1uEfZSVE_ulvUDMlaGv42Qx61nc7N3oF7lOsTo5l7oS3khHFC4GHPI3llwKerrjrhlpH3XnKLniV6DNJgdPnhw8_AhCUWOQc5hqlYSbSK4g-8pfgn6af1YuUgru3mTMPPl0RrULcdJQuEgOa0JW9AcT6bTmQR0KZUqLID9Aj2PCubaDrK4mZWb1At0f55uQKOjjcjIIDU9LI7sKWZVBRJkoaADcG8NG5oSJ38CY6CZYcO1EULGDQy1Z6CQUuKcm8MH087Rh1orCBE4KDQ5zKUMDrfGK8B4Gysmr0SDhN5LiwLqeu4JdS8vYhIGbgF9Ab9nHaLTHgaykqaGr8S0LD_ludc8uqE5ZT-IxLfO6EZFUp7wQBiMVmpyR6PHseYeqj4TSYE21PACzncMCTuJlilRfWGrUN69yrqG9-1tkM5TX1ezH_hrT_cB-sW_af8de9zdDh7ZPDoEdns5F-kVZ9h47jdsQAEBSEx7u1-9NbI0Xu8Pk-WQV9_dGFIvC-EWT1v_xCBP5UbA2bT5RFRXxOTwloZVPCRKMtQ78-v2jvCiI_XdXk_xOhqa4VcmJhzCKJR5msK6YpRnJzvjr_zpZV3fIyMS-RXwiPxRULyCerSTHGYY8dv1dYzE1Fs2MUGPLyQQmgKIsPzHsGIvdJYlryXbVSZG5wtknQsmjhB-TthP_-LDfwGn653gha_Frt_uvI0Jf3ZhXw1qLgUmtidF4PWpJhsf4HknwcpqVeVhT3lnlhtbgo1MjaqPO_cT98HU2hwl6qsdcu9Me1DDuznoBNxSUUTvpPm-FkzWkohOZUyzvVbxM-UTQiDpV2G2UZPEo0Bg_34L_ozWEB1ThbBfPwoPlLJTZZqQUK9jJD2owJuuJ5TD-ekbYBZFFTBr38COtvxJX8VGDFYQ42mBko5aNCTk7Gq7MIrr1ZGGRvfESYMcfrJt94hC4HuAtDRuEj14v4sj1ezMUN1QG8JCwiA_Z6z5Asyzz-UH0Xn3e8IZW4i5TRfezzU1RxOmdd1lNKCbsBMxmhlvvY_gLVCncSeyAoQGMQRysJvHV4OYpsctzOlY4Kquj5vZJnBB8ver054ZFvElTAYfXPQ5_xlakncfZ2n9DlG18E1ROE6ErdDl2x2a4UMR0M5Cz9jkCY-BW-pYznwOm8XeC7kOgTtHAR-YIfQnwEPUWbwZgHENq8HlZ_8ZeYLCM40I_m8Y7PcH9jU9Cpt6Ph03NjH59zT0nQqThayDY7JB0FAUsQ69KveqF4vbAdYZEj2TnOeVJBlO233sqDksaAjSYmZjAHGB6etYAmeJYIBs8JRKIZONvAFjr4K3iCmARupg4tn1Wwzu4BdaXLPaA3gffOhp1CGppgNaNJo61PPZ7KOYRUEip4Ck4Z3M7z7tFI-46P5ZFo3dn2yjyQv_gVNk2cu3EmkCga7bujh1mwgxPUgScr7yNEriWgxKxd-EdCSEJa5Iz1VnVhqQuH2e9V-gDBl5KGHqzSluQXy28JAO62GV6M92PHPXlOgbVbrxtBfcbgJUHDvRuvk6h6Z3DWBbZ6PRR9f2uFRTYHRAHDMVrB1ljsXI2nAXrjPawvT4UjOzNZafudw3wa_D5lP8GmrwUQ0dDzjT5xwsAb6zQwSv2LEkVZw3Bwnn3knNbHTO8fc_2iCH440dFQy-xnik_7pzYKpcM1TLgy3YxGMbt6BfVbIjR1eDt7nsYo9GQ4r6q9w.-3uOuqHJ7TF76_kbsPCXwg',
  'if-none-match': 'W/"85b7e-RhvX/saba1TNHZcivjK63NsWgYk"'
}
[requireAccess] Detected JWT
[TenantPlugin] Pre-hook triggered for: findOne
[TenantPlugin] Options: {}
[requireAccess] Authenticated user: {
  roles: [],
  isOwner: true,
  isSuper: true,
  isSaby: true,
  isAgreed: false,
  createdBy: null,
  otp: null,
  otpExpires: null,
  otpVerified: true,
  phoneNumber: null,
  isPhoneVerified: false,
  isEmailVerified: true,
  avatar: 'https://halocrm.s3.us-east-1.amazonaws.com/user/avatar-09.webp',
  status: true,
  deletedAt: null,
  _id: 68e4cb96d180b0285d9a701d,
  firstname: 'Debby',
  lastname: 'Adebowale',
  email: 'saby@saby.ai',
  password: '$2a$08$o1.0/o0J3cDHswtnBPpdO.0KNYtXslW0gYv8ZcwaRkUdsupCw5dH.',
  userId: '0YXBcDcxPH',
  tenantId: 'hWiWJ_X0m6',
  createdAt: 2025-10-07T08:13:10.710Z,
  updatedAt: 2025-10-10T19:17:53.368Z,
  haloId: 'HL-00030',
  __v: 0
}
[requireAccess] Resolved access: user
[32minfo[39m: GET /v1/submissions?limit=25&offset=0 304 - 3638.434 ms
[32minfo[39m: OPTIONS /v1/submissions?limit=25&offset=0 204 - 0.796 ms
[requireAccess] Checking access for endpoint: /v1/submissions?limit=25&offset=0 {
  permissions: [],
  scope: undefined,
  environment: undefined,
  jwtOnly: false,
  apiOnly: false
}
[requireAccess] Incoming headers: {
  Authorization: 'Bearer eyJhbGciOiJIUzI1NiIsInR5cCI6IkpXVCJ9.eyJzdWIiOiI2OGU0Y2I5NmQxODBiMDI4NWQ5YTcwMWQiLCJpYXQiOjE3NjEyNTk5MzAsImV4cCI6MTc2MTI2MTczMCwidHlwZSI6ImFjY2VzcyJ9.HQbBYeIGYRIxGT89R8RdoHP3FytkOZQGF23VpQV5sQc',
  'x-api-key': undefined,
  requiredPermissions: []
}
[requireAccess] Full request headers: {
  host: 'localhost:4000',
  connection: 'keep-alive',
  'sec-ch-ua-platform': '"macOS"',
  authorization: 'Bearer eyJhbGciOiJIUzI1NiIsInR5cCI6IkpXVCJ9.eyJzdWIiOiI2OGU0Y2I5NmQxODBiMDI4NWQ5YTcwMWQiLCJpYXQiOjE3NjEyNTk5MzAsImV4cCI6MTc2MTI2MTczMCwidHlwZSI6ImFjY2VzcyJ9.HQbBYeIGYRIxGT89R8RdoHP3FytkOZQGF23VpQV5sQc',
  'user-agent': 'Mozilla/5.0 (Macintosh; Intel Mac OS X 10_15_7) AppleWebKit/537.36 (KHTML, like Gecko) Chrome/141.0.0.0 Safari/537.36',
  accept: 'application/json, text/plain, */*',
  'sec-ch-ua': '"Google Chrome";v="141", "Not?A_Brand";v="8", "Chromium";v="141"',
  'sec-ch-ua-mobile': '?0',
  origin: 'http://localhost:3000',
  'sec-fetch-site': 'same-site',
  'sec-fetch-mode': 'cors',
  'sec-fetch-dest': 'empty',
  referer: 'http://localhost:3000/',
  'accept-encoding': 'gzip, deflate, br, zstd',
  'accept-language': 'en-GB,en-US;q=0.9,en;q=0.8',
  cookie: 'next-auth.csrf-token=f11f82856e3c28ba73e12ddfd5693d1ca8079702a5ab7865957f369ab2877007%7C41b08bbac80a06aadc57cefc5b8d3db5da5c82dd32a953bddf59b7b0b375d97b; next-auth.callback-url=http%3A%2F%2Flocalhost%3A3000%2F; next-auth.session-token=eyJhbGciOiJkaXIiLCJlbmMiOiJBMjU2R0NNIn0..aMDHTDoVHg44s0np.stqOZy_CjS7hmN7_wf6lm56myC6gsb6HGEbeEmYTQdarbXM2wAQcvbwnUhWuf0xFyVh7h6rQ1xeaB4QXU-aQiOcQXE5AtRekYr1S3GPgs1At8KkpaxsGdWf0NmeUOiDm4XRWswROwoeVx4r3sp58DedYd4Z7za2mjxTOsIxPzFva-Ug-q4kZCL_FkZnQq8sjfpeMzrG7R4wijQADUT3aUGL-tp_ruOVGFCK3BumGOSXYnUBYrznnEFNNdyFL1el9v0BVrRrj5u0ZJ50uqwJyW0TkhDNacl8jEOez2sCG0O3cbRAtHwMVfsIq7avMptEUdBey7nNW7Mzr0rr69JLXVRQDMLYR22duD9yDPOr1o6pmhgVbEXau3hKeI8e_ks7HyPh9veL9dWkSNtvR1KV1V1a6bYbP7VwBUG33ZQUhAVZMytsXsrgPc-MMoHBlkaj5C3JbBH0qyvz3-nAXVTcDpeh7hOO-p822fqKDkXLRz36tPxg47TAp8kgFb0XpnGgvWv5UqNRsGPYFM2TwXCCTWGgeGflK_rsABMZC02QMVBMj8iV89es2surbdONUeX-UnNLvOSon2BDlNFWnb--CSXfcZo8F_Xl6f9FStu8GIIlVb9p-hcL7ZU5iOe-ZlBntfaxt6hKIYz7HR0GhOmwp2JnPbpM--cM5bRiAATTWsp9_k_CnwzpB-uFYrV7NupuVjY5-NsSGYR2wYDVt1Stxp4TsXTYkQ_eYWFRBXMaY-1wYKZ2RnjxI1N38j-XaBcHaFDlf5DL2foZUyDP4p1CUGZOD48J1fi_FARkAuWWJdoLfApnv8a8Y8dYSdSlji9whyna019ERi3qBDd-vIbN_i9yZxXv1ZDWu5THwWxe03CquwlT9IS5jAHNnSrVl_iQ_ZJLyM1eW0NSqH72-0OI663v_VR09ms8hp8YHB6WoI3A3A3QeDNbragdLJ10xtxAD5LO6iXB05utmohzKh7Pn3VeUUqMqSADISp54CYusB-VEoe56LZUEMqfqPwknGP_dpbv5vgXsXQ_nmSQdOaoW6vO0FvMGFEOnWMESrNSLAKkckc7CMf6WSkOD0QwSAO1QmEV1n79YFQW3uSRftYpHhBwDW1MYUbMawrvCsum70uZe2CntvVTDROaBkwIJA7XKbtLCmZzUJL9e8Ni3opCsTGySqhnT4a9DyPpoGUYMPRvUg6dg4zlTH-lQ3HFv0us8CUoLyZxP-xaNEc2tKGpYFpawLYsoPB_Od5EaDtHMhu1az0bInNJ0saVNlrZ-pNcSHyoVsdHJl_7-_sQHWEbJQwemwNsUcirjWp-mi5Uyxfyo0yAJH5X3XoFR2-y1_nFmSyFhh8agI8cK9R9RgM3g7wP5VG5H1VwatPkqmKq-xifpZuN-I3W3z8FpkmkrTFt1diqSVDK8ky5cviU2VsZ2EAC9rZ3Y9mXkZAxiVnQrF5-0m_GPznTZzdIMCE8R-yEaHwsWYxiRRBDuIVHRdkBaQh_8Ph91rx4q4CkSMwSgjdiokKMqDqCKAr5K0g_z3zmCzvfUjDd5pnbdtsRYO65HbkzGP1FmghHVLroQCVNRRvscMqKTvbtGFqz99jyFyw2qv_AeOzAgGxFpjcTjlsfAP58pSlTWjNjRJpYll_DdJY2AcfmhcmcvduUDHsmXS0kHsnRDvK5cW2LPxpW1p917DoOATjACOq0r1EnRZHIX1z24egUoDPKqdo6yzKXNfbx4N9Ol60RK68SPCWi4Fi27w0ms-3wB7Zfx2QFlmAjDO3ywt1mHBZGxzT2B-00gEynd17iUVM8lhG7gN5Rc8CoaiBk6FlulUPTBAnPy4rv7-Q0htw6hPHJlowvz_bhz8GxVLIm3uY9cWzaPPLXV3Or9FOSAAriaPikSYhv2mTSwmm-af0SAgcpr12ExzsoZUSJSYDmijea357W2h6wUL1M3lwmd8JbSh1ctmSjLDbYVsBIVkN2CG6NVqhkzBJVcjJKuiWkoPWBp-H5JTNc_0m82Mxe_1fReUSzFeVSGW6wJfGXGvCRH0LdVXk9dJ57V7K0lYN3KFFibfweCdmXQFxn-CzDXsdHbb6fF6aE3tIOeP43bJOgg8OJF5dpYL2eu5Fi-ObJi2FWcrJ83Dg.AucGePHDDovGpgXRfK8pzg',
  'if-none-match': 'W/"85b7e-RhvX/saba1TNHZcivjK63NsWgYk"'
}
[requireAccess] Detected JWT
[TenantPlugin] Pre-hook triggered for: findOne
[TenantPlugin] Options: {}
[requireAccess] Authenticated user: {
  roles: [],
  isOwner: true,
  isSuper: true,
  isSaby: true,
  isAgreed: false,
  createdBy: null,
  otp: null,
  otpExpires: null,
  otpVerified: true,
  phoneNumber: null,
  isPhoneVerified: false,
  isEmailVerified: true,
  avatar: 'https://halocrm.s3.us-east-1.amazonaws.com/user/avatar-09.webp',
  status: true,
  deletedAt: null,
  _id: 68e4cb96d180b0285d9a701d,
  firstname: 'Debby',
  lastname: 'Adebowale',
  email: 'saby@saby.ai',
  password: '$2a$08$o1.0/o0J3cDHswtnBPpdO.0KNYtXslW0gYv8ZcwaRkUdsupCw5dH.',
  userId: '0YXBcDcxPH',
  tenantId: 'hWiWJ_X0m6',
  createdAt: 2025-10-07T08:13:10.710Z,
  updatedAt: 2025-10-10T19:17:53.368Z,
  haloId: 'HL-00030',
  __v: 0
}
[requireAccess] Resolved access: user
[32minfo[39m: GET /v1/submissions?limit=25&offset=0 304 - 1892.470 ms
[32minfo[39m: OPTIONS /v1/submissions?limit=25&offset=0 204 - 0.662 ms
[requireAccess] Checking access for endpoint: /v1/submissions?limit=25&offset=0 {
  permissions: [],
  scope: undefined,
  environment: undefined,
  jwtOnly: false,
  apiOnly: false
}
[requireAccess] Incoming headers: {
  Authorization: 'Bearer eyJhbGciOiJIUzI1NiIsInR5cCI6IkpXVCJ9.eyJzdWIiOiI2OGU0Y2I5NmQxODBiMDI4NWQ5YTcwMWQiLCJpYXQiOjE3NjEyNTk5MzAsImV4cCI6MTc2MTI2MTczMCwidHlwZSI6ImFjY2VzcyJ9.HQbBYeIGYRIxGT89R8RdoHP3FytkOZQGF23VpQV5sQc',
  'x-api-key': undefined,
  requiredPermissions: []
}
[requireAccess] Full request headers: {
  host: 'localhost:4000',
  connection: 'keep-alive',
  'sec-ch-ua-platform': '"macOS"',
  authorization: 'Bearer eyJhbGciOiJIUzI1NiIsInR5cCI6IkpXVCJ9.eyJzdWIiOiI2OGU0Y2I5NmQxODBiMDI4NWQ5YTcwMWQiLCJpYXQiOjE3NjEyNTk5MzAsImV4cCI6MTc2MTI2MTczMCwidHlwZSI6ImFjY2VzcyJ9.HQbBYeIGYRIxGT89R8RdoHP3FytkOZQGF23VpQV5sQc',
  'user-agent': 'Mozilla/5.0 (Macintosh; Intel Mac OS X 10_15_7) AppleWebKit/537.36 (KHTML, like Gecko) Chrome/141.0.0.0 Safari/537.36',
  accept: 'application/json, text/plain, */*',
  'sec-ch-ua': '"Google Chrome";v="141", "Not?A_Brand";v="8", "Chromium";v="141"',
  'sec-ch-ua-mobile': '?0',
  origin: 'http://localhost:3000',
  'sec-fetch-site': 'same-site',
  'sec-fetch-mode': 'cors',
  'sec-fetch-dest': 'empty',
  referer: 'http://localhost:3000/',
  'accept-encoding': 'gzip, deflate, br, zstd',
  'accept-language': 'en-GB,en-US;q=0.9,en;q=0.8',
  cookie: 'next-auth.csrf-token=f11f82856e3c28ba73e12ddfd5693d1ca8079702a5ab7865957f369ab2877007%7C41b08bbac80a06aadc57cefc5b8d3db5da5c82dd32a953bddf59b7b0b375d97b; next-auth.callback-url=http%3A%2F%2Flocalhost%3A3000%2F; next-auth.session-token=eyJhbGciOiJkaXIiLCJlbmMiOiJBMjU2R0NNIn0..u-ChsE0V6bCtW_-G.upSwv502yodQYoG1SQA18UfbxDtAmSDydN7HkbdYgbAiW-35AqH0W4LW59LzX4HnSPnPlS7C7eVA-vplvUp3U52kkmC6vEXszxHC1t3aGOjtQGeSkpVmwoqZzW4mCbE7qYQjHqNOY0F2d9WUQZHLDVk-Hsoljw7-Pei83vhTxfU-jk9Ul8zmysOyZXVbjgiurtleSrE8F0uLTXb3BDVhr9MTPdfNDwlPys4-cSpnUca5-bLaHE1JHQ0PFuYpuSYBgPDSS4Eb6-LCztLzE4ThvIKJQ28ZhiTTP3OORZEmmEktCretlGopoaYhgm1MSD2aZAnSD-rZbpiN_8JdD51FuUwYZxNuot3tHzKv_FKsj5wWZ3ZY5mgVr5y5vI5OPDuuuJS24-wBO66bKo3NVVag2ReOrnsprYKG9UxwWcmg1XfW4BIRUlA5Vj7nk9pdhYw2Pqz8s9rHFhuGKBBe4mpAn4w94te-RlY2afF1EnAUBsLfkvj15ArGf6lXL7EH8nXgBvMJA0-nKDd7VGemrhxlhWGGpkW5cr7oHKXeh7Q2BtPKht3KOAI69tFx-Ss_jB4ze4XQPAriNbMawYzbMTP5H3nuFmxCL4210hzb63L2QloQalTzPMs7goCqOBJe9Q0aU3BbrvWEVX5CE7_Y_LnT8_0OniYpLPf5mMU6Y5QKXAvTBaPNrqQFn_tKYolyFlL4EKeYYQDlzYk1Y0FF0j8FB38JhlXqrEoLgIxjnheF58khpJcbob7twA5A8JqAzv5DmsQ-fwXOX55Or6OeFnHHrlDIL7DQyu0sPg6IGN2tlGq7h9urSCBHON5TRtDKiq3hzSqLtH78nEpmpjfwALP2NW6OPTO0KHlJIbW6bD4tXqEJt2cBZG-hlknMFWEm_A9GjKsC5Z26rH9w0F9j680D4xXvy8UbUxLYFDpRLG2bG9t0_9XDu1-ZRstsV01OLcxE3_Ui84gHMmuCGI5Y1djPbQPi_B4AtM6PInRxgLjtm_a-RQ7xqJPIMpE4He4o47m5cFF1ZLXQwfaek9m25ointhWioDsLRNAZfnuMZzsQWDA6-Vl5gjcvCm35mIex7j29u2rt1YirmefRpOIzXrCCz_K1tcRvjmOn4sHIuyPDXKDFymKSeISeUt6WS-nnB82Ro708WB-ZMuSdrcO87KEbY92HWSKlCSbg35k5QOzdJ3RUOwNMloS31mVAkM7V8DUt3vP5pozPTk6yCyK4RrAxgmWQ2qlNCsFVWs8gflV-X4w-rjycxEUE_JmcRZqTVmdrSsHWZh2BI6lJicI3vFTWnv7QO0VbNN3IczBgu1uw_GQCuwq3jt3FK5t_DBcbgd_7SHHMqpobvRZiSgEM2kTPgui83SxyN0XJSalG6756ZJAw9UWRrmUynBsf6vjPY-yQ9akfHV1JtY8TMGK8PcJ2b65DKaU0rrbNjHKhvMYC-VPxZyhSU11ec2Sk_ebbS4RO2eZLIXCtI2BFHKnmGRo1yf4mNCUXzfA_s9PDr68cOE--PYFlxfJIvpkDTlx_-0ZKBWOWXllzWzsCf2PCkjTHwOcSX2Wll97BWqQaGe1P95yQHARj54xKkVkGdBeTgUW2hFTs7K3k8S290SQOR9bAeS8NnDzJM_4vi0kUqp_haaz9SFsvkyaV5kYcA3gw10ZVmrxwEp1ZJUo0IKWCXdVOfgOri78ELQGcEFJqUVA60tlU_bJHamz31uAEiSJs5YzbvfHK3iJYunxGm7jKErqegmMvCyNvlYzPKXWK6t-gc11K5-HjQp9ZOd0HXIrzHqEIU7BT7g4R36TNfxALa2O49lll-9oeGhy8PcYi0f5csDgrC14zJnMHg4zrKEUJ3z_jkvcdlNUQe9gt6t0hv9znOzuuZoDwPQ6PZbJKcdERa4dxVXfWIMNDEOaYfydbRs29DDbttfYSPaARMbVbbTYu2eV23uPy7DMc3sgztyf7A7wisRmx2rhGYyzs1kzgEQd7Hy1sTHwRLUIMY0HMuP8mfRth7272AlWWKnIe82jkpzw0JppDgaypccOQq1PeJkmtvFahAvAoLKedGgheSaYtH9mhl-Di5TZoQmevz-en_YqqTDHoP0Kzc6g3fBshTOGosjQb-z7Kw90b7Q.suUmu51_4-c3eu4LRgAXNg',
  'if-none-match': 'W/"85b7e-RhvX/saba1TNHZcivjK63NsWgYk"'
}
[requireAccess] Detected JWT
[TenantPlugin] Pre-hook triggered for: findOne
[TenantPlugin] Options: {}
[requireAccess] Authenticated user: {
  roles: [],
  isOwner: true,
  isSuper: true,
  isSaby: true,
  isAgreed: false,
  createdBy: null,
  otp: null,
  otpExpires: null,
  otpVerified: true,
  phoneNumber: null,
  isPhoneVerified: false,
  isEmailVerified: true,
  avatar: 'https://halocrm.s3.us-east-1.amazonaws.com/user/avatar-09.webp',
  status: true,
  deletedAt: null,
  _id: 68e4cb96d180b0285d9a701d,
  firstname: 'Debby',
  lastname: 'Adebowale',
  email: 'saby@saby.ai',
  password: '$2a$08$o1.0/o0J3cDHswtnBPpdO.0KNYtXslW0gYv8ZcwaRkUdsupCw5dH.',
  userId: '0YXBcDcxPH',
  tenantId: 'hWiWJ_X0m6',
  createdAt: 2025-10-07T08:13:10.710Z,
  updatedAt: 2025-10-10T19:17:53.368Z,
  haloId: 'HL-00030',
  __v: 0
}
[requireAccess] Resolved access: user
[32minfo[39m: GET /v1/submissions?limit=25&offset=0 304 - 1933.040 ms
[32minfo[39m: OPTIONS /v1/submissions?limit=25&offset=0 204 - 0.538 ms
[requireAccess] Checking access for endpoint: /v1/submissions?limit=25&offset=0 {
  permissions: [],
  scope: undefined,
  environment: undefined,
  jwtOnly: false,
  apiOnly: false
}
[requireAccess] Incoming headers: {
  Authorization: 'Bearer eyJhbGciOiJIUzI1NiIsInR5cCI6IkpXVCJ9.eyJzdWIiOiI2OGU0Y2I5NmQxODBiMDI4NWQ5YTcwMWQiLCJpYXQiOjE3NjEyNTk5MzAsImV4cCI6MTc2MTI2MTczMCwidHlwZSI6ImFjY2VzcyJ9.HQbBYeIGYRIxGT89R8RdoHP3FytkOZQGF23VpQV5sQc',
  'x-api-key': undefined,
  requiredPermissions: []
}
[requireAccess] Full request headers: {
  host: 'localhost:4000',
  connection: 'keep-alive',
  'sec-ch-ua-platform': '"macOS"',
  authorization: 'Bearer eyJhbGciOiJIUzI1NiIsInR5cCI6IkpXVCJ9.eyJzdWIiOiI2OGU0Y2I5NmQxODBiMDI4NWQ5YTcwMWQiLCJpYXQiOjE3NjEyNTk5MzAsImV4cCI6MTc2MTI2MTczMCwidHlwZSI6ImFjY2VzcyJ9.HQbBYeIGYRIxGT89R8RdoHP3FytkOZQGF23VpQV5sQc',
  'user-agent': 'Mozilla/5.0 (Macintosh; Intel Mac OS X 10_15_7) AppleWebKit/537.36 (KHTML, like Gecko) Chrome/141.0.0.0 Safari/537.36',
  accept: 'application/json, text/plain, */*',
  'sec-ch-ua': '"Google Chrome";v="141", "Not?A_Brand";v="8", "Chromium";v="141"',
  'sec-ch-ua-mobile': '?0',
  origin: 'http://localhost:3000',
  'sec-fetch-site': 'same-site',
  'sec-fetch-mode': 'cors',
  'sec-fetch-dest': 'empty',
  referer: 'http://localhost:3000/',
  'accept-encoding': 'gzip, deflate, br, zstd',
  'accept-language': 'en-GB,en-US;q=0.9,en;q=0.8',
  cookie: 'next-auth.csrf-token=f11f82856e3c28ba73e12ddfd5693d1ca8079702a5ab7865957f369ab2877007%7C41b08bbac80a06aadc57cefc5b8d3db5da5c82dd32a953bddf59b7b0b375d97b; next-auth.callback-url=http%3A%2F%2Flocalhost%3A3000%2F; next-auth.session-token=eyJhbGciOiJkaXIiLCJlbmMiOiJBMjU2R0NNIn0..eFbZ2_7dG1u7xm6K.55Omcsnqp_869D5R-5lDTQ_sf-ZYlsLIWgJyzPoreLZKS7MZPR031ExkaA7I3Hz1gRkvNzrIbC85_cl8SYsKmwlaQiHOFvcV6c_tMbqZA8DvumsM5VAXh1ktTNAaBKnRmDHS0huqPdIF1ojIQ66palHS6wwafp9o2ibKmTEdPH6ELUkKfhyH7gpz6OXb1grg4ybdJ_qh3eJJMle_js4FzO9f6Xl5zvurHoTXlHKzAdsnMMEi6MlCiMAosqwG6tptwGkBYy7LPyTvTM_JZJjYJCfui6RpSsdxAqrAW0J4XiOgGlpDi3pNfVEvUcIuYefJYOXfW8InOasuUGmLwiov0b0ri2A1XmyydETEPtz63LhjybTJjVTTy43HIEWUSKLF15cXak3fkopplE0XLaKxnFPWPvjfD6xiMDK08j8ws8F1eSoTanSFWg1Xd9X27bJIOEOoCA8YLHev3NNS0B4k2LH042cVOLnHzldMC2m_04M7z_H1i-AjthsAkCvDfcR9ENaACCuN75srinnkyOv4zRmrvU77-q7rx8_fDP08CQGwgvTneNS0pHpITQp2ctEGLTioMpNhRHlAhO5oe541aG60g_S_Z-G5NghPPGOERbFyvGsU5joc6crihGGvoLpUseehY1ztyPk8usc3kuRnvldFhxWVLkUEnbIBBXXM9k2J-I8GD7UzTDSuiF4hJfCjW2BUuGl0RRgFmSdBzi8PG_T2KDqfZ0sk7dAz3u-wPrV3K4qOnhDqD9Lavk6qUwHr3w1yrRHvNc4Af7bqAfDRSMjycv2yeqfiaOpixfeYweMVKF7tFBLiSRswpIWKgM7g3SucdFoLMxrlKUEpqYWmUeGHNMdLly9ozciFx_bJHw5YDar_jvO1tTo6UpHzHqVQYk45LvjuRo4M3qIk2GtQonW-brTUPN5HgNj4VPxt4UmDEC_2pqPDTukug_cuFrORh6r1eKUtQoZGaRGkyjFJv27WQStSVjjzI7UXPGs1BWWZx0BCf4CUJcMdMXQpIRUsEmNqN6Rt3FFXYz0IFwm3GTcn1fvbK4cX7eAmFUsF_XIxdQRzgVTr-Smd6nXNuLvNrPSO49nz0tJ3pOIavywS99ZuOwDJkDQx6yy9c3XpY-2L-iMbLJoaREL6SFn1Zf2M8Ir5wY8GxK7cnAXs6MBE2lfi16mDogGIvwrrxXioNsnVSgTrHKhbAH52UHYjNDFKo_HoWxy0ZGkcMigG6hgH2f6_jTAIU5Sq-NgBqOqB4y_g4mnOgyxJvJrW1H5YVic5e34KPG9xydbkkPVEceqx889nErkN_n8DPNvusB0Gpxtalbts6RP-MMj7zTn_lBDYglF6zTNZq7SuW-zuOH8mjFDfOsBkKWZuA9ZW6v1dEdky3fhDB6Ti6Lv0YZHGSNZQ163AikoGkNYo4YO7NKBZINj574GxtMZlyDYT-vpkKSrxRn8nsytkK3NUJxgt2XdKRsS3OVYs_gTNHRB4VemtSryPCppaJxPHw7iSpy3hFyc5H4K2pKM_lbTrtVShrDu2m1_38mrXspFf6aawOQfvrYQngAiz-Vy3_HgpoDq9W4G6PapoozQvLNvtOKIK89I0W4gujAfEHbxnkidL8JcFoddNRa79u-rcnluefSKfux2oZB09fyK5EN8uVtfUNo7tnBvNdxnwRwJ4FLRg9J7ZSAIP9LFs1ew7iUsuIUOjotcV-DM8XspNSMIsw8vGuXNbSTORDzu7iyYr76e3MK74PuOWwOwFQPpKw-WeVoCY6kFSbRbAoyR7BmJKtfiqkxhZlcbUBjDfCqKI4D-7MfETyQdg3upiNrankm6PYNTMWFwIjK5981ceGz2g07LZfmtOzWXjJKl__cIXt2Vyj_0uOvZAISPcan_n5h9lSc2MWsZOlJ-AMZQZeJoKoD_W3D9UPRQok_jFkI0RCivParQfFAWhuaoT3iLg8wg6c7PAcdYOsYqkQnGYfysDBMvDBeipikT0WXYE8unD3xZ6o4HBeBApo8sLEpiFEHq2UlKjsBZkYEh2T6LCeDMtjsv4qYplHbaV_z-hfrUsAriOYzFYOWs69-YvtDszp9k4KISlGARzds-mkyJZDkvMHnMwFpPywiEue60WBtm3hg.TpGpMLoy7OZw6zHeQZMBDg',
  'if-none-match': 'W/"85b7e-RhvX/saba1TNHZcivjK63NsWgYk"'
}
[requireAccess] Detected JWT
[TenantPlugin] Pre-hook triggered for: findOne
[TenantPlugin] Options: {}
[requireAccess] Authenticated user: {
  roles: [],
  isOwner: true,
  isSuper: true,
  isSaby: true,
  isAgreed: false,
  createdBy: null,
  otp: null,
  otpExpires: null,
  otpVerified: true,
  phoneNumber: null,
  isPhoneVerified: false,
  isEmailVerified: true,
  avatar: 'https://halocrm.s3.us-east-1.amazonaws.com/user/avatar-09.webp',
  status: true,
  deletedAt: null,
  _id: 68e4cb96d180b0285d9a701d,
  firstname: 'Debby',
  lastname: 'Adebowale',
  email: 'saby@saby.ai',
  password: '$2a$08$o1.0/o0J3cDHswtnBPpdO.0KNYtXslW0gYv8ZcwaRkUdsupCw5dH.',
  userId: '0YXBcDcxPH',
  tenantId: 'hWiWJ_X0m6',
  createdAt: 2025-10-07T08:13:10.710Z,
  updatedAt: 2025-10-10T19:17:53.368Z,
  haloId: 'HL-00030',
  __v: 0
}
[requireAccess] Resolved access: user
[32minfo[39m: GET /v1/submissions?limit=25&offset=0 304 - 2031.308 ms
[32minfo[39m: OPTIONS /v1/submissions?project_id=n&limit=25&offset=0 204 - 3.518 ms
[requireAccess] Checking access for endpoint: /v1/submissions?project_id=n&limit=25&offset=0 {
  permissions: [],
  scope: undefined,
  environment: undefined,
  jwtOnly: false,
  apiOnly: false
}
[requireAccess] Incoming headers: {
  Authorization: 'Bearer eyJhbGciOiJIUzI1NiIsInR5cCI6IkpXVCJ9.eyJzdWIiOiI2OGU0Y2I5NmQxODBiMDI4NWQ5YTcwMWQiLCJpYXQiOjE3NjEyNTk5MzAsImV4cCI6MTc2MTI2MTczMCwidHlwZSI6ImFjY2VzcyJ9.HQbBYeIGYRIxGT89R8RdoHP3FytkOZQGF23VpQV5sQc',
  'x-api-key': undefined,
  requiredPermissions: []
}
[requireAccess] Full request headers: {
  host: 'localhost:4000',
  connection: 'keep-alive',
  'sec-ch-ua-platform': '"macOS"',
  authorization: 'Bearer eyJhbGciOiJIUzI1NiIsInR5cCI6IkpXVCJ9.eyJzdWIiOiI2OGU0Y2I5NmQxODBiMDI4NWQ5YTcwMWQiLCJpYXQiOjE3NjEyNTk5MzAsImV4cCI6MTc2MTI2MTczMCwidHlwZSI6ImFjY2VzcyJ9.HQbBYeIGYRIxGT89R8RdoHP3FytkOZQGF23VpQV5sQc',
  'user-agent': 'Mozilla/5.0 (Macintosh; Intel Mac OS X 10_15_7) AppleWebKit/537.36 (KHTML, like Gecko) Chrome/141.0.0.0 Safari/537.36',
  accept: 'application/json, text/plain, */*',
  'sec-ch-ua': '"Google Chrome";v="141", "Not?A_Brand";v="8", "Chromium";v="141"',
  'sec-ch-ua-mobile': '?0',
  origin: 'http://localhost:3000',
  'sec-fetch-site': 'same-site',
  'sec-fetch-mode': 'cors',
  'sec-fetch-dest': 'empty',
  referer: 'http://localhost:3000/',
  'accept-encoding': 'gzip, deflate, br, zstd',
  'accept-language': 'en-GB,en-US;q=0.9,en;q=0.8',
  cookie: 'next-auth.csrf-token=f11f82856e3c28ba73e12ddfd5693d1ca8079702a5ab7865957f369ab2877007%7C41b08bbac80a06aadc57cefc5b8d3db5da5c82dd32a953bddf59b7b0b375d97b; next-auth.callback-url=http%3A%2F%2Flocalhost%3A3000%2F; next-auth.session-token=eyJhbGciOiJkaXIiLCJlbmMiOiJBMjU2R0NNIn0..MykOxKanA1-_1gXx.iozL55b1RDOA_dDfF-ey7D1Kt-mvYtSN8g9TrlJHUsld48KAYJuvpWOsio_4hEd_NDsVXarQ36Kb-n7Y10fBdTLpZThmywd5fOeR_1g7tyjv7OvdTiY5VuetRC-gVmbq64FdZOs_oNSdLpi04n-_znRYfv-S08ZcY9JKxloeZ1ghH2p0IzdBcVewot1Q7_sFapUXsnvv3Z6vCqWETyYfO83tZ8JV7PoVHoZbLMBm0khaO33ZEtXMgbn3ZHv8IHcPFsGSI-p7JVjTpRydqRqLMZ90ekigXTTFmLhqwIaGaPUzyte1uueprbAjDVAK1od2OFXiPz7TzZdMXl6NfVd6RaUVeOMw5zPMKBbeF_Y576xr-LsK6AnLfUi-CdZVg_7_pUdSzFrGDxNHrrAzsbvUbLey2xjwV73-81YwLaAIosWR884AR62F0WHfaqsldTB5NWhUFklQgsGOrBowsW_JpUgaEJrieCDQDMwYZvfOR4AtrDZlGFaW_4jxGzvRT3lz6hvbDiCPch8_ZBCacIM_iKiWiZXt4UKWarPjYSmHQqBM9gtGBeuNSdhBvqnUXIbVct0lNNGAxB3x1ivokLMljPOPojgISaUDO4VUE_8yJmfrlptdXV0o_D59lUqxc3vNWt8UnBIjJ3uUHQxzc23vxTSYhHrqYGnYAyoHa2mO0mc7OCo5h0sRxrI3Y2WJT5jd5IJbctW_u2d8kqIWUEcPq5wYEl8gBj6iaBPCvRzMtKPIJhtgBLRYrG482UG-8nTkGLeoju1udmdTirVw69BhIQaWEwEA69anE9hrHCyZwocz21AJ7asJlclNwqMJDW1yDpPpE_yGCITpjqsa-nzhhvkAaKoLZzrY6ckjP4c5Fjhtnjq3kRg1BAbu1dulCSjITHJEGW_TPv8YYQj3gL1EYPCXjNpz7eg8oF8Xs4DqEc6kL_qsBDF2b5czFHubW2OEEjNj9nBWNTnMUFJC6JcJ745KdwSrKcjhcy5vVptHZ2V-MdfHhAAKUojLWn8xEXzU6-ObP1738ezF59Td4rfNQ2rnJbyFXqIY48DYO0OGOhEb35LsCtvsGB7AVkAuKWlG-HObtGbbph2lR_mm4MQZDKyYKiYnpw4YBsHfYu7R-lvj-32RbMuCakVM27H3viNkPT827fysPOgVNkhEwkvQeNbFUG0HZ3O_IyhK_9v6yU4Y0K-OnY6aMUzcKPz0mK6VDOkAILuAt0uVoQcMuDxmpiBhNHiCj-V5vSMmyQXR7l-36XURhYpU7rwOFbfYAW9GCtOmZAIq97KosXpk7rcA0VxB9eCYNmrRam6EFJLmN4dUe_6wNViLFrPi0lyb2G1fa9XhPdukYqIYVxy7kXGTQwRkHii3lMU3tOZX-dxxV7F3XgcTZKJOo4A11lcyNfQg1CF2WJKXwecA9ndj8_j2U-3KZr1MFbt9uYA__bl2fJPCTNe_oHkpT4kMO2WZl_kUVrJWd98dgUf1oDybZkTd-gdljMFwugcmbgQi0ZTcvIqEA27DJZXfpNDpmEIkPnDtcJeHrGvIMCn1PAQL6HCSIdjHaimlesN6IEUsHEjQxQDr3HnidK-1WfJqaWf2z018JVhoaW-RehFFBb5dL1AwpF69ElDskVWbbGNJQJJctt_how9-EPmEOtkqtlyP8XT48wO2rzvhbFQWpDNS-aCuwSP8dbMlTq8nUstl-KaEIZOpSdAeHmS_1iVqe8UuejJBo_FZpXSvifMRSCoqhXtGqMYcByJLXbex1PDvXaUhbZZa5SDD1j3UjsV4LWWFIxkXhLCNZd6pIn-VtaTbPJYAR8NGgL3e_E0qJctGWcAVI7B44HBGpIyTXS9ZCMH-DrkWQ8cYngop-Ak5BOQ66X1DEJE8V6jFtk0Nkx7gjo5WsYb3C7uGIgWxHHWl9_uekkBLNPl2omsZBuZXg-fzZe6L2v2nYkHWZ8XdkDX-UVTCknLfhwpquL-JwZlY3WaVWZkTYexlSnL7-berPHRqU6WfuL_WyNNvfi8Ssq3Hq5yOG24eO4_Sg54rGMxHDxZ7zsQlYBU_pbUF03jHqrcJ73Lr8gQP3WLyvibIb9VCLkYujfKTmONyC5NwDA_lXaqaKHQamjIbzGV_helnfQ.RN4YsAZ1kEj_dvZM_hP3hg'
}
[requireAccess] Detected JWT
[TenantPlugin] Pre-hook triggered for: findOne
[TenantPlugin] Options: {}
[requireAccess] Authenticated user: {
  roles: [],
  isOwner: true,
  isSuper: true,
  isSaby: true,
  isAgreed: false,
  createdBy: null,
  otp: null,
  otpExpires: null,
  otpVerified: true,
  phoneNumber: null,
  isPhoneVerified: false,
  isEmailVerified: true,
  avatar: 'https://halocrm.s3.us-east-1.amazonaws.com/user/avatar-09.webp',
  status: true,
  deletedAt: null,
  _id: 68e4cb96d180b0285d9a701d,
  firstname: 'Debby',
  lastname: 'Adebowale',
  email: 'saby@saby.ai',
  password: '$2a$08$o1.0/o0J3cDHswtnBPpdO.0KNYtXslW0gYv8ZcwaRkUdsupCw5dH.',
  userId: '0YXBcDcxPH',
  tenantId: 'hWiWJ_X0m6',
  createdAt: 2025-10-07T08:13:10.710Z,
  updatedAt: 2025-10-10T19:17:53.368Z,
  haloId: 'HL-00030',
  __v: 0
}
[requireAccess] Resolved access: user
[32minfo[39m: GET /v1/submissions?project_id=n&limit=25&offset=0 200 - 305.367 ms
[32minfo[39m: OPTIONS /v1/submissions?project_id=no&limit=25&offset=0 204 - 0.304 ms
[32minfo[39m: OPTIONS /v1/submissions?project_id=nod&limit=25&offset=0 204 - 0.956 ms
[32minfo[39m: OPTIONS /v1/submissions?project_id=node&limit=25&offset=0 204 - 0.251 ms
[requireAccess] Checking access for endpoint: /v1/submissions?project_id=no&limit=25&offset=0 {
  permissions: [],
  scope: undefined,
  environment: undefined,
  jwtOnly: false,
  apiOnly: false
}
[requireAccess] Incoming headers: {
  Authorization: 'Bearer eyJhbGciOiJIUzI1NiIsInR5cCI6IkpXVCJ9.eyJzdWIiOiI2OGU0Y2I5NmQxODBiMDI4NWQ5YTcwMWQiLCJpYXQiOjE3NjEyNTk5MzAsImV4cCI6MTc2MTI2MTczMCwidHlwZSI6ImFjY2VzcyJ9.HQbBYeIGYRIxGT89R8RdoHP3FytkOZQGF23VpQV5sQc',
  'x-api-key': undefined,
  requiredPermissions: []
}
[requireAccess] Full request headers: {
  host: 'localhost:4000',
  connection: 'keep-alive',
  'sec-ch-ua-platform': '"macOS"',
  authorization: 'Bearer eyJhbGciOiJIUzI1NiIsInR5cCI6IkpXVCJ9.eyJzdWIiOiI2OGU0Y2I5NmQxODBiMDI4NWQ5YTcwMWQiLCJpYXQiOjE3NjEyNTk5MzAsImV4cCI6MTc2MTI2MTczMCwidHlwZSI6ImFjY2VzcyJ9.HQbBYeIGYRIxGT89R8RdoHP3FytkOZQGF23VpQV5sQc',
  'user-agent': 'Mozilla/5.0 (Macintosh; Intel Mac OS X 10_15_7) AppleWebKit/537.36 (KHTML, like Gecko) Chrome/141.0.0.0 Safari/537.36',
  accept: 'application/json, text/plain, */*',
  'sec-ch-ua': '"Google Chrome";v="141", "Not?A_Brand";v="8", "Chromium";v="141"',
  'sec-ch-ua-mobile': '?0',
  origin: 'http://localhost:3000',
  'sec-fetch-site': 'same-site',
  'sec-fetch-mode': 'cors',
  'sec-fetch-dest': 'empty',
  referer: 'http://localhost:3000/',
  'accept-encoding': 'gzip, deflate, br, zstd',
  'accept-language': 'en-GB,en-US;q=0.9,en;q=0.8',
  cookie: 'next-auth.csrf-token=f11f82856e3c28ba73e12ddfd5693d1ca8079702a5ab7865957f369ab2877007%7C41b08bbac80a06aadc57cefc5b8d3db5da5c82dd32a953bddf59b7b0b375d97b; next-auth.callback-url=http%3A%2F%2Flocalhost%3A3000%2F; next-auth.session-token=eyJhbGciOiJkaXIiLCJlbmMiOiJBMjU2R0NNIn0..ed9SBh-Azkt9Hfkw.H78YuYY0DiPWq2yryv3sHiRh0BQSNcTh9HbbZdorlF7W0k08CNDipxkJD_z7FVC2d-ka7jDRhB13qhLA9CC5oEe3uLzEthIwdGFanNzKqLQok0vWgtozWYN4mmSQ_PyXMQv06OqlYphHIB4tnFVW_85IfA2PqykdBOHczl-JODFbIpucTvTm0cF7r92kFBLxhp4-1kbhqnlMDsqj_fKs-UY0TFdmc80dgt4Q85AmbYX35I0JCewlB-i-KuOTg2HlwcEU4QvaOu684PIwm1kde-AFGIssk-YT35Ey4ywoslty0mD--7tqh-MqRwfUIK5BaiE5LzoIuuLK4kiz6FhXcLqtpgU84fhmLABhgzgQQ2mpDOeHvILfAT--eCCjfgXcaPelpdCndFeZCXEwG5jZAY7_FlfB1us49ZLqrU3Eq7EDiof97JwhGnFPaYwuIIre33jnwcf2NhkB8sUN5Jg7VGofs0bhgfmXd5JW77fnWwnE8XuqiLgo6iN411yNuZXeJgkcc4C-V2_U1pY38rUOHPWxgPCuDeYs9KUBU0aLiT17qn9wZThrRO4XtVLIb4tTyHKSHnOnkccntaPlLxp2O91G9QJcWsKKaTXB1fjHMm_sWVQ8R2ZSskQW7uqrTnI3ZQhJuvtOB6Ch-Nz4kO9aaMirU8PjYABGxeqUJipwOvO4o83hqKTBKyCuKBVIfxFyUK8Q-dwknkctd-q58CUyh4b8eeztsRiz8KYk32429TOBsOgb0jbRDGvylrF4ZUfPIjbDlG2BK1beyIJuAzcEOAFDcOglHrp5s_G9NEiFYKmfAhFam7JJLe1dWEzgldX6dYHo2T6l79lVDcbjv3ZGoBJKiF7DNSlODWNfvBwRvxbF9axJcvl0x8N0GMF-J0OGnDIKX7DsOPvGz9WBW5xPHrDDBbLcwIB-SYI2436GImGso40Jaj_BRuYmhvzb6SwI41rSt5b-6g7yh_knQLD077_XH6taLwbUzHdMNVK5xUG3s8YfF0kfQRqBwvb65NvHQvFEVfzhuYOq15XpprstGE7lJw8VMnHouNASsLJnj1QHmsCMFPNRugaAiERc7BTxMFmA2y6C7KLIkewF27F1lipB-JDt42thSqof7PgCAdggdBRWX7g6dJ6vUq0Mhrqkc9DCMpQF-CG5X5_P7wSWEcK_qExM2Z1E4VCnOZQldPNOWaL8LIn4V72gE3Aop8q66wxUxm2BCecaJt-YWzunHBUTjPcxYmaQP1z6dynJu3HAur1Kszk0Ir8aRQiY2HBLnMbIrjL7BwViDW629kopHVUmEfbKsUSulo2laagXxCMzrqA7Xpt4fDHVOxwCW7gau_h2RSncZhyYESKLgCU0-B0kGPxgS8CLjSsuJrky_GHHWphxfmlw4wDgYgVipbljFwf_t_0RNAyMBZY7uo1-efsAjy0b9gv08xM7o_2YQmymD4EmKQgoUhSTVjjHxYv8xhQ1IBfdUMKCUPeQh-179gck0XE0Th-UjVGw9hociDKJm-bUVTxJIGso2x05jQuf51dFldKkZQXcBUuAnsOVyrq2NnOhCoz6M2jhrmXXGs-VljjE0k9icc5MucbpfdylL0LQVRSrm_rhB6eivgcXGYUtxrR5eth-21lkTrp9gotpejvQOFK1SmTq0NNc0H6KRFCUTdcfWWQ2qZfzQHsSIMyk5csvb2vc2NlmMrOhM8v4GD3h9F6eebFbD-DKLMZ3676mlNHy_1XTwJZpljosemrmDhoVY6k9IY9B3VssIjoDPd4jEZRx08SDGU4Wz-WnITkDCpCxvy_uynn0e0OxOGcSjGSmGCLfmtgnen-8KxY83nPgsQVnoTcUMvTx3-jWsMKGopwIGJy1mMCSgDZq5E3ZbqIJVeitCSBeh9O4P5BAMX0Tqw4JmbVcVfWiSLZEjeVqY5YPBp4Q_3tGR7w_QUU1cOoASfxJIX5n-fSN5kaRvr_-YLz-hZEM3JTMfZ1pM5RyPpPfSk0CG9Y2kFwtRrQ2RoC_xbWFgoSaOA-CPsRORNQtSemQnq1kLdd6UQaz3fwJRZCKPb7i9e4iyreVohCcg01FztMLYCGaN-ijR-vgI6dDGwyD2zC8x_BOzauMpOFXnDZ_zPl_hw.U1lPiI4HjijvZXHqJGDWRw'
}
[requireAccess] Detected JWT
[TenantPlugin] Pre-hook triggered for: findOne
[TenantPlugin] Options: {}
[requireAccess] Checking access for endpoint: /v1/submissions?project_id=nod&limit=25&offset=0 {
  permissions: [],
  scope: undefined,
  environment: undefined,
  jwtOnly: false,
  apiOnly: false
}
[requireAccess] Incoming headers: {
  Authorization: 'Bearer eyJhbGciOiJIUzI1NiIsInR5cCI6IkpXVCJ9.eyJzdWIiOiI2OGU0Y2I5NmQxODBiMDI4NWQ5YTcwMWQiLCJpYXQiOjE3NjEyNTk5MzAsImV4cCI6MTc2MTI2MTczMCwidHlwZSI6ImFjY2VzcyJ9.HQbBYeIGYRIxGT89R8RdoHP3FytkOZQGF23VpQV5sQc',
  'x-api-key': undefined,
  requiredPermissions: []
}
[requireAccess] Full request headers: {
  host: 'localhost:4000',
  connection: 'keep-alive',
  'sec-ch-ua-platform': '"macOS"',
  authorization: 'Bearer eyJhbGciOiJIUzI1NiIsInR5cCI6IkpXVCJ9.eyJzdWIiOiI2OGU0Y2I5NmQxODBiMDI4NWQ5YTcwMWQiLCJpYXQiOjE3NjEyNTk5MzAsImV4cCI6MTc2MTI2MTczMCwidHlwZSI6ImFjY2VzcyJ9.HQbBYeIGYRIxGT89R8RdoHP3FytkOZQGF23VpQV5sQc',
  'user-agent': 'Mozilla/5.0 (Macintosh; Intel Mac OS X 10_15_7) AppleWebKit/537.36 (KHTML, like Gecko) Chrome/141.0.0.0 Safari/537.36',
  accept: 'application/json, text/plain, */*',
  'sec-ch-ua': '"Google Chrome";v="141", "Not?A_Brand";v="8", "Chromium";v="141"',
  'sec-ch-ua-mobile': '?0',
  origin: 'http://localhost:3000',
  'sec-fetch-site': 'same-site',
  'sec-fetch-mode': 'cors',
  'sec-fetch-dest': 'empty',
  referer: 'http://localhost:3000/',
  'accept-encoding': 'gzip, deflate, br, zstd',
  'accept-language': 'en-GB,en-US;q=0.9,en;q=0.8',
  cookie: 'next-auth.csrf-token=f11f82856e3c28ba73e12ddfd5693d1ca8079702a5ab7865957f369ab2877007%7C41b08bbac80a06aadc57cefc5b8d3db5da5c82dd32a953bddf59b7b0b375d97b; next-auth.callback-url=http%3A%2F%2Flocalhost%3A3000%2F; next-auth.session-token=eyJhbGciOiJkaXIiLCJlbmMiOiJBMjU2R0NNIn0..ed9SBh-Azkt9Hfkw.H78YuYY0DiPWq2yryv3sHiRh0BQSNcTh9HbbZdorlF7W0k08CNDipxkJD_z7FVC2d-ka7jDRhB13qhLA9CC5oEe3uLzEthIwdGFanNzKqLQok0vWgtozWYN4mmSQ_PyXMQv06OqlYphHIB4tnFVW_85IfA2PqykdBOHczl-JODFbIpucTvTm0cF7r92kFBLxhp4-1kbhqnlMDsqj_fKs-UY0TFdmc80dgt4Q85AmbYX35I0JCewlB-i-KuOTg2HlwcEU4QvaOu684PIwm1kde-AFGIssk-YT35Ey4ywoslty0mD--7tqh-MqRwfUIK5BaiE5LzoIuuLK4kiz6FhXcLqtpgU84fhmLABhgzgQQ2mpDOeHvILfAT--eCCjfgXcaPelpdCndFeZCXEwG5jZAY7_FlfB1us49ZLqrU3Eq7EDiof97JwhGnFPaYwuIIre33jnwcf2NhkB8sUN5Jg7VGofs0bhgfmXd5JW77fnWwnE8XuqiLgo6iN411yNuZXeJgkcc4C-V2_U1pY38rUOHPWxgPCuDeYs9KUBU0aLiT17qn9wZThrRO4XtVLIb4tTyHKSHnOnkccntaPlLxp2O91G9QJcWsKKaTXB1fjHMm_sWVQ8R2ZSskQW7uqrTnI3ZQhJuvtOB6Ch-Nz4kO9aaMirU8PjYABGxeqUJipwOvO4o83hqKTBKyCuKBVIfxFyUK8Q-dwknkctd-q58CUyh4b8eeztsRiz8KYk32429TOBsOgb0jbRDGvylrF4ZUfPIjbDlG2BK1beyIJuAzcEOAFDcOglHrp5s_G9NEiFYKmfAhFam7JJLe1dWEzgldX6dYHo2T6l79lVDcbjv3ZGoBJKiF7DNSlODWNfvBwRvxbF9axJcvl0x8N0GMF-J0OGnDIKX7DsOPvGz9WBW5xPHrDDBbLcwIB-SYI2436GImGso40Jaj_BRuYmhvzb6SwI41rSt5b-6g7yh_knQLD077_XH6taLwbUzHdMNVK5xUG3s8YfF0kfQRqBwvb65NvHQvFEVfzhuYOq15XpprstGE7lJw8VMnHouNASsLJnj1QHmsCMFPNRugaAiERc7BTxMFmA2y6C7KLIkewF27F1lipB-JDt42thSqof7PgCAdggdBRWX7g6dJ6vUq0Mhrqkc9DCMpQF-CG5X5_P7wSWEcK_qExM2Z1E4VCnOZQldPNOWaL8LIn4V72gE3Aop8q66wxUxm2BCecaJt-YWzunHBUTjPcxYmaQP1z6dynJu3HAur1Kszk0Ir8aRQiY2HBLnMbIrjL7BwViDW629kopHVUmEfbKsUSulo2laagXxCMzrqA7Xpt4fDHVOxwCW7gau_h2RSncZhyYESKLgCU0-B0kGPxgS8CLjSsuJrky_GHHWphxfmlw4wDgYgVipbljFwf_t_0RNAyMBZY7uo1-efsAjy0b9gv08xM7o_2YQmymD4EmKQgoUhSTVjjHxYv8xhQ1IBfdUMKCUPeQh-179gck0XE0Th-UjVGw9hociDKJm-bUVTxJIGso2x05jQuf51dFldKkZQXcBUuAnsOVyrq2NnOhCoz6M2jhrmXXGs-VljjE0k9icc5MucbpfdylL0LQVRSrm_rhB6eivgcXGYUtxrR5eth-21lkTrp9gotpejvQOFK1SmTq0NNc0H6KRFCUTdcfWWQ2qZfzQHsSIMyk5csvb2vc2NlmMrOhM8v4GD3h9F6eebFbD-DKLMZ3676mlNHy_1XTwJZpljosemrmDhoVY6k9IY9B3VssIjoDPd4jEZRx08SDGU4Wz-WnITkDCpCxvy_uynn0e0OxOGcSjGSmGCLfmtgnen-8KxY83nPgsQVnoTcUMvTx3-jWsMKGopwIGJy1mMCSgDZq5E3ZbqIJVeitCSBeh9O4P5BAMX0Tqw4JmbVcVfWiSLZEjeVqY5YPBp4Q_3tGR7w_QUU1cOoASfxJIX5n-fSN5kaRvr_-YLz-hZEM3JTMfZ1pM5RyPpPfSk0CG9Y2kFwtRrQ2RoC_xbWFgoSaOA-CPsRORNQtSemQnq1kLdd6UQaz3fwJRZCKPb7i9e4iyreVohCcg01FztMLYCGaN-ijR-vgI6dDGwyD2zC8x_BOzauMpOFXnDZ_zPl_hw.U1lPiI4HjijvZXHqJGDWRw'
}
[requireAccess] Detected JWT
[TenantPlugin] Pre-hook triggered for: findOne
[TenantPlugin] Options: {}
[requireAccess] Checking access for endpoint: /v1/submissions?project_id=node&limit=25&offset=0 {
  permissions: [],
  scope: undefined,
  environment: undefined,
  jwtOnly: false,
  apiOnly: false
}
[requireAccess] Incoming headers: {
  Authorization: 'Bearer eyJhbGciOiJIUzI1NiIsInR5cCI6IkpXVCJ9.eyJzdWIiOiI2OGU0Y2I5NmQxODBiMDI4NWQ5YTcwMWQiLCJpYXQiOjE3NjEyNTk5MzAsImV4cCI6MTc2MTI2MTczMCwidHlwZSI6ImFjY2VzcyJ9.HQbBYeIGYRIxGT89R8RdoHP3FytkOZQGF23VpQV5sQc',
  'x-api-key': undefined,
  requiredPermissions: []
}
[requireAccess] Full request headers: {
  host: 'localhost:4000',
  connection: 'keep-alive',
  'sec-ch-ua-platform': '"macOS"',
  authorization: 'Bearer eyJhbGciOiJIUzI1NiIsInR5cCI6IkpXVCJ9.eyJzdWIiOiI2OGU0Y2I5NmQxODBiMDI4NWQ5YTcwMWQiLCJpYXQiOjE3NjEyNTk5MzAsImV4cCI6MTc2MTI2MTczMCwidHlwZSI6ImFjY2VzcyJ9.HQbBYeIGYRIxGT89R8RdoHP3FytkOZQGF23VpQV5sQc',
  'user-agent': 'Mozilla/5.0 (Macintosh; Intel Mac OS X 10_15_7) AppleWebKit/537.36 (KHTML, like Gecko) Chrome/141.0.0.0 Safari/537.36',
  accept: 'application/json, text/plain, */*',
  'sec-ch-ua': '"Google Chrome";v="141", "Not?A_Brand";v="8", "Chromium";v="141"',
  'sec-ch-ua-mobile': '?0',
  origin: 'http://localhost:3000',
  'sec-fetch-site': 'same-site',
  'sec-fetch-mode': 'cors',
  'sec-fetch-dest': 'empty',
  referer: 'http://localhost:3000/',
  'accept-encoding': 'gzip, deflate, br, zstd',
  'accept-language': 'en-GB,en-US;q=0.9,en;q=0.8',
  cookie: 'next-auth.csrf-token=f11f82856e3c28ba73e12ddfd5693d1ca8079702a5ab7865957f369ab2877007%7C41b08bbac80a06aadc57cefc5b8d3db5da5c82dd32a953bddf59b7b0b375d97b; next-auth.callback-url=http%3A%2F%2Flocalhost%3A3000%2F; next-auth.session-token=eyJhbGciOiJkaXIiLCJlbmMiOiJBMjU2R0NNIn0..ed9SBh-Azkt9Hfkw.H78YuYY0DiPWq2yryv3sHiRh0BQSNcTh9HbbZdorlF7W0k08CNDipxkJD_z7FVC2d-ka7jDRhB13qhLA9CC5oEe3uLzEthIwdGFanNzKqLQok0vWgtozWYN4mmSQ_PyXMQv06OqlYphHIB4tnFVW_85IfA2PqykdBOHczl-JODFbIpucTvTm0cF7r92kFBLxhp4-1kbhqnlMDsqj_fKs-UY0TFdmc80dgt4Q85AmbYX35I0JCewlB-i-KuOTg2HlwcEU4QvaOu684PIwm1kde-AFGIssk-YT35Ey4ywoslty0mD--7tqh-MqRwfUIK5BaiE5LzoIuuLK4kiz6FhXcLqtpgU84fhmLABhgzgQQ2mpDOeHvILfAT--eCCjfgXcaPelpdCndFeZCXEwG5jZAY7_FlfB1us49ZLqrU3Eq7EDiof97JwhGnFPaYwuIIre33jnwcf2NhkB8sUN5Jg7VGofs0bhgfmXd5JW77fnWwnE8XuqiLgo6iN411yNuZXeJgkcc4C-V2_U1pY38rUOHPWxgPCuDeYs9KUBU0aLiT17qn9wZThrRO4XtVLIb4tTyHKSHnOnkccntaPlLxp2O91G9QJcWsKKaTXB1fjHMm_sWVQ8R2ZSskQW7uqrTnI3ZQhJuvtOB6Ch-Nz4kO9aaMirU8PjYABGxeqUJipwOvO4o83hqKTBKyCuKBVIfxFyUK8Q-dwknkctd-q58CUyh4b8eeztsRiz8KYk32429TOBsOgb0jbRDGvylrF4ZUfPIjbDlG2BK1beyIJuAzcEOAFDcOglHrp5s_G9NEiFYKmfAhFam7JJLe1dWEzgldX6dYHo2T6l79lVDcbjv3ZGoBJKiF7DNSlODWNfvBwRvxbF9axJcvl0x8N0GMF-J0OGnDIKX7DsOPvGz9WBW5xPHrDDBbLcwIB-SYI2436GImGso40Jaj_BRuYmhvzb6SwI41rSt5b-6g7yh_knQLD077_XH6taLwbUzHdMNVK5xUG3s8YfF0kfQRqBwvb65NvHQvFEVfzhuYOq15XpprstGE7lJw8VMnHouNASsLJnj1QHmsCMFPNRugaAiERc7BTxMFmA2y6C7KLIkewF27F1lipB-JDt42thSqof7PgCAdggdBRWX7g6dJ6vUq0Mhrqkc9DCMpQF-CG5X5_P7wSWEcK_qExM2Z1E4VCnOZQldPNOWaL8LIn4V72gE3Aop8q66wxUxm2BCecaJt-YWzunHBUTjPcxYmaQP1z6dynJu3HAur1Kszk0Ir8aRQiY2HBLnMbIrjL7BwViDW629kopHVUmEfbKsUSulo2laagXxCMzrqA7Xpt4fDHVOxwCW7gau_h2RSncZhyYESKLgCU0-B0kGPxgS8CLjSsuJrky_GHHWphxfmlw4wDgYgVipbljFwf_t_0RNAyMBZY7uo1-efsAjy0b9gv08xM7o_2YQmymD4EmKQgoUhSTVjjHxYv8xhQ1IBfdUMKCUPeQh-179gck0XE0Th-UjVGw9hociDKJm-bUVTxJIGso2x05jQuf51dFldKkZQXcBUuAnsOVyrq2NnOhCoz6M2jhrmXXGs-VljjE0k9icc5MucbpfdylL0LQVRSrm_rhB6eivgcXGYUtxrR5eth-21lkTrp9gotpejvQOFK1SmTq0NNc0H6KRFCUTdcfWWQ2qZfzQHsSIMyk5csvb2vc2NlmMrOhM8v4GD3h9F6eebFbD-DKLMZ3676mlNHy_1XTwJZpljosemrmDhoVY6k9IY9B3VssIjoDPd4jEZRx08SDGU4Wz-WnITkDCpCxvy_uynn0e0OxOGcSjGSmGCLfmtgnen-8KxY83nPgsQVnoTcUMvTx3-jWsMKGopwIGJy1mMCSgDZq5E3ZbqIJVeitCSBeh9O4P5BAMX0Tqw4JmbVcVfWiSLZEjeVqY5YPBp4Q_3tGR7w_QUU1cOoASfxJIX5n-fSN5kaRvr_-YLz-hZEM3JTMfZ1pM5RyPpPfSk0CG9Y2kFwtRrQ2RoC_xbWFgoSaOA-CPsRORNQtSemQnq1kLdd6UQaz3fwJRZCKPb7i9e4iyreVohCcg01FztMLYCGaN-ijR-vgI6dDGwyD2zC8x_BOzauMpOFXnDZ_zPl_hw.U1lPiI4HjijvZXHqJGDWRw'
}
[requireAccess] Detected JWT
[TenantPlugin] Pre-hook triggered for: findOne
[TenantPlugin] Options: {}
[requireAccess] Authenticated user: {
  roles: [],
  isOwner: true,
  isSuper: true,
  isSaby: true,
  isAgreed: false,
  createdBy: null,
  otp: null,
  otpExpires: null,
  otpVerified: true,
  phoneNumber: null,
  isPhoneVerified: false,
  isEmailVerified: true,
  avatar: 'https://halocrm.s3.us-east-1.amazonaws.com/user/avatar-09.webp',
  status: true,
  deletedAt: null,
  _id: 68e4cb96d180b0285d9a701d,
  firstname: 'Debby',
  lastname: 'Adebowale',
  email: 'saby@saby.ai',
  password: '$2a$08$o1.0/o0J3cDHswtnBPpdO.0KNYtXslW0gYv8ZcwaRkUdsupCw5dH.',
  userId: '0YXBcDcxPH',
  tenantId: 'hWiWJ_X0m6',
  createdAt: 2025-10-07T08:13:10.710Z,
  updatedAt: 2025-10-10T19:17:53.368Z,
  haloId: 'HL-00030',
  __v: 0
}
[requireAccess] Resolved access: user
[requireAccess] Authenticated user: {
  roles: [],
  isOwner: true,
  isSuper: true,
  isSaby: true,
  isAgreed: false,
  createdBy: null,
  otp: null,
  otpExpires: null,
  otpVerified: true,
  phoneNumber: null,
  isPhoneVerified: false,
  isEmailVerified: true,
  avatar: 'https://halocrm.s3.us-east-1.amazonaws.com/user/avatar-09.webp',
  status: true,
  deletedAt: null,
  _id: 68e4cb96d180b0285d9a701d,
  firstname: 'Debby',
  lastname: 'Adebowale',
  email: 'saby@saby.ai',
  password: '$2a$08$o1.0/o0J3cDHswtnBPpdO.0KNYtXslW0gYv8ZcwaRkUdsupCw5dH.',
  userId: '0YXBcDcxPH',
  tenantId: 'hWiWJ_X0m6',
  createdAt: 2025-10-07T08:13:10.710Z,
  updatedAt: 2025-10-10T19:17:53.368Z,
  haloId: 'HL-00030',
  __v: 0
}
[requireAccess] Resolved access: user
[requireAccess] Authenticated user: {
  roles: [],
  isOwner: true,
  isSuper: true,
  isSaby: true,
  isAgreed: false,
  createdBy: null,
  otp: null,
  otpExpires: null,
  otpVerified: true,
  phoneNumber: null,
  isPhoneVerified: false,
  isEmailVerified: true,
  avatar: 'https://halocrm.s3.us-east-1.amazonaws.com/user/avatar-09.webp',
  status: true,
  deletedAt: null,
  _id: 68e4cb96d180b0285d9a701d,
  firstname: 'Debby',
  lastname: 'Adebowale',
  email: 'saby@saby.ai',
  password: '$2a$08$o1.0/o0J3cDHswtnBPpdO.0KNYtXslW0gYv8ZcwaRkUdsupCw5dH.',
  userId: '0YXBcDcxPH',
  tenantId: 'hWiWJ_X0m6',
  createdAt: 2025-10-07T08:13:10.710Z,
  updatedAt: 2025-10-10T19:17:53.368Z,
  haloId: 'HL-00030',
  __v: 0
}
[requireAccess] Resolved access: user
[32minfo[39m: GET /v1/submissions?project_id=no&limit=25&offset=0 200 - 195.848 ms
[32minfo[39m: GET /v1/submissions?project_id=node&limit=25&offset=0 200 - 1103.012 ms
[32minfo[39m: GET /v1/submissions?project_id=nod&limit=25&offset=0 200 - 2232.708 ms
[requireAccess] Checking access for endpoint: /v1/submissions?project_id=nod&limit=25&offset=0 {
  permissions: [],
  scope: undefined,
  environment: undefined,
  jwtOnly: false,
  apiOnly: false
}
[requireAccess] Incoming headers: {
  Authorization: 'Bearer eyJhbGciOiJIUzI1NiIsInR5cCI6IkpXVCJ9.eyJzdWIiOiI2OGU0Y2I5NmQxODBiMDI4NWQ5YTcwMWQiLCJpYXQiOjE3NjEyNTk5MzAsImV4cCI6MTc2MTI2MTczMCwidHlwZSI6ImFjY2VzcyJ9.HQbBYeIGYRIxGT89R8RdoHP3FytkOZQGF23VpQV5sQc',
  'x-api-key': undefined,
  requiredPermissions: []
}
[requireAccess] Full request headers: {
  host: 'localhost:4000',
  connection: 'keep-alive',
  'sec-ch-ua-platform': '"macOS"',
  authorization: 'Bearer eyJhbGciOiJIUzI1NiIsInR5cCI6IkpXVCJ9.eyJzdWIiOiI2OGU0Y2I5NmQxODBiMDI4NWQ5YTcwMWQiLCJpYXQiOjE3NjEyNTk5MzAsImV4cCI6MTc2MTI2MTczMCwidHlwZSI6ImFjY2VzcyJ9.HQbBYeIGYRIxGT89R8RdoHP3FytkOZQGF23VpQV5sQc',
  'user-agent': 'Mozilla/5.0 (Macintosh; Intel Mac OS X 10_15_7) AppleWebKit/537.36 (KHTML, like Gecko) Chrome/141.0.0.0 Safari/537.36',
  accept: 'application/json, text/plain, */*',
  'sec-ch-ua': '"Google Chrome";v="141", "Not?A_Brand";v="8", "Chromium";v="141"',
  'sec-ch-ua-mobile': '?0',
  origin: 'http://localhost:3000',
  'sec-fetch-site': 'same-site',
  'sec-fetch-mode': 'cors',
  'sec-fetch-dest': 'empty',
  referer: 'http://localhost:3000/',
  'accept-encoding': 'gzip, deflate, br, zstd',
  'accept-language': 'en-GB,en-US;q=0.9,en;q=0.8',
  cookie: 'next-auth.csrf-token=f11f82856e3c28ba73e12ddfd5693d1ca8079702a5ab7865957f369ab2877007%7C41b08bbac80a06aadc57cefc5b8d3db5da5c82dd32a953bddf59b7b0b375d97b; next-auth.callback-url=http%3A%2F%2Flocalhost%3A3000%2F; next-auth.session-token=eyJhbGciOiJkaXIiLCJlbmMiOiJBMjU2R0NNIn0..ycWk0QDfWR-QToF2.fYwR7RqNT_xf6vE6jqZ7Fg0ycU2Q-B-n0k7EugZ29WwwFX5kOb7KSsDmOlLRlMLWVELzkbnnFK2uZWuHZkTJ5Ie-udpffj7lS-cf-4FPPbiYFjbXhju7XJfN-MQn5eIcUPKYFJOfCF362SLayZ2K624T1nJEr3Yk3n-hh9wWdC9Ur6RQrMKo5FE2zWeswMwvQV0q7h2rwPNvzBB_MhUxEk47mP67hERdILrui80xaSnemqOGk-QfIM12pOcDdyDwAacyVC7oNCqskW0eOB77KbyH_mKHi9aKj2Yo7bObR0BjLdUb1G608zU0TGKsYIS-05VFqINQDeY76z0Is_WIGjlu9ElENz58to-KQA_YY1p9b9jWVSzUYc7A1nZg6Cd6M6o80dxIUVZdrdguL8D4WT-K0BlIVbqpGFbkDw94yaWwELfXU7E7NusSYp4BrW2MWeSsvZHhP_i3SzEJHXG-A_2O-9JXWOTRi3-44gSL3DI2T1Dfkr4EvatldWDAKo5hF6QeRi0OL3RnqoGdkutZJG5MiBJtGW36SsGgI--efjvCpSwe4WAR0tGuYI0A7gccJOVMVP7uFPOzjW77bLQcIYTRzDGxTn_oHnsOhDthZ7m1dizphmBzM0Qol9mTmSq3alkN-d4jLQUanVmakTCQVwVN_dQgUXVhtsUXu3mVzsZZoRhOEAENdXjTdeQHS6InukJ5DGS31Je8EPyXE8sR7hl6bnFdEzbX62J-SDoB-qaWT1HU7CQrKsebgxzDCODGyxexOZebt5T31grLujmgs2PxRfMaBCQbi1Atem_M3SCK-XYtQZiOqm0xMyRRP-mqJ-WQolWLsu87Fc22Z1XuFI-qWsUJBGtutDsT2UesTOjDlBwSOuibz5bxQc2MSfPDx3I8weaJzeFQFp1_gvli1kz6DGQPyXUtpJyeC7Hu32SgKoWjzqSvR4wi1nd_bzUtaknZz2N-0ePIK2Qa2_ZblW23Ylr5stqmMCtM-9NWqi_PlSFEGytYxLtLeP9CK9Vwjqtrg2MqYEpjjgGgpMSv3wcaij325zmLJTOGoV6CWHB8fmjCgm44_a_V_wniVB5MNPqT8yOVbaXxlDnwAlMdyGlLPFvJc48g1MZPdRgUzqxlwD-mvdeZiKZsIsLiXV5YE3tVHEpLv_f1NnPH7P7ZKWkLP4sa-yXkbuJIbMC8jT31pTOtf7kHPxYvokR69vMdXakCHTgONm_w7MONag2cCP4GlyrxrVVZ8fJVl7an_6hcrJtyoxUFofY5Wg01gM9XultYAuFncbhca2l3qJ9JbsAOsSYO81ju0oqlpVY3GvwWD-sVx-zqQ9HfE7PZLKMFGWl9xq2upk0a0VVXLqtYl1JgDz15jBlQeICg0YD4a7ss8OslrLuN7dKOcd7LBf-gOFUqqckbcjCh3Rl3mrVzU3JAPzwaYzzqg0aXTsnIWZ223mSLDQFjxhKWFO4O0XGdBczvBL3J_foE1EV6EyPPEMNXSHl5s-ZtslJHzPB-oohE6VXuKbWItr75sRC0_601sy2m9WKbnu4iATYsb91oy1XsLWSHsDN3HlvV8CAq7HO5NCGJp73RfsfUOQwH-RGHJBj2LyLdlLNQ2eKnIxqeuhPwU5JYjK0V4pMKtwkcDTlU_m0hKq5ism7XzZPSJV5RENlvLU0mrSTcICnpalnoDkXR5bERDkj0sZZyX4RP1C5iIBYpa9qd4K59gG7aWxdBywkrxAANlgNewrlRFm71F2Ee1ixIMKb-3oCftw87geXsJnzDr9GkCy-L1jRS0v3ZuMKmLtUDji0MOYFvgllHolJAGsT8O6TXhhFbKUu9Hlo5wNZZ0eW_ZKH_K9v0P0sACjEmvQlcCZdlP78uobWxeD3OaVQUH5UNUJC6CQsmnDSR9m-CtAmqs1az6zQJGVd2kzoOvTCDvMLvcJD1qZgCGg7z2YjoPcv3vSxWC_AD3gncsIKqN481E1Ra4mewSTU9saCYoJu24-B7jabf5VM6BMD5QLizLJH_ab_GsEFOFneCOfYK0z6wBkP29zrDe-MU5QYaTqgm7q0EeIF2vWqtogOkHrynlEcYp_3lTqKBUy___0nJsZFKEdzTUcJeaOEyGYQistrD6yTniA.m2rC99Yy-cGTr3QHp1sUGQ',
  'if-none-match': 'W/"27-sDzTOAMLsc2ic5ckkubRWQHG51U"'
}
[requireAccess] Detected JWT
[TenantPlugin] Pre-hook triggered for: findOne
[TenantPlugin] Options: {}
[requireAccess] Authenticated user: {
  roles: [],
  isOwner: true,
  isSuper: true,
  isSaby: true,
  isAgreed: false,
  createdBy: null,
  otp: null,
  otpExpires: null,
  otpVerified: true,
  phoneNumber: null,
  isPhoneVerified: false,
  isEmailVerified: true,
  avatar: 'https://halocrm.s3.us-east-1.amazonaws.com/user/avatar-09.webp',
  status: true,
  deletedAt: null,
  _id: 68e4cb96d180b0285d9a701d,
  firstname: 'Debby',
  lastname: 'Adebowale',
  email: 'saby@saby.ai',
  password: '$2a$08$o1.0/o0J3cDHswtnBPpdO.0KNYtXslW0gYv8ZcwaRkUdsupCw5dH.',
  userId: '0YXBcDcxPH',
  tenantId: 'hWiWJ_X0m6',
  createdAt: 2025-10-07T08:13:10.710Z,
  updatedAt: 2025-10-10T19:17:53.368Z,
  haloId: 'HL-00030',
  __v: 0
}
[requireAccess] Resolved access: user
[32minfo[39m: GET /v1/submissions?project_id=nod&limit=25&offset=0 304 - 248.266 ms
[32minfo[39m: OPTIONS /v1/submissions?project_id=nod&status=complete&limit=25&offset=0 204 - 0.291 ms
[requireAccess] Checking access for endpoint: /v1/submissions?project_id=nod&status=complete&limit=25&offset=0 {
  permissions: [],
  scope: undefined,
  environment: undefined,
  jwtOnly: false,
  apiOnly: false
}
[requireAccess] Incoming headers: {
  Authorization: 'Bearer eyJhbGciOiJIUzI1NiIsInR5cCI6IkpXVCJ9.eyJzdWIiOiI2OGU0Y2I5NmQxODBiMDI4NWQ5YTcwMWQiLCJpYXQiOjE3NjEyNTk5MzAsImV4cCI6MTc2MTI2MTczMCwidHlwZSI6ImFjY2VzcyJ9.HQbBYeIGYRIxGT89R8RdoHP3FytkOZQGF23VpQV5sQc',
  'x-api-key': undefined,
  requiredPermissions: []
}
[requireAccess] Full request headers: {
  host: 'localhost:4000',
  connection: 'keep-alive',
  'sec-ch-ua-platform': '"macOS"',
  authorization: 'Bearer eyJhbGciOiJIUzI1NiIsInR5cCI6IkpXVCJ9.eyJzdWIiOiI2OGU0Y2I5NmQxODBiMDI4NWQ5YTcwMWQiLCJpYXQiOjE3NjEyNTk5MzAsImV4cCI6MTc2MTI2MTczMCwidHlwZSI6ImFjY2VzcyJ9.HQbBYeIGYRIxGT89R8RdoHP3FytkOZQGF23VpQV5sQc',
  'user-agent': 'Mozilla/5.0 (Macintosh; Intel Mac OS X 10_15_7) AppleWebKit/537.36 (KHTML, like Gecko) Chrome/141.0.0.0 Safari/537.36',
  accept: 'application/json, text/plain, */*',
  'sec-ch-ua': '"Google Chrome";v="141", "Not?A_Brand";v="8", "Chromium";v="141"',
  'sec-ch-ua-mobile': '?0',
  origin: 'http://localhost:3000',
  'sec-fetch-site': 'same-site',
  'sec-fetch-mode': 'cors',
  'sec-fetch-dest': 'empty',
  referer: 'http://localhost:3000/',
  'accept-encoding': 'gzip, deflate, br, zstd',
  'accept-language': 'en-GB,en-US;q=0.9,en;q=0.8',
  cookie: 'next-auth.csrf-token=f11f82856e3c28ba73e12ddfd5693d1ca8079702a5ab7865957f369ab2877007%7C41b08bbac80a06aadc57cefc5b8d3db5da5c82dd32a953bddf59b7b0b375d97b; next-auth.callback-url=http%3A%2F%2Flocalhost%3A3000%2F; next-auth.session-token=eyJhbGciOiJkaXIiLCJlbmMiOiJBMjU2R0NNIn0..0SB7U4zBCxKev5Ou.BYQJfrgvlm_Hvp4HP_TBFMZw2FtRlz-k6WfkfGkDYnwi8ngKCzzFeoOqBE0136PqGOEE3zYnGvXyI9-sMS-QFM_1E0rRsPaJ0PFDWiVx9kmXXbjOpBDN1MvMtO7jCe9fX0dKDFCwpX1LGARsKdFlv57JBDZjtTAnLTlBtUmEbBS_IUjBE-JnB6zUpyhOdk4cf50x9J7TF45wruDle-G8Zf0OWGX97goVtfoNgUCIcLShSNTi3Q0YUJVc3-7k6lYFbomnqZGv37lq6hPpoM2WiWlXKgVAAO-4MYz12K9WwHZWIsMQpOtDnkiq7oJf2KETyv1Pcm6cD1Xt5pl7hDDuhiGjCdmYYAvkDgBbg2wlyEObwYgiuUd_vW-h5PCw0csQKSafPNaZZOBYxzC1zVjOkK1qDDF-5Gfp40glpXnGT5OzUGB-KpBUrzqf1hOWarE5Rb9PHavqyJaA_JmbIrqa7XYQMLU5PXzi6liL2GrW1LcHkJJoUCwc0EnoznzOmaBj7urBO55vlARbKXFFdVgx13VeZvfWqbsk2iSJ5W0F86skMoB1tB_695LUhHt709We73E6lvmQyXkhS9VM0PsZDTgAvY3Y8MCjCDCP7yuOR0vFPEjInTqigMN8fyv5wmiyZVpcu7SqGFPTUPx4NryeEBGCcqsSC7ugPId5m8m4fAHL8o7buJ9Aho_BYv7-DQgDc7jQONXJqMU0KOdS6MQ7aGjQrxKaxyAAbWvjdEWYGlY2GAlrbtdZ_K6lkt4gFFtNiOuZVtNy7b8fHRNTFJ6adx7PmTAWwnemqbuFnSRNN_Vh-OUbx4nEY5xiLnKa-C1hNEr19_exJAT2STp6gbiP67UBvQ5ot4Mjdjg7IBa_Y_RKcLIwL9cGw3PZwh3pYTkQ-f_yPN23MHLohpDIQK4exp2lYoooypvA7A3mk2F_-eQf7ljTuqt1qkJT0PP5OWwTKIUUZqsp0ME_9f8_bpy4bLNOKQm5O2xcm9rZqkGvFV-G5awm05PNmWn7ciXajta4l26tivEnN8-wHbwNu76URkBkkvn50kthVd0aSvOIvuOIp0FOzzY0yxvvoMznoW5zuO7a8LadtBa3u6ZhXcgOxZSGdxZ2SHgFOR5_d4b95Tiwd6Qs3V3czlNDE8rINf7H9y8XRl7CRqWL6x1aN38pmgrHCuph4kvUBYmvysTuCrYgU3Apmu2iKo0wVsq8ftvhwjzZ0kPhApszzAVQD3YaaxOBuW8upiAKw68L7kziVn5obazRsvg9BFDQvDGLTvEDGHUZs81lKvrJFNJwHajD-KBI22kJvqdFAKo_x7M7imNYGDB1pyu-Y2yf-2l4ttasZ_HYdBjKfsukKV2O-GHFJ0km3K7CILf4sT2HyjCJO9sXgENHm8w2EXD18fpzwghvUV3ug2hJTQRekbrqa8I_h7AoCE_WPLzDWyIiaJPWf_DdhmkqarOgkon4RAUe9TJx9HgnvZ3GumMrx6f--LdYW22rKBhH8ecnNnJT6XYKVvqWUCEIbAObctZzGoW926eguw2Hnc-u0fe5tV6FplYE1FGSv9JnQaH81IkpmoPrazynj-xUK0jGT959s-57zWm6YqHBiac54UMyBrqzoDRVSGrLc7mWtvJnKcfHuBHO0_c52peqcRwoHiiLwwxukV_lVKu3lzJfdJZ3N5bE7U2G6F5tA9_CNsWd9VnKuRGgO_IZmCJZFuIoFyghQRbaSoetKrWCMeLETVCkXu18FucJAw0qvZcXNooEzYPmVBRCQnmDGaLgPxPJ6HAl_pfc-FW7p4DkpDODXo55ql-Pg2XPDE7Xrt5YkrPDYOC7-SBfa4cuoK1AZyde0uNwMRTPtMFfebD-FchQjUGtcNH4HqP_NZ5QnXnqQx6j1vtQvkL0uGLZbSTG2ZxsN5tdD-qD61hzPhM8vNwbC4X-W_8INtU8BowzvEUtqBnC3Qq9UXqGqGL1UGPS9V2JR8Jxc-G9K-NibjmZhGw39j9oQ78GiTZZ8Gi3tIZ7oTbpC1axDqYugYQWyI51mOzOLY313FU6GD50zzFwTmpfooBJnxYnOBPzbgOr4JSjSDIGY-MBiIlOaqm7vLJ3z-qVPN74ulpriFB0jmeBB8SSRTqkBg.mJeopYwEuxacHSczEfme0g'
}
[requireAccess] Detected JWT
[TenantPlugin] Pre-hook triggered for: findOne
[TenantPlugin] Options: {}
[requireAccess] Authenticated user: {
  roles: [],
  isOwner: true,
  isSuper: true,
  isSaby: true,
  isAgreed: false,
  createdBy: null,
  otp: null,
  otpExpires: null,
  otpVerified: true,
  phoneNumber: null,
  isPhoneVerified: false,
  isEmailVerified: true,
  avatar: 'https://halocrm.s3.us-east-1.amazonaws.com/user/avatar-09.webp',
  status: true,
  deletedAt: null,
  _id: 68e4cb96d180b0285d9a701d,
  firstname: 'Debby',
  lastname: 'Adebowale',
  email: 'saby@saby.ai',
  password: '$2a$08$o1.0/o0J3cDHswtnBPpdO.0KNYtXslW0gYv8ZcwaRkUdsupCw5dH.',
  userId: '0YXBcDcxPH',
  tenantId: 'hWiWJ_X0m6',
  createdAt: 2025-10-07T08:13:10.710Z,
  updatedAt: 2025-10-10T19:17:53.368Z,
  haloId: 'HL-00030',
  __v: 0
}
[requireAccess] Resolved access: user
[32minfo[39m: GET /v1/submissions?project_id=nod&status=complete&limit=25&offset=0 200 - 398.189 ms
[32minfo[39m: OPTIONS /v1/submissions?project_id=nod&status=complete&limit=25&offset=0 204 - 0.687 ms
[requireAccess] Checking access for endpoint: /v1/submissions?project_id=nod&status=complete&limit=25&offset=0 {
  permissions: [],
  scope: undefined,
  environment: undefined,
  jwtOnly: false,
  apiOnly: false
}
[requireAccess] Incoming headers: {
  Authorization: 'Bearer eyJhbGciOiJIUzI1NiIsInR5cCI6IkpXVCJ9.eyJzdWIiOiI2OGU0Y2I5NmQxODBiMDI4NWQ5YTcwMWQiLCJpYXQiOjE3NjEyNTk5MzAsImV4cCI6MTc2MTI2MTczMCwidHlwZSI6ImFjY2VzcyJ9.HQbBYeIGYRIxGT89R8RdoHP3FytkOZQGF23VpQV5sQc',
  'x-api-key': undefined,
  requiredPermissions: []
}
[requireAccess] Full request headers: {
  host: 'localhost:4000',
  connection: 'keep-alive',
  'sec-ch-ua-platform': '"macOS"',
  authorization: 'Bearer eyJhbGciOiJIUzI1NiIsInR5cCI6IkpXVCJ9.eyJzdWIiOiI2OGU0Y2I5NmQxODBiMDI4NWQ5YTcwMWQiLCJpYXQiOjE3NjEyNTk5MzAsImV4cCI6MTc2MTI2MTczMCwidHlwZSI6ImFjY2VzcyJ9.HQbBYeIGYRIxGT89R8RdoHP3FytkOZQGF23VpQV5sQc',
  'user-agent': 'Mozilla/5.0 (Macintosh; Intel Mac OS X 10_15_7) AppleWebKit/537.36 (KHTML, like Gecko) Chrome/141.0.0.0 Safari/537.36',
  accept: 'application/json, text/plain, */*',
  'sec-ch-ua': '"Google Chrome";v="141", "Not?A_Brand";v="8", "Chromium";v="141"',
  'sec-ch-ua-mobile': '?0',
  origin: 'http://localhost:3000',
  'sec-fetch-site': 'same-site',
  'sec-fetch-mode': 'cors',
  'sec-fetch-dest': 'empty',
  referer: 'http://localhost:3000/',
  'accept-encoding': 'gzip, deflate, br, zstd',
  'accept-language': 'en-GB,en-US;q=0.9,en;q=0.8',
  cookie: 'next-auth.csrf-token=f11f82856e3c28ba73e12ddfd5693d1ca8079702a5ab7865957f369ab2877007%7C41b08bbac80a06aadc57cefc5b8d3db5da5c82dd32a953bddf59b7b0b375d97b; next-auth.callback-url=http%3A%2F%2Flocalhost%3A3000%2F; next-auth.session-token=eyJhbGciOiJkaXIiLCJlbmMiOiJBMjU2R0NNIn0..YyhS0-U2MiPE-s2i.IcdJ6WrE99-TU9Ap_BL9PQrakQ-al14OB0ekP2jfZ-Oib-gLBebbP1k-jtdKzJq8bu4JfrY0irRznlfGuolkghp4bwWM0tN4Ur1sb0PlAv8U09Vw0Pexhu0ZBqIqrX2o5kgWstG3pawG7AK_jm5JmMZK5W0I_lhC3sCOR6RRu9bBrzNKBrGEVyBCCxUF-3_Fn3r4-iuB4IQhtQItippr9idpiQ_SeAjfbqxjHPgCQdwOGFJRWOFO9dIfa78VaDwfKo9Mg4g4Jix28h9YpQFkro2fhRy25YAvVp91T6233jD24YkWiNfk27sexZpfz8_Btfrszot5Lyr9jDE8KVXZ5SOg549xNDPDKQVzI17yiE5Udc_HDNY1Ae2ssN54iQF0UVSMkMi7ne6yms7CEk8xKuu_dZhgM5MZ-6m9ISScCeenjjwH1vzyGifrGvcjyInq79XylM4lzmV6NeutCgXwIPzRLxUUdXFoqYWnAALstYfNCE39tse1j8PTXj6pZbaDQdgJQ0EDK2PfucP693NqZav79mSdefK-ehepK9_dzI27fXOK49a0kkWWeB9vG3kgRZacz1W4qdaBxOBxG-ZIznOrgV2GjYyNm3wexLngOrYzVzgUPbTabOu0H_iUd31Lb-I7LzNmfh_bhxrYIPFvJH-YXxZqWU9tHN66VqtriygoJ4rxQOnCbdWeY51hGvhMlgqi3ppBKWzmVyFF32MN9AXL-PRgC-MFuoAvc1H6qxxiCvbtqC98k4pTGOSkvJhrlo61FnXtzAZ-hF8pYWECyj1FzaoL-vV2pP0mBGFk13MC54_OBSsLnDZFGTZEJ-KjeowI8be44SZdO2KbBtN4FPAmFe7nrqFcvfnqBEBRbZUwBEpsEWsTsOdiloAnwnTJKzIGhw5r_K8IVcUarKStX-pILOEE7SJ_g7GLAfS01sY6eXrM-vdD1ooGCmdnLNO-A3ZXhCF_f4IsLsfsqap-FOndgv8hnAfjVY24VMDX6IHcblssB4Osqodah3pbQLSejLmbQAZtXSUt6ImMIo7VKnw7BkNUSIsj-9jONXPev4eyoUofEJf5a6WG9rMg6fZ2o83F4HFO6J8eAGAaHZ8_5Vnu5lHvqweR2T1TAD5lvv86nAO0c2lreYaWZBfLoYIjLR03Ep4tY77M_GNsZIMECshU0NxBOwfPSIeapQI6r0MVJvoORQjCcGUwXRHnxPUhW_LhXLw6nuJhta1tlXke0DvhsmtBNbN7brCWmWL74cKxL3wT2ZOaS3Q4NwySwO9O30yWa3Ugchb0L5vjSpzGpUnsSXOiHAvWGL_r_uNH9BwhFsnigLOKVjByIp9Dp86_gyU536jJTe00XhLGzo9nMYNgXQ65FuzETbHx-L1jr-oUimjoYGs510BMKxgdeELXKUQzsh4CyhVD0kXYcJgyXF_uqLhUK7IsZkNuhdYkWpf4KYF3LStivge-6i_jGj_oJMOWiwWlxd6yGC6f9VCJNVKOp4UHQkXYiQaRRnuTTXTMv2nkjcaJqgNyD8iMZGTormKuoeyIjeTm9rKauDIBgGBG3va_7r3vaYY2u9ZSXVX47CW8JQj_h4DGRoSMtVFBTUwaRxs6hi9cryuu4lZFgSi2FoNKBOviFRiMIZBtkI8R9hf1SEcexJa_ASFoOl7HIt-LyobsUL72QqsdZxG6IrD2-ZQkynuyCRlZObXd_89MGUuY2-R5ckBIpMBIDvbPiko447P92-azwXOvHea4ItQBv_RwXl16qS2MIPZUHqllTMt98NlAJMhSCfM2qBfUgWHhBfZjzlJ4PEYiegnvctSODVUiSa9rS1iTuAG4DD0u_F3oasamZFmR2aK8CY40fetZxFexKwbvd-mtGynB2WBHK70j3NF23X8L1BgbKh2QeRINQDbsyUtGks94XXc_Y3Pc5dlPHJ-OnDdUT1WQ1c98xddwU6YyLMFMeY3oKAe3osOu8M0tvBS_3bM7QYgzs6HiIpxolRsHWqtRZ9W0DI4SGmLZTKhLDKNhUdd6YGIFEVC5K9g15TiLez-m1rkJtRlMcMQXNNwOIcAlw1LPPg1KUak6UzAWsbn7aYQ-GQjn4ypnmGoop-yvObysiCnp71gyl7dU_BCA6w.ISid7nZKgIAqqnABz_k83g',
  'if-none-match': 'W/"27-sDzTOAMLsc2ic5ckkubRWQHG51U"'
}
[requireAccess] Detected JWT
[TenantPlugin] Pre-hook triggered for: findOne
[TenantPlugin] Options: {}
[requireAccess] Authenticated user: {
  roles: [],
  isOwner: true,
  isSuper: true,
  isSaby: true,
  isAgreed: false,
  createdBy: null,
  otp: null,
  otpExpires: null,
  otpVerified: true,
  phoneNumber: null,
  isPhoneVerified: false,
  isEmailVerified: true,
  avatar: 'https://halocrm.s3.us-east-1.amazonaws.com/user/avatar-09.webp',
  status: true,
  deletedAt: null,
  _id: 68e4cb96d180b0285d9a701d,
  firstname: 'Debby',
  lastname: 'Adebowale',
  email: 'saby@saby.ai',
  password: '$2a$08$o1.0/o0J3cDHswtnBPpdO.0KNYtXslW0gYv8ZcwaRkUdsupCw5dH.',
  userId: '0YXBcDcxPH',
  tenantId: 'hWiWJ_X0m6',
  createdAt: 2025-10-07T08:13:10.710Z,
  updatedAt: 2025-10-10T19:17:53.368Z,
  haloId: 'HL-00030',
  __v: 0
}
[requireAccess] Resolved access: user
[32minfo[39m: GET /v1/submissions?project_id=nod&status=complete&limit=25&offset=0 304 - 1147.675 ms
[32minfo[39m: OPTIONS /v1/submissions?project_id=no&status=complete&limit=25&offset=0 204 - 0.844 ms
[requireAccess] Checking access for endpoint: /v1/submissions?project_id=no&status=complete&limit=25&offset=0 {
  permissions: [],
  scope: undefined,
  environment: undefined,
  jwtOnly: false,
  apiOnly: false
}
[requireAccess] Incoming headers: {
  Authorization: 'Bearer eyJhbGciOiJIUzI1NiIsInR5cCI6IkpXVCJ9.eyJzdWIiOiI2OGU0Y2I5NmQxODBiMDI4NWQ5YTcwMWQiLCJpYXQiOjE3NjEyNTk5MzAsImV4cCI6MTc2MTI2MTczMCwidHlwZSI6ImFjY2VzcyJ9.HQbBYeIGYRIxGT89R8RdoHP3FytkOZQGF23VpQV5sQc',
  'x-api-key': undefined,
  requiredPermissions: []
}
[requireAccess] Full request headers: {
  host: 'localhost:4000',
  connection: 'keep-alive',
  'sec-ch-ua-platform': '"macOS"',
  authorization: 'Bearer eyJhbGciOiJIUzI1NiIsInR5cCI6IkpXVCJ9.eyJzdWIiOiI2OGU0Y2I5NmQxODBiMDI4NWQ5YTcwMWQiLCJpYXQiOjE3NjEyNTk5MzAsImV4cCI6MTc2MTI2MTczMCwidHlwZSI6ImFjY2VzcyJ9.HQbBYeIGYRIxGT89R8RdoHP3FytkOZQGF23VpQV5sQc',
  'user-agent': 'Mozilla/5.0 (Macintosh; Intel Mac OS X 10_15_7) AppleWebKit/537.36 (KHTML, like Gecko) Chrome/141.0.0.0 Safari/537.36',
  accept: 'application/json, text/plain, */*',
  'sec-ch-ua': '"Google Chrome";v="141", "Not?A_Brand";v="8", "Chromium";v="141"',
  'sec-ch-ua-mobile': '?0',
  origin: 'http://localhost:3000',
  'sec-fetch-site': 'same-site',
  'sec-fetch-mode': 'cors',
  'sec-fetch-dest': 'empty',
  referer: 'http://localhost:3000/',
  'accept-encoding': 'gzip, deflate, br, zstd',
  'accept-language': 'en-GB,en-US;q=0.9,en;q=0.8',
  cookie: 'next-auth.csrf-token=f11f82856e3c28ba73e12ddfd5693d1ca8079702a5ab7865957f369ab2877007%7C41b08bbac80a06aadc57cefc5b8d3db5da5c82dd32a953bddf59b7b0b375d97b; next-auth.callback-url=http%3A%2F%2Flocalhost%3A3000%2F; next-auth.session-token=eyJhbGciOiJkaXIiLCJlbmMiOiJBMjU2R0NNIn0..yZh_BrjCT2bKYv4y.jq3qQWcYJUWXzeCw7EnfUp_ckd0e96Aanz_DrWkGMfHzKNG7G-R36YcfhVxMt4V85uqceh_oHw-DrJ4FKQq1jQ21GMjklALTq5cxlDX1W_nTSk4bX8I-rVDM67DRtcvPS8mAt8w7WQKAqt4M3Fl0l4LefLqH74o4mUrw1peRWkYvI0Ko9q7oIFE0DS8jVahSkg7oXeolfzzXdAEZWgTYUdnu9mkdPLNdnsHAMVjPa7nPW2RTakEH-GzB28fqgB5-sc10pY0aKBb0HZeG0irx7JCH95ZCF6u4Mve4FmMb5jNVuQfgoGW7WKDvThEid4b-RjQ3lxzS1jYtoT4sx_AjCHh0OiEaJaeWFfyTz7A3z0FvLJqC5DyWUYp2DT9y_Zo55Sr27jNaNtya45ZhvwP8CxTbzuzUoflWclrcZfL_4Clh8UC5B5QmN1ORfvO_9uRn6y5TKKc2YdBmouJlJe242Uo1in9lZhfxJN5xN-8sPcXKNWjINNpIasLv72YWxRUIwGgokKzKvWSW1dJh4j2AriG7xQFBLrK8gyZb22MY84LrVtJxGaPsiT5I0SNxD2GFkJTAAdH0Jup9_JuZ7b0lwj_mRPZVfHSDU4I5_275k8UB-akwntiUOB5gx1eE_bqO_RyFThODZRwUax4SyM9viHeAfGyUN4mjZmS7j1x2C0Vjed5AaK0ymfCFccx9wNr6rgv2MTzL9Av7DnFWB_rrhIJvalQVt3QULsIv-g-fbc22R63wiiOTxLoHTUHFM1h95xK4udcruuzWrk1i1QuwifBnIjreYGls5YeVTOiaPBRonXf-M1wj6biIaXy6ezGd_Kkq4qdeC4ibwNclg88HLKguYvN84hmiBMM3i4QSJoYsPf8G14IJI-BOTHyDOBbrOu8Ug_N9iG1auymL6kDVSykCwke--zg-wq7fV7CtwH4A8u5tuUH8fwS08_H029sBQCk9r0o0LQmZ18pXbEmyGqLmtaaLG-k_FpcPS4YaizDNk1c-xjM7MRZUwCLLDWK_O6yYXya3NAQUhh3KaQCZyX2uh6QjL5C7H5dgEtcwSh9nUN_AsYIfpUoSYSELDrFivxW0rAFMXi4PfCSY7lFslWeDhzExXBWAyro6xo7HnYb4HTuV0b4hU7X4B715f5InfAfg8_sYwV3Yr5a_ttfXycXEAhzly4g_1GpeOlfAZF7vkgWzFhqX3p4pazpLU4F_uBBnmUv5SPux2BqmgozVz7egpt8q9qCYpTsvr9blmgn7pTtGeEtt4YHxqjaR4SjX8q1hpxVMHeON6BLmxTUK-BNEcinpNZKet0DfJkkiZRwcyIIzAzlKJwcHsj03OVdk5ScuITHUaxdw-RbEPIpiAfob2ko41Yg6f9M7JG7mu0NAqQK41xCUNE6NFZNEYffEDouxnOAmIx1Se3rpDz8-6lK1V4f508RlQrhet9KxPUCh5-gN9JX-3-i8Qp6FoEHx-ghmbRcwgpQxdnyABxXc3f-00iYq9XvvzUwRhyOc98ULBXQLUbPsoMLMg628ecrgGEPUpgE0aKevUIRQtrJ7ZOgAjC6csU684OMGRy7hsNzPlb5krSJAFNtbCcHpHT9EBKAd6OksQurwKW9vzTQIOb_PzlEFvXqFbmLUFC_6CgwvKySSZQtykxvHqxKvZgUSoCiTNDAcNmkF3xcoSpEE2AdfXhR28UVaesFjccXhHJWSerI4SwS8OrgBuV2oD34OCLqJxugycOTZSFxfZGrSxYA4FA5aqdCGip14sreLq-z7pFTnm6vY8Ug1noh2y6mWWMFvyfk2VKi8UGNZPVVoDKWkUXSESr83g3FQ9vByzRi6-RuXJuknruO6cIH0qj3q2DVoCYDyB340zmdeGm5XFulOxOSWK-ELVlrIUScVRXEFmFQf7gONCivo7ZlsQT1zaC_5JVKBJPUWSir2669qfxnyxGu9CEZIMKDM_RG0DXqjoMVm51XnS9KGRmiYJiuluyZYsAfOTeLV5f0wI-I-583_X1s6227t3p7u5j8W2UNFbzw22tHg0muqtJZmYcKktLj64ipgfJ3bjB8RImZayYCMdhdmNBmzH9nmK3KgBHRDCCtpnhP-Si6QxkXumvHuY3DzLyvWCRZpTw.HkRUNUGlCKWBrsKyCk8tug'
}
[requireAccess] Detected JWT
[TenantPlugin] Pre-hook triggered for: findOne
[TenantPlugin] Options: {}
[requireAccess] Authenticated user: {
  roles: [],
  isOwner: true,
  isSuper: true,
  isSaby: true,
  isAgreed: false,
  createdBy: null,
  otp: null,
  otpExpires: null,
  otpVerified: true,
  phoneNumber: null,
  isPhoneVerified: false,
  isEmailVerified: true,
  avatar: 'https://halocrm.s3.us-east-1.amazonaws.com/user/avatar-09.webp',
  status: true,
  deletedAt: null,
  _id: 68e4cb96d180b0285d9a701d,
  firstname: 'Debby',
  lastname: 'Adebowale',
  email: 'saby@saby.ai',
  password: '$2a$08$o1.0/o0J3cDHswtnBPpdO.0KNYtXslW0gYv8ZcwaRkUdsupCw5dH.',
  userId: '0YXBcDcxPH',
  tenantId: 'hWiWJ_X0m6',
  createdAt: 2025-10-07T08:13:10.710Z,
  updatedAt: 2025-10-10T19:17:53.368Z,
  haloId: 'HL-00030',
  __v: 0
}
[requireAccess] Resolved access: user
[32minfo[39m: GET /v1/submissions?project_id=no&status=complete&limit=25&offset=0 200 - 203.906 ms
[32minfo[39m: OPTIONS /v1/submissions?project_id=n&status=complete&limit=25&offset=0 204 - 0.314 ms
[requireAccess] Checking access for endpoint: /v1/submissions?project_id=n&status=complete&limit=25&offset=0 {
  permissions: [],
  scope: undefined,
  environment: undefined,
  jwtOnly: false,
  apiOnly: false
}
[requireAccess] Incoming headers: {
  Authorization: 'Bearer eyJhbGciOiJIUzI1NiIsInR5cCI6IkpXVCJ9.eyJzdWIiOiI2OGU0Y2I5NmQxODBiMDI4NWQ5YTcwMWQiLCJpYXQiOjE3NjEyNTk5MzAsImV4cCI6MTc2MTI2MTczMCwidHlwZSI6ImFjY2VzcyJ9.HQbBYeIGYRIxGT89R8RdoHP3FytkOZQGF23VpQV5sQc',
  'x-api-key': undefined,
  requiredPermissions: []
}
[requireAccess] Full request headers: {
  host: 'localhost:4000',
  connection: 'keep-alive',
  'sec-ch-ua-platform': '"macOS"',
  authorization: 'Bearer eyJhbGciOiJIUzI1NiIsInR5cCI6IkpXVCJ9.eyJzdWIiOiI2OGU0Y2I5NmQxODBiMDI4NWQ5YTcwMWQiLCJpYXQiOjE3NjEyNTk5MzAsImV4cCI6MTc2MTI2MTczMCwidHlwZSI6ImFjY2VzcyJ9.HQbBYeIGYRIxGT89R8RdoHP3FytkOZQGF23VpQV5sQc',
  'user-agent': 'Mozilla/5.0 (Macintosh; Intel Mac OS X 10_15_7) AppleWebKit/537.36 (KHTML, like Gecko) Chrome/141.0.0.0 Safari/537.36',
  accept: 'application/json, text/plain, */*',
  'sec-ch-ua': '"Google Chrome";v="141", "Not?A_Brand";v="8", "Chromium";v="141"',
  'sec-ch-ua-mobile': '?0',
  origin: 'http://localhost:3000',
  'sec-fetch-site': 'same-site',
  'sec-fetch-mode': 'cors',
  'sec-fetch-dest': 'empty',
  referer: 'http://localhost:3000/',
  'accept-encoding': 'gzip, deflate, br, zstd',
  'accept-language': 'en-GB,en-US;q=0.9,en;q=0.8',
  cookie: 'next-auth.csrf-token=f11f82856e3c28ba73e12ddfd5693d1ca8079702a5ab7865957f369ab2877007%7C41b08bbac80a06aadc57cefc5b8d3db5da5c82dd32a953bddf59b7b0b375d97b; next-auth.callback-url=http%3A%2F%2Flocalhost%3A3000%2F; next-auth.session-token=eyJhbGciOiJkaXIiLCJlbmMiOiJBMjU2R0NNIn0..c92Fi92iRk-BXDhR.uN8OZsFHBfQ7kqGqLmXqtM_suU0pTK3TPrZ0KWfboDdn0n3u6ixaTUNkckb2oiJ8dnFzDLArMWkXNyn7eAImZFQCrNJSyk9tGDUGwLYdWMm-oMJI3--rYbH8iuMOz3tfe_Wk4_yxiGrD569k_MKaQEgqkvxXEJLuZgW28p14pkFcOnxHCGU0xMgj-DqgzC_OuHjyfdA26d0IW47ZHP3aUb22DzfQ5foj2QB1u9sv7N4xsyMgRS8HBksYPygLnIbspiHybFylmT36jUeukyAWT_-g9ch_vbwkhrIfc9G7vzwGTzsNp8j5GeWQUiBynY8SYoB4_-8WHYfnGcYi1jIiqScsIzr_b61J-_sPzJc64Ykods2KNvvhFdpbpvimbeABSN3YH3iHT0oKPXffDpDgoicyjdF4TKZ4HDQigBovWxysSpRwDjRr0Wh52BsNU5XmQi6wuYwZ3_D4mxGNMfN9lyNPMvx0deCn8y66yKB61GvdovU5K76WIVI1Cd_9pXLXfODwnxX8g9CarrTD2_Nkfpw42wsaJPLb6GcVHN-WmJqloN4_zsOAy9tFy_NrH5HhHaWpQtUsrnbzs5h1XwcZrcAdeW_mUPTVRAIKo3HInPXSSefrfJ5m-Zsl6MCKNKHoyOI0nROonmKwOjUJpKSZaTer3uIGORB8Ke20Ar6NZwV2QULIZljVe63DUhpQ-vUMSfuzjPb83jV-7Dd2rwzZfQJoRn_ZyK7Mt4kOXY4ZNBxKT2FEN648k2TmHQj1Oa9mrunossnT4LJqlGtzoFDvkh1uvN3wgm3sjyk6eYss7vwIFTyNCyXQJKmQFjvoJ-vFwG0gzxqhylaCEup2utAp3gg9VGxl3k_RuXTQQPxvuUdW9IdxWU9FCcS-NfbzB_Z4cKb9HedUeMy-IBaPkcg8GozQEcqm5L4xXMoXd4gteylaD-SKryoZotrsfDsJ1sBHMV5Y6QyRoSTWF5JDkkiIv5_LSs1rFsDf4vS2WxACGgIfXhIImUbBh5LeeDGJ5sZjSdUOilmLueeR-pZ_eLz7izSMYBElN_8TWFbkO6YLv4yQgzEutyd1xDsfWJQ2msub8JtEtXNVDwtK3fMHRIUsS3vHoIlA3Uuomxh5ilaqEy8L-Dw-rmKqECYl6YLnjQkb1sp_B1x_9EcNsU8QgxYJpesmfwAPZoLIpjXqumN0VQXLLVhAFinqDeVKPIOdUwYZAw-vOc6LW8c37sDB7ygDhdEkQIo2zwnDXLdn43aFpeUAFSeLenx9NEj6NF3oaUk10Z8q5JJLxsOAyJBGz9q28sdBs19zNroPB1VBDA4RZaQGLf2pNsc3e3x_LgXCUtsawy5OV4KoolDoDAGa_6h52Ri5F59o7SupNO8DqXJizI6DVPVSYAPkEkB9LpcyvlPurEHPg4K9pi4chUjXPc4NMQ5U7uOE1RVN7X5iibcBCN_SwAxd3YXhzaoMwkoSVkO97DXiPEbbF9RmlQ2f4IIzQ2tLUNz_I3kxkNIflAUv5bpY9umtYNDgu4vN6W_kwAV7alx9KSsK_oJC89GxgLARFiVrcecrQu9EA9EIX7LFOaB4XEY6P2bS7axD5-HzCw9Cw1bQrxk9Wk10_ngqMC-VRUV39Aw1q-qzY8mjIB66MtMNKHDpRnJx0B7xPP7RCMeId6F9IrsTptvIFmdBE4I4fnwqnX6hzgh6jizdyeEriaboEp99jKbmC4N1sOhC1LV_1AlraAcL8pmnjg6GXxitvrw6fij88ylgH2tTe_pLBtakteXhPoIFI-iPf4oh23DM14RT6FhVhOQujqlTPOELA2Q_TKa47_ND7YyP4erCLvsBgO95COq5QzbqpVzfVQhAM2C9awZnFKsXX6DatQaA-u427bZaqNk6XOMr2x3cAK5fZmiaNbILl-P-cCapa2jL4aDef1eSgQ3it0yODszpMo9IoxYJcE6GmvufdrxBCUyks4Xrlxxz4YbtOSA25j1vKxdRsK9Eyiz-_pbdrkjZtZeyjejupwPEzKL744aaN16X8oGGhyWlNDx0NexJ9sFLtPTgiOqa3Nyn6mmiLukVDcbG5cwt476TGK4WST5BN3uquJiJT62WT3ef5BQF5balUdr46c4jI5V2WQ.Usbgs-0hs0bi61wgWsLOWQ'
}
[requireAccess] Detected JWT
[TenantPlugin] Pre-hook triggered for: findOne
[TenantPlugin] Options: {}
[requireAccess] Authenticated user: {
  roles: [],
  isOwner: true,
  isSuper: true,
  isSaby: true,
  isAgreed: false,
  createdBy: null,
  otp: null,
  otpExpires: null,
  otpVerified: true,
  phoneNumber: null,
  isPhoneVerified: false,
  isEmailVerified: true,
  avatar: 'https://halocrm.s3.us-east-1.amazonaws.com/user/avatar-09.webp',
  status: true,
  deletedAt: null,
  _id: 68e4cb96d180b0285d9a701d,
  firstname: 'Debby',
  lastname: 'Adebowale',
  email: 'saby@saby.ai',
  password: '$2a$08$o1.0/o0J3cDHswtnBPpdO.0KNYtXslW0gYv8ZcwaRkUdsupCw5dH.',
  userId: '0YXBcDcxPH',
  tenantId: 'hWiWJ_X0m6',
  createdAt: 2025-10-07T08:13:10.710Z,
  updatedAt: 2025-10-10T19:17:53.368Z,
  haloId: 'HL-00030',
  __v: 0
}
[requireAccess] Resolved access: user
[32minfo[39m: GET /v1/submissions?project_id=n&status=complete&limit=25&offset=0 200 - 199.645 ms
[32minfo[39m: OPTIONS /v1/submissions?status=complete&limit=25&offset=0 204 - 0.328 ms
[requireAccess] Checking access for endpoint: /v1/submissions?status=complete&limit=25&offset=0 {
  permissions: [],
  scope: undefined,
  environment: undefined,
  jwtOnly: false,
  apiOnly: false
}
[requireAccess] Incoming headers: {
  Authorization: 'Bearer eyJhbGciOiJIUzI1NiIsInR5cCI6IkpXVCJ9.eyJzdWIiOiI2OGU0Y2I5NmQxODBiMDI4NWQ5YTcwMWQiLCJpYXQiOjE3NjEyNTk5MzAsImV4cCI6MTc2MTI2MTczMCwidHlwZSI6ImFjY2VzcyJ9.HQbBYeIGYRIxGT89R8RdoHP3FytkOZQGF23VpQV5sQc',
  'x-api-key': undefined,
  requiredPermissions: []
}
[requireAccess] Full request headers: {
  host: 'localhost:4000',
  connection: 'keep-alive',
  'sec-ch-ua-platform': '"macOS"',
  authorization: 'Bearer eyJhbGciOiJIUzI1NiIsInR5cCI6IkpXVCJ9.eyJzdWIiOiI2OGU0Y2I5NmQxODBiMDI4NWQ5YTcwMWQiLCJpYXQiOjE3NjEyNTk5MzAsImV4cCI6MTc2MTI2MTczMCwidHlwZSI6ImFjY2VzcyJ9.HQbBYeIGYRIxGT89R8RdoHP3FytkOZQGF23VpQV5sQc',
  'user-agent': 'Mozilla/5.0 (Macintosh; Intel Mac OS X 10_15_7) AppleWebKit/537.36 (KHTML, like Gecko) Chrome/141.0.0.0 Safari/537.36',
  accept: 'application/json, text/plain, */*',
  'sec-ch-ua': '"Google Chrome";v="141", "Not?A_Brand";v="8", "Chromium";v="141"',
  'sec-ch-ua-mobile': '?0',
  origin: 'http://localhost:3000',
  'sec-fetch-site': 'same-site',
  'sec-fetch-mode': 'cors',
  'sec-fetch-dest': 'empty',
  referer: 'http://localhost:3000/',
  'accept-encoding': 'gzip, deflate, br, zstd',
  'accept-language': 'en-GB,en-US;q=0.9,en;q=0.8',
  cookie: 'next-auth.csrf-token=f11f82856e3c28ba73e12ddfd5693d1ca8079702a5ab7865957f369ab2877007%7C41b08bbac80a06aadc57cefc5b8d3db5da5c82dd32a953bddf59b7b0b375d97b; next-auth.callback-url=http%3A%2F%2Flocalhost%3A3000%2F; next-auth.session-token=eyJhbGciOiJkaXIiLCJlbmMiOiJBMjU2R0NNIn0..hCFgP9SB6pwvkul_.egNPAZNm9VRqk2dbQsm5xIM8Gn7SQTloIbekR8H-GBQVW7SLioM01r-j1rObV6xfekKGeSQYs7_neAPL_iJpXf587X_mTGWDTkLTz8shCOgRCIuCWc8T0xX9wWcwq2RXAjC1tDzE-hIvm7lfbX8gwjyQ3QtURedjYI-150C2tlk_fOrSpH4FD1rKwaujaRl_IMgvAbchNUD6QnE8fff-hmxSeGByXqpLaE40_7As3YKz_U6mulpTnZklyES6JL3C4dhz9emjTRzvOm_k37qf9x5J9ZTXBQjg42rOTVhLvxJyeFutxH4-0i-riRgpRcrcVkqrNHgLiiZVa-lfkZh5u1PDAsIhZ3bGsWTpLDOkA_4MK137nRWiOss55BJXxMyIeuxfRgdfjVNgCIchfFuSjpTcCfnYX_jzCYIX8eWc_6v9w94NAutnnO88BERLlbWxmIGIuemFegR74_AHR-RElkNHTpkf0zW1i-A2GZCjAE_A6ekVwBOa_dqMlcMZlsVInVCk63Oh50HaKBQeWPae3Eu81L_tdVibP4pqLEpDvETXgjB3F0PNbM_ceDQY6AQKa6GIQ3NEKtIexa6aviyK7r9YBcaT-IG-rewmgfqrHa-20klVzRtYg_CgcRSVUGU0TsKqRCZPLV-ZS3Q90yBs0zjfkytrwTLlVseJxTBrfoZxcqXBxcip1yrLfXw-PWa2mKmtyoJ7gihIFDzu6I_TP4PNQ9cZQkhztNVZ12jTfqtMmazIG3hXGbpdAvQD9iPOzQPtZ8rLSgdVdtO36GIO2VkAJFKnex_H_tEP9Mci9_FAsyQTCwqF873MB2Z8amfQNM5-ytusQ1heuXzVcNw20OIdA0GLD-oF7GntILE7yTAQtlEBMpT1aGiYTkUapq5Oo51Iz8TqhQQl9iPSskQ1zjWHZVo3-KDuOIdS-P1H-FYmkGc7zDhE-GALDYHNfHjjmQ7_Hj7X8Phm4YuksT7u19sVLGLTIPvHAwy16gpWw_A9JBgnk60Ao15PxQCEqalIDrMYhuqTCBj9hoBj2t3jpf4B9eMF37OsmHXH_pxf_NWY960v2cl8UHHdDg-VxFLQtjcChBlh-VsRJUJgZReFK1jZO2w9XLomBfexKNbrSIeVADE8nxx5VW4a3m6V_aGU7oqu3tgd7tVFOX2iAW4MV3z4yZOooTjQrkbHB30QVWbH1KZiuGoI_9QL3PMbM9jpITwuCksvyDY2KcRPOMM1NamIJcLoJ7Vt0McgZ0EY3AQ57ETnrqurRSC3ZCFcYUWv7BWwNsTCYVJfyQCHMx-S9-SSk4-adI__rgeiSbupB3Sln2Nw29qdNq_0Z7pq-WL2lzj9mbMrjhPcMYSzdmd32Nbu2BVy_0othi9M9s7WGtOxsHckoasL7XvLFOz57MqGY_FhMDvC0hZKZxKHxJBXQupO59hqx_PQMVNje8fGF-CMAbqjoGdbGNh-VyxfKBvZ5hOl3f2c57US5-0xpiyz_IMlIcP0vYSHcKGBM5rRuYM9BrZX3Nm5RAc9VpwNPWQ-6AEVNGFCn6vDshkPsX-KO4nqkSIstTNSXX5EDqcgN0lg9PzDtWfZL3NPMKnxDk6IKOmg60Qu2lUbq_y3QqKvmozuQYzauC2Rl61FBJB4wWlqwBj0ux05T4sZ9QoTTyiNUPB2-MzkEW0bHflNhJBFqh-OtkAORscM5EISFeNzggSLxuB8Cw4WmITPwVL4Vf3Mk9kd-dfAjM7TYcjCppC7OPNZ9zxoVZvlKb7RXe-ZvWNjViD118M8Pd2sHamMbKO1_ZRAW52kNiI3nCy6Rx1BGK4rEX-wIN8MzIntDrwDNwuHsCmXM35DOmAYTzV0wzoidxXH_GZkKgrFFw59rBmrcpCHCetp99xxxZRpbbgh7amSEZAz-jpyqbpdQY1nHtyLDdgo_Pqq5FqtQrdGNds3HDLKp4lbyyz1JXMvmeYygrygx8ozgsDCeYNbNl3p348Mp8oImzoHdUex4oNBhWNu6oVt0gyxLYxGW_M_hUq6GLudYnuRmY-2lUI2w9RZupR74bzQZihVD7dJeN69fWFC03H16soGmJ-aqiBeJFHQahFOa3gbf5YlVRMioNkajB2gNnTV3k95dydygQ.o09XpWGWLvs1xA0iRH1e9A',
  'if-none-match': 'W/"27-sDzTOAMLsc2ic5ckkubRWQHG51U"'
}
[requireAccess] Detected JWT
[TenantPlugin] Pre-hook triggered for: findOne
[TenantPlugin] Options: {}
[requireAccess] Authenticated user: {
  roles: [],
  isOwner: true,
  isSuper: true,
  isSaby: true,
  isAgreed: false,
  createdBy: null,
  otp: null,
  otpExpires: null,
  otpVerified: true,
  phoneNumber: null,
  isPhoneVerified: false,
  isEmailVerified: true,
  avatar: 'https://halocrm.s3.us-east-1.amazonaws.com/user/avatar-09.webp',
  status: true,
  deletedAt: null,
  _id: 68e4cb96d180b0285d9a701d,
  firstname: 'Debby',
  lastname: 'Adebowale',
  email: 'saby@saby.ai',
  password: '$2a$08$o1.0/o0J3cDHswtnBPpdO.0KNYtXslW0gYv8ZcwaRkUdsupCw5dH.',
  userId: '0YXBcDcxPH',
  tenantId: 'hWiWJ_X0m6',
  createdAt: 2025-10-07T08:13:10.710Z,
  updatedAt: 2025-10-10T19:17:53.368Z,
  haloId: 'HL-00030',
  __v: 0
}
[requireAccess] Resolved access: user
[32minfo[39m: GET /v1/submissions?status=complete&limit=25&offset=0 304 - 192.621 ms
[32minfo[39m: OPTIONS /v1/submissions?limit=25&offset=0 204 - 0.619 ms
[requireAccess] Checking access for endpoint: /v1/submissions?limit=25&offset=0 {
  permissions: [],
  scope: undefined,
  environment: undefined,
  jwtOnly: false,
  apiOnly: false
}
[requireAccess] Incoming headers: {
  Authorization: 'Bearer eyJhbGciOiJIUzI1NiIsInR5cCI6IkpXVCJ9.eyJzdWIiOiI2OGU0Y2I5NmQxODBiMDI4NWQ5YTcwMWQiLCJpYXQiOjE3NjEyNTk5MzAsImV4cCI6MTc2MTI2MTczMCwidHlwZSI6ImFjY2VzcyJ9.HQbBYeIGYRIxGT89R8RdoHP3FytkOZQGF23VpQV5sQc',
  'x-api-key': undefined,
  requiredPermissions: []
}
[requireAccess] Full request headers: {
  host: 'localhost:4000',
  connection: 'keep-alive',
  'sec-ch-ua-platform': '"macOS"',
  authorization: 'Bearer eyJhbGciOiJIUzI1NiIsInR5cCI6IkpXVCJ9.eyJzdWIiOiI2OGU0Y2I5NmQxODBiMDI4NWQ5YTcwMWQiLCJpYXQiOjE3NjEyNTk5MzAsImV4cCI6MTc2MTI2MTczMCwidHlwZSI6ImFjY2VzcyJ9.HQbBYeIGYRIxGT89R8RdoHP3FytkOZQGF23VpQV5sQc',
  'user-agent': 'Mozilla/5.0 (Macintosh; Intel Mac OS X 10_15_7) AppleWebKit/537.36 (KHTML, like Gecko) Chrome/141.0.0.0 Safari/537.36',
  accept: 'application/json, text/plain, */*',
  'sec-ch-ua': '"Google Chrome";v="141", "Not?A_Brand";v="8", "Chromium";v="141"',
  'sec-ch-ua-mobile': '?0',
  origin: 'http://localhost:3000',
  'sec-fetch-site': 'same-site',
  'sec-fetch-mode': 'cors',
  'sec-fetch-dest': 'empty',
  referer: 'http://localhost:3000/',
  'accept-encoding': 'gzip, deflate, br, zstd',
  'accept-language': 'en-GB,en-US;q=0.9,en;q=0.8',
  cookie: 'next-auth.csrf-token=f11f82856e3c28ba73e12ddfd5693d1ca8079702a5ab7865957f369ab2877007%7C41b08bbac80a06aadc57cefc5b8d3db5da5c82dd32a953bddf59b7b0b375d97b; next-auth.callback-url=http%3A%2F%2Flocalhost%3A3000%2F; next-auth.session-token=eyJhbGciOiJkaXIiLCJlbmMiOiJBMjU2R0NNIn0..OAh7p1xSQdYodTqU.8mn5O-JqARBc3nTd7eY8r4S96aTW2I_tzdG0a-jHa28zSk0QTHvG39G-tG1mPxF_pu5tx5lPRFfrvhsOH42x6KSPFWJ2w5Vr4qc2kLnZ2SQTgRGAn9dMTpNQHb86Ao9JA5RkczXTw_FuCFxRv_G_TPpmqOFEgtMq3bUZk4ycLw3zZf3rA865urTsQvVYxnH9VtqjJrlhN1VaJLir_wxmFJY44zjhll-UfqmuBYl_ncrVoHOZrGa7gcf2U7EoA0FebKV1aUAY-6ItbYRjGaQ7SDs9LtqE9UkAFqqkzjeaeo-VXx1p7i0Ru7aOWJvirnQK8vnjj0aCGuNuRcNUNmnnP2h_AaWSGK2YXGe9Ou7VESle_wkFU6XS-Co12lOuU6FQoPhnHMSjiY4mZ2yszdWKrlLTdgn1rA1oShDUVIcqeJ2971bERBDOOmyWy6hezHcUbHqTqfyuAecnGgNZ9HLWaOlITHkAVhBR51jfLRjFsJ14LJHFXSPUZLs2yVNhNBp_IIvG-8yi-J3_sS6IrRu-S2ktsl1kjYIsa7AgCPE14wSRBQtZZLLzVXp5v3yAJOKxPETdcC187hs--3Q3nHD1cDS9RlVnXQc01OwrL9NbSzCkOrTRHDvbGZ5Br2Tnivh2mwjQY2PKCiDldjOjVJIg5tvg15FWnloF8TxGMMO9DK95YdSUWgde5Ky7pZIQN8CQsY46ZRn35rokL-xSkKiyLW4YkP13g8J0xw_ZawyHQ3huAExm-c2y8eU4iCCTi0meoeejdT8eEQkB5GorC6deYrfp9sdJqtKjV1eQQLQ6RRJJBL62hY1Ewm_N2sTkH0Mkgv4nI5z5UGYntg9Stf7nKbfMM8Se2UPb52AY-Mc2pj8Kfqk3C-X7VZ9njuV-zi5UMrw77QtAzn6JiGt483aJkT69SXVA5yk2ooBxUYl3mKYFL7rv09-UsHASL67uUaxYQJbjZ9sOFGqzH-VBNTC9gaUrO94JMWCIo9ug0jE9-r7qwWDCuEOSCRwUXN2qNJny-89spli2n_5VmHyAyWPaU_naJAqoF2u3EXKn-vw2hxTXKc2obyO83_sRpN7w7nbVY5Y0jdg-D16yzPBJqUSwnbbrEEo4gi6CXDYmwNNGX1NOGRprMa2vX-y4qosHJHc80AJqItu1jTpJnLsud_fLsmuzSksoUkNk46I9SlEPlcuPAVjUJB7LqKq-glv5sMbWzITTdyFxUf8JWcNGIVvdboYKEnznlt1pQl4gz9Mj9ORJ_r77NMQcOpswxBw-MEo6gtqEtC_M91iL9Ck4SNAU45fY3EXGHlkwQ2MsAdm4aad3yFcC_uAsUmJnCipVQDHJGtvX1jsGtF-Sc7NOyH9dJyvzY7QN7L1_R--urB-4hAf4o678mOqt6vzcx75WQtbRkvJ4qPi4qn3Jw-2Lezf5AiSTqrBeeEhZTbgBs6knBin-Ms8PFkZo1M1ICE-GCnLAvXm0MdiWV1ndBQPZJiogXyXS7R7axty3P82A5_g8_6074XDy2-tBUXwm1-_WzEgeCwIFFlJw2FmXzPgY1lxnVLe_zlvqN87dRZz_lSYCP2i51e_dveRE4ja8tV9ANxYEJ9pFiqIedamSzF5ph6fwp0IinWOikwGifFwTKhAnxtKYkTi67l570TjR60YI6M8HyU7cLMQRVo2l53av9S8boUXfjUnhk8vZWHweTSY0B_6F-YKO7Dey6ZeehEVhbUbem7LSMp6WEa52P7hDZ1qZNxMSZ1vbexbHXg7DKzzDPm-ugfS03o9TyV8CZZFMbkn7HiJvKKeuKm31SpiUcVwqD_1IyCrqx21wy9PnWFYbfz1DADWTzV5aWTuZer0U71xpZCDwxZP5SeHTs1nW5pHy7CrV-joFFsj-zJboaIcmcEl71RTBaiZNmbUK7Bvvpm9M-AEbr-S88742T2VYLD14_ojRataiwFkwXEwInhUGDSrIAEYoCz56byTf-EO5sRnS1MKa8O86z8XXjDydBQ29TZFx4h55TdO8gsDjG6jUamqgYcn97YzasuH5YWamuXoaWslrAG1qT4ZRRs7cq3ofSGMtZ4iDbkuB05MhTdER1APOj2pQsqmBo4nE4BDoopMN_DTgrXpWl5rxQw.X5Un9Ss9gZHanGGM8raOoA',
  'if-none-match': 'W/"85b7e-RhvX/saba1TNHZcivjK63NsWgYk"'
}
[requireAccess] Detected JWT
[TenantPlugin] Pre-hook triggered for: findOne
[TenantPlugin] Options: {}
[requireAccess] Authenticated user: {
  roles: [],
  isOwner: true,
  isSuper: true,
  isSaby: true,
  isAgreed: false,
  createdBy: null,
  otp: null,
  otpExpires: null,
  otpVerified: true,
  phoneNumber: null,
  isPhoneVerified: false,
  isEmailVerified: true,
  avatar: 'https://halocrm.s3.us-east-1.amazonaws.com/user/avatar-09.webp',
  status: true,
  deletedAt: null,
  _id: 68e4cb96d180b0285d9a701d,
  firstname: 'Debby',
  lastname: 'Adebowale',
  email: 'saby@saby.ai',
  password: '$2a$08$o1.0/o0J3cDHswtnBPpdO.0KNYtXslW0gYv8ZcwaRkUdsupCw5dH.',
  userId: '0YXBcDcxPH',
  tenantId: 'hWiWJ_X0m6',
  createdAt: 2025-10-07T08:13:10.710Z,
  updatedAt: 2025-10-10T19:17:53.368Z,
  haloId: 'HL-00030',
  __v: 0
}
[requireAccess] Resolved access: user
[32minfo[39m: GET /v1/submissions?limit=25&offset=0 304 - 2303.092 ms
[31merror[39m: Unexpected error on idle client read ETIMEDOUT
[31m[nodemon] app crashed - waiting for file changes before starting...[39m
[32m[nodemon] restarting due to changes...[39m
[32m[nodemon] starting `node src/index.js`[39m
🔍 [REQUIRE ACCESS] Owner Resource Bundle loaded: [
  'user',       'app',
  'structures', 'node',
  'payment',    'level',
  'storage',    'project',
  'apikeys',    'project-form',
  'roles',      'permissions',
  'submission'
]
🔍 [REQUIRE ACCESS] Bundle type: object
🔍 [REQUIRE ACCESS] Is Array?: true
🔍 [AUTH MIDDLEWARE] Owner Resource Bundle loaded: [
  'user',       'app',
  'structures', 'node',
  'payment',    'level',
  'storage',    'project',
  'apikeys',    'project-form',
  'roles',      'permissions',
  'submission'
]
🔍 [AUTH MIDDLEWARE] Bundle type: object
🔍 [AUTH MIDDLEWARE] Is Array?: true
/Users/fadebowaley/saby/sabyBackend/node_modules/express/lib/router/route.js:202
        throw new Error(msg);
        ^

Error: Route.patch() requires a callback function but got a [object Undefined]
    at Route.<computed> [as patch] (/Users/fadebowaley/saby/sabyBackend/node_modules/express/lib/router/route.js:202:15)
    at Object.<anonymous> (/Users/fadebowaley/saby/sabyBackend/src/routes/v1/unifiedSubmission.route.js:97:4)
    at Module._compile (node:internal/modules/cjs/loader:1364:14)
    at Module._extensions..js (node:internal/modules/cjs/loader:1422:10)
    at Module.load (node:internal/modules/cjs/loader:1203:32)
    at Module._load (node:internal/modules/cjs/loader:1019:12)
    at Module.require (node:internal/modules/cjs/loader:1231:19)
    at require (node:internal/modules/helpers:177:18)
    at Object.<anonymous> (/Users/fadebowaley/saby/sabyBackend/src/routes/v1/index.js:46:32)
    at Module._compile (node:internal/modules/cjs/loader:1364:14)
    at Module._extensions..js (node:internal/modules/cjs/loader:1422:10)
    at Module.load (node:internal/modules/cjs/loader:1203:32)
    at Module._load (node:internal/modules/cjs/loader:1019:12)
    at Module.require (node:internal/modules/cjs/loader:1231:19)
    at require (node:internal/modules/helpers:177:18)
    at Object.<anonymous> (/Users/fadebowaley/saby/sabyBackend/src/app.js:15:16)

Node.js v18.20.2
[31m[nodemon] app crashed - waiting for file changes before starting...[39m
[32m[nodemon] restarting due to changes...[39m
[32m[nodemon] starting `node src/index.js`[39m
🔍 [REQUIRE ACCESS] Owner Resource Bundle loaded: [
  'user',       'app',
  'structures', 'node',
  'payment',    'level',
  'storage',    'project',
  'apikeys',    'project-form',
  'roles',      'permissions',
  'submission'
]
🔍 [REQUIRE ACCESS] Bundle type: object
🔍 [REQUIRE ACCESS] Is Array?: true
🔍 [AUTH MIDDLEWARE] Owner Resource Bundle loaded: [
  'user',       'app',
  'structures', 'node',
  'payment',    'level',
  'storage',    'project',
  'apikeys',    'project-form',
  'roles',      'permissions',
  'submission'
]
🔍 [AUTH MIDDLEWARE] Bundle type: object
🔍 [AUTH MIDDLEWARE] Is Array?: true
/Users/fadebowaley/saby/sabyBackend/node_modules/express/lib/router/route.js:202
        throw new Error(msg);
        ^

Error: Route.patch() requires a callback function but got a [object Undefined]
    at Route.<computed> [as patch] (/Users/fadebowaley/saby/sabyBackend/node_modules/express/lib/router/route.js:202:15)
    at Object.<anonymous> (/Users/fadebowaley/saby/sabyBackend/src/routes/v1/unifiedSubmission.route.js:97:4)
    at Module._compile (node:internal/modules/cjs/loader:1364:14)
    at Module._extensions..js (node:internal/modules/cjs/loader:1422:10)
    at Module.load (node:internal/modules/cjs/loader:1203:32)
    at Module._load (node:internal/modules/cjs/loader:1019:12)
    at Module.require (node:internal/modules/cjs/loader:1231:19)
    at require (node:internal/modules/helpers:177:18)
    at Object.<anonymous> (/Users/fadebowaley/saby/sabyBackend/src/routes/v1/index.js:46:32)
    at Module._compile (node:internal/modules/cjs/loader:1364:14)
    at Module._extensions..js (node:internal/modules/cjs/loader:1422:10)
    at Module.load (node:internal/modules/cjs/loader:1203:32)
    at Module._load (node:internal/modules/cjs/loader:1019:12)
    at Module.require (node:internal/modules/cjs/loader:1231:19)
    at require (node:internal/modules/helpers:177:18)
    at Object.<anonymous> (/Users/fadebowaley/saby/sabyBackend/src/app.js:15:16)

Node.js v18.20.2
[31m[nodemon] app crashed - waiting for file changes before starting...[39m
[32m[nodemon] restarting due to changes...[39m
[32m[nodemon] starting `node src/index.js`[39m
[32m[nodemon] restarting due to changes...[39m
[32m[nodemon] starting `node src/index.js`[39m
🔍 [REQUIRE ACCESS] Owner Resource Bundle loaded: [
  'user',       'app',
  'structures', 'node',
  'payment',    'level',
  'storage',    'project',
  'apikeys',    'project-form',
  'roles',      'permissions',
  'submission'
]
🔍 [REQUIRE ACCESS] Bundle type: object
🔍 [REQUIRE ACCESS] Is Array?: true
🔍 [AUTH MIDDLEWARE] Owner Resource Bundle loaded: [
  'user',       'app',
  'structures', 'node',
  'payment',    'level',
  'storage',    'project',
  'apikeys',    'project-form',
  'roles',      'permissions',
  'submission'
]
🔍 [AUTH MIDDLEWARE] Bundle type: object
🔍 [AUTH MIDDLEWARE] Is Array?: true
[33mwarn[39m: ⚠️  Email ingestor worker not available (missing dependencies)
(node:14004) NOTE: The AWS SDK for JavaScript (v2) is in maintenance mode.
 SDK releases are limited to address critical bug fixes and security issues only.

Please migrate your code to use AWS SDK for JavaScript (v3).
For more information, check the blog post at https://a.co/cUPnyil
(Use `node --trace-warnings ...` to show where the warning was created)
[32minfo[39m: ✅ Connected to MongoDB
[32minfo[39m: 🔄 Testing PostgreSQL connection...
[32minfo[39m: 📊 Host: 20.169.129.160:5432
[32minfo[39m: 👤 User: sabyagentic_user
[32minfo[39m: 🗄️  Database: halograph
[32minfo[39m: ✅ PostgreSQL connected successfully
[32minfo[39m: 📋 PostgreSQL Version: PostgreSQL 15.14 (Debian 15.14-1.pgdg13+1) on x86_64-pc-linux-gnu, compiled by gcc (Debian 14.2.0-19) 14.2.0, 64-bit
[32minfo[39m: ✅ Redis connected
[32minfo[39m: ⚙️  Redis ready for commands
[32minfo[39m: ✅ Redis ping successful
[32minfo[39m: 🚀 Initializing background workers...
[32minfo[39m: ✅ Submission worker started
[32minfo[39m: ✅ PERM notification worker started
[32minfo[39m: 🔔 Notification worker initialized
[32minfo[39m: ✅ Notification worker started
[32minfo[39m: ⊘ Email ingestor worker not available (missing dependencies)
[32minfo[39m: 🎉 All workers initialized successfully
[31merror[39m: Error: listen EADDRINUSE: address already in use :::4000
    at Server.setupListenHandle [as _listen2] (node:net:1817:16)
    at listenInCluster (node:net:1865:12)
    at doListen (node:net:2014:7)
    at process.processTicksAndRejections (node:internal/process/task_queues:83:21)
[32minfo[39m: 🛑 Shutting down workers...
[32minfo[39m: ✅ Submission worker stopped
[32minfo[39m: ✅ PERM notification worker stopped
[32minfo[39m: ✅ Notification worker stopped
[32minfo[39m: 🛑 All workers shut down
[32minfo[39m: Server closed
[31m[nodemon] app crashed - waiting for file changes before starting...[39m
[32m[nodemon] restarting due to changes...[39m
[32m[nodemon] starting `node src/index.js`[39m
[32m[nodemon] restarting due to changes...[39m
[32m[nodemon] restarting due to changes...[39m
[32m[nodemon] starting `node src/index.js`[39m
🔍 [REQUIRE ACCESS] Owner Resource Bundle loaded: [
  'user',       'app',
  'structures', 'node',
  'payment',    'level',
  'storage',    'project',
  'apikeys',    'project-form',
  'roles',      'permissions',
  'submission'
]
🔍 [REQUIRE ACCESS] Bundle type: object
🔍 [REQUIRE ACCESS] Is Array?: true
🔍 [AUTH MIDDLEWARE] Owner Resource Bundle loaded: [
  'user',       'app',
  'structures', 'node',
  'payment',    'level',
  'storage',    'project',
  'apikeys',    'project-form',
  'roles',      'permissions',
  'submission'
]
🔍 [AUTH MIDDLEWARE] Bundle type: object
🔍 [AUTH MIDDLEWARE] Is Array?: true
[33mwarn[39m: ⚠️  Email ingestor worker not available (missing dependencies)
(node:15227) NOTE: The AWS SDK for JavaScript (v2) is in maintenance mode.
 SDK releases are limited to address critical bug fixes and security issues only.

Please migrate your code to use AWS SDK for JavaScript (v3).
For more information, check the blog post at https://a.co/cUPnyil
(Use `node --trace-warnings ...` to show where the warning was created)
[32minfo[39m: ✅ Connected to MongoDB
[32minfo[39m: 🔄 Testing PostgreSQL connection...
[32minfo[39m: 📊 Host: 20.169.129.160:5432
[32minfo[39m: 👤 User: sabyagentic_user
[32minfo[39m: 🗄️  Database: halograph
[32minfo[39m: ✅ PostgreSQL connected successfully
[32minfo[39m: 📋 PostgreSQL Version: PostgreSQL 15.14 (Debian 15.14-1.pgdg13+1) on x86_64-pc-linux-gnu, compiled by gcc (Debian 14.2.0-19) 14.2.0, 64-bit
[32minfo[39m: ✅ Redis connected
[32minfo[39m: ⚙️  Redis ready for commands
[32minfo[39m: ✅ Redis ping successful
[32minfo[39m: 🚀 Initializing background workers...
[32minfo[39m: ✅ Submission worker started
[32minfo[39m: ✅ PERM notification worker started
[32minfo[39m: 🔔 Notification worker initialized
[32minfo[39m: ✅ Notification worker started
[32minfo[39m: ⊘ Email ingestor worker not available (missing dependencies)
[32minfo[39m: 🎉 All workers initialized successfully
[31merror[39m: Error: listen EADDRINUSE: address already in use :::4000
    at Server.setupListenHandle [as _listen2] (node:net:1817:16)
    at listenInCluster (node:net:1865:12)
    at doListen (node:net:2014:7)
    at process.processTicksAndRejections (node:internal/process/task_queues:83:21)
[32minfo[39m: 🛑 Shutting down workers...
[32minfo[39m: ✅ Submission worker stopped
[32minfo[39m: ✅ PERM notification worker stopped
[32minfo[39m: ✅ Notification worker stopped
[32minfo[39m: 🛑 All workers shut down
[32minfo[39m: Server closed
[31m[nodemon] app crashed - waiting for file changes before starting...[39m
[32m[nodemon] restarting due to changes...[39m
[32m[nodemon] starting `node src/index.js`[39m
[32m[nodemon] restarting due to changes...[39m
[32m[nodemon] starting `node src/index.js`[39m
[32m[nodemon] restarting due to changes...[39m
[32m[nodemon] starting `node src/index.js`[39m
🔍 [REQUIRE ACCESS] Owner Resource Bundle loaded: [
  'user',       'app',
  'structures', 'node',
  'payment',    'level',
  'storage',    'project',
  'apikeys',    'project-form',
  'roles',      'permissions',
  'submission'
]
🔍 [REQUIRE ACCESS] Bundle type: object
🔍 [REQUIRE ACCESS] Is Array?: true
🔍 [AUTH MIDDLEWARE] Owner Resource Bundle loaded: [
  'user',       'app',
  'structures', 'node',
  'payment',    'level',
  'storage',    'project',
  'apikeys',    'project-form',
  'roles',      'permissions',
  'submission'
]
🔍 [AUTH MIDDLEWARE] Bundle type: object
🔍 [AUTH MIDDLEWARE] Is Array?: true
[33mwarn[39m: ⚠️  Email ingestor worker not available (missing dependencies)
(node:17858) NOTE: The AWS SDK for JavaScript (v2) is in maintenance mode.
 SDK releases are limited to address critical bug fixes and security issues only.

Please migrate your code to use AWS SDK for JavaScript (v3).
For more information, check the blog post at https://a.co/cUPnyil
(Use `node --trace-warnings ...` to show where the warning was created)
[32minfo[39m: ✅ Connected to MongoDB
[32minfo[39m: 🔄 Testing PostgreSQL connection...
[32minfo[39m: 📊 Host: 20.169.129.160:5432
[32minfo[39m: 👤 User: sabyagentic_user
[32minfo[39m: 🗄️  Database: halograph
[32minfo[39m: ✅ PostgreSQL connected successfully
[32minfo[39m: 📋 PostgreSQL Version: PostgreSQL 15.14 (Debian 15.14-1.pgdg13+1) on x86_64-pc-linux-gnu, compiled by gcc (Debian 14.2.0-19) 14.2.0, 64-bit
[32minfo[39m: ✅ Redis connected
[32minfo[39m: ⚙️  Redis ready for commands
[32minfo[39m: ✅ Redis ping successful
[32minfo[39m: 🚀 Initializing background workers...
[32minfo[39m: ✅ Submission worker started
[32minfo[39m: ✅ PERM notification worker started
[32minfo[39m: 🔔 Notification worker initialized
[32minfo[39m: ✅ Notification worker started
[32minfo[39m: ⊘ Email ingestor worker not available (missing dependencies)
[32minfo[39m: 🎉 All workers initialized successfully
[32minfo[39m: 🚀 Server is running on port 4000
[32minfo[39m: 🌍 Environment: development
[32minfo[39m: 📊 Database Status:
[32minfo[39m:    - MongoDB: ✅ Connected
[32minfo[39m:    - PostgreSQL: ✅ Connected
[32minfo[39m:    - Redis: ✅ Connected
[32minfo[39m: Connected to email server
[32minfo[39m: OPTIONS /v1/submissions?month=2025-10-01&limit=25&offset=0 204 - 2.581 ms
[requireAccess] Checking access for endpoint: /v1/submissions?month=2025-10-01&limit=25&offset=0 {
  permissions: [],
  scope: undefined,
  environment: undefined,
  jwtOnly: false,
  apiOnly: false
}
[requireAccess] Incoming headers: {
  Authorization: 'Bearer eyJhbGciOiJIUzI1NiIsInR5cCI6IkpXVCJ9.eyJzdWIiOiI2OGU0Y2I5NmQxODBiMDI4NWQ5YTcwMWQiLCJpYXQiOjE3NjEyNzg0ODgsImV4cCI6MTc2MTI4MDI4OCwidHlwZSI6ImFjY2VzcyJ9.YxnScAQ6X9qyMC5-7dv29R2fAfpGNB3E2dZRHbpcTs8',
  'x-api-key': undefined,
  requiredPermissions: []
}
[requireAccess] Full request headers: {
  host: 'localhost:4000',
  connection: 'keep-alive',
  'sec-ch-ua-platform': '"macOS"',
  authorization: 'Bearer eyJhbGciOiJIUzI1NiIsInR5cCI6IkpXVCJ9.eyJzdWIiOiI2OGU0Y2I5NmQxODBiMDI4NWQ5YTcwMWQiLCJpYXQiOjE3NjEyNzg0ODgsImV4cCI6MTc2MTI4MDI4OCwidHlwZSI6ImFjY2VzcyJ9.YxnScAQ6X9qyMC5-7dv29R2fAfpGNB3E2dZRHbpcTs8',
  'user-agent': 'Mozilla/5.0 (Macintosh; Intel Mac OS X 10_15_7) AppleWebKit/537.36 (KHTML, like Gecko) Chrome/141.0.0.0 Safari/537.36',
  accept: 'application/json, text/plain, */*',
  'sec-ch-ua': '"Google Chrome";v="141", "Not?A_Brand";v="8", "Chromium";v="141"',
  'sec-ch-ua-mobile': '?0',
  origin: 'http://localhost:3000',
  'sec-fetch-site': 'same-site',
  'sec-fetch-mode': 'cors',
  'sec-fetch-dest': 'empty',
  referer: 'http://localhost:3000/',
  'accept-encoding': 'gzip, deflate, br, zstd',
  'accept-language': 'en-GB,en-US;q=0.9,en;q=0.8',
  cookie: 'next-auth.csrf-token=f11f82856e3c28ba73e12ddfd5693d1ca8079702a5ab7865957f369ab2877007%7C41b08bbac80a06aadc57cefc5b8d3db5da5c82dd32a953bddf59b7b0b375d97b; next-auth.callback-url=http%3A%2F%2Flocalhost%3A3000%2F; next-auth.session-token=eyJhbGciOiJkaXIiLCJlbmMiOiJBMjU2R0NNIn0..aONUKmROnOdC-6Ad.1X8jwGi9faLJjGtDQmIAnivOpYp7umshp9_n-5w0_-ZAIgUYZe0ScPT7eYxSy1syqB4xaIk7nlDUMihzq5RqVfyuTclzsVtsb0ENEzqgiflZOhwUha93QgBUnf4TNZvzSXv5KKKifU8bTAF2ijVVNheh9WBsOSybmKBjkiftJKA_rtTTS6mnqJhbQDkviDyGCSNUPZyAHqP4LVwKIGBJ-ABnpwQwMKrZtYLZvtcusmGHRPsey_UVyNd_CZwubZiA3ewUnuUQjLNam71aWGiBc71FmcklEBzu4gsDkTDDR9GPP_HoPM67sWzwupA-lSiLA-msfZh1AIAW3Pmx7WVzzV9o9q_D8PEgNGzJPUXvPVIVMY7SuJLhHhjJ4AQHT6Tm-fMlzfJOY_OYlD3NETRZfHiTt8IDs3aaNmdT-GX21GHx-Zt1VSNc-ePswgQCBDHT3oeKKXLbGGaDhp_NcDon4CSFOzDoBwR-zVb-9yYrNy0hQStsUerJVhZITyJZ5HGi3gFQqndHk8TDLbjGxvMUPEQ1NrLbCSpcM7n1jhMQFY95k_48LPJlDhUllaCjlj4m1NXWU6hUaVjLcB2wamai0PivqOjqvVWhBUzptTiZ9riaD7Li4knzb2cgk-Ol4dfe0H3PibMf5WIv6RIAU3P4sZMaY6PfnvV13To-O8RPBLpmGcT8VgWbN4RWmA1B_VMzRdcnTN-4QDMf62Q4Ek0tJzPYVwDgTTauHcH__QplEPmbG00UArMWH6CljLk8SIyz8jlI2xO9bbMO6onK6yRPBNH6szP4qthT_-eC5QMxtfelidKnR8KfHUG4txJObghjFlIefm9JvRWymEOgDl1ZHAWVgU73aVqFD42VciGUyVGH4C2eVNcuMSLq1c5iTxzMlV0KaJOa5XIsDbWVPhY6g-VkQHuGJO4W3atTVLsRnTeSG0YIqDqHrl4SQxLuDXHk82n1JXxKfAzYwnxzz_g8nNZ3-unnDhONZ7dMxt9jwmmDju0qknsZtBkgs040jZgnB5UEGklHfRSaG3J9MWhfgM_P3sxnYIOR0j52bbRCvi11YA9ev0EBaqUlfWOPXyM-YhaJ38zK9MCdudETUUNfQi42pme74smnlbHrlaaD1-U2ctXFPqcsribiKyrTm2thj--9CwhvxN8MqlAJWtfx9egL6tJ3U3yHbHW2GVjjvWvOthtPS7VDT6B2U_aJ9O95ljpJw9m_LLls9LTxVdTOx5QE9an_AhRiOdRKS6VotvYbDAwC4HsrHSf7hHcP7-lm1eKTdKuEgDyiQ_TPzJufUKCGCnWxEKsn75HYUKSPhzLpQhmrErCYlrC1oHMpy_qVSacpuZqF6UJc3B-XNruJfFsdh3gMHjqZC_NRcm0RvQ65eYXxoFjiA1aGwZDRmFSEGDBSSUmPMiuuSBXxx8XI6p6vIGv54OcmfbqwbyrH-wLzUGR3ILgog9Xt8J2F1ci8dNxnG9dG2WEIdMjLkCh9M6CpIspeZ36GbI0Ded3MJQPuW-8MvoVz4Ic62ZSEkJk71nEUv1FJMGnq2xf6kaNrtPS5XPyGpLVGAAiTw4ddsiyQf45Dvf5ugzlIeVbArf4vbILUqQIpC3WBgjd4P00ZXlx6UW3xQR2iX6qJvZdmfFcRMwRq2uQ0FvfvmB90aW_kcjEwRCPLxs6MIWylKFtbFvkL-XEeeuBYjxWO_ibEsA9CocbPc3dEZTDty8CDJYrFjBweYf4GmQlcW9bTqdpLGVSdkS-sgiTHfxJSL3Dlfgmo8JiQcDEDaP96_NkyoupAuW74S-nU5Aowp7vNEKaEOoOcQHip-oLjpo19eMQOLiYmguVtOgMOFeR_YG9VLG0aUgj33EvvNuRXrRopJ0GNoOSufr-9XP2roDjV1X35mXXj6L6lt2UZVaSLaHhuZEjrZ9zGpgonn4HPQjZSIYaNaMBvd1uR_Of6bq7GFxLDneyaxbEh9OOwOCvfYjEzRG6SpmuaKMK5avYo4XWPjqL9N_y_qzW0zkaYvMX8TnWFoouks8o7xYFL_GbcNrmRI-QOKxfRceEuyfcmGRh7fY_Txtsd5cMok_gScBJK-o74EqxLTa1cLz_nGQFZULIjUYUKzzuwT4e6zt708g.AkYOojL_bTDtreisbMvZPA',
  'if-none-match': 'W/"85b7e-RhvX/saba1TNHZcivjK63NsWgYk"'
}
[requireAccess] Detected JWT
[TenantPlugin] Pre-hook triggered for: findOne
[TenantPlugin] Options: {}
[requireAccess] Authenticated user: {
  roles: [],
  isOwner: true,
  isSuper: true,
  isSaby: true,
  isAgreed: false,
  createdBy: null,
  otp: null,
  otpExpires: null,
  otpVerified: true,
  phoneNumber: null,
  isPhoneVerified: false,
  isEmailVerified: true,
  avatar: 'https://halocrm.s3.us-east-1.amazonaws.com/user/avatar-09.webp',
  status: true,
  deletedAt: null,
  _id: 68e4cb96d180b0285d9a701d,
  firstname: 'Debby',
  lastname: 'Adebowale',
  email: 'saby@saby.ai',
  password: '$2a$08$o1.0/o0J3cDHswtnBPpdO.0KNYtXslW0gYv8ZcwaRkUdsupCw5dH.',
  userId: '0YXBcDcxPH',
  tenantId: 'hWiWJ_X0m6',
  createdAt: 2025-10-07T08:13:10.710Z,
  updatedAt: 2025-10-10T19:17:53.368Z,
  haloId: 'HL-00030',
  __v: 0
}
[requireAccess] Resolved access: user
[32minfo[39m: GET /v1/submissions?month=2025-10-01&limit=25&offset=0 304 - 1071.951 ms
[32m[nodemon] restarting due to changes...[39m
[32m[nodemon] starting `node src/index.js`[39m
🔍 [REQUIRE ACCESS] Owner Resource Bundle loaded: [
  'user',       'app',
  'structures', 'node',
  'payment',    'level',
  'storage',    'project',
  'apikeys',    'project-form',
  'roles',      'permissions',
  'submission'
]
🔍 [REQUIRE ACCESS] Bundle type: object
🔍 [REQUIRE ACCESS] Is Array?: true
🔍 [AUTH MIDDLEWARE] Owner Resource Bundle loaded: [
  'user',       'app',
  'structures', 'node',
  'payment',    'level',
  'storage',    'project',
  'apikeys',    'project-form',
  'roles',      'permissions',
  'submission'
]
🔍 [AUTH MIDDLEWARE] Bundle type: object
🔍 [AUTH MIDDLEWARE] Is Array?: true
[33mwarn[39m: ⚠️  Email ingestor worker not available (missing dependencies)
(node:18589) NOTE: The AWS SDK for JavaScript (v2) is in maintenance mode.
 SDK releases are limited to address critical bug fixes and security issues only.

Please migrate your code to use AWS SDK for JavaScript (v3).
For more information, check the blog post at https://a.co/cUPnyil
(Use `node --trace-warnings ...` to show where the warning was created)
[32minfo[39m: ✅ Connected to MongoDB
[32minfo[39m: 🔄 Testing PostgreSQL connection...
[32minfo[39m: 📊 Host: 20.169.129.160:5432
[32minfo[39m: 👤 User: sabyagentic_user
[32minfo[39m: 🗄️  Database: halograph
[32minfo[39m: ✅ PostgreSQL connected successfully
[32minfo[39m: 📋 PostgreSQL Version: PostgreSQL 15.14 (Debian 15.14-1.pgdg13+1) on x86_64-pc-linux-gnu, compiled by gcc (Debian 14.2.0-19) 14.2.0, 64-bit
[32minfo[39m: ✅ Redis connected
[32minfo[39m: ⚙️  Redis ready for commands
[32minfo[39m: ✅ Redis ping successful
[32minfo[39m: 🚀 Initializing background workers...
[32minfo[39m: ✅ Submission worker started
[32minfo[39m: ✅ PERM notification worker started
[32minfo[39m: 🔔 Notification worker initialized
[32minfo[39m: ✅ Notification worker started
[32minfo[39m: ⊘ Email ingestor worker not available (missing dependencies)
[32minfo[39m: 🎉 All workers initialized successfully
[32minfo[39m: 🚀 Server is running on port 4000
[32minfo[39m: 🌍 Environment: development
[32minfo[39m: 📊 Database Status:
[32minfo[39m:    - MongoDB: ✅ Connected
[32minfo[39m:    - PostgreSQL: ✅ Connected
[32minfo[39m:    - Redis: ✅ Connected
[32minfo[39m: Connected to email server
[31m[nodemon] app crashed - waiting for file changes before starting...[39m
[32m[nodemon] restarting due to changes...[39m
[32m[nodemon] starting `node src/index.js`[39m
🔍 [REQUIRE ACCESS] Owner Resource Bundle loaded: [
  'user',       'app',
  'structures', 'node',
  'payment',    'level',
  'storage',    'project',
  'apikeys',    'project-form',
  'roles',      'permissions',
  'submission'
]
🔍 [REQUIRE ACCESS] Bundle type: object
🔍 [REQUIRE ACCESS] Is Array?: true
🔍 [AUTH MIDDLEWARE] Owner Resource Bundle loaded: [
  'user',       'app',
  'structures', 'node',
  'payment',    'level',
  'storage',    'project',
  'apikeys',    'project-form',
  'roles',      'permissions',
  'submission'
]
🔍 [AUTH MIDDLEWARE] Bundle type: object
🔍 [AUTH MIDDLEWARE] Is Array?: true
[32m[nodemon] restarting due to changes...[39m
[32m[nodemon] starting `node src/index.js`[39m
🔍 [REQUIRE ACCESS] Owner Resource Bundle loaded: [
  'user',       'app',
  'structures', 'node',
  'payment',    'level',
  'storage',    'project',
  'apikeys',    'project-form',
  'roles',      'permissions',
  'submission'
]
🔍 [REQUIRE ACCESS] Bundle type: object
🔍 [REQUIRE ACCESS] Is Array?: true
🔍 [AUTH MIDDLEWARE] Owner Resource Bundle loaded: [
  'user',       'app',
  'structures', 'node',
  'payment',    'level',
  'storage',    'project',
  'apikeys',    'project-form',
  'roles',      'permissions',
  'submission'
]
🔍 [AUTH MIDDLEWARE] Bundle type: object
🔍 [AUTH MIDDLEWARE] Is Array?: true
[33mwarn[39m: ⚠️  Email ingestor worker not available (missing dependencies)
(node:22212) NOTE: The AWS SDK for JavaScript (v2) is in maintenance mode.
 SDK releases are limited to address critical bug fixes and security issues only.

Please migrate your code to use AWS SDK for JavaScript (v3).
For more information, check the blog post at https://a.co/cUPnyil
(Use `node --trace-warnings ...` to show where the warning was created)
[32minfo[39m: ✅ Connected to MongoDB
[32minfo[39m: 🔄 Testing PostgreSQL connection...
[32minfo[39m: 📊 Host: 20.169.129.160:5432
[32minfo[39m: 👤 User: sabyagentic_user
[32minfo[39m: 🗄️  Database: halograph
[32minfo[39m: ✅ PostgreSQL connected successfully
[32minfo[39m: 📋 PostgreSQL Version: PostgreSQL 15.14 (Debian 15.14-1.pgdg13+1) on x86_64-pc-linux-gnu, compiled by gcc (Debian 14.2.0-19) 14.2.0, 64-bit
[32minfo[39m: ✅ Redis connected
[32minfo[39m: ⚙️  Redis ready for commands
[32minfo[39m: ✅ Redis ping successful
[32minfo[39m: 🚀 Initializing background workers...
[32minfo[39m: ✅ Submission worker started
[32minfo[39m: ✅ PERM notification worker started
[32minfo[39m: 🔔 Notification worker initialized
[32minfo[39m: ✅ Notification worker started
[32minfo[39m: ⊘ Email ingestor worker not available (missing dependencies)
[32minfo[39m: 🎉 All workers initialized successfully
[31merror[39m: Error: listen EADDRINUSE: address already in use :::4000
    at Server.setupListenHandle [as _listen2] (node:net:1817:16)
    at listenInCluster (node:net:1865:12)
    at doListen (node:net:2014:7)
    at process.processTicksAndRejections (node:internal/process/task_queues:83:21)
[32minfo[39m: 🛑 Shutting down workers...
[32minfo[39m: ✅ Submission worker stopped
[32minfo[39m: ✅ PERM notification worker stopped
[32minfo[39m: ✅ Notification worker stopped
[32minfo[39m: 🛑 All workers shut down
[32minfo[39m: Server closed
[31m[nodemon] app crashed - waiting for file changes before starting...[39m
[32m[nodemon] restarting due to changes...[39m
[32m[nodemon] starting `node src/index.js`[39m
🔍 [REQUIRE ACCESS] Owner Resource Bundle loaded: [
  'user',       'app',
  'structures', 'node',
  'payment',    'level',
  'storage',    'project',
  'apikeys',    'project-form',
  'roles',      'permissions',
  'submission'
]
🔍 [REQUIRE ACCESS] Bundle type: object
🔍 [REQUIRE ACCESS] Is Array?: true
🔍 [AUTH MIDDLEWARE] Owner Resource Bundle loaded: [
  'user',       'app',
  'structures', 'node',
  'payment',    'level',
  'storage',    'project',
  'apikeys',    'project-form',
  'roles',      'permissions',
  'submission'
]
🔍 [AUTH MIDDLEWARE] Bundle type: object
🔍 [AUTH MIDDLEWARE] Is Array?: true
[33mwarn[39m: ⚠️  Email ingestor worker not available (missing dependencies)
(node:23072) NOTE: The AWS SDK for JavaScript (v2) is in maintenance mode.
 SDK releases are limited to address critical bug fixes and security issues only.

Please migrate your code to use AWS SDK for JavaScript (v3).
For more information, check the blog post at https://a.co/cUPnyil
(Use `node --trace-warnings ...` to show where the warning was created)
[32minfo[39m: ✅ Connected to MongoDB
[32minfo[39m: 🔄 Testing PostgreSQL connection...
[32minfo[39m: 📊 Host: 20.169.129.160:5432
[32minfo[39m: 👤 User: sabyagentic_user
[32minfo[39m: 🗄️  Database: halograph
[32minfo[39m: ✅ PostgreSQL connected successfully
[32minfo[39m: 📋 PostgreSQL Version: PostgreSQL 15.14 (Debian 15.14-1.pgdg13+1) on x86_64-pc-linux-gnu, compiled by gcc (Debian 14.2.0-19) 14.2.0, 64-bit
[32minfo[39m: ✅ Redis connected
[32minfo[39m: ⚙️  Redis ready for commands
[32minfo[39m: ✅ Redis ping successful
[32minfo[39m: 🚀 Initializing background workers...
[32minfo[39m: ✅ Submission worker started
[32minfo[39m: ✅ PERM notification worker started
[32minfo[39m: 🔔 Notification worker initialized
[32minfo[39m: ✅ Notification worker started
[32minfo[39m: ⊘ Email ingestor worker not available (missing dependencies)
[32minfo[39m: 🎉 All workers initialized successfully
[31merror[39m: Error: listen EADDRINUSE: address already in use :::4000
    at Server.setupListenHandle [as _listen2] (node:net:1817:16)
    at listenInCluster (node:net:1865:12)
    at doListen (node:net:2014:7)
    at process.processTicksAndRejections (node:internal/process/task_queues:83:21)
[32minfo[39m: 🛑 Shutting down workers...
[32minfo[39m: ✅ Submission worker stopped
[32minfo[39m: ✅ PERM notification worker stopped
[32minfo[39m: ✅ Notification worker stopped
[32minfo[39m: 🛑 All workers shut down
[32minfo[39m: Server closed
[31m[nodemon] app crashed - waiting for file changes before starting...[39m
[32m[nodemon] restarting due to changes...[39m
[32m[nodemon] starting `node src/index.js`[39m
🔍 [REQUIRE ACCESS] Owner Resource Bundle loaded: [
  'user',       'app',
  'structures', 'node',
  'payment',    'level',
  'storage',    'project',
  'apikeys',    'project-form',
  'roles',      'permissions',
  'submission'
]
🔍 [REQUIRE ACCESS] Bundle type: object
🔍 [REQUIRE ACCESS] Is Array?: true
🔍 [AUTH MIDDLEWARE] Owner Resource Bundle loaded: [
  'user',       'app',
  'structures', 'node',
  'payment',    'level',
  'storage',    'project',
  'apikeys',    'project-form',
  'roles',      'permissions',
  'submission'
]
🔍 [AUTH MIDDLEWARE] Bundle type: object
🔍 [AUTH MIDDLEWARE] Is Array?: true
[33mwarn[39m: ⚠️  Email ingestor worker not available (missing dependencies)
(node:25233) NOTE: The AWS SDK for JavaScript (v2) is in maintenance mode.
 SDK releases are limited to address critical bug fixes and security issues only.

Please migrate your code to use AWS SDK for JavaScript (v3).
For more information, check the blog post at https://a.co/cUPnyil
(Use `node --trace-warnings ...` to show where the warning was created)
[32minfo[39m: ✅ Connected to MongoDB
[32minfo[39m: 🔄 Testing PostgreSQL connection...
[32minfo[39m: 📊 Host: 20.169.129.160:5432
[32minfo[39m: 👤 User: sabyagentic_user
[32minfo[39m: 🗄️  Database: halograph
[32minfo[39m: ✅ PostgreSQL connected successfully
[32minfo[39m: 📋 PostgreSQL Version: PostgreSQL 15.14 (Debian 15.14-1.pgdg13+1) on x86_64-pc-linux-gnu, compiled by gcc (Debian 14.2.0-19) 14.2.0, 64-bit
[32minfo[39m: ✅ Redis connected
[32minfo[39m: ⚙️  Redis ready for commands
[32minfo[39m: ✅ Redis ping successful
[32minfo[39m: 🚀 Initializing background workers...
[32minfo[39m: ✅ Submission worker started
[32minfo[39m: ✅ PERM notification worker started
[32minfo[39m: 🔔 Notification worker initialized
[32minfo[39m: ✅ Notification worker started
[32minfo[39m: ⊘ Email ingestor worker not available (missing dependencies)
[32minfo[39m: 🎉 All workers initialized successfully
[31merror[39m: Error: listen EADDRINUSE: address already in use :::4000
    at Server.setupListenHandle [as _listen2] (node:net:1817:16)
    at listenInCluster (node:net:1865:12)
    at doListen (node:net:2014:7)
    at process.processTicksAndRejections (node:internal/process/task_queues:83:21)
[32minfo[39m: 🛑 Shutting down workers...
[32minfo[39m: ✅ Submission worker stopped
[32minfo[39m: ✅ PERM notification worker stopped
[32minfo[39m: ✅ Notification worker stopped
[32minfo[39m: 🛑 All workers shut down
[32minfo[39m: Server closed
[31m[nodemon] app crashed - waiting for file changes before starting...[39m
[32m[nodemon] restarting due to changes...[39m
[32m[nodemon] starting `node src/index.js`[39m
🔍 [REQUIRE ACCESS] Owner Resource Bundle loaded: [
  'user',       'app',
  'structures', 'node',
  'payment',    'level',
  'storage',    'project',
  'apikeys',    'project-form',
  'roles',      'permissions',
  'submission'
]
🔍 [REQUIRE ACCESS] Bundle type: object
🔍 [REQUIRE ACCESS] Is Array?: true
🔍 [AUTH MIDDLEWARE] Owner Resource Bundle loaded: [
  'user',       'app',
  'structures', 'node',
  'payment',    'level',
  'storage',    'project',
  'apikeys',    'project-form',
  'roles',      'permissions',
  'submission'
]
🔍 [AUTH MIDDLEWARE] Bundle type: object
🔍 [AUTH MIDDLEWARE] Is Array?: true
[33mwarn[39m: ⚠️  Email ingestor worker not available (missing dependencies)
(node:25694) NOTE: The AWS SDK for JavaScript (v2) is in maintenance mode.
 SDK releases are limited to address critical bug fixes and security issues only.

Please migrate your code to use AWS SDK for JavaScript (v3).
For more information, check the blog post at https://a.co/cUPnyil
(Use `node --trace-warnings ...` to show where the warning was created)
[32minfo[39m: ✅ Connected to MongoDB
[32minfo[39m: 🔄 Testing PostgreSQL connection...
[32minfo[39m: 📊 Host: 20.169.129.160:5432
[32minfo[39m: 👤 User: sabyagentic_user
[32minfo[39m: 🗄️  Database: halograph
[32minfo[39m: ✅ PostgreSQL connected successfully
[32minfo[39m: 📋 PostgreSQL Version: PostgreSQL 15.14 (Debian 15.14-1.pgdg13+1) on x86_64-pc-linux-gnu, compiled by gcc (Debian 14.2.0-19) 14.2.0, 64-bit
[32minfo[39m: ✅ Redis connected
[32minfo[39m: ⚙️  Redis ready for commands
[32minfo[39m: ✅ Redis ping successful
[32minfo[39m: 🚀 Initializing background workers...
[32minfo[39m: ✅ Submission worker started
[32minfo[39m: ✅ PERM notification worker started
[32minfo[39m: 🔔 Notification worker initialized
[32minfo[39m: ✅ Notification worker started
[32minfo[39m: ⊘ Email ingestor worker not available (missing dependencies)
[32minfo[39m: 🎉 All workers initialized successfully
[32minfo[39m: 🚀 Server is running on port 4000
[32minfo[39m: 🌍 Environment: development
[32minfo[39m: 📊 Database Status:
[32minfo[39m:    - MongoDB: ✅ Connected
[32minfo[39m:    - PostgreSQL: ✅ Connected
[32minfo[39m:    - Redis: ✅ Connected
[32minfo[39m: Connected to email server
[32minfo[39m: OPTIONS /v1/submissions?month=2025-10-01&limit=25&offset=0 204 - 10.134 ms
[requireAccess] Checking access for endpoint: /v1/submissions?month=2025-10-01&limit=25&offset=0 {
  permissions: [],
  scope: undefined,
  environment: undefined,
  jwtOnly: false,
  apiOnly: false
}
[requireAccess] Incoming headers: {
  Authorization: 'Bearer eyJhbGciOiJIUzI1NiIsInR5cCI6IkpXVCJ9.eyJzdWIiOiI2OGU0Y2I5NmQxODBiMDI4NWQ5YTcwMWQiLCJpYXQiOjE3NjEyNzg0ODgsImV4cCI6MTc2MTI4MDI4OCwidHlwZSI6ImFjY2VzcyJ9.YxnScAQ6X9qyMC5-7dv29R2fAfpGNB3E2dZRHbpcTs8',
  'x-api-key': undefined,
  requiredPermissions: []
}
[requireAccess] Full request headers: {
  host: 'localhost:4000',
  connection: 'keep-alive',
  'sec-ch-ua-platform': '"macOS"',
  authorization: 'Bearer eyJhbGciOiJIUzI1NiIsInR5cCI6IkpXVCJ9.eyJzdWIiOiI2OGU0Y2I5NmQxODBiMDI4NWQ5YTcwMWQiLCJpYXQiOjE3NjEyNzg0ODgsImV4cCI6MTc2MTI4MDI4OCwidHlwZSI6ImFjY2VzcyJ9.YxnScAQ6X9qyMC5-7dv29R2fAfpGNB3E2dZRHbpcTs8',
  'user-agent': 'Mozilla/5.0 (Macintosh; Intel Mac OS X 10_15_7) AppleWebKit/537.36 (KHTML, like Gecko) Chrome/141.0.0.0 Safari/537.36',
  accept: 'application/json, text/plain, */*',
  'sec-ch-ua': '"Google Chrome";v="141", "Not?A_Brand";v="8", "Chromium";v="141"',
  'sec-ch-ua-mobile': '?0',
  origin: 'http://localhost:3000',
  'sec-fetch-site': 'same-site',
  'sec-fetch-mode': 'cors',
  'sec-fetch-dest': 'empty',
  referer: 'http://localhost:3000/',
  'accept-encoding': 'gzip, deflate, br, zstd',
  'accept-language': 'en-GB,en-US;q=0.9,en;q=0.8',
  cookie: 'next-auth.csrf-token=f11f82856e3c28ba73e12ddfd5693d1ca8079702a5ab7865957f369ab2877007%7C41b08bbac80a06aadc57cefc5b8d3db5da5c82dd32a953bddf59b7b0b375d97b; next-auth.callback-url=http%3A%2F%2Flocalhost%3A3000%2F; next-auth.session-token=eyJhbGciOiJkaXIiLCJlbmMiOiJBMjU2R0NNIn0..EO0tg5ZJOxxQdwBr.N5dWBEB5BiKTRv0aHdrVwfUBx9nj2GUJgfJ6E6nVWonYvtUR3OkFoBgtezeSbSQl84iY1ueJWoRZ2L8CJIjJsQKt14mpDJxAG8Q70Rxze9Q0VlPK52LamvzorZq74CC7Vohbq3kxNvoV51M6Y6wo8Ot2-4EsRyyRw15ovUKndpxr5EwQRG0sbrLhlDLftgZVldCTcJP1W0vp0r9talnNYl67F6YPj1P_XG7zfDpkFaFqQESoDIcSrZt13q2-jWPiqRxm3gW--cHLOQs86serR0aK9Kx5hDTA1WCqDmzY9LURyxXj-HhhNt5z5DQ9UdNhJr7Vrbz6fJnmU5OGqjOnDY7iD-YFS6lejMDFWZ3EMYq8XBJZzsa364I9znzC10SCqsr2G0tbsWuzqGU0F5J0BtbOFaeucG6-keef5dp05zZ6Pa7uC73v10Saf9RxI0Sy0Wd1aHATsOBrceGIbNZ50yb48S23YHBe7mFGK3z-58ZBlDQxUKFm1CxMDHyJshzJZdtLHNd4-HV1HL871C-_U_-bc1KrnRlP_IeIaPcGx7IHTKqvI1flzefZccPCo1XhNYTG6ZuAUxXXL6E0CN1MAOtbaskUR_V9pmP7Umhl-e3XcKndHePc4xxURuEG2RDlhxTI5u7ST4zA3hUOvn4XqjCAPN2Q7KH3nZGu-FmjbqGJ23TspZCCPrPULjKqLZTqWARhCRZg1YOubLeVVpQpdZgo41jRnf7lS93Xb3q-qdzjDq1bbKnx8-9s8tPQC10jP986l9Xk49QXvriuvoJfMhC8aYj-L4c4vCssSdJ4MhwstJTbspTqBlPgmL42-EQvXKncjTksFeouMckDBs_Ix9ZRoQgjkUh6L0pgl6pwnIVn5gF69llAqF8Qx2YzyQxwPM_u_PPvHgHhMUDrHe05e0SGAKiKJtzXxLiYrpLZ2oqeEVlhL_BzUX7MoS3y8ubQgos1GcACxL-axYAquekFixtba7usVOro6G57Kr6-GMXnDo6Pz9yLVxVOnmThqZ8S7I5W1gAHEjJ5qkNzI14e0aU1YfUMk5DqG7pmqBr6i7i03GO0CF_p54DW7PjkRuQAg6-pqqvwIfHCGt7dheHweAvLtI8LVvdOym_-2_hPmXJUdxrnhH_PD_BUsfyiS0MVz0Zk0kvsBlDf0F8V9lsaNyZUtEmC0WRbKnUs3lkzZ5MC1oSh1U3nGhaU7joZNdjZj_Lo87xa0IxeAnyAcra3LPiONX_tHW3DjK2_qRoTzxP33hGx1caQ1oz2fpmCiZBoB8c1vbGB2WJ0BTOnlu2s4I3nJtwmLGNSKOqRm6FQqS6Y0Sz_Ic9FFPQF1bIVbCmhvxeUcjO-5d9OLfBdtV2cw8FKVIAgHEpLdFbLKHELI0j9IGa2mBmc78BnIxuRN69zgRvZiIFV6IbOkNkOSUPk1ZtDT3Kj2faul_Q7c2-1DcH58A1SqDK_NjEdLp_pLRJsZafBMKaQ4989P-bynJuWFjJYxFHIt8nSaKtjM_DHLv584D_SymGpFuK_caq09RJfNrZv5NeOFMsN2zcE4pkpM7l2I7agZP8njpKpAGvRSv67lesnj-VYVDd9FoD-09dBkpNIebi4LAxsWu08dOntDY6-RfAfcTYJNI5DOriM1BH7z_gwcvDO8BmbhQceA5GQhSVxHXHahenDBvDVW82SjozGtmSB1F-hy6e4YJzk4F_Y9KXc6v02DsOkWHiBQkSdDzisMlaHgbMXHXk6okpsinIgZ1yW2X9XSdbYkyy-Xo1l1fEv6PVYVXT6kQ39ud8KKw97qhd6DbOjfISilYGTW_yRWMldeEQh1GxqIvb-fr4bU1JQ6X3hhsWk8Ve2CARF2PoubWhxlZdjlprroz1xjJ57RCWf973vZAcWNhiP1R6RoJTTJzjhXHWBDoMM89Zov4g74PcFTiIoxfPZGyET_m0cHYaPSYRbF8ZWHSsERq3HjQsYrOGhC7DvtDbAbLcMCRjzXAkGamWnN0v4beQsCssBWvpVXt10nH5cMzTMVHkOYTB2fZjX7vKb9eG_5fEhk84ZlHTnlZfrfPxV3F0VbS6DnAtzTAeJ-Lzx1uc3z1MApBXxzmQDgViu2UOVrph_s9oGEfIMiRkLiA.ZEyYSflHHFpj_fIEvMdLiQ',
  'if-none-match': 'W/"862cc-/3PfC5bHyuaz1D94IpNiYl0sJ7M"'
}
[requireAccess] Detected JWT
[TenantPlugin] Pre-hook triggered for: findOne
[TenantPlugin] Options: {}
[requireAccess] Authenticated user: {
  roles: [],
  isOwner: true,
  isSuper: true,
  isSaby: true,
  isAgreed: false,
  createdBy: null,
  otp: null,
  otpExpires: null,
  otpVerified: true,
  phoneNumber: null,
  isPhoneVerified: false,
  isEmailVerified: true,
  avatar: 'https://halocrm.s3.us-east-1.amazonaws.com/user/avatar-09.webp',
  status: true,
  deletedAt: null,
  _id: 68e4cb96d180b0285d9a701d,
  firstname: 'Debby',
  lastname: 'Adebowale',
  email: 'saby@saby.ai',
  password: '$2a$08$o1.0/o0J3cDHswtnBPpdO.0KNYtXslW0gYv8ZcwaRkUdsupCw5dH.',
  userId: '0YXBcDcxPH',
  tenantId: 'hWiWJ_X0m6',
  createdAt: 2025-10-07T08:13:10.710Z,
  updatedAt: 2025-10-10T19:17:53.368Z,
  haloId: 'HL-00030',
  __v: 0
}
[requireAccess] Resolved access: user
[32minfo[39m: GET /v1/submissions?month=2025-10-01&limit=25&offset=0 304 - 1976.404 ms
[31m[nodemon] app crashed - waiting for file changes before starting...[39m
[32m[nodemon] restarting due to changes...[39m
[32m[nodemon] starting `node src/index.js`[39m
🔍 [REQUIRE ACCESS] Owner Resource Bundle loaded: [
  'user',       'app',
  'structures', 'node',
  'payment',    'level',
  'storage',    'project',
  'apikeys',    'project-form',
  'roles',      'permissions',
  'submission'
]
🔍 [REQUIRE ACCESS] Bundle type: object
🔍 [REQUIRE ACCESS] Is Array?: true
🔍 [AUTH MIDDLEWARE] Owner Resource Bundle loaded: [
  'user',       'app',
  'structures', 'node',
  'payment',    'level',
  'storage',    'project',
  'apikeys',    'project-form',
  'roles',      'permissions',
  'submission'
]
🔍 [AUTH MIDDLEWARE] Bundle type: object
🔍 [AUTH MIDDLEWARE] Is Array?: true
[33mwarn[39m: ⚠️  Email ingestor worker not available (missing dependencies)
(node:81598) NOTE: The AWS SDK for JavaScript (v2) is in maintenance mode.
 SDK releases are limited to address critical bug fixes and security issues only.

Please migrate your code to use AWS SDK for JavaScript (v3).
For more information, check the blog post at https://a.co/cUPnyil
(Use `node --trace-warnings ...` to show where the warning was created)
[32minfo[39m: ✅ Connected to MongoDB
[32minfo[39m: 🔄 Testing PostgreSQL connection...
[32minfo[39m: 📊 Host: 20.169.129.160:5432
[32minfo[39m: 👤 User: sabyagentic_user
[32minfo[39m: 🗄️  Database: halograph
[32minfo[39m: ✅ PostgreSQL connected successfully
[32minfo[39m: 📋 PostgreSQL Version: PostgreSQL 15.14 (Debian 15.14-1.pgdg13+1) on x86_64-pc-linux-gnu, compiled by gcc (Debian 14.2.0-19) 14.2.0, 64-bit
[32minfo[39m: ✅ Redis connected
[32minfo[39m: ⚙️  Redis ready for commands
[32minfo[39m: ✅ Redis ping successful
[32minfo[39m: 🚀 Initializing background workers...
[32minfo[39m: ✅ Submission worker started
[32minfo[39m: ✅ PERM notification worker started
[32minfo[39m: 🔔 Notification worker initialized
[32minfo[39m: ✅ Notification worker started
[32minfo[39m: ⊘ Email ingestor worker not available (missing dependencies)
[32minfo[39m: 🎉 All workers initialized successfully
[32minfo[39m: 🚀 Server is running on port 4000
[32minfo[39m: 🌍 Environment: development
[32minfo[39m: 📊 Database Status:
[32minfo[39m:    - MongoDB: ✅ Connected
[32minfo[39m:    - PostgreSQL: ✅ Connected
[32minfo[39m:    - Redis: ✅ Connected
[32minfo[39m: Connected to email server
[32minfo[39m: OPTIONS /v1/storage/stats 204 - 29.002 ms
[32minfo[39m: OPTIONS /v1/storage/stats 204 - 0.742 ms
[TenantPlugin] Pre-hook triggered for: findOne
[TenantPlugin] Options: {}
--- AUTH DEBUG ---
Route: /v1/storage/stats
HTTP Method: GET
Required Permissions: [ 'view:storage:stats' ]
[TenantPlugin] Pre-hook triggered for: findOne
[TenantPlugin] Options: {}
[32minfo[39m: GET /v1/storage/stats 304 - 617.157 ms
[TenantPlugin] Pre-hook triggered for: findOne
[TenantPlugin] Options: {}
--- AUTH DEBUG ---
Route: /v1/storage/stats
HTTP Method: GET
Required Permissions: [ 'view:storage:stats' ]
[TenantPlugin] Pre-hook triggered for: findOne
[TenantPlugin] Options: {}
[32minfo[39m: GET /v1/storage/stats 304 - 10.152 ms
[TenantPlugin] Pre-hook triggered for: findOne
[TenantPlugin] Options: {}
expired token expiry time ---> 30
expired token ---> Moment<2025-10-24T10:43:07+01:00>
expired token ---> Moment<2025-10-24T11:13:07+01:00>
acess token --> eyJhbGciOiJIUzI1NiIsInR5cCI6IkpXVCJ9.eyJzdWIiOiI2OGU0Y2I5NmQxODBiMDI4NWQ5YTcwMWQiLCJpYXQiOjE3NjEyOTcxODcsImV4cCI6MTc2MTI5ODk4NywidHlwZSI6ImFjY2VzcyJ9.MjrmTfL78nJ2v1sZWIDZUF-KJZJ9ncMWqRdGec3jW14
[32minfo[39m: POST /v1/auth/login 200 - 110.082 ms
[32minfo[39m: OPTIONS /v1/storage/stats 204 - 0.298 ms
[32minfo[39m: OPTIONS /v1/storage/stats 204 - 0.225 ms
[TenantPlugin] Pre-hook triggered for: findOne
[TenantPlugin] Options: {}
--- AUTH DEBUG ---
Route: /v1/storage/stats
HTTP Method: GET
Required Permissions: [ 'view:storage:stats' ]
[TenantPlugin] Pre-hook triggered for: findOne
[TenantPlugin] Options: {}
[32minfo[39m: GET /v1/storage/stats 304 - 15.538 ms
[TenantPlugin] Pre-hook triggered for: findOne
[TenantPlugin] Options: {}
--- AUTH DEBUG ---
Route: /v1/storage/stats
HTTP Method: GET
Required Permissions: [ 'view:storage:stats' ]
[TenantPlugin] Pre-hook triggered for: findOne
[TenantPlugin] Options: {}
[32minfo[39m: GET /v1/storage/stats 304 - 7.308 ms
[32minfo[39m: OPTIONS /v1/project-forms/tenant/tenant_1 204 - 0.942 ms
[TenantPlugin] Pre-hook triggered for: findOne
[TenantPlugin] Options: {}
[32minfo[39m: OPTIONS /v1/project-forms/tenant/hWiWJ_X0m6 204 - 0.200 ms
--- AUTH DEBUG ---
Route: /v1/project-forms/tenant/tenant_1
HTTP Method: GET
Required Permissions: [ 'view:project-form' ]
[TenantPlugin] paginate() - incoming options: { populate: 'createdBy' }
[TenantPlugin] Pre-hook triggered for: countDocuments
[TenantPlugin] Options: {}
[TenantPlugin] Pre-hook triggered for: find
[TenantPlugin] Options: { sort: { createdAt: 1 }, skip: 0, limit: 10 }
[TenantPlugin] Pre-hook triggered for: findOne
[TenantPlugin] Options: {}
--- AUTH DEBUG ---
Route: /v1/project-forms/tenant/hWiWJ_X0m6
HTTP Method: GET
Required Permissions: [ 'view:project-form' ]
[TenantPlugin] paginate() - incoming options: { populate: 'createdBy' }
[TenantPlugin] Pre-hook triggered for: countDocuments
[TenantPlugin] Options: {}
[TenantPlugin] Pre-hook triggered for: find
[TenantPlugin] Options: { sort: { createdAt: 1 }, skip: 0, limit: 10 }
[32minfo[39m: GET /v1/project-forms/tenant/tenant_1 304 - 28.282 ms
[TenantPlugin] Pre-hook triggered for: findOne
[TenantPlugin] Options: {}
--- AUTH DEBUG ---
Route: /v1/project-forms/tenant/tenant_1
HTTP Method: GET
Required Permissions: [ 'view:project-form' ]
[TenantPlugin] paginate() - incoming options: { populate: 'createdBy' }
[TenantPlugin] Pre-hook triggered for: countDocuments
[TenantPlugin] Options: {}
[TenantPlugin] Pre-hook triggered for: find
[TenantPlugin] Options: { sort: { createdAt: 1 }, skip: 0, limit: 10 }
[TenantPlugin] Pre-hook triggered for: find
[TenantPlugin] Options: { skip: undefined, limit: undefined, perDocumentLimit: undefined }
[32minfo[39m: GET /v1/project-forms/tenant/tenant_1 304 - 22.606 ms
[32minfo[39m: GET /v1/project-forms/tenant/hWiWJ_X0m6 200 - 58.788 ms
🔌 Socket connected: zlJfO9-TpFt6xqBkAAAB (User: 68e4cb96d180b0285d9a701d, Tenant: undefined)
[32minfo[39m: OPTIONS /v1/submissions/activity-log?limit=25&offset=0 204 - 0.291 ms
[32minfo[39m: OPTIONS /v1/submissions/activity-log 204 - 0.163 ms
[32minfo[39m: OPTIONS /v1/submissions/activity-log/summary 204 - 0.187 ms
[requireAccess] Checking access for endpoint: /v1/submissions/activity-log?limit=25&offset=0 {
  permissions: [],
  scope: undefined,
  environment: undefined,
  jwtOnly: false,
  apiOnly: false
}
[requireAccess] Incoming headers: {
  Authorization: 'Bearer eyJhbGciOiJIUzI1NiIsInR5cCI6IkpXVCJ9.eyJzdWIiOiI2OGU0Y2I5NmQxODBiMDI4NWQ5YTcwMWQiLCJpYXQiOjE3NjEyOTcxODcsImV4cCI6MTc2MTI5ODk4NywidHlwZSI6ImFjY2VzcyJ9.MjrmTfL78nJ2v1sZWIDZUF-KJZJ9ncMWqRdGec3jW14',
  'x-api-key': undefined,
  requiredPermissions: []
}
[requireAccess] Full request headers: {
  host: 'localhost:4000',
  connection: 'keep-alive',
  'sec-ch-ua-platform': '"macOS"',
  authorization: 'Bearer eyJhbGciOiJIUzI1NiIsInR5cCI6IkpXVCJ9.eyJzdWIiOiI2OGU0Y2I5NmQxODBiMDI4NWQ5YTcwMWQiLCJpYXQiOjE3NjEyOTcxODcsImV4cCI6MTc2MTI5ODk4NywidHlwZSI6ImFjY2VzcyJ9.MjrmTfL78nJ2v1sZWIDZUF-KJZJ9ncMWqRdGec3jW14',
  'user-agent': 'Mozilla/5.0 (Macintosh; Intel Mac OS X 10_15_7) AppleWebKit/537.36 (KHTML, like Gecko) Chrome/141.0.0.0 Safari/537.36',
  accept: 'application/json, text/plain, */*',
  'sec-ch-ua': '"Google Chrome";v="141", "Not?A_Brand";v="8", "Chromium";v="141"',
  'sec-ch-ua-mobile': '?0',
  origin: 'http://localhost:3000',
  'sec-fetch-site': 'same-site',
  'sec-fetch-mode': 'cors',
  'sec-fetch-dest': 'empty',
  referer: 'http://localhost:3000/',
  'accept-encoding': 'gzip, deflate, br, zstd',
  'accept-language': 'en-GB,en-US;q=0.9,en;q=0.8',
  cookie: 'next-auth.csrf-token=f11f82856e3c28ba73e12ddfd5693d1ca8079702a5ab7865957f369ab2877007%7C41b08bbac80a06aadc57cefc5b8d3db5da5c82dd32a953bddf59b7b0b375d97b; next-auth.callback-url=http%3A%2F%2Flocalhost%3A3000%2F; next-auth.session-token=eyJhbGciOiJkaXIiLCJlbmMiOiJBMjU2R0NNIn0..ZPW0t_dM-pEZwDhM.YSDOixHv0D8j6Tf3wUHEc4mTTR0JPAVEbkNg0XdEtpqQaAyRgNu-do-9bpoPFsfknQH1HPYlHVBd1aL6LIW6d7m7vPxPcc-8cMP9cXq4bTf8FGhe3FR5T5dku0fB1FfYxPoZbpcULHpSuqWqhUnwofLhSgMnY1pDw9cLzNtAlU00rDD-Qg8_OAkQBC7e41XX6QXLPhPhKK8vh-Ws6vtzY26BHYV5gOm3WiGmIfA8Ne2dKImALvZqU3RGpRkf3I57ECiOvr9vtA198dsLPwn8VY1DsbSeSNC25qH-QFU97VIqQokVHr6c8vgvm9QTpP3KsQ4fbxECFaY3M-DVeYP-suP9TWkPFh2949Jnkno_J7nJKB4S19onxx_RMKt9yzjExt_NM6dJ6CBTtrjNdtEsIy9aeQVK6sBUKxI9yybcmbKHpRXzfDxm7ekA_-xxjlTq8Cm5OtHwgcnewLAelq93iEYSWgYT09Idn6sGrfkcNRamLtwl5ToO4U4y1lYatFKlCcNoIqL_4AMW4in6qw6NiS8_Owa_cPVOm-uYX3xkQbsgRIJadpCzcik2xLLheJHS-6dt_ethxNs4F8SEmCCTMO71Hge-ET3AJ0spspn8BEBiCM0tMsfouAjM2On54y0mp3D-wRou87FmKImygTAGDBwIkPcmpwZctwJNv3Qv4quoH9AOOLrGqNV0SDQ3Ao4jAeffNYL9-CNMgKz3hC9rZFpu7ex5qfdOzEYZrOGCHneAj29ey9lUAFKmS346Zm8YaH8HfMsmL1G7_BE9Jf3amVhf4vwP51V_GjnNh4EO0YQ_yAVNUKcvwLJouG859UgShTJ13J7CzpQqkRHKyKo3UfGku3ihyBdc7GEi1-JWyKDp5tfIqoQSGIiD-92EvCS9d3UJIk34a2hXkV3rR0XAJqHvbTK2MOQQ971jgm7nWxLH0Z03dk7LFk61KGVbVVcVs2M6RILcTBsCXuNA5uhdyzQ3OJiD9Nehpxe71zY1tLmA1M7NAmsACg1kgEFM5Gmej2cXemKQOMNho1PwOfnxMb9-VnBjE4IWeeOTZz6HtW0Sxat9VKJvIG6-Ro_O-UFSfsAniX5Y7b9bqGCd0Fw7W-Kfyg-wGNPdHCQSOgoIyWJ3WQGR06al80LCbkU1KwNL7qGm6VOI3NC8yopZb4inSMjfJnMtvjMv0ugVZQPFlWwPw7PUK368UhSwi-Z9unSubI1roLgoNrKWO67rAnRIPB5CkWs2NNThj2SBn3CHKobfbr0SNGaLTzFLCxjtSv4Mn2lnkcEK3xKzY4UoJaV5Bsrq8cTiHObfLNcL9RS91NC98cha-ue3WtSVloCHfE6YVFKYXswyJ4t3TEUGSdNPjd0cEL-NhXqxnYlvG4vH-FbUTFMnf8tkMeBbwJK10GJiliHY57geECqS4G6HIKZ4zPBYMBbYxnI6dCrjjmYJd4G3LYDsLDCJcRVwwvW5jp7tM4C0RD9CzdirHXSYrOvDK1BqM07PQxZv1KiUKA5rzYntWKF0M3smj24P6DCES7CI9TnNzxkRGsNeywoGyknkmJ305dIjlAt2XwHjH8vvkHX4naNW6Wehq4EVmjV_b7OPC0ZzICPiEZ_PNK4IGYwU7AX8LwGxWaet8zbLGJbrTRKnUN-trPxYUeN1_OzVCVVCHugG3ILHX0agbbw-goZsu4Ea-vGFwv3ebQyDGKQIOfPydXPR6PXQfJ3_av0agImBEq6XSZ6NFQ2jZo0vIEx9KQbwqMitomxqL50ALgVaGiSxTAy1r7kXslu10Qs9n0GmJvKsKmqC59YJFVAPiI7z-pMKIoq-pnQKxOYGEWXSLyisgviX-FhwZc-1GsHl3sIlYr1hNUL_kuof2-6a_eb_ZbCIcwto2BmIuyLwfiac1YVsXpuyPPC8qDJ8WkLeC8KPSGwvqOkEEpRgzFUyzSQ_NjU0bn6tIp16niXEHGdQLfzBOUjPWmayDUTwWmvYZPR35-R797qK6q3uEHYrMZ09OTLzS9g6Zy19OPxSlNK-C_wiFe1Ej3bDnWJQ3YFZSAyU2YSBOaGiJdHh5x6OwR78KcsPJhcuMXWUPUgipwwy_uzBkZ297uqW7Erqmucp571fSmlCpbNc9XJAuA.vVBmnUakXn8j-iG10-e0RA',
  'if-none-match': 'W/"277d-vTVGH9+X2LGAjKitR0IVvBFSJb4"'
}
[requireAccess] Detected JWT
[TenantPlugin] Pre-hook triggered for: findOne
[TenantPlugin] Options: {}
🔌 Socket connected: kFjbAf1EG1-5j3ZlAAAD (User: 68e4cb96d180b0285d9a701d, Tenant: undefined)
[requireAccess] Checking access for endpoint: /v1/submissions/activity-log {
  permissions: [],
  scope: undefined,
  environment: undefined,
  jwtOnly: false,
  apiOnly: false
}
[requireAccess] Incoming headers: {
  Authorization: 'Bearer eyJhbGciOiJIUzI1NiIsInR5cCI6IkpXVCJ9.eyJzdWIiOiI2OGU0Y2I5NmQxODBiMDI4NWQ5YTcwMWQiLCJpYXQiOjE3NjEyOTcxODcsImV4cCI6MTc2MTI5ODk4NywidHlwZSI6ImFjY2VzcyJ9.MjrmTfL78nJ2v1sZWIDZUF-KJZJ9ncMWqRdGec3jW14',
  'x-api-key': undefined,
  requiredPermissions: []
}
[requireAccess] Full request headers: {
  host: 'localhost:4000',
  connection: 'keep-alive',
  'sec-ch-ua-platform': '"macOS"',
  authorization: 'Bearer eyJhbGciOiJIUzI1NiIsInR5cCI6IkpXVCJ9.eyJzdWIiOiI2OGU0Y2I5NmQxODBiMDI4NWQ5YTcwMWQiLCJpYXQiOjE3NjEyOTcxODcsImV4cCI6MTc2MTI5ODk4NywidHlwZSI6ImFjY2VzcyJ9.MjrmTfL78nJ2v1sZWIDZUF-KJZJ9ncMWqRdGec3jW14',
  'user-agent': 'Mozilla/5.0 (Macintosh; Intel Mac OS X 10_15_7) AppleWebKit/537.36 (KHTML, like Gecko) Chrome/141.0.0.0 Safari/537.36',
  accept: 'application/json, text/plain, */*',
  'sec-ch-ua': '"Google Chrome";v="141", "Not?A_Brand";v="8", "Chromium";v="141"',
  'sec-ch-ua-mobile': '?0',
  origin: 'http://localhost:3000',
  'sec-fetch-site': 'same-site',
  'sec-fetch-mode': 'cors',
  'sec-fetch-dest': 'empty',
  referer: 'http://localhost:3000/',
  'accept-encoding': 'gzip, deflate, br, zstd',
  'accept-language': 'en-GB,en-US;q=0.9,en;q=0.8',
  cookie: 'next-auth.csrf-token=f11f82856e3c28ba73e12ddfd5693d1ca8079702a5ab7865957f369ab2877007%7C41b08bbac80a06aadc57cefc5b8d3db5da5c82dd32a953bddf59b7b0b375d97b; next-auth.callback-url=http%3A%2F%2Flocalhost%3A3000%2F; next-auth.session-token=eyJhbGciOiJkaXIiLCJlbmMiOiJBMjU2R0NNIn0..ZPW0t_dM-pEZwDhM.YSDOixHv0D8j6Tf3wUHEc4mTTR0JPAVEbkNg0XdEtpqQaAyRgNu-do-9bpoPFsfknQH1HPYlHVBd1aL6LIW6d7m7vPxPcc-8cMP9cXq4bTf8FGhe3FR5T5dku0fB1FfYxPoZbpcULHpSuqWqhUnwofLhSgMnY1pDw9cLzNtAlU00rDD-Qg8_OAkQBC7e41XX6QXLPhPhKK8vh-Ws6vtzY26BHYV5gOm3WiGmIfA8Ne2dKImALvZqU3RGpRkf3I57ECiOvr9vtA198dsLPwn8VY1DsbSeSNC25qH-QFU97VIqQokVHr6c8vgvm9QTpP3KsQ4fbxECFaY3M-DVeYP-suP9TWkPFh2949Jnkno_J7nJKB4S19onxx_RMKt9yzjExt_NM6dJ6CBTtrjNdtEsIy9aeQVK6sBUKxI9yybcmbKHpRXzfDxm7ekA_-xxjlTq8Cm5OtHwgcnewLAelq93iEYSWgYT09Idn6sGrfkcNRamLtwl5ToO4U4y1lYatFKlCcNoIqL_4AMW4in6qw6NiS8_Owa_cPVOm-uYX3xkQbsgRIJadpCzcik2xLLheJHS-6dt_ethxNs4F8SEmCCTMO71Hge-ET3AJ0spspn8BEBiCM0tMsfouAjM2On54y0mp3D-wRou87FmKImygTAGDBwIkPcmpwZctwJNv3Qv4quoH9AOOLrGqNV0SDQ3Ao4jAeffNYL9-CNMgKz3hC9rZFpu7ex5qfdOzEYZrOGCHneAj29ey9lUAFKmS346Zm8YaH8HfMsmL1G7_BE9Jf3amVhf4vwP51V_GjnNh4EO0YQ_yAVNUKcvwLJouG859UgShTJ13J7CzpQqkRHKyKo3UfGku3ihyBdc7GEi1-JWyKDp5tfIqoQSGIiD-92EvCS9d3UJIk34a2hXkV3rR0XAJqHvbTK2MOQQ971jgm7nWxLH0Z03dk7LFk61KGVbVVcVs2M6RILcTBsCXuNA5uhdyzQ3OJiD9Nehpxe71zY1tLmA1M7NAmsACg1kgEFM5Gmej2cXemKQOMNho1PwOfnxMb9-VnBjE4IWeeOTZz6HtW0Sxat9VKJvIG6-Ro_O-UFSfsAniX5Y7b9bqGCd0Fw7W-Kfyg-wGNPdHCQSOgoIyWJ3WQGR06al80LCbkU1KwNL7qGm6VOI3NC8yopZb4inSMjfJnMtvjMv0ugVZQPFlWwPw7PUK368UhSwi-Z9unSubI1roLgoNrKWO67rAnRIPB5CkWs2NNThj2SBn3CHKobfbr0SNGaLTzFLCxjtSv4Mn2lnkcEK3xKzY4UoJaV5Bsrq8cTiHObfLNcL9RS91NC98cha-ue3WtSVloCHfE6YVFKYXswyJ4t3TEUGSdNPjd0cEL-NhXqxnYlvG4vH-FbUTFMnf8tkMeBbwJK10GJiliHY57geECqS4G6HIKZ4zPBYMBbYxnI6dCrjjmYJd4G3LYDsLDCJcRVwwvW5jp7tM4C0RD9CzdirHXSYrOvDK1BqM07PQxZv1KiUKA5rzYntWKF0M3smj24P6DCES7CI9TnNzxkRGsNeywoGyknkmJ305dIjlAt2XwHjH8vvkHX4naNW6Wehq4EVmjV_b7OPC0ZzICPiEZ_PNK4IGYwU7AX8LwGxWaet8zbLGJbrTRKnUN-trPxYUeN1_OzVCVVCHugG3ILHX0agbbw-goZsu4Ea-vGFwv3ebQyDGKQIOfPydXPR6PXQfJ3_av0agImBEq6XSZ6NFQ2jZo0vIEx9KQbwqMitomxqL50ALgVaGiSxTAy1r7kXslu10Qs9n0GmJvKsKmqC59YJFVAPiI7z-pMKIoq-pnQKxOYGEWXSLyisgviX-FhwZc-1GsHl3sIlYr1hNUL_kuof2-6a_eb_ZbCIcwto2BmIuyLwfiac1YVsXpuyPPC8qDJ8WkLeC8KPSGwvqOkEEpRgzFUyzSQ_NjU0bn6tIp16niXEHGdQLfzBOUjPWmayDUTwWmvYZPR35-R797qK6q3uEHYrMZ09OTLzS9g6Zy19OPxSlNK-C_wiFe1Ej3bDnWJQ3YFZSAyU2YSBOaGiJdHh5x6OwR78KcsPJhcuMXWUPUgipwwy_uzBkZ297uqW7Erqmucp571fSmlCpbNc9XJAuA.vVBmnUakXn8j-iG10-e0RA',
  'if-none-match': 'W/"4ea2-0VSyA3duEZVFbOGkzEe17lQqVX8"'
}
[requireAccess] Detected JWT
[TenantPlugin] Pre-hook triggered for: findOne
[TenantPlugin] Options: {}
[requireAccess] Authenticated user: {
  roles: [],
  isOwner: true,
  isSuper: true,
  isSaby: true,
  isAgreed: false,
  createdBy: null,
  otp: null,
  otpExpires: null,
  otpVerified: true,
  phoneNumber: null,
  isPhoneVerified: false,
  isEmailVerified: true,
  avatar: 'https://halocrm.s3.us-east-1.amazonaws.com/user/avatar-09.webp',
  status: true,
  deletedAt: null,
  _id: 68e4cb96d180b0285d9a701d,
  firstname: 'Debby',
  lastname: 'Adebowale',
  email: 'saby@saby.ai',
  password: '$2a$08$o1.0/o0J3cDHswtnBPpdO.0KNYtXslW0gYv8ZcwaRkUdsupCw5dH.',
  userId: '0YXBcDcxPH',
  tenantId: 'hWiWJ_X0m6',
  createdAt: 2025-10-07T08:13:10.710Z,
  updatedAt: 2025-10-10T19:17:53.368Z,
  haloId: 'HL-00030',
  __v: 0
}
[requireAccess] Resolved access: user
[requireAccess] Authenticated user: {
  roles: [],
  isOwner: true,
  isSuper: true,
  isSaby: true,
  isAgreed: false,
  createdBy: null,
  otp: null,
  otpExpires: null,
  otpVerified: true,
  phoneNumber: null,
  isPhoneVerified: false,
  isEmailVerified: true,
  avatar: 'https://halocrm.s3.us-east-1.amazonaws.com/user/avatar-09.webp',
  status: true,
  deletedAt: null,
  _id: 68e4cb96d180b0285d9a701d,
  firstname: 'Debby',
  lastname: 'Adebowale',
  email: 'saby@saby.ai',
  password: '$2a$08$o1.0/o0J3cDHswtnBPpdO.0KNYtXslW0gYv8ZcwaRkUdsupCw5dH.',
  userId: '0YXBcDcxPH',
  tenantId: 'hWiWJ_X0m6',
  createdAt: 2025-10-07T08:13:10.710Z,
  updatedAt: 2025-10-10T19:17:53.368Z,
  haloId: 'HL-00030',
  __v: 0
}
[requireAccess] Resolved access: user
[32minfo[39m: GET /v1/submissions/activity-log/summary 200 - 1585.189 ms
[32minfo[39m: GET /v1/submissions/activity-log 200 - 3071.069 ms
[32minfo[39m: GET /v1/submissions/activity-log?limit=25&offset=0 200 - 3444.341 ms
[32minfo[39m: OPTIONS /v1/submissions?month=2025-10-01&limit=25&offset=0 204 - 1.622 ms
[requireAccess] Checking access for endpoint: /v1/submissions?month=2025-10-01&limit=25&offset=0 {
  permissions: [],
  scope: undefined,
  environment: undefined,
  jwtOnly: false,
  apiOnly: false
}
[requireAccess] Incoming headers: {
  Authorization: 'Bearer eyJhbGciOiJIUzI1NiIsInR5cCI6IkpXVCJ9.eyJzdWIiOiI2OGU0Y2I5NmQxODBiMDI4NWQ5YTcwMWQiLCJpYXQiOjE3NjEyOTcxODcsImV4cCI6MTc2MTI5ODk4NywidHlwZSI6ImFjY2VzcyJ9.MjrmTfL78nJ2v1sZWIDZUF-KJZJ9ncMWqRdGec3jW14',
  'x-api-key': undefined,
  requiredPermissions: []
}
[requireAccess] Full request headers: {
  host: 'localhost:4000',
  connection: 'keep-alive',
  'sec-ch-ua-platform': '"macOS"',
  authorization: 'Bearer eyJhbGciOiJIUzI1NiIsInR5cCI6IkpXVCJ9.eyJzdWIiOiI2OGU0Y2I5NmQxODBiMDI4NWQ5YTcwMWQiLCJpYXQiOjE3NjEyOTcxODcsImV4cCI6MTc2MTI5ODk4NywidHlwZSI6ImFjY2VzcyJ9.MjrmTfL78nJ2v1sZWIDZUF-KJZJ9ncMWqRdGec3jW14',
  'user-agent': 'Mozilla/5.0 (Macintosh; Intel Mac OS X 10_15_7) AppleWebKit/537.36 (KHTML, like Gecko) Chrome/141.0.0.0 Safari/537.36',
  accept: 'application/json, text/plain, */*',
  'sec-ch-ua': '"Google Chrome";v="141", "Not?A_Brand";v="8", "Chromium";v="141"',
  'sec-purpose': 'prefetch;prerender',
  'sec-ch-ua-mobile': '?0',
  origin: 'http://localhost:3000',
  'sec-fetch-site': 'same-site',
  'sec-fetch-mode': 'cors',
  'sec-fetch-dest': 'empty',
  referer: 'http://localhost:3000/',
  'accept-encoding': 'gzip, deflate, br, zstd',
  'accept-language': 'en-GB,en-US;q=0.9,en;q=0.8',
  cookie: 'next-auth.csrf-token=f11f82856e3c28ba73e12ddfd5693d1ca8079702a5ab7865957f369ab2877007%7C41b08bbac80a06aadc57cefc5b8d3db5da5c82dd32a953bddf59b7b0b375d97b; next-auth.callback-url=http%3A%2F%2Flocalhost%3A3000%2F; next-auth.session-token=eyJhbGciOiJkaXIiLCJlbmMiOiJBMjU2R0NNIn0..RnQ-Vyj9D2jorH8l.FfM8JFx3JnAqBtHtKKr1SnzQqGo3LfhD1MIEjPmnMTj_by6U7SZzuY0jnCHYqCAPi37gT4EbExYAHGLo25OlLMox44EPgprDhpsdvikX2THhfe-Sp2MXylYITzjDpIuUD3UXX9LpUA0ONn-FlbOnqVadvUfYWISxJTDYMu8MAFpDWrVkjrToxLOecu13PtOYJJr0i7dMWZuyLVowbJDYnwk7bGDVv6nldegMIJbGPimEBB9ujd3r3Yn31vTt_oV43KSj7Yg1Cs6Aa6B6sCnyxEQwx54FOx4WcgzrSvQCrJqyk0ACVZd1BfrX-p50Ew5Wzls1yiqKhZA3JYFf38veDTcn_Fb-StonUjYJ4RhtcOtmF7v5jgqj_qpIzlbXyFiinfJAN7LCJaRez1mNQyqljdiy5W-lGYjBE4dmfZZliXj6-WB4J2VRTQvXqo512INaiEHnYlUU8YiNPgvrRXtrtMrYfzDLHagYri0wy-3QKCfoyzg-vqasTp9cKcTY8XlnTQje2Li7JM1vQDT7ae3W4wV0XOki5sDJoY4PssTdezDMSP0cG219gSZSI_JJIYoeFkmzXzcuBZ4v1eIKqlTD6e6EoSVtbeoSXPDKtAo-qi9jBx1YYvYsuVEQ09mlBOJGdbXDwOALm0QUFg4DcfbxWW6HHl4RhL4w-pa9ePWNj5z2-X60o_5-gaMlEt3JbN9LXSrtJSahvOszihViXCstZCwYMmC_sT7u6PIIRvMsjqCWOEe6wCQkXpdafjuZTXezn5qyLamlSpaL5aEKWDp-WJKFxJRPaEhXOsS8unq_ez9Pag9WUhDHMktqtCfR_SfXiNgpp7qBh-GVGrhHrHMhBntRNtSm8J76bJjskzjZc0Vn89UNbXUp2VO7wiwO9NSPaB5bqFuBRMWSrDXDoS8FDW8NUPRYdTv-KN4vl8Atc87nlQf7xu5H-ABcH6aZ9ozKDJc4GN1ySJL6Nv-apLZ7NoD_EjmUQgCcpwSm7cKXx_-VC8ONFvq9fW_etZAkNG618lmXUu31RGFPfK3GbdvACeHFDM5PYl7xYwsoVNcb0LGV0dW1v70TAD5_wrFn2q1PvvksF7heVIHveQVMLbgcduKMYqnP5FOffUxJApO77Shw8U-OdJtcvGJ97kpvhAqlSw1bQLUw2yDNjC8P8GWOk2wbfjR1QW6sAXKZ41Lh6ISzaQ2LKdlxSmiovP77KKSMOLY9gj6AvYBnoCbbh-QUQxP6wJ5t9s1DHJJK0KxIn6cCJEiiTNBWe6GCUyyKVV15BVDaa6xJdBCXR05qrqSJLxvZwpyEK4wLKG378ICyX0-mmB4ZUbjpVmk8CBDhLE46NdwsK98UYvAkuxWMNPoS1rHfm5vy25JHm9gcvVqV9pQmH5DGEcwfqSjtblD7-XU5klYMDHpOHXFF2AdydxlW_qgCxdI9J6i9U-FGggDj2RFrGFt5IAlmSiaIZdmMqj_-z9MSbLz2YzEheaF08-9kuGfAWJDH7VYlvB8xSmLb7GmSo7WYrcTCa4d8GXO_9ZqTIe7K0r6xNIYk-LkSLdtWN9q7Xx3PS347cDvogp9uFO5EqjEuh27zkKk-y8YDUhU2W1bpfiiSSou3m04dgV_Vvun82yvAf9k6XodG9DsE-zJjIcr5biZtESZN6t1-J8E_KIXEs58X557MNEUc_1HoldUu3wI7dqFs9x6i9ZBv_GIxCoGMHrTsMspw1Ox-9igWwQ54PusXmm66f4ZISFa9_mPI1_q931AhqytnImNO4lwFINytIVkdlQiJv5VdGApcW9YsOqCMrKzzhCeTzbAuLx6TKHpJ3YEWReSG9PVCI8xTNxHElkb4BsxyIehNk7T9jrZXGcdYLwxdlHJVJR4DqDQG5J_1QsKGuN459hPqfseu6lLZ_KbpawrY4J9E2ZgJ_KuqlWYh3bq1QGL3FjgMIQXsBS0r3IU1Bk7TpbWEooaz3C5UtU-HiSpfRc5s-8uA0Qxjk77rXcxdmzpAhdTGGqhLRXY04gRXkWh8axRYbpyuwwCB7LBTZAEwT0yCrbhRj5qB6CpbYMEDhX0Be5Wan9auNbcu63-wGQC4sYwS7fWEvuA_f5I6OpWNaODl7ync8UYmko0ANHhaVg.xiK2-t3Gg9qpIFhe25GQyw'
}
[requireAccess] Detected JWT
[TenantPlugin] Pre-hook triggered for: findOne
[TenantPlugin] Options: {}
[requireAccess] Authenticated user: {
  roles: [],
  isOwner: true,
  isSuper: true,
  isSaby: true,
  isAgreed: false,
  createdBy: null,
  otp: null,
  otpExpires: null,
  otpVerified: true,
  phoneNumber: null,
  isPhoneVerified: false,
  isEmailVerified: true,
  avatar: 'https://halocrm.s3.us-east-1.amazonaws.com/user/avatar-09.webp',
  status: true,
  deletedAt: null,
  _id: 68e4cb96d180b0285d9a701d,
  firstname: 'Debby',
  lastname: 'Adebowale',
  email: 'saby@saby.ai',
  password: '$2a$08$o1.0/o0J3cDHswtnBPpdO.0KNYtXslW0gYv8ZcwaRkUdsupCw5dH.',
  userId: '0YXBcDcxPH',
  tenantId: 'hWiWJ_X0m6',
  createdAt: 2025-10-07T08:13:10.710Z,
  updatedAt: 2025-10-10T19:17:53.368Z,
  haloId: 'HL-00030',
  __v: 0
}
[requireAccess] Resolved access: user
🔌 Socket disconnected: zlJfO9-TpFt6xqBkAAAB
🔌 Socket disconnected: kFjbAf1EG1-5j3ZlAAAD
[32minfo[39m: GET /v1/submissions?month=2025-10-01&limit=25&offset=0 200 - 5474.397 ms
[32minfo[39m: OPTIONS /v1/project-forms/tenant/tenant_1 204 - 0.771 ms
[TenantPlugin] Pre-hook triggered for: findOne
[TenantPlugin] Options: {}
[32minfo[39m: OPTIONS /v1/project-forms/tenant/hWiWJ_X0m6 204 - 0.257 ms
[TenantPlugin] Pre-hook triggered for: findOne
[TenantPlugin] Options: {}
--- AUTH DEBUG ---
Route: /v1/project-forms/tenant/tenant_1
HTTP Method: GET
Required Permissions: [ 'view:project-form' ]
[TenantPlugin] paginate() - incoming options: { populate: 'createdBy' }
[TenantPlugin] Pre-hook triggered for: countDocuments
[TenantPlugin] Options: {}
[TenantPlugin] Pre-hook triggered for: find
[TenantPlugin] Options: { sort: { createdAt: 1 }, skip: 0, limit: 10 }
--- AUTH DEBUG ---
Route: /v1/project-forms/tenant/hWiWJ_X0m6
HTTP Method: GET
Required Permissions: [ 'view:project-form' ]
[TenantPlugin] paginate() - incoming options: { populate: 'createdBy' }
[TenantPlugin] Pre-hook triggered for: countDocuments
[TenantPlugin] Options: {}
[TenantPlugin] Pre-hook triggered for: find
[TenantPlugin] Options: { sort: { createdAt: 1 }, skip: 0, limit: 10 }
[TenantPlugin] Pre-hook triggered for: find
[TenantPlugin] Options: { skip: undefined, limit: undefined, perDocumentLimit: undefined }
[32minfo[39m: GET /v1/project-forms/tenant/tenant_1 304 - 86.141 ms
[32minfo[39m: GET /v1/project-forms/tenant/hWiWJ_X0m6 304 - 89.194 ms
[TenantPlugin] Pre-hook triggered for: findOne
[TenantPlugin] Options: {}
--- AUTH DEBUG ---
Route: /v1/project-forms/tenant/tenant_1
HTTP Method: GET
Required Permissions: [ 'view:project-form' ]
[TenantPlugin] paginate() - incoming options: { populate: 'createdBy' }
[TenantPlugin] Pre-hook triggered for: countDocuments
[TenantPlugin] Options: {}
[TenantPlugin] Pre-hook triggered for: find
[TenantPlugin] Options: { sort: { createdAt: 1 }, skip: 0, limit: 10 }
[32minfo[39m: GET /v1/project-forms/tenant/tenant_1 304 - 9.421 ms
🔌 Socket connected: RlHD3XJshIexnhdYAAAF (User: 68e4cb96d180b0285d9a701d, Tenant: undefined)
[32minfo[39m: OPTIONS /v1/submissions/activity-log?limit=25&offset=0 204 - 0.273 ms
[requireAccess] Checking access for endpoint: /v1/submissions/activity-log?limit=25&offset=0 {
  permissions: [],
  scope: undefined,
  environment: undefined,
  jwtOnly: false,
  apiOnly: false
}
[requireAccess] Incoming headers: {
  Authorization: 'Bearer eyJhbGciOiJIUzI1NiIsInR5cCI6IkpXVCJ9.eyJzdWIiOiI2OGU0Y2I5NmQxODBiMDI4NWQ5YTcwMWQiLCJpYXQiOjE3NjEyOTcxODcsImV4cCI6MTc2MTI5ODk4NywidHlwZSI6ImFjY2VzcyJ9.MjrmTfL78nJ2v1sZWIDZUF-KJZJ9ncMWqRdGec3jW14',
  'x-api-key': undefined,
  requiredPermissions: []
}
[requireAccess] Full request headers: {
  host: 'localhost:4000',
  connection: 'keep-alive',
  'sec-ch-ua-platform': '"macOS"',
  authorization: 'Bearer eyJhbGciOiJIUzI1NiIsInR5cCI6IkpXVCJ9.eyJzdWIiOiI2OGU0Y2I5NmQxODBiMDI4NWQ5YTcwMWQiLCJpYXQiOjE3NjEyOTcxODcsImV4cCI6MTc2MTI5ODk4NywidHlwZSI6ImFjY2VzcyJ9.MjrmTfL78nJ2v1sZWIDZUF-KJZJ9ncMWqRdGec3jW14',
  'user-agent': 'Mozilla/5.0 (Macintosh; Intel Mac OS X 10_15_7) AppleWebKit/537.36 (KHTML, like Gecko) Chrome/141.0.0.0 Safari/537.36',
  accept: 'application/json, text/plain, */*',
  'sec-ch-ua': '"Google Chrome";v="141", "Not?A_Brand";v="8", "Chromium";v="141"',
  'sec-ch-ua-mobile': '?0',
  origin: 'http://localhost:3000',
  'sec-fetch-site': 'same-site',
  'sec-fetch-mode': 'cors',
  'sec-fetch-dest': 'empty',
  referer: 'http://localhost:3000/',
  'accept-encoding': 'gzip, deflate, br, zstd',
  'accept-language': 'en-GB,en-US;q=0.9,en;q=0.8',
  cookie: 'next-auth.csrf-token=f11f82856e3c28ba73e12ddfd5693d1ca8079702a5ab7865957f369ab2877007%7C41b08bbac80a06aadc57cefc5b8d3db5da5c82dd32a953bddf59b7b0b375d97b; next-auth.callback-url=http%3A%2F%2Flocalhost%3A3000%2F; next-auth.session-token=eyJhbGciOiJkaXIiLCJlbmMiOiJBMjU2R0NNIn0..q0z1ckuAGcGt7e-P.wf1dcmwBTKEL7qTxmnxJXk-qus018xRIxvPV22AYgS-98F4HKhSDzWxggCi7QdJIdbXtJzBIXz91flz_Lc-fEguG9Giql2rNAkmfj3yl_Ll_mJnN4YvHHnqqVpNC_zu15ABIBnGfjtUl4Quuoj4IJqk5Cyak8hYsy7mPsnZ9IPe0LjO9otlVF3UXQ_2i6URdAbDo7OUhN6WsYDzeSI_awh_RUlQHVjsp2AKOcXW8w4xIto7obUSmhHj3MOSdBvfRLx5QPTmuZohbA9aaoCmz854BEo3paBDnwRu-m1HUbHR2CLcu6S5hKp2RZ0ezyvrZ9xkjc-nmjFII6yFGcOr4zAL7B4G6MszPyOL3eAwbFb12q2hQMQh8VHetm95z5xQ48IoO-RlWX8cVWSvmvfn4lW0dEhyZqn9ZQfhQkBVsMagtxVF3OxT2tP0gGi0MAHHAP2MmXi6nY52cqWs3gU_ipWXoqcEQPSv7uC1IkErect6x4V9-xE8WooSL3neIgheMx8pz8Fq_1fgwDZvDGlPtgI9HBF7cheYuZUhOMXaOpdN6a6pRWT_I1F9mR3-ZYx3l2nvTJKbQCMOurdnqGCxFa508iMQp9oUPEZCiLzbONSUcgl1N1h28YlOmcMsQf2uGXLa4oLzShrk-9ln2Es6j0uzIEZXrDw4dbrpYler-1DOba127bhJ2sc9uphRTtCwckg-m1Mtr9pfYBBdeWAxj878flF2IwJg_zvQvD0b1bDlyXgAVUNVvxT9DTi-abZfMytYTmQgz-GPv8NeUxf3t6ParVM-km32wysiWbwAZCUwCSuCr1wdLF1GEaISXpgtq_PeNTF2nNSsc0iZYtDx2PrAhiaLaDFFxxotTfn-N4KM53V3oKjiE_2b0JBOvAcCHkJhG7Em8qq3Zd94dEWJgU1Bebvhi4jJPtHkch5nTa41-mHchHDVjRo7Wvqp81YVRBn5FYIPvLI8XaRKh2OQrAc0Gp0Rft0ZQe9FsRYY_lxblXoCv0Zytx5hLKOJxzIanigvfeA_5LnQncYE0NUPpdFvmo8wrBFmtLtjJhx5eAnwiHA3ILz9xehbtup7EQBrMujZ3ag6U3PkMon-6EwZu09h-hqp5Lfp_Rda-jVCQLi4BQrOxJg_xsMZP0DNEZYDMUdyC_JeCDlR2ficMSLrmOqvJpQDgQX0RcEm1Vc6_-XoQtt5XbvVVtZEBZt9FCQEHvJ_M-r3nWuSWMiMnhrRopIK3qRw6MW_pwjpJOru1LXYqTS0lfkamvQ5JJxedhayrt26HtLBbc7unxWl3F2TZOr0ZD2cNNsPiQvKUGplapuShVYR9d0MjBI4_3l7U_Su9FiXu3A1HiPZwbbQy_oYAC8FwyeUQAuGFoVkS7n6mDhwCZnTiMdKRpNYWbyIy9R_bM5oyOC2y_2KM5yJx7dOZJNPkl08sJZJ6DGfP_NErYoywe-2zLJoy7e1yy5C_zGMEtrgiqxF-33bOv2A6OyE46nh3zryqhprRgUGLEIXGJvgDDH0vMQI8523yCFj0ok3d0VKrlhHWLUxmiFYx3uUtpkazVs7-wHLt6WEZRB8eRZtCUHdD9cU3GynOl820H9b4DpFgO7XMmC61aEGbxQL8T0f08402Uy-en-D-Dq7lcprLrktKXkGY13UkAgFJamvw4dCgBXWh_wfGdbvtfenYmSZfmsGOXRRhcAO__PEeQcOor_tYsOu9hbZ8KlLuO_Rt93eNvrdr8gFqFdGa8ReTwYmfcKHWnTKTY6PCqB9UHSiPkYoTLCQO7JHtCH-n2WlfNSjmsF-OdBwdeOihj0rnKU7ZEV7Vnnu3AIinObJyaiTellyQuvxbPr3h55MoqbsOnkQO5xhULEnoSPGdxSMJkYVK2xPOJVAzdqA9viS3r1G-r34vr4pdc2KMUvlxudBk5Of6L1ZXw9yjCAhVoDbhNMfkrKU8hJ110_E4S_wye6sX8ADS7Chgye7QT2VlIKVkHGoExTX9RIqvsle2Bm8PcptvzI-bPHrjes3v8fGiO7qYHYMAJFFUyEf-A5tPc6ulnMtHGPytrQSbc3GeSwLkMnMWpTP6RxP1bMg_UPrmhgESrsuJXhGmdCq7flAbRKFEO-TJAT18NPbhvQ.z-nwxDETnqBgr_oo47W43Q',
  'if-none-match': 'W/"2573-QeSSG1f3BotlSVnyvAKVUfSJczs"'
}
[requireAccess] Detected JWT
[TenantPlugin] Pre-hook triggered for: findOne
[TenantPlugin] Options: {}
🔌 Socket connected: 244FtjIFf1qgZxAwAAAH (User: 68e4cb96d180b0285d9a701d, Tenant: undefined)
[32minfo[39m: OPTIONS /v1/submissions/activity-log 204 - 0.272 ms
[requireAccess] Authenticated user: {
  roles: [],
  isOwner: true,
  isSuper: true,
  isSaby: true,
  isAgreed: false,
  createdBy: null,
  otp: null,
  otpExpires: null,
  otpVerified: true,
  phoneNumber: null,
  isPhoneVerified: false,
  isEmailVerified: true,
  avatar: 'https://halocrm.s3.us-east-1.amazonaws.com/user/avatar-09.webp',
  status: true,
  deletedAt: null,
  _id: 68e4cb96d180b0285d9a701d,
  firstname: 'Debby',
  lastname: 'Adebowale',
  email: 'saby@saby.ai',
  password: '$2a$08$o1.0/o0J3cDHswtnBPpdO.0KNYtXslW0gYv8ZcwaRkUdsupCw5dH.',
  userId: '0YXBcDcxPH',
  tenantId: 'hWiWJ_X0m6',
  createdAt: 2025-10-07T08:13:10.710Z,
  updatedAt: 2025-10-10T19:17:53.368Z,
  haloId: 'HL-00030',
  __v: 0
}
[requireAccess] Resolved access: user
[requireAccess] Checking access for endpoint: /v1/submissions/activity-log {
  permissions: [],
  scope: undefined,
  environment: undefined,
  jwtOnly: false,
  apiOnly: false
}
[requireAccess] Incoming headers: {
  Authorization: 'Bearer eyJhbGciOiJIUzI1NiIsInR5cCI6IkpXVCJ9.eyJzdWIiOiI2OGU0Y2I5NmQxODBiMDI4NWQ5YTcwMWQiLCJpYXQiOjE3NjEyOTcxODcsImV4cCI6MTc2MTI5ODk4NywidHlwZSI6ImFjY2VzcyJ9.MjrmTfL78nJ2v1sZWIDZUF-KJZJ9ncMWqRdGec3jW14',
  'x-api-key': undefined,
  requiredPermissions: []
}
[requireAccess] Full request headers: {
  host: 'localhost:4000',
  connection: 'keep-alive',
  'sec-ch-ua-platform': '"macOS"',
  authorization: 'Bearer eyJhbGciOiJIUzI1NiIsInR5cCI6IkpXVCJ9.eyJzdWIiOiI2OGU0Y2I5NmQxODBiMDI4NWQ5YTcwMWQiLCJpYXQiOjE3NjEyOTcxODcsImV4cCI6MTc2MTI5ODk4NywidHlwZSI6ImFjY2VzcyJ9.MjrmTfL78nJ2v1sZWIDZUF-KJZJ9ncMWqRdGec3jW14',
  'user-agent': 'Mozilla/5.0 (Macintosh; Intel Mac OS X 10_15_7) AppleWebKit/537.36 (KHTML, like Gecko) Chrome/141.0.0.0 Safari/537.36',
  accept: 'application/json, text/plain, */*',
  'sec-ch-ua': '"Google Chrome";v="141", "Not?A_Brand";v="8", "Chromium";v="141"',
  'sec-ch-ua-mobile': '?0',
  origin: 'http://localhost:3000',
  'sec-fetch-site': 'same-site',
  'sec-fetch-mode': 'cors',
  'sec-fetch-dest': 'empty',
  referer: 'http://localhost:3000/',
  'accept-encoding': 'gzip, deflate, br, zstd',
  'accept-language': 'en-GB,en-US;q=0.9,en;q=0.8',
  cookie: 'next-auth.csrf-token=f11f82856e3c28ba73e12ddfd5693d1ca8079702a5ab7865957f369ab2877007%7C41b08bbac80a06aadc57cefc5b8d3db5da5c82dd32a953bddf59b7b0b375d97b; next-auth.callback-url=http%3A%2F%2Flocalhost%3A3000%2F; next-auth.session-token=eyJhbGciOiJkaXIiLCJlbmMiOiJBMjU2R0NNIn0..97vk2h12-GM07bxG.riFwDUonSihRtZJS5zEiXBspAe5U4Z1MbJvWvpufdB7q9QiWQjmFd6Hd7mghmIabTjzZLB5M3IqWDJznSnb2FxQ0AyE4-6gf_z1z8rJmJM2Q_dQ0g_-2iMB1_XdK1RG56o2vRI2dAmW1XeDpxeAsv0orhjDO4ysZoWO4oRqPtERZS0sOdvwqfFlrP97RTvuncRJMQudgN7eJdweCQVxNO99a18vKButbH8-0jW3dJUgaUw4vvfEVMveKul5gFOQKZGqkdNURa176SbA9pqcxxv9SX0W3jaWGfK2GRp8DFXr8Bbfz2CarlTfsHduzCtV7QJqG8yl47jEMWHcTRehPFeOE6vMLfp0V4_4hzDfa2F7rv07g4i7S30UoDe1RYmBXrPoJGmQoFiWjdv-byAa573wWjtvZ11ukUtVULX_uVByEvCFkkVXmplWIbXSA4pNiKUoY6IuzhUApZabfA5H_toP0nN431D7oPuvdnpftY_zbvKtlOrLFwNmd6H4fpvxfWV6kbdSi0bJtgu9CYOzYxHOw_N74lwlmeVI2MJqmnGmScz8eoseLlZ-XSNJKENqmg29aa1suGJ0UZ_VBC-DDmMmEGlJTS77motOMUrhN7cDx8EangpKRrppUMNs9r3896oE2bshg3I_hqou9cF79P1iQubnlUSGIIHhaDAntVRjAQ4WT6wa22uUsJEKITDulpBZiIZ5xlJChCKm7CWlQ5lZpj8jGAX91JJuXQsti1mCCY73ZwOcz0sPrgtVMF5pidr1PTMQb9P3_82OtXt1R8ZAP2Nh1iWWd-PobNJnCGSC57Y1R790uXr5DbNfX1INA1iToSL0ESmAguPphGxcstR3FLtDhPyjD8ADRbGw3johJZC3YtcHZ7M4c6BUX5PSkPW4vaOU6kvZ21Bpx_njAGZ9sd8QhneG4CQ_ScB1N52dnAMt5OqxMpQTfToba-OLq6gUbLbv7FBNDkj0Bu0ZO5p1U-yh6vR51Cz7VYvV9nV7FtWCl-DD56qyRZ6kH59pL19KctZThf5y_Hu4Da21vNUdxHi4WVcXT9NkEFArM3IIqB_NjgHB6HbqR_Qu2a6FJzCBmpLw4wiEqsRresM3WagnRPa3307XX-Ht84zPPXutLzrFzg1iVG4qgcz6_sNU1d6B-tXz-h6lQvhFpIqwaAHoxBDOlZmpElyMRRu0Pih5oT8AcdnURDpRhnSJ0dfnk43kJKuzLB_q8HJhjWBlEJHFujEggfdz9zWlbkIMACWoZkebwzFuPEor7Xx_sTZh7y6tqlisfPFiYZM5G6MNtstXssVHFkHapmjs4Z_gFy6OPl0d95Movq2Hty6gcPLNT9HEAT-0qqkVpoZFbivWf-juzdUSus5YZEp-S2SMNgeb3Bb183IdNgmLvyC-WSwNVB-iY0YnOn10edkjAcQp4ge6r5lsUl3hIWCMHOv1tuH1zxAJrxb_scJOZ6qjAvgQrluNbhjD4jJAG0RkORDkb3x4ggHr6-jGWCglHVuMR_oEe5Dz6X6uAw2XON0cGYjgDKRgUs63iDhURZjQ6E2TS2kja2Der3x_pJpjGmcH5GHdj9yMVqWJpMz-IA9pNziEpcE_IWdwjmKXld5HDLY7yg0TD2l9iDf19X9GknfYO2mnAr1nkIxwjSbdNEtY3a2OdugQvy8sZwMA7QAJKU5MMO77e2FOpxJTx33NKG84Us2Q7NqeE4qO3uF7nY4K2RJ6Y8QxAEIXNZoptXNwuOcPC1ZcLlK36UrA0yrhIqb7MwgAlSrB5g63vjpOrKYKlRX5-ULpxU5jSRkBRnjYQSOO4lXBhj18fNcEmuWGBH8z8a7Pzs9mZ5YJVfjQ3glJxxJo8vwHgRrk7PVDE1qlvOHMpJEwDnnK8xaFS7KP2FJPPWnYAFDk8vH45J15PknMNGrQVpUXgIWnoLxhH6caiETJsOBJELb9Rni7aOjL073rO20m2hLcPbelPFJjji17tePGCcPgRNQBueIl4jml1gJgSwn11EW57f0w2jpQn084ZHNYbWbt9epE70HBBYAX9s_UAKrLbHMjmFAqtuwIDUwL2_NOo-xRgFA4XIiQTwhfZUWWXI5q49YoMbtLYqyyy5gvWl0ttNDIAEd11AA.T0QF0w-5zOcsotulIPBRpg',
  'if-none-match': 'W/"4c4c-rlgq1OsQbv/RLibuO2ylwavnL4s"'
}
[requireAccess] Detected JWT
[TenantPlugin] Pre-hook triggered for: findOne
[TenantPlugin] Options: {}
[32minfo[39m: OPTIONS /v1/submissions/activity-log/summary 204 - 0.128 ms
[requireAccess] Authenticated user: {
  roles: [],
  isOwner: true,
  isSuper: true,
  isSaby: true,
  isAgreed: false,
  createdBy: null,
  otp: null,
  otpExpires: null,
  otpVerified: true,
  phoneNumber: null,
  isPhoneVerified: false,
  isEmailVerified: true,
  avatar: 'https://halocrm.s3.us-east-1.amazonaws.com/user/avatar-09.webp',
  status: true,
  deletedAt: null,
  _id: 68e4cb96d180b0285d9a701d,
  firstname: 'Debby',
  lastname: 'Adebowale',
  email: 'saby@saby.ai',
  password: '$2a$08$o1.0/o0J3cDHswtnBPpdO.0KNYtXslW0gYv8ZcwaRkUdsupCw5dH.',
  userId: '0YXBcDcxPH',
  tenantId: 'hWiWJ_X0m6',
  createdAt: 2025-10-07T08:13:10.710Z,
  updatedAt: 2025-10-10T19:17:53.368Z,
  haloId: 'HL-00030',
  __v: 0
}
[requireAccess] Resolved access: user
[32minfo[39m: GET /v1/submissions/activity-log?limit=25&offset=0 304 - 493.383 ms
[32minfo[39m: GET /v1/submissions/activity-log/summary 304 - 1115.247 ms
[32minfo[39m: GET /v1/submissions/activity-log 304 - 1487.347 ms
[32minfo[39m: OPTIONS /v1/submissions/activity-log?limit=25&offset=0 204 - 1.424 ms
[32minfo[39m: OPTIONS /v1/submissions/activity-log 204 - 0.162 ms
[requireAccess] Checking access for endpoint: /v1/submissions/activity-log?limit=25&offset=0 {
  permissions: [],
  scope: undefined,
  environment: undefined,
  jwtOnly: false,
  apiOnly: false
}
[requireAccess] Incoming headers: {
  Authorization: 'Bearer eyJhbGciOiJIUzI1NiIsInR5cCI6IkpXVCJ9.eyJzdWIiOiI2OGU0Y2I5NmQxODBiMDI4NWQ5YTcwMWQiLCJpYXQiOjE3NjEyOTcxODcsImV4cCI6MTc2MTI5ODk4NywidHlwZSI6ImFjY2VzcyJ9.MjrmTfL78nJ2v1sZWIDZUF-KJZJ9ncMWqRdGec3jW14',
  'x-api-key': undefined,
  requiredPermissions: []
}
[requireAccess] Full request headers: {
  host: 'localhost:4000',
  connection: 'keep-alive',
  'sec-ch-ua-platform': '"macOS"',
  authorization: 'Bearer eyJhbGciOiJIUzI1NiIsInR5cCI6IkpXVCJ9.eyJzdWIiOiI2OGU0Y2I5NmQxODBiMDI4NWQ5YTcwMWQiLCJpYXQiOjE3NjEyOTcxODcsImV4cCI6MTc2MTI5ODk4NywidHlwZSI6ImFjY2VzcyJ9.MjrmTfL78nJ2v1sZWIDZUF-KJZJ9ncMWqRdGec3jW14',
  'user-agent': 'Mozilla/5.0 (Macintosh; Intel Mac OS X 10_15_7) AppleWebKit/537.36 (KHTML, like Gecko) Chrome/141.0.0.0 Safari/537.36',
  accept: 'application/json, text/plain, */*',
  'sec-ch-ua': '"Google Chrome";v="141", "Not?A_Brand";v="8", "Chromium";v="141"',
  'sec-ch-ua-mobile': '?0',
  origin: 'http://localhost:3000',
  'sec-fetch-site': 'same-site',
  'sec-fetch-mode': 'cors',
  'sec-fetch-dest': 'empty',
  referer: 'http://localhost:3000/',
  'accept-encoding': 'gzip, deflate, br, zstd',
  'accept-language': 'en-GB,en-US;q=0.9,en;q=0.8',
  cookie: 'next-auth.csrf-token=f11f82856e3c28ba73e12ddfd5693d1ca8079702a5ab7865957f369ab2877007%7C41b08bbac80a06aadc57cefc5b8d3db5da5c82dd32a953bddf59b7b0b375d97b; next-auth.callback-url=http%3A%2F%2Flocalhost%3A3000%2F; next-auth.session-token=eyJhbGciOiJkaXIiLCJlbmMiOiJBMjU2R0NNIn0..c3-TEdp2_EXOtIZk.D_FNUEQXjGNEPSuuwsPvoeBFLOZukjNPMnWuSz3MUTq32E-27NVP2ZkBNyJ8pBuHcXsKljcnUZiBV_Q2O2CHjwVtSv2Mgwl3BjL9brH_dRDIZlJknRwLhJuwEctXVZnFZxityrpSmMxLsAS5OP0Xt9fXDzdvS_0E0S-k3u9TKEFytl7_cF4cQiKqteQUbM7UVhc1_6_pUwGDdiaJl6dERnJKXKu22Pt62r9CPS6xptKi1anujw7ljVP7QK8m8OZJVcN4o0TxtmZCwt4lrXJRU6qTc-CDBss7APKmwbFY854dymsAi2orBdmUSMpn651UhB79z2hq_4hB2fjsGh0k80yinlfsY1AE1NlsPoMFC4bPD9K7BbqzayO5WswTPtr3UMPzPDK-sc7Mo9ldnoFx0eqBDStkIcREPyR7vph4_LVfvAg9nC6JjyLG4-GkkICsWD9ste7PhaCneXz_Z9PC_hc_F0Y8L0h6SzapJ99ClKgQPV1PHfJGS7xOg_L9fv5mGPLEsKId30rsNORIK1ENEdYMLV9Oza5x3kAYszuylHvO7sZQZaYzzFkYsRpa1RM4DVEH2IwBo_MDmBzM3arJ9TQhIpE36w5newyG0cEd_yEppxtyf4iZ3o5G-eQdfX66bxyupnD4UBMyvJd4pCovwfJFsBV43FYo9brnWSnTv6KdK2Gyj8dM-yarkQ0qEtADRKIATBTYAc9xwOvh-bCV1QoYpJZp6fHL3YkdfYd8GMzXCWFux73LPx3BdXzyp75QHnPCyviArHnLCZisD5rwNTj8oTTQiRK-qlfEa7zvDla_81Gu0cUZ-lMdpG098UiSTJXVpkxwb4JiRYfS84khZTOJ-EYh6-9rsNy64ztL0ci7mMmBwVwz2hCNwpG4IQkKOViAPoD-l6DQeJT6XaCwZADiCBYu21VSPtYb6UJFrKtU0mY-BRgcsQCwU9pfonslx5yQxr1Idpm59LL5uqAIVFZCT30cUzaVLq6GvS0gYSUmhqS7nTybJq88CmYr8OxUD38z7H5cROByRqJJSnHXSinNIi0kIlUkGCMQemvrNJnH_fcsTEBInIqBOb0eKc7Z0EDG0ILv7Il-lFni9EXVcAzYt45zH_yJZnrDoUxM6igEpmn4sSR2e1pPTql8YBRZQ-opbY2sPPSWkqNLlVj_Ivig9OWepBCXW74jK9k3vGYXxaGH_J-8lSrjdThyqA4IbvTH4cRV2mY4uuTuJ8uaYt-70nWkmkVRX09YYAQFcn76U5MlBbGS2Wn7TDLXfNj6UWeenbzT7CbGQSDICmqXRQceCCkpm6OM9HDy2LegN4PI1EUAdTXGUy8xv_tOBJrqd_gxvupYS15K5O5M82GcjgusELHuA4vW8ToRIxs2-wpwOEcSe6cnreTC1DIlV6wQiF82caZJwbtWVGTdOUxIXGj0gPBmf4D0H0BK6Ggn63GGaDm9CkDUf4K37avVYrxRIJZSSqsJljlDvab3afcddFXEcIOykDLJ2j5CHY87fc8e5HiAh5DS_H6UhxtlxsuszCjP0-9478qtjHamCgDzbUl0jLHK4IgDJCG296Sd32Qkti18-vj8-B0CTFU2iS00aEOGtdjv8rvKuRZk7msWFm-xaMlb2fVHOZCxpr2ybU-cAmYivRk8Hi1j9Ubxwg_WVwWxOadaVR55jDoNrguTKcKouCGfVmbqauoFtASN87dusY_6IqR3QPe8yGXXSN0d9QKuUy0_5uje_kUIk3QME07kuQlad4fyujJbbG_yJsvrtG6KYPVXwkp8TS8RLC6UirTmynEjWHjPzqmwleOqCZLTksujvVeMMXz-Y3WPYS15UUqkz_gQRneOi_XeRdx4TB0pe1ZLtfjeMqIJqtKyTQG_DieTarJ0JdF-qtGQb0xUvDWY0yndlXAh1An4mGyewfIs2hx1UJCuoOVwgOxpkyeVmGKWWIXMWF7fcmcGfbZEbeFuift59CLurcchgKxObjGX2mJxFghVSMR1TezmfXJExUlnKBNVeCgNHVL4Z9-qVcADyqC9wksD7dAx2IMWX4nvP8t8jxIHPo8gYIZz49d6GO6HyGE2XEXmU58hZtL5FD-hmYpPx784tzN2aJ19us9j3T6LZOPf9w.XHh1x3kNba9vyNZShxNz_Q',
  'if-none-match': 'W/"2573-QeSSG1f3BotlSVnyvAKVUfSJczs"'
}
[requireAccess] Detected JWT
[TenantPlugin] Pre-hook triggered for: findOne
[TenantPlugin] Options: {}
[32minfo[39m: OPTIONS /v1/submissions/activity-log/summary 204 - 0.226 ms
[requireAccess] Checking access for endpoint: /v1/submissions/activity-log {
  permissions: [],
  scope: undefined,
  environment: undefined,
  jwtOnly: false,
  apiOnly: false
}
[requireAccess] Incoming headers: {
  Authorization: 'Bearer eyJhbGciOiJIUzI1NiIsInR5cCI6IkpXVCJ9.eyJzdWIiOiI2OGU0Y2I5NmQxODBiMDI4NWQ5YTcwMWQiLCJpYXQiOjE3NjEyOTcxODcsImV4cCI6MTc2MTI5ODk4NywidHlwZSI6ImFjY2VzcyJ9.MjrmTfL78nJ2v1sZWIDZUF-KJZJ9ncMWqRdGec3jW14',
  'x-api-key': undefined,
  requiredPermissions: []
}
[requireAccess] Full request headers: {
  host: 'localhost:4000',
  connection: 'keep-alive',
  'sec-ch-ua-platform': '"macOS"',
  authorization: 'Bearer eyJhbGciOiJIUzI1NiIsInR5cCI6IkpXVCJ9.eyJzdWIiOiI2OGU0Y2I5NmQxODBiMDI4NWQ5YTcwMWQiLCJpYXQiOjE3NjEyOTcxODcsImV4cCI6MTc2MTI5ODk4NywidHlwZSI6ImFjY2VzcyJ9.MjrmTfL78nJ2v1sZWIDZUF-KJZJ9ncMWqRdGec3jW14',
  'user-agent': 'Mozilla/5.0 (Macintosh; Intel Mac OS X 10_15_7) AppleWebKit/537.36 (KHTML, like Gecko) Chrome/141.0.0.0 Safari/537.36',
  accept: 'application/json, text/plain, */*',
  'sec-ch-ua': '"Google Chrome";v="141", "Not?A_Brand";v="8", "Chromium";v="141"',
  'sec-ch-ua-mobile': '?0',
  origin: 'http://localhost:3000',
  'sec-fetch-site': 'same-site',
  'sec-fetch-mode': 'cors',
  'sec-fetch-dest': 'empty',
  referer: 'http://localhost:3000/',
  'accept-encoding': 'gzip, deflate, br, zstd',
  'accept-language': 'en-GB,en-US;q=0.9,en;q=0.8',
  cookie: 'next-auth.csrf-token=f11f82856e3c28ba73e12ddfd5693d1ca8079702a5ab7865957f369ab2877007%7C41b08bbac80a06aadc57cefc5b8d3db5da5c82dd32a953bddf59b7b0b375d97b; next-auth.callback-url=http%3A%2F%2Flocalhost%3A3000%2F; next-auth.session-token=eyJhbGciOiJkaXIiLCJlbmMiOiJBMjU2R0NNIn0..c3-TEdp2_EXOtIZk.D_FNUEQXjGNEPSuuwsPvoeBFLOZukjNPMnWuSz3MUTq32E-27NVP2ZkBNyJ8pBuHcXsKljcnUZiBV_Q2O2CHjwVtSv2Mgwl3BjL9brH_dRDIZlJknRwLhJuwEctXVZnFZxityrpSmMxLsAS5OP0Xt9fXDzdvS_0E0S-k3u9TKEFytl7_cF4cQiKqteQUbM7UVhc1_6_pUwGDdiaJl6dERnJKXKu22Pt62r9CPS6xptKi1anujw7ljVP7QK8m8OZJVcN4o0TxtmZCwt4lrXJRU6qTc-CDBss7APKmwbFY854dymsAi2orBdmUSMpn651UhB79z2hq_4hB2fjsGh0k80yinlfsY1AE1NlsPoMFC4bPD9K7BbqzayO5WswTPtr3UMPzPDK-sc7Mo9ldnoFx0eqBDStkIcREPyR7vph4_LVfvAg9nC6JjyLG4-GkkICsWD9ste7PhaCneXz_Z9PC_hc_F0Y8L0h6SzapJ99ClKgQPV1PHfJGS7xOg_L9fv5mGPLEsKId30rsNORIK1ENEdYMLV9Oza5x3kAYszuylHvO7sZQZaYzzFkYsRpa1RM4DVEH2IwBo_MDmBzM3arJ9TQhIpE36w5newyG0cEd_yEppxtyf4iZ3o5G-eQdfX66bxyupnD4UBMyvJd4pCovwfJFsBV43FYo9brnWSnTv6KdK2Gyj8dM-yarkQ0qEtADRKIATBTYAc9xwOvh-bCV1QoYpJZp6fHL3YkdfYd8GMzXCWFux73LPx3BdXzyp75QHnPCyviArHnLCZisD5rwNTj8oTTQiRK-qlfEa7zvDla_81Gu0cUZ-lMdpG098UiSTJXVpkxwb4JiRYfS84khZTOJ-EYh6-9rsNy64ztL0ci7mMmBwVwz2hCNwpG4IQkKOViAPoD-l6DQeJT6XaCwZADiCBYu21VSPtYb6UJFrKtU0mY-BRgcsQCwU9pfonslx5yQxr1Idpm59LL5uqAIVFZCT30cUzaVLq6GvS0gYSUmhqS7nTybJq88CmYr8OxUD38z7H5cROByRqJJSnHXSinNIi0kIlUkGCMQemvrNJnH_fcsTEBInIqBOb0eKc7Z0EDG0ILv7Il-lFni9EXVcAzYt45zH_yJZnrDoUxM6igEpmn4sSR2e1pPTql8YBRZQ-opbY2sPPSWkqNLlVj_Ivig9OWepBCXW74jK9k3vGYXxaGH_J-8lSrjdThyqA4IbvTH4cRV2mY4uuTuJ8uaYt-70nWkmkVRX09YYAQFcn76U5MlBbGS2Wn7TDLXfNj6UWeenbzT7CbGQSDICmqXRQceCCkpm6OM9HDy2LegN4PI1EUAdTXGUy8xv_tOBJrqd_gxvupYS15K5O5M82GcjgusELHuA4vW8ToRIxs2-wpwOEcSe6cnreTC1DIlV6wQiF82caZJwbtWVGTdOUxIXGj0gPBmf4D0H0BK6Ggn63GGaDm9CkDUf4K37avVYrxRIJZSSqsJljlDvab3afcddFXEcIOykDLJ2j5CHY87fc8e5HiAh5DS_H6UhxtlxsuszCjP0-9478qtjHamCgDzbUl0jLHK4IgDJCG296Sd32Qkti18-vj8-B0CTFU2iS00aEOGtdjv8rvKuRZk7msWFm-xaMlb2fVHOZCxpr2ybU-cAmYivRk8Hi1j9Ubxwg_WVwWxOadaVR55jDoNrguTKcKouCGfVmbqauoFtASN87dusY_6IqR3QPe8yGXXSN0d9QKuUy0_5uje_kUIk3QME07kuQlad4fyujJbbG_yJsvrtG6KYPVXwkp8TS8RLC6UirTmynEjWHjPzqmwleOqCZLTksujvVeMMXz-Y3WPYS15UUqkz_gQRneOi_XeRdx4TB0pe1ZLtfjeMqIJqtKyTQG_DieTarJ0JdF-qtGQb0xUvDWY0yndlXAh1An4mGyewfIs2hx1UJCuoOVwgOxpkyeVmGKWWIXMWF7fcmcGfbZEbeFuift59CLurcchgKxObjGX2mJxFghVSMR1TezmfXJExUlnKBNVeCgNHVL4Z9-qVcADyqC9wksD7dAx2IMWX4nvP8t8jxIHPo8gYIZz49d6GO6HyGE2XEXmU58hZtL5FD-hmYpPx784tzN2aJ19us9j3T6LZOPf9w.XHh1x3kNba9vyNZShxNz_Q',
  'if-none-match': 'W/"4c4c-rlgq1OsQbv/RLibuO2ylwavnL4s"'
}
[requireAccess] Detected JWT
[TenantPlugin] Pre-hook triggered for: findOne
[TenantPlugin] Options: {}
[requireAccess] Authenticated user: {
  roles: [],
  isOwner: true,
  isSuper: true,
  isSaby: true,
  isAgreed: false,
  createdBy: null,
  otp: null,
  otpExpires: null,
  otpVerified: true,
  phoneNumber: null,
  isPhoneVerified: false,
  isEmailVerified: true,
  avatar: 'https://halocrm.s3.us-east-1.amazonaws.com/user/avatar-09.webp',
  status: true,
  deletedAt: null,
  _id: 68e4cb96d180b0285d9a701d,
  firstname: 'Debby',
  lastname: 'Adebowale',
  email: 'saby@saby.ai',
  password: '$2a$08$o1.0/o0J3cDHswtnBPpdO.0KNYtXslW0gYv8ZcwaRkUdsupCw5dH.',
  userId: '0YXBcDcxPH',
  tenantId: 'hWiWJ_X0m6',
  createdAt: 2025-10-07T08:13:10.710Z,
  updatedAt: 2025-10-10T19:17:53.368Z,
  haloId: 'HL-00030',
  __v: 0
}
[requireAccess] Resolved access: user
[requireAccess] Authenticated user: {
  roles: [],
  isOwner: true,
  isSuper: true,
  isSaby: true,
  isAgreed: false,
  createdBy: null,
  otp: null,
  otpExpires: null,
  otpVerified: true,
  phoneNumber: null,
  isPhoneVerified: false,
  isEmailVerified: true,
  avatar: 'https://halocrm.s3.us-east-1.amazonaws.com/user/avatar-09.webp',
  status: true,
  deletedAt: null,
  _id: 68e4cb96d180b0285d9a701d,
  firstname: 'Debby',
  lastname: 'Adebowale',
  email: 'saby@saby.ai',
  password: '$2a$08$o1.0/o0J3cDHswtnBPpdO.0KNYtXslW0gYv8ZcwaRkUdsupCw5dH.',
  userId: '0YXBcDcxPH',
  tenantId: 'hWiWJ_X0m6',
  createdAt: 2025-10-07T08:13:10.710Z,
  updatedAt: 2025-10-10T19:17:53.368Z,
  haloId: 'HL-00030',
  __v: 0
}
[requireAccess] Resolved access: user
[32minfo[39m: GET /v1/submissions/activity-log/summary 304 - 2534.294 ms
[31merror[39m: Error: Connection terminated due to connection timeout
    at /Users/fadebowaley/saby/sabyBackend/node_modules/pg-pool/index.js:45:11
    at process.processTicksAndRejections (node:internal/process/task_queues:95:5)
    at async getActivityLogs (/Users/fadebowaley/saby/sabyBackend/src/services/submission.service.js:161:20)
    at async /Users/fadebowaley/saby/sabyBackend/src/controllers/unifiedSubmission.controller.js:220:30
[31merror[39m: GET /v1/submissions/activity-log?limit=25&offset=0 500 - 10037.460 ms - message: Connection terminated due to connection timeout
[32minfo[39m: GET /v1/submissions/activity-log - - - ms
🔌 Socket disconnected: RlHD3XJshIexnhdYAAAF
🔌 Socket disconnected: 244FtjIFf1qgZxAwAAAH
🔌 Socket connected: z4km8gbK_l7_lfGWAAAJ (User: 68e4cb96d180b0285d9a701d, Tenant: undefined)
🔌 Socket connected: UbB3Rr8TfVqaMOmfAAAL (User: 68e4cb96d180b0285d9a701d, Tenant: undefined)
[32minfo[39m: OPTIONS /v1/submissions/activity-log?limit=25&offset=0 204 - 0.769 ms
[32minfo[39m: OPTIONS /v1/submissions/activity-log 204 - 0.248 ms
[32minfo[39m: OPTIONS /v1/submissions/activity-log/summary 204 - 0.321 ms
[requireAccess] Checking access for endpoint: /v1/submissions/activity-log?limit=25&offset=0 {
  permissions: [],
  scope: undefined,
  environment: undefined,
  jwtOnly: false,
  apiOnly: false
}
[requireAccess] Incoming headers: {
  Authorization: 'Bearer eyJhbGciOiJIUzI1NiIsInR5cCI6IkpXVCJ9.eyJzdWIiOiI2OGU0Y2I5NmQxODBiMDI4NWQ5YTcwMWQiLCJpYXQiOjE3NjEyOTcxODcsImV4cCI6MTc2MTI5ODk4NywidHlwZSI6ImFjY2VzcyJ9.MjrmTfL78nJ2v1sZWIDZUF-KJZJ9ncMWqRdGec3jW14',
  'x-api-key': undefined,
  requiredPermissions: []
}
[requireAccess] Full request headers: {
  host: 'localhost:4000',
  connection: 'keep-alive',
  'sec-ch-ua-platform': '"macOS"',
  authorization: 'Bearer eyJhbGciOiJIUzI1NiIsInR5cCI6IkpXVCJ9.eyJzdWIiOiI2OGU0Y2I5NmQxODBiMDI4NWQ5YTcwMWQiLCJpYXQiOjE3NjEyOTcxODcsImV4cCI6MTc2MTI5ODk4NywidHlwZSI6ImFjY2VzcyJ9.MjrmTfL78nJ2v1sZWIDZUF-KJZJ9ncMWqRdGec3jW14',
  'user-agent': 'Mozilla/5.0 (Macintosh; Intel Mac OS X 10_15_7) AppleWebKit/537.36 (KHTML, like Gecko) Chrome/141.0.0.0 Safari/537.36',
  accept: 'application/json, text/plain, */*',
  'sec-ch-ua': '"Google Chrome";v="141", "Not?A_Brand";v="8", "Chromium";v="141"',
  'sec-ch-ua-mobile': '?0',
  origin: 'http://localhost:3000',
  'sec-fetch-site': 'same-site',
  'sec-fetch-mode': 'cors',
  'sec-fetch-dest': 'empty',
  referer: 'http://localhost:3000/',
  'accept-encoding': 'gzip, deflate, br, zstd',
  'accept-language': 'en-GB,en-US;q=0.9,en;q=0.8',
  cookie: 'next-auth.csrf-token=f11f82856e3c28ba73e12ddfd5693d1ca8079702a5ab7865957f369ab2877007%7C41b08bbac80a06aadc57cefc5b8d3db5da5c82dd32a953bddf59b7b0b375d97b; next-auth.callback-url=http%3A%2F%2Flocalhost%3A3000%2F; next-auth.session-token=eyJhbGciOiJkaXIiLCJlbmMiOiJBMjU2R0NNIn0..qE05ycmlBaSrLgqd.bQfymM_oPdvNaoJq_C8VL9un71N-RBaIx7-czpuK3qw8LlVLTMMBkl9fJxCieiVKkicJBnGnSMdVMXZPoXUGLHXAhrm9SouuQxiEZ7Wzr-CsVQrf7Dk3bcmYl_r9-AZwRW3QPOj_0wSC3q-8zOoG7S5uYb5ktX2_aXlbB-P65O_gi7bbAPrx-VgSgKfaub5cuEDtx_pzKfJ3NDFiMhFb82wOwT4NiD_BZaVQrPm-6DLC1Im0o6YkDhA7Rsx4gzVce6-fNisy2nNfP-S4YmacbgXI11lU43XB9z0_Sk9eCjelObc1ar76d5UZMC2q90fukJrrPeKL3dipZVKZVsMe-JcsdmncKp8uxnYeWYoN__XWIAnQpyhdaeF3ee6a2nvExUn2TTjnL5Flv-QtFzw4h_y_0wzJ-CIjtK7XrVPXTGdtITjidRUQhkoGmf8embS9N8sqNr2y7ZL22HBkOXuvZ247hnx4HBr4IFf-IClJVgMbnVp2XWbmlswlroBBf847lfvwAgERF14OFDAkrkDKupvXY1YCnj72RiUvSSrmT7cHCzAw9TpwrfIaWBGc4MaotDHDbpVFAww9Fhs5IZuU0g-CBxECLfP8mK9_cqequodSIEuNvZzZfW4w6AHbFTX2fRquLeNvsihuKHsvejy4aUuSDpQw755TP0uhLIeNtzWfCfNdz1-jWUfD9AbAA89o-C3g2vhXSXfprCt0wdc4yJo1VH1p2YNX5bNX9cArgppQnKThQ3kyAZXBBZlLSjButK2VMgeklo8W3Kr5LfaWSFHELyWxCidYWA_As6Uw8GRDXYvEhg4TR9FnOHIc5AjlV4C-WQAWnmkOvE-mSgTP9izYMLdcARYqpUVFN7RzfEc3N75nf3ORBGGc7HnQHHBXG2jLEl5nqXVmqVfws0PkN1aMcp8uBMAW4P1V4WwLp-zKdH88z5tPF7NwyBmbE65lfBIL0ZtnL9S7fOxymmHpaHZjiNnC_3YOJ7sczfqhfE6s0bOyVQUimnOes8jsO9Y82U0ldaoTs10ZkYNd03KsJ26IKXEsEk71E9IyYPLlITXDqD7l_-TLiirKnFYYyiFtUKOH2aSVj-ssyv1r1abRJp-bYeV0wuij2JpdtglbrGdwh90_eMJHsvmtbr8jMT1Mn21D7CgKUCsJlpTvgrh1N5W52DssLtlwOmtt_tKzW_OBcn13Q7pnK6qtVaY1F3ElbZRXaZGByS_TxzjXxcR5Yet6uDxIqNIkZ8L3-CCmjSyqcraubgC_5egwVQtxNPdR3S4b1h6UBc0A0Mw6MyifS9RUQFT4wuqH5KGRFlbRc3ZFD9Vfc3tmzdfVS1MqS6gqdXRl0zxb61xA9I2pWyMyUFS5FkJIxhsFHUMneCZts7eGvWWU2zgtX8MA3przfFA62zaU8SZCZfuhWyRLVfuRCLV7_1T9EKeuY9lai4mzRy0EaLtpA38hqLKlgSwx00vI1VjIE1gWUS3o19ZLBq3qcxMd2_ybeoZfmTZDvcz53r34RHMPuJRLQbaLVEsNnUYFTsbzFBaWI3Pf5m7hMQ24Yet5bew_hCCw65ioENRtzznIqcTXys4ZZ2AVer7frkRPWBnVFWhEBbofczpZtCgz6JnUL06PyZYPw7j5Qa2ddy4v0WPPMffi1DLA_AToo6fmIQwYWR3uZSZ8HCicvADoy5_SenRL1f-EuDAOfBBmMmV38oSdZRyoA0RjCkceFrp6b8bCgonVfmGFSb915-_nyj4CcCIwX_er40XElpjnJN0Q0HvCi2f4TpNgq_ssCosY_b6-cOZ9754cs1ebjjTg5FoAVpoX4rpwrj0NUtqWFIPyDxFv9LCFcGYZJbUelnnfIreKtM1xlSGyLXbmIjCnT0cPWS4OoM1ZLMz9Xk4y6X-t4BWB1YYfPgLXA2wm45zzPrl9y98WJIUgpDFxAOAv5N60XOrgzCzmHIYlIVcZ1-bAhKqmfRlOKnws-8jdicvn4Bj4tKDlEN_N12gi6v-juX1qfh4vaAVvvmt6nTNDccrsxEGxl2_zb_H6msOugHnG__Hz62hY98Ch--oNhrGJRTcn_lFCHe3fruE74hvcLcxhi1WgQeRSsZ-I25DgNSecb9KBwWiBhEWgsQ.l4ecAZC6ut9N_AuW6WN8Pg'
}
[requireAccess] Detected JWT
[TenantPlugin] Pre-hook triggered for: findOne
[TenantPlugin] Options: {}
[requireAccess] Checking access for endpoint: /v1/submissions/activity-log {
  permissions: [],
  scope: undefined,
  environment: undefined,
  jwtOnly: false,
  apiOnly: false
}
[requireAccess] Incoming headers: {
  Authorization: 'Bearer eyJhbGciOiJIUzI1NiIsInR5cCI6IkpXVCJ9.eyJzdWIiOiI2OGU0Y2I5NmQxODBiMDI4NWQ5YTcwMWQiLCJpYXQiOjE3NjEyOTcxODcsImV4cCI6MTc2MTI5ODk4NywidHlwZSI6ImFjY2VzcyJ9.MjrmTfL78nJ2v1sZWIDZUF-KJZJ9ncMWqRdGec3jW14',
  'x-api-key': undefined,
  requiredPermissions: []
}
[requireAccess] Full request headers: {
  host: 'localhost:4000',
  connection: 'keep-alive',
  'sec-ch-ua-platform': '"macOS"',
  authorization: 'Bearer eyJhbGciOiJIUzI1NiIsInR5cCI6IkpXVCJ9.eyJzdWIiOiI2OGU0Y2I5NmQxODBiMDI4NWQ5YTcwMWQiLCJpYXQiOjE3NjEyOTcxODcsImV4cCI6MTc2MTI5ODk4NywidHlwZSI6ImFjY2VzcyJ9.MjrmTfL78nJ2v1sZWIDZUF-KJZJ9ncMWqRdGec3jW14',
  'user-agent': 'Mozilla/5.0 (Macintosh; Intel Mac OS X 10_15_7) AppleWebKit/537.36 (KHTML, like Gecko) Chrome/141.0.0.0 Safari/537.36',
  accept: 'application/json, text/plain, */*',
  'sec-ch-ua': '"Google Chrome";v="141", "Not?A_Brand";v="8", "Chromium";v="141"',
  'sec-ch-ua-mobile': '?0',
  origin: 'http://localhost:3000',
  'sec-fetch-site': 'same-site',
  'sec-fetch-mode': 'cors',
  'sec-fetch-dest': 'empty',
  referer: 'http://localhost:3000/',
  'accept-encoding': 'gzip, deflate, br, zstd',
  'accept-language': 'en-GB,en-US;q=0.9,en;q=0.8',
  cookie: 'next-auth.csrf-token=f11f82856e3c28ba73e12ddfd5693d1ca8079702a5ab7865957f369ab2877007%7C41b08bbac80a06aadc57cefc5b8d3db5da5c82dd32a953bddf59b7b0b375d97b; next-auth.callback-url=http%3A%2F%2Flocalhost%3A3000%2F; next-auth.session-token=eyJhbGciOiJkaXIiLCJlbmMiOiJBMjU2R0NNIn0..qE05ycmlBaSrLgqd.bQfymM_oPdvNaoJq_C8VL9un71N-RBaIx7-czpuK3qw8LlVLTMMBkl9fJxCieiVKkicJBnGnSMdVMXZPoXUGLHXAhrm9SouuQxiEZ7Wzr-CsVQrf7Dk3bcmYl_r9-AZwRW3QPOj_0wSC3q-8zOoG7S5uYb5ktX2_aXlbB-P65O_gi7bbAPrx-VgSgKfaub5cuEDtx_pzKfJ3NDFiMhFb82wOwT4NiD_BZaVQrPm-6DLC1Im0o6YkDhA7Rsx4gzVce6-fNisy2nNfP-S4YmacbgXI11lU43XB9z0_Sk9eCjelObc1ar76d5UZMC2q90fukJrrPeKL3dipZVKZVsMe-JcsdmncKp8uxnYeWYoN__XWIAnQpyhdaeF3ee6a2nvExUn2TTjnL5Flv-QtFzw4h_y_0wzJ-CIjtK7XrVPXTGdtITjidRUQhkoGmf8embS9N8sqNr2y7ZL22HBkOXuvZ247hnx4HBr4IFf-IClJVgMbnVp2XWbmlswlroBBf847lfvwAgERF14OFDAkrkDKupvXY1YCnj72RiUvSSrmT7cHCzAw9TpwrfIaWBGc4MaotDHDbpVFAww9Fhs5IZuU0g-CBxECLfP8mK9_cqequodSIEuNvZzZfW4w6AHbFTX2fRquLeNvsihuKHsvejy4aUuSDpQw755TP0uhLIeNtzWfCfNdz1-jWUfD9AbAA89o-C3g2vhXSXfprCt0wdc4yJo1VH1p2YNX5bNX9cArgppQnKThQ3kyAZXBBZlLSjButK2VMgeklo8W3Kr5LfaWSFHELyWxCidYWA_As6Uw8GRDXYvEhg4TR9FnOHIc5AjlV4C-WQAWnmkOvE-mSgTP9izYMLdcARYqpUVFN7RzfEc3N75nf3ORBGGc7HnQHHBXG2jLEl5nqXVmqVfws0PkN1aMcp8uBMAW4P1V4WwLp-zKdH88z5tPF7NwyBmbE65lfBIL0ZtnL9S7fOxymmHpaHZjiNnC_3YOJ7sczfqhfE6s0bOyVQUimnOes8jsO9Y82U0ldaoTs10ZkYNd03KsJ26IKXEsEk71E9IyYPLlITXDqD7l_-TLiirKnFYYyiFtUKOH2aSVj-ssyv1r1abRJp-bYeV0wuij2JpdtglbrGdwh90_eMJHsvmtbr8jMT1Mn21D7CgKUCsJlpTvgrh1N5W52DssLtlwOmtt_tKzW_OBcn13Q7pnK6qtVaY1F3ElbZRXaZGByS_TxzjXxcR5Yet6uDxIqNIkZ8L3-CCmjSyqcraubgC_5egwVQtxNPdR3S4b1h6UBc0A0Mw6MyifS9RUQFT4wuqH5KGRFlbRc3ZFD9Vfc3tmzdfVS1MqS6gqdXRl0zxb61xA9I2pWyMyUFS5FkJIxhsFHUMneCZts7eGvWWU2zgtX8MA3przfFA62zaU8SZCZfuhWyRLVfuRCLV7_1T9EKeuY9lai4mzRy0EaLtpA38hqLKlgSwx00vI1VjIE1gWUS3o19ZLBq3qcxMd2_ybeoZfmTZDvcz53r34RHMPuJRLQbaLVEsNnUYFTsbzFBaWI3Pf5m7hMQ24Yet5bew_hCCw65ioENRtzznIqcTXys4ZZ2AVer7frkRPWBnVFWhEBbofczpZtCgz6JnUL06PyZYPw7j5Qa2ddy4v0WPPMffi1DLA_AToo6fmIQwYWR3uZSZ8HCicvADoy5_SenRL1f-EuDAOfBBmMmV38oSdZRyoA0RjCkceFrp6b8bCgonVfmGFSb915-_nyj4CcCIwX_er40XElpjnJN0Q0HvCi2f4TpNgq_ssCosY_b6-cOZ9754cs1ebjjTg5FoAVpoX4rpwrj0NUtqWFIPyDxFv9LCFcGYZJbUelnnfIreKtM1xlSGyLXbmIjCnT0cPWS4OoM1ZLMz9Xk4y6X-t4BWB1YYfPgLXA2wm45zzPrl9y98WJIUgpDFxAOAv5N60XOrgzCzmHIYlIVcZ1-bAhKqmfRlOKnws-8jdicvn4Bj4tKDlEN_N12gi6v-juX1qfh4vaAVvvmt6nTNDccrsxEGxl2_zb_H6msOugHnG__Hz62hY98Ch--oNhrGJRTcn_lFCHe3fruE74hvcLcxhi1WgQeRSsZ-I25DgNSecb9KBwWiBhEWgsQ.l4ecAZC6ut9N_AuW6WN8Pg',
  'if-none-match': 'W/"4c4c-rlgq1OsQbv/RLibuO2ylwavnL4s"'
}
[requireAccess] Detected JWT
[TenantPlugin] Pre-hook triggered for: findOne
[TenantPlugin] Options: {}
[requireAccess] Authenticated user: {
  roles: [],
  isOwner: true,
  isSuper: true,
  isSaby: true,
  isAgreed: false,
  createdBy: null,
  otp: null,
  otpExpires: null,
  otpVerified: true,
  phoneNumber: null,
  isPhoneVerified: false,
  isEmailVerified: true,
  avatar: 'https://halocrm.s3.us-east-1.amazonaws.com/user/avatar-09.webp',
  status: true,
  deletedAt: null,
  _id: 68e4cb96d180b0285d9a701d,
  firstname: 'Debby',
  lastname: 'Adebowale',
  email: 'saby@saby.ai',
  password: '$2a$08$o1.0/o0J3cDHswtnBPpdO.0KNYtXslW0gYv8ZcwaRkUdsupCw5dH.',
  userId: '0YXBcDcxPH',
  tenantId: 'hWiWJ_X0m6',
  createdAt: 2025-10-07T08:13:10.710Z,
  updatedAt: 2025-10-10T19:17:53.368Z,
  haloId: 'HL-00030',
  __v: 0
}
[requireAccess] Resolved access: user
[requireAccess] Authenticated user: {
  roles: [],
  isOwner: true,
  isSuper: true,
  isSaby: true,
  isAgreed: false,
  createdBy: null,
  otp: null,
  otpExpires: null,
  otpVerified: true,
  phoneNumber: null,
  isPhoneVerified: false,
  isEmailVerified: true,
  avatar: 'https://halocrm.s3.us-east-1.amazonaws.com/user/avatar-09.webp',
  status: true,
  deletedAt: null,
  _id: 68e4cb96d180b0285d9a701d,
  firstname: 'Debby',
  lastname: 'Adebowale',
  email: 'saby@saby.ai',
  password: '$2a$08$o1.0/o0J3cDHswtnBPpdO.0KNYtXslW0gYv8ZcwaRkUdsupCw5dH.',
  userId: '0YXBcDcxPH',
  tenantId: 'hWiWJ_X0m6',
  createdAt: 2025-10-07T08:13:10.710Z,
  updatedAt: 2025-10-10T19:17:53.368Z,
  haloId: 'HL-00030',
  __v: 0
}
[requireAccess] Resolved access: user
[31merror[39m: Error: Connection terminated due to connection timeout
    at /Users/fadebowaley/saby/sabyBackend/node_modules/pg-pool/index.js:45:11
    at process.processTicksAndRejections (node:internal/process/task_queues:95:5)
    at async getActivityLogSummary (/Users/fadebowaley/saby/sabyBackend/src/services/submission.service.js:189:20)
    at async /Users/fadebowaley/saby/sabyBackend/src/controllers/unifiedSubmission.controller.js:236:19
[31merror[39m: GET /v1/submissions/activity-log/summary 500 - 10011.372 ms - message: Connection terminated due to connection timeout
[31merror[39m: Error: Connection terminated due to connection timeout
    at /Users/fadebowaley/saby/sabyBackend/node_modules/pg-pool/index.js:45:11
    at process.processTicksAndRejections (node:internal/process/task_queues:95:5)
    at async getActivityLogs (/Users/fadebowaley/saby/sabyBackend/src/services/submission.service.js:161:20)
    at async /Users/fadebowaley/saby/sabyBackend/src/controllers/unifiedSubmission.controller.js:220:30
[31merror[39m: GET /v1/submissions/activity-log 500 - 10084.963 ms - message: Connection terminated due to connection timeout
[31merror[39m: Error: Connection terminated due to connection timeout
    at /Users/fadebowaley/saby/sabyBackend/node_modules/pg-pool/index.js:45:11
    at process.processTicksAndRejections (node:internal/process/task_queues:95:5)
    at async getActivityLogs (/Users/fadebowaley/saby/sabyBackend/src/services/submission.service.js:161:20)
    at async /Users/fadebowaley/saby/sabyBackend/src/controllers/unifiedSubmission.controller.js:220:30
[31merror[39m: GET /v1/submissions/activity-log?limit=25&offset=0 500 - 10101.165 ms - message: Connection terminated due to connection timeout
[32minfo[39m: OPTIONS /v1/submissions/activity-log?limit=25&offset=0 204 - 0.369 ms
[32minfo[39m: OPTIONS /v1/submissions/activity-log 204 - 0.180 ms
[32minfo[39m: OPTIONS /v1/submissions/activity-log/summary 204 - 0.180 ms
[requireAccess] Checking access for endpoint: /v1/submissions/activity-log?limit=25&offset=0 {
  permissions: [],
  scope: undefined,
  environment: undefined,
  jwtOnly: false,
  apiOnly: false
}
[requireAccess] Incoming headers: {
  Authorization: 'Bearer eyJhbGciOiJIUzI1NiIsInR5cCI6IkpXVCJ9.eyJzdWIiOiI2OGU0Y2I5NmQxODBiMDI4NWQ5YTcwMWQiLCJpYXQiOjE3NjEyOTcxODcsImV4cCI6MTc2MTI5ODk4NywidHlwZSI6ImFjY2VzcyJ9.MjrmTfL78nJ2v1sZWIDZUF-KJZJ9ncMWqRdGec3jW14',
  'x-api-key': undefined,
  requiredPermissions: []
}
[requireAccess] Full request headers: {
  host: 'localhost:4000',
  connection: 'keep-alive',
  'sec-ch-ua-platform': '"macOS"',
  authorization: 'Bearer eyJhbGciOiJIUzI1NiIsInR5cCI6IkpXVCJ9.eyJzdWIiOiI2OGU0Y2I5NmQxODBiMDI4NWQ5YTcwMWQiLCJpYXQiOjE3NjEyOTcxODcsImV4cCI6MTc2MTI5ODk4NywidHlwZSI6ImFjY2VzcyJ9.MjrmTfL78nJ2v1sZWIDZUF-KJZJ9ncMWqRdGec3jW14',
  'user-agent': 'Mozilla/5.0 (Macintosh; Intel Mac OS X 10_15_7) AppleWebKit/537.36 (KHTML, like Gecko) Chrome/141.0.0.0 Safari/537.36',
  accept: 'application/json, text/plain, */*',
  'sec-ch-ua': '"Google Chrome";v="141", "Not?A_Brand";v="8", "Chromium";v="141"',
  'sec-ch-ua-mobile': '?0',
  origin: 'http://localhost:3000',
  'sec-fetch-site': 'same-site',
  'sec-fetch-mode': 'cors',
  'sec-fetch-dest': 'empty',
  referer: 'http://localhost:3000/',
  'accept-encoding': 'gzip, deflate, br, zstd',
  'accept-language': 'en-GB,en-US;q=0.9,en;q=0.8',
  cookie: 'next-auth.csrf-token=f11f82856e3c28ba73e12ddfd5693d1ca8079702a5ab7865957f369ab2877007%7C41b08bbac80a06aadc57cefc5b8d3db5da5c82dd32a953bddf59b7b0b375d97b; next-auth.callback-url=http%3A%2F%2Flocalhost%3A3000%2F; next-auth.session-token=eyJhbGciOiJkaXIiLCJlbmMiOiJBMjU2R0NNIn0..5pD8OU2-vS6AlTUn.p9FQoDk2ZCkQkkW90T7RI_o-WdlgGJ6QsyE7nEeOj15K2VJp2ssLiok7c6AGnpTLoNq-XMpLHRKIkRjoNNWfn2ft4aTjQ7ihYr2GSUqEoI6LrgZx7fDoLFSOJp2RnDBGcJBd8F8wKZb_ENQs_drPP3SdQ7MnQUI3wEZ8WHH6U--JG0VpnmtIW9s4lA-BxTNwC2HrkZt3UNYoDiWBVhxhEWydB5xuwNUFSVdsaHBH1YsiB9tdrMJVQoPZz-J_yu5Jdlg_TozsxIhgATv9KZ1n0ayaVf3v-zoGw5roLLgcHB4Fu1OGOuJtSJSalMsTCkGAXhnyQ_-0imttkFytfyAfFlS7zg7TnhNVTnmqOJMKuD4MYbmzeC1T70idWu6h9l0Oj7yukmW5vpFDRn2H_sxC5Xwoywit1nmkOYrAi_XC9ndSIzwLSC8rNERrCp2sFGmgsHSw8nsB_fl_TSNRVW9iK30IbUBv-6208V6osLS0ZoDnqgHC62811hTxJVopo90BkKcaykCEsyb1S3aKtIx86WhONmWK3JEnLhPOS-67_Oxh-j-e_N2HDNMpvqkt1aZLIqkFxe5qV6vdoyXU24Xc0Bbq0WmLbXG59GBzShFbF5iZAXkQ-d1X-tUwQoE44BZLzOtD-xHJrGkQB9jNw-XLwoFBAWG53hMV9MRwJBYXo3lHxvaNKv91EBnhLeydCHE5G_gEz0fEbuuDKXuMsn9pnKvNWDEJjtNaab3EnRSUj2ELFmvVIPk_bZ_ccLZdOG1Vxzc4AVdyHnVvTRzl8Cnqsk6iWdfQ-7-kXUGwngY6kq4T9C29rGKYfTelz-rOZvffE8iA8nyX3EsuM69FLHkUDDSovecqSneQ86YHUhhjnCpLUVJy1Q9m9ZnL90hkq0HSzmg6EgJLS2TlDj74gSjTXsqhx-5j99rjlIcP5O6ifnHrusLDbp8zbQLGBoGndFG16qNZjs6NV1RxVMZm2g38qCi-djEGaidOFaB4NUZ9aP9ax9gbnaKN-EKeWH5cGjgmJREdxMlADFpM0NS1QmG1BZMfTBnYvyeWV0TBxloj-YlJsb_z5ggN8xUHH32ZP8dD5lrwtyGFHISiK_g8o9X6JNOAHH3rbeKuStFnnHAgDSPWWBgSxk7fOHLZJ23bKXXG5GXF-pmxqagqlmJMhnaGlqN05TPWTEAT7LgXZEzYbjPb_Sv48R9eSMTGUorr_YYvd_wViJ8GZ8ZtgQGawf4KZPasKwp3vJlA_yErEaRqydKtqlekX5IjjPB3OEbeErgooNiGhI2Jh39WjL5NXeCgHQ156gFzhrGO7JtGzmIH5KzRtqwKi2ixGGHxl1zuk43od2G4EkfyPwyLY3jL7oga1uoZV_gvys0xRSPtzTYJssntZvyoACASFXU2SjwhYleWL4cowzWs6Uif3cBRjb0O3JDSY5RFznOFnWApapupCNhWOi91RFnbngcheKdIxd7Ct7yi5a8pg76jG-cw-N-VpvIL63heAfKLwwDTgSXpt0Nl4e5An6pnW-LEKgnUF2-JGjxfuNiRj3x29reHi82_AFA0l-6U3lLWszFyflT04FUCfxxq1Q74ruCTv8i9r-wqcB-Cn_zg2fKFB7cN158T8NDcffck8J7sIBaiOiDacY6bPuFje_pcSVjVa5s3qt3N6s7rsLGgVsPfwlJrbQix-UfOC5o685GtsM50EESDqYGgow3nYrGcL4r2Hb-UIF3p2Xnh3eEOej7Ba4PbHqL8wSwpR2gl2LJG0bMYJ0g_5xSsiZhzil-_x7mIetMI0xGmx9hXwg18iKHg7SwigkZhgrjj_XaJUmKJGpbal15AkOAdXeMDRSfJQxI_70ULuwXU7iP8cDRr4PhEFRstJaJLJen8TCduW1id07BgHwdquFjAQ0n0kBwaKc3WIK9UH73PqbGmLEpJBP3MsU9KzupYnBAQmrDgMH5L5sP9HqXJeNPR2u6Nw-XID30uHO400N7iOXp5pAzI18BdVyGABooqUTFSjkJmKIvWBJUTQbJO03npF99ta1x67XtgoG3qGAM0DRSeNI4MGpfq0QY33cZKM-mJqjSPCNCNr3gJbmm-tjqfsSkihhv8jOiESzTD4jlnfZvkWezcXpWlcg.MA9bUPy6GvhoI_in5ipL2A'
}
[requireAccess] Detected JWT
[TenantPlugin] Pre-hook triggered for: findOne
[TenantPlugin] Options: {}
[requireAccess] Checking access for endpoint: /v1/submissions/activity-log {
  permissions: [],
  scope: undefined,
  environment: undefined,
  jwtOnly: false,
  apiOnly: false
}
[requireAccess] Incoming headers: {
  Authorization: 'Bearer eyJhbGciOiJIUzI1NiIsInR5cCI6IkpXVCJ9.eyJzdWIiOiI2OGU0Y2I5NmQxODBiMDI4NWQ5YTcwMWQiLCJpYXQiOjE3NjEyOTcxODcsImV4cCI6MTc2MTI5ODk4NywidHlwZSI6ImFjY2VzcyJ9.MjrmTfL78nJ2v1sZWIDZUF-KJZJ9ncMWqRdGec3jW14',
  'x-api-key': undefined,
  requiredPermissions: []
}
[requireAccess] Full request headers: {
  host: 'localhost:4000',
  connection: 'keep-alive',
  'sec-ch-ua-platform': '"macOS"',
  authorization: 'Bearer eyJhbGciOiJIUzI1NiIsInR5cCI6IkpXVCJ9.eyJzdWIiOiI2OGU0Y2I5NmQxODBiMDI4NWQ5YTcwMWQiLCJpYXQiOjE3NjEyOTcxODcsImV4cCI6MTc2MTI5ODk4NywidHlwZSI6ImFjY2VzcyJ9.MjrmTfL78nJ2v1sZWIDZUF-KJZJ9ncMWqRdGec3jW14',
  'user-agent': 'Mozilla/5.0 (Macintosh; Intel Mac OS X 10_15_7) AppleWebKit/537.36 (KHTML, like Gecko) Chrome/141.0.0.0 Safari/537.36',
  accept: 'application/json, text/plain, */*',
  'sec-ch-ua': '"Google Chrome";v="141", "Not?A_Brand";v="8", "Chromium";v="141"',
  'sec-ch-ua-mobile': '?0',
  origin: 'http://localhost:3000',
  'sec-fetch-site': 'same-site',
  'sec-fetch-mode': 'cors',
  'sec-fetch-dest': 'empty',
  referer: 'http://localhost:3000/',
  'accept-encoding': 'gzip, deflate, br, zstd',
  'accept-language': 'en-GB,en-US;q=0.9,en;q=0.8',
  cookie: 'next-auth.csrf-token=f11f82856e3c28ba73e12ddfd5693d1ca8079702a5ab7865957f369ab2877007%7C41b08bbac80a06aadc57cefc5b8d3db5da5c82dd32a953bddf59b7b0b375d97b; next-auth.callback-url=http%3A%2F%2Flocalhost%3A3000%2F; next-auth.session-token=eyJhbGciOiJkaXIiLCJlbmMiOiJBMjU2R0NNIn0..5pD8OU2-vS6AlTUn.p9FQoDk2ZCkQkkW90T7RI_o-WdlgGJ6QsyE7nEeOj15K2VJp2ssLiok7c6AGnpTLoNq-XMpLHRKIkRjoNNWfn2ft4aTjQ7ihYr2GSUqEoI6LrgZx7fDoLFSOJp2RnDBGcJBd8F8wKZb_ENQs_drPP3SdQ7MnQUI3wEZ8WHH6U--JG0VpnmtIW9s4lA-BxTNwC2HrkZt3UNYoDiWBVhxhEWydB5xuwNUFSVdsaHBH1YsiB9tdrMJVQoPZz-J_yu5Jdlg_TozsxIhgATv9KZ1n0ayaVf3v-zoGw5roLLgcHB4Fu1OGOuJtSJSalMsTCkGAXhnyQ_-0imttkFytfyAfFlS7zg7TnhNVTnmqOJMKuD4MYbmzeC1T70idWu6h9l0Oj7yukmW5vpFDRn2H_sxC5Xwoywit1nmkOYrAi_XC9ndSIzwLSC8rNERrCp2sFGmgsHSw8nsB_fl_TSNRVW9iK30IbUBv-6208V6osLS0ZoDnqgHC62811hTxJVopo90BkKcaykCEsyb1S3aKtIx86WhONmWK3JEnLhPOS-67_Oxh-j-e_N2HDNMpvqkt1aZLIqkFxe5qV6vdoyXU24Xc0Bbq0WmLbXG59GBzShFbF5iZAXkQ-d1X-tUwQoE44BZLzOtD-xHJrGkQB9jNw-XLwoFBAWG53hMV9MRwJBYXo3lHxvaNKv91EBnhLeydCHE5G_gEz0fEbuuDKXuMsn9pnKvNWDEJjtNaab3EnRSUj2ELFmvVIPk_bZ_ccLZdOG1Vxzc4AVdyHnVvTRzl8Cnqsk6iWdfQ-7-kXUGwngY6kq4T9C29rGKYfTelz-rOZvffE8iA8nyX3EsuM69FLHkUDDSovecqSneQ86YHUhhjnCpLUVJy1Q9m9ZnL90hkq0HSzmg6EgJLS2TlDj74gSjTXsqhx-5j99rjlIcP5O6ifnHrusLDbp8zbQLGBoGndFG16qNZjs6NV1RxVMZm2g38qCi-djEGaidOFaB4NUZ9aP9ax9gbnaKN-EKeWH5cGjgmJREdxMlADFpM0NS1QmG1BZMfTBnYvyeWV0TBxloj-YlJsb_z5ggN8xUHH32ZP8dD5lrwtyGFHISiK_g8o9X6JNOAHH3rbeKuStFnnHAgDSPWWBgSxk7fOHLZJ23bKXXG5GXF-pmxqagqlmJMhnaGlqN05TPWTEAT7LgXZEzYbjPb_Sv48R9eSMTGUorr_YYvd_wViJ8GZ8ZtgQGawf4KZPasKwp3vJlA_yErEaRqydKtqlekX5IjjPB3OEbeErgooNiGhI2Jh39WjL5NXeCgHQ156gFzhrGO7JtGzmIH5KzRtqwKi2ixGGHxl1zuk43od2G4EkfyPwyLY3jL7oga1uoZV_gvys0xRSPtzTYJssntZvyoACASFXU2SjwhYleWL4cowzWs6Uif3cBRjb0O3JDSY5RFznOFnWApapupCNhWOi91RFnbngcheKdIxd7Ct7yi5a8pg76jG-cw-N-VpvIL63heAfKLwwDTgSXpt0Nl4e5An6pnW-LEKgnUF2-JGjxfuNiRj3x29reHi82_AFA0l-6U3lLWszFyflT04FUCfxxq1Q74ruCTv8i9r-wqcB-Cn_zg2fKFB7cN158T8NDcffck8J7sIBaiOiDacY6bPuFje_pcSVjVa5s3qt3N6s7rsLGgVsPfwlJrbQix-UfOC5o685GtsM50EESDqYGgow3nYrGcL4r2Hb-UIF3p2Xnh3eEOej7Ba4PbHqL8wSwpR2gl2LJG0bMYJ0g_5xSsiZhzil-_x7mIetMI0xGmx9hXwg18iKHg7SwigkZhgrjj_XaJUmKJGpbal15AkOAdXeMDRSfJQxI_70ULuwXU7iP8cDRr4PhEFRstJaJLJen8TCduW1id07BgHwdquFjAQ0n0kBwaKc3WIK9UH73PqbGmLEpJBP3MsU9KzupYnBAQmrDgMH5L5sP9HqXJeNPR2u6Nw-XID30uHO400N7iOXp5pAzI18BdVyGABooqUTFSjkJmKIvWBJUTQbJO03npF99ta1x67XtgoG3qGAM0DRSeNI4MGpfq0QY33cZKM-mJqjSPCNCNr3gJbmm-tjqfsSkihhv8jOiESzTD4jlnfZvkWezcXpWlcg.MA9bUPy6GvhoI_in5ipL2A'
}
[requireAccess] Detected JWT
[TenantPlugin] Pre-hook triggered for: findOne
[TenantPlugin] Options: {}
[requireAccess] Authenticated user: {
  roles: [],
  isOwner: true,
  isSuper: true,
  isSaby: true,
  isAgreed: false,
  createdBy: null,
  otp: null,
  otpExpires: null,
  otpVerified: true,
  phoneNumber: null,
  isPhoneVerified: false,
  isEmailVerified: true,
  avatar: 'https://halocrm.s3.us-east-1.amazonaws.com/user/avatar-09.webp',
  status: true,
  deletedAt: null,
  _id: 68e4cb96d180b0285d9a701d,
  firstname: 'Debby',
  lastname: 'Adebowale',
  email: 'saby@saby.ai',
  password: '$2a$08$o1.0/o0J3cDHswtnBPpdO.0KNYtXslW0gYv8ZcwaRkUdsupCw5dH.',
  userId: '0YXBcDcxPH',
  tenantId: 'hWiWJ_X0m6',
  createdAt: 2025-10-07T08:13:10.710Z,
  updatedAt: 2025-10-10T19:17:53.368Z,
  haloId: 'HL-00030',
  __v: 0
}
[requireAccess] Resolved access: user
[requireAccess] Authenticated user: {
  roles: [],
  isOwner: true,
  isSuper: true,
  isSaby: true,
  isAgreed: false,
  createdBy: null,
  otp: null,
  otpExpires: null,
  otpVerified: true,
  phoneNumber: null,
  isPhoneVerified: false,
  isEmailVerified: true,
  avatar: 'https://halocrm.s3.us-east-1.amazonaws.com/user/avatar-09.webp',
  status: true,
  deletedAt: null,
  _id: 68e4cb96d180b0285d9a701d,
  firstname: 'Debby',
  lastname: 'Adebowale',
  email: 'saby@saby.ai',
  password: '$2a$08$o1.0/o0J3cDHswtnBPpdO.0KNYtXslW0gYv8ZcwaRkUdsupCw5dH.',
  userId: '0YXBcDcxPH',
  tenantId: 'hWiWJ_X0m6',
  createdAt: 2025-10-07T08:13:10.710Z,
  updatedAt: 2025-10-10T19:17:53.368Z,
  haloId: 'HL-00030',
  __v: 0
}
[requireAccess] Resolved access: user
[31merror[39m: Error: read ETIMEDOUT
    at /Users/fadebowaley/saby/sabyBackend/node_modules/pg-pool/index.js:45:11
    at process.processTicksAndRejections (node:internal/process/task_queues:95:5)
    at async getActivityLogs (/Users/fadebowaley/saby/sabyBackend/src/services/submission.service.js:165:31)
    at async /Users/fadebowaley/saby/sabyBackend/src/controllers/unifiedSubmission.controller.js:220:30
[31merror[39m: Error: Connection terminated due to connection timeout
    at /Users/fadebowaley/saby/sabyBackend/node_modules/pg-pool/index.js:45:11
    at process.processTicksAndRejections (node:internal/process/task_queues:95:5)
    at async getActivityLogSummary (/Users/fadebowaley/saby/sabyBackend/src/services/submission.service.js:189:20)
    at async /Users/fadebowaley/saby/sabyBackend/src/controllers/unifiedSubmission.controller.js:236:19
[31merror[39m: GET /v1/submissions/activity-log/summary 500 - 10003.283 ms - message: Connection terminated due to connection timeout
[31merror[39m: Error: Connection terminated due to connection timeout
    at /Users/fadebowaley/saby/sabyBackend/node_modules/pg-pool/index.js:45:11
    at process.processTicksAndRejections (node:internal/process/task_queues:95:5)
    at async getActivityLogs (/Users/fadebowaley/saby/sabyBackend/src/services/submission.service.js:161:20)
    at async /Users/fadebowaley/saby/sabyBackend/src/controllers/unifiedSubmission.controller.js:220:30
[31merror[39m: GET /v1/submissions/activity-log 500 - 10008.189 ms - message: Connection terminated due to connection timeout
[31merror[39m: Error: Connection terminated due to connection timeout
    at /Users/fadebowaley/saby/sabyBackend/node_modules/pg-pool/index.js:45:11
    at process.processTicksAndRejections (node:internal/process/task_queues:95:5)
    at async getActivityLogs (/Users/fadebowaley/saby/sabyBackend/src/services/submission.service.js:161:20)
    at async /Users/fadebowaley/saby/sabyBackend/src/controllers/unifiedSubmission.controller.js:220:30
[31merror[39m: GET /v1/submissions/activity-log?limit=25&offset=0 500 - 10014.151 ms - message: Connection terminated due to connection timeout
[32minfo[39m: OPTIONS /v1/submissions/activity-log?limit=25&offset=0 204 - 0.716 ms
[32minfo[39m: OPTIONS /v1/submissions/activity-log 204 - 0.257 ms
[32minfo[39m: OPTIONS /v1/submissions/activity-log/summary 204 - 0.183 ms
[requireAccess] Checking access for endpoint: /v1/submissions/activity-log?limit=25&offset=0 {
  permissions: [],
  scope: undefined,
  environment: undefined,
  jwtOnly: false,
  apiOnly: false
}
[requireAccess] Incoming headers: {
  Authorization: 'Bearer eyJhbGciOiJIUzI1NiIsInR5cCI6IkpXVCJ9.eyJzdWIiOiI2OGU0Y2I5NmQxODBiMDI4NWQ5YTcwMWQiLCJpYXQiOjE3NjEyOTcxODcsImV4cCI6MTc2MTI5ODk4NywidHlwZSI6ImFjY2VzcyJ9.MjrmTfL78nJ2v1sZWIDZUF-KJZJ9ncMWqRdGec3jW14',
  'x-api-key': undefined,
  requiredPermissions: []
}
[requireAccess] Full request headers: {
  host: 'localhost:4000',
  connection: 'keep-alive',
  'sec-ch-ua-platform': '"macOS"',
  authorization: 'Bearer eyJhbGciOiJIUzI1NiIsInR5cCI6IkpXVCJ9.eyJzdWIiOiI2OGU0Y2I5NmQxODBiMDI4NWQ5YTcwMWQiLCJpYXQiOjE3NjEyOTcxODcsImV4cCI6MTc2MTI5ODk4NywidHlwZSI6ImFjY2VzcyJ9.MjrmTfL78nJ2v1sZWIDZUF-KJZJ9ncMWqRdGec3jW14',
  'user-agent': 'Mozilla/5.0 (Macintosh; Intel Mac OS X 10_15_7) AppleWebKit/537.36 (KHTML, like Gecko) Chrome/141.0.0.0 Safari/537.36',
  accept: 'application/json, text/plain, */*',
  'sec-ch-ua': '"Google Chrome";v="141", "Not?A_Brand";v="8", "Chromium";v="141"',
  'sec-ch-ua-mobile': '?0',
  origin: 'http://localhost:3000',
  'sec-fetch-site': 'same-site',
  'sec-fetch-mode': 'cors',
  'sec-fetch-dest': 'empty',
  referer: 'http://localhost:3000/',
  'accept-encoding': 'gzip, deflate, br, zstd',
  'accept-language': 'en-GB,en-US;q=0.9,en;q=0.8',
  cookie: 'next-auth.csrf-token=f11f82856e3c28ba73e12ddfd5693d1ca8079702a5ab7865957f369ab2877007%7C41b08bbac80a06aadc57cefc5b8d3db5da5c82dd32a953bddf59b7b0b375d97b; next-auth.callback-url=http%3A%2F%2Flocalhost%3A3000%2F; next-auth.session-token=eyJhbGciOiJkaXIiLCJlbmMiOiJBMjU2R0NNIn0..AuuoXSwLTC9DvRZF.IScEDFH-RT3_CH0O6HOSGTiLMzaXsvS0vT80rgzXb-M6WblAOCs3HUiup1XLfCAf3wfAEF8kPGnieCZWoOBkoxZ20ILTq3TJtUB9XeCky13Ozz7fUSPdLcziOD2dg3NtP1WYrWUxYC-s92Rh_KQPesfOqkcHsbahGp7i-7i_dYoWaokFBV9RUxZVE3zw362hCpnlPB4gnknEsQfaadNlr06gjrigfpWmNCZ5G9e7DDgxwllAlBlVhZpM620kpgT5KOyIhpdnFzKxDTRZ2KWQ49I6KgaKWI1J-vPhY13vzPsZYFoeKqApX4w52I4eoUZi2hdHKvSbv6sVC3uX8bjbGfm-ahUAuL3tfdLZ8ZEn6D4rmmwuftHsW_FLbjLsNa5RZEr-62cU_LiFKyVPUNzRcLHckgOMJjzOdsSLuAg_1TpOw_oxWF29ApgeTascp_b7mpcoLldEYsBTJwYllg35e7S6KZkddaPku78Qo6cwJglluOXIySlbh5AftaaDuufZO1JqMPH5JZZ28HmKzFekQ_cyzRzHqKdTjDKaHHADYXqC4qLR5CCoo28acCzUIdWfXmBJARD-oqkKp8uunfiKmP_EYjWvnMBk-LVt0Ma3M0Qbz9kxWGarmzMrd-IDo8TvKdy7GR1qGzwjKa-sK8pDViHnFwCCdrAaYKsCpXdyEKUd35xlcBAMNbfrzQ0LSHac67c-QsiGOXiC_jiPaDH8163KQlBYc_BCSNkJjzx1nvyF7nkzt7R8biSWZoRH2mU7IPA9TJqwYta2hpfZEQoGKUemb5PUEy7jGDJLfdzdbC6IqVzNLvOse1fh93xvZal5A9lDPsLEN_8w2oe2QEwZGAzseggwEj7GWlWIxQd0potIKzo9Na5cY4PgBYFircPPtKZs6srOv2LEWLau7YOF9oOa0Pdi4796tbJDjL-NXinXwjq36DL6L0ByBsdBg79SOLMuPxtqTZ8O1nkenAmcl33wMNOT1rAGTVkY221EUieAcQ5XoxLGr8IX7c7R6hwzNyNpwUgcceOqs6ty0Ui3tXuzpDDx-xige0pXwzt87alNw-_WiBkrrNv2WQjtRkyjMqCUtfWoDFh2R0nrPJ1949SLwKeDp8U-r7p6IGf1bBom5e5s-eV2RU61O5wfZ87R7RbZWtT87w6exdYopREnBlAKnIRLNT8NAznGnK8XiXrvkip8Da5idM78gvsFpsyCxEJeSN3aEEYkW5pwuJ33xErDU4HuJyIHNcnSmzRZ3Ll4SLqzr1TyVAnmWBWaJvvlZxaLw7cl88U49N4QqItl_6uRmDT2k8iWuPk95jDLzTiqSM2AqRPmGU2tfIuKiUgNQe5-7LdTPQlU7S_p8j4X82ynkpZLX7AzcbbkoM-BGJRKWRspU8vND2Nk3rLJeHaPwQlFwXQZbnCryRFmhw9DbjQHq9ym7_5-YMzrN3d1gcwC3vbXpdd0wxVyrBUJxvwdlTD-GZGyTUegPVEMxq2wPpMATVyjLsiyrKOAmcT4BAP6VAEAfXDSGEglPns5qRfS8XpbbByiibJO_ZXnrWVMoaAtvjnrTf2vqxF3xWAPiqML4e7dvNJo4SmHpGwj38KNIpmkcinxHVZ1__jEzrh2xK3wKbcKoSQ6dzWx877wdMfMEUPU1rvBBj4eUWrjtTk8SONrvNsrvCoQFx4YTe-Gz8Clkdu5M5yi435D-UtVBHQ3ISrb-mZopLAgw-iMxyRvBRFqekUerM9qmaZJ38xiiiZwa7D6y2GVOYGTeYPY817rYmj-eyRDBSEp7PHLHj649N9kU0IzgjsMQZWNUT3GZ95E3Ldcxd1nqsWLuNFpnAzuYU2CwjcyWH8B5Ai05phNRwGyvLRWL2WWcy1_b17yOzGCBIX-OocEkwNF8DHt2V7W0M11kFk0FnJx5w-b1Z2FQNpdsJGwAepx3BChbR3GtJ-Z84x24MX7RIQYdMR1WFPGE_2DkCleLQb_Ro-GtS5smKXeuF0eFRXeLuJZdydMQpWqNidX-TA_XRakPeWQCWASjhMX569V-rAWaEB5vmKv446cJVSHocMbIhOUbfRV2Wy2Q551CUPN6KBmeS_eCr_BhloyVOr86-_pQoy1C_AepWxIeXsw4gRRdg.RPn41eruXYW_UprAs75AVQ'
}
[requireAccess] Detected JWT
[TenantPlugin] Pre-hook triggered for: findOne
[TenantPlugin] Options: {}
[requireAccess] Checking access for endpoint: /v1/submissions/activity-log {
  permissions: [],
  scope: undefined,
  environment: undefined,
  jwtOnly: false,
  apiOnly: false
}
[requireAccess] Incoming headers: {
  Authorization: 'Bearer eyJhbGciOiJIUzI1NiIsInR5cCI6IkpXVCJ9.eyJzdWIiOiI2OGU0Y2I5NmQxODBiMDI4NWQ5YTcwMWQiLCJpYXQiOjE3NjEyOTcxODcsImV4cCI6MTc2MTI5ODk4NywidHlwZSI6ImFjY2VzcyJ9.MjrmTfL78nJ2v1sZWIDZUF-KJZJ9ncMWqRdGec3jW14',
  'x-api-key': undefined,
  requiredPermissions: []
}
[requireAccess] Full request headers: {
  host: 'localhost:4000',
  connection: 'keep-alive',
  'sec-ch-ua-platform': '"macOS"',
  authorization: 'Bearer eyJhbGciOiJIUzI1NiIsInR5cCI6IkpXVCJ9.eyJzdWIiOiI2OGU0Y2I5NmQxODBiMDI4NWQ5YTcwMWQiLCJpYXQiOjE3NjEyOTcxODcsImV4cCI6MTc2MTI5ODk4NywidHlwZSI6ImFjY2VzcyJ9.MjrmTfL78nJ2v1sZWIDZUF-KJZJ9ncMWqRdGec3jW14',
  'user-agent': 'Mozilla/5.0 (Macintosh; Intel Mac OS X 10_15_7) AppleWebKit/537.36 (KHTML, like Gecko) Chrome/141.0.0.0 Safari/537.36',
  accept: 'application/json, text/plain, */*',
  'sec-ch-ua': '"Google Chrome";v="141", "Not?A_Brand";v="8", "Chromium";v="141"',
  'sec-ch-ua-mobile': '?0',
  origin: 'http://localhost:3000',
  'sec-fetch-site': 'same-site',
  'sec-fetch-mode': 'cors',
  'sec-fetch-dest': 'empty',
  referer: 'http://localhost:3000/',
  'accept-encoding': 'gzip, deflate, br, zstd',
  'accept-language': 'en-GB,en-US;q=0.9,en;q=0.8',
  cookie: 'next-auth.csrf-token=f11f82856e3c28ba73e12ddfd5693d1ca8079702a5ab7865957f369ab2877007%7C41b08bbac80a06aadc57cefc5b8d3db5da5c82dd32a953bddf59b7b0b375d97b; next-auth.callback-url=http%3A%2F%2Flocalhost%3A3000%2F; next-auth.session-token=eyJhbGciOiJkaXIiLCJlbmMiOiJBMjU2R0NNIn0..AuuoXSwLTC9DvRZF.IScEDFH-RT3_CH0O6HOSGTiLMzaXsvS0vT80rgzXb-M6WblAOCs3HUiup1XLfCAf3wfAEF8kPGnieCZWoOBkoxZ20ILTq3TJtUB9XeCky13Ozz7fUSPdLcziOD2dg3NtP1WYrWUxYC-s92Rh_KQPesfOqkcHsbahGp7i-7i_dYoWaokFBV9RUxZVE3zw362hCpnlPB4gnknEsQfaadNlr06gjrigfpWmNCZ5G9e7DDgxwllAlBlVhZpM620kpgT5KOyIhpdnFzKxDTRZ2KWQ49I6KgaKWI1J-vPhY13vzPsZYFoeKqApX4w52I4eoUZi2hdHKvSbv6sVC3uX8bjbGfm-ahUAuL3tfdLZ8ZEn6D4rmmwuftHsW_FLbjLsNa5RZEr-62cU_LiFKyVPUNzRcLHckgOMJjzOdsSLuAg_1TpOw_oxWF29ApgeTascp_b7mpcoLldEYsBTJwYllg35e7S6KZkddaPku78Qo6cwJglluOXIySlbh5AftaaDuufZO1JqMPH5JZZ28HmKzFekQ_cyzRzHqKdTjDKaHHADYXqC4qLR5CCoo28acCzUIdWfXmBJARD-oqkKp8uunfiKmP_EYjWvnMBk-LVt0Ma3M0Qbz9kxWGarmzMrd-IDo8TvKdy7GR1qGzwjKa-sK8pDViHnFwCCdrAaYKsCpXdyEKUd35xlcBAMNbfrzQ0LSHac67c-QsiGOXiC_jiPaDH8163KQlBYc_BCSNkJjzx1nvyF7nkzt7R8biSWZoRH2mU7IPA9TJqwYta2hpfZEQoGKUemb5PUEy7jGDJLfdzdbC6IqVzNLvOse1fh93xvZal5A9lDPsLEN_8w2oe2QEwZGAzseggwEj7GWlWIxQd0potIKzo9Na5cY4PgBYFircPPtKZs6srOv2LEWLau7YOF9oOa0Pdi4796tbJDjL-NXinXwjq36DL6L0ByBsdBg79SOLMuPxtqTZ8O1nkenAmcl33wMNOT1rAGTVkY221EUieAcQ5XoxLGr8IX7c7R6hwzNyNpwUgcceOqs6ty0Ui3tXuzpDDx-xige0pXwzt87alNw-_WiBkrrNv2WQjtRkyjMqCUtfWoDFh2R0nrPJ1949SLwKeDp8U-r7p6IGf1bBom5e5s-eV2RU61O5wfZ87R7RbZWtT87w6exdYopREnBlAKnIRLNT8NAznGnK8XiXrvkip8Da5idM78gvsFpsyCxEJeSN3aEEYkW5pwuJ33xErDU4HuJyIHNcnSmzRZ3Ll4SLqzr1TyVAnmWBWaJvvlZxaLw7cl88U49N4QqItl_6uRmDT2k8iWuPk95jDLzTiqSM2AqRPmGU2tfIuKiUgNQe5-7LdTPQlU7S_p8j4X82ynkpZLX7AzcbbkoM-BGJRKWRspU8vND2Nk3rLJeHaPwQlFwXQZbnCryRFmhw9DbjQHq9ym7_5-YMzrN3d1gcwC3vbXpdd0wxVyrBUJxvwdlTD-GZGyTUegPVEMxq2wPpMATVyjLsiyrKOAmcT4BAP6VAEAfXDSGEglPns5qRfS8XpbbByiibJO_ZXnrWVMoaAtvjnrTf2vqxF3xWAPiqML4e7dvNJo4SmHpGwj38KNIpmkcinxHVZ1__jEzrh2xK3wKbcKoSQ6dzWx877wdMfMEUPU1rvBBj4eUWrjtTk8SONrvNsrvCoQFx4YTe-Gz8Clkdu5M5yi435D-UtVBHQ3ISrb-mZopLAgw-iMxyRvBRFqekUerM9qmaZJ38xiiiZwa7D6y2GVOYGTeYPY817rYmj-eyRDBSEp7PHLHj649N9kU0IzgjsMQZWNUT3GZ95E3Ldcxd1nqsWLuNFpnAzuYU2CwjcyWH8B5Ai05phNRwGyvLRWL2WWcy1_b17yOzGCBIX-OocEkwNF8DHt2V7W0M11kFk0FnJx5w-b1Z2FQNpdsJGwAepx3BChbR3GtJ-Z84x24MX7RIQYdMR1WFPGE_2DkCleLQb_Ro-GtS5smKXeuF0eFRXeLuJZdydMQpWqNidX-TA_XRakPeWQCWASjhMX569V-rAWaEB5vmKv446cJVSHocMbIhOUbfRV2Wy2Q551CUPN6KBmeS_eCr_BhloyVOr86-_pQoy1C_AepWxIeXsw4gRRdg.RPn41eruXYW_UprAs75AVQ'
}
[requireAccess] Detected JWT
[TenantPlugin] Pre-hook triggered for: findOne
[TenantPlugin] Options: {}
[requireAccess] Authenticated user: {
  roles: [],
  isOwner: true,
  isSuper: true,
  isSaby: true,
  isAgreed: false,
  createdBy: null,
  otp: null,
  otpExpires: null,
  otpVerified: true,
  phoneNumber: null,
  isPhoneVerified: false,
  isEmailVerified: true,
  avatar: 'https://halocrm.s3.us-east-1.amazonaws.com/user/avatar-09.webp',
  status: true,
  deletedAt: null,
  _id: 68e4cb96d180b0285d9a701d,
  firstname: 'Debby',
  lastname: 'Adebowale',
  email: 'saby@saby.ai',
  password: '$2a$08$o1.0/o0J3cDHswtnBPpdO.0KNYtXslW0gYv8ZcwaRkUdsupCw5dH.',
  userId: '0YXBcDcxPH',
  tenantId: 'hWiWJ_X0m6',
  createdAt: 2025-10-07T08:13:10.710Z,
  updatedAt: 2025-10-10T19:17:53.368Z,
  haloId: 'HL-00030',
  __v: 0
}
[requireAccess] Resolved access: user
[requireAccess] Authenticated user: {
  roles: [],
  isOwner: true,
  isSuper: true,
  isSaby: true,
  isAgreed: false,
  createdBy: null,
  otp: null,
  otpExpires: null,
  otpVerified: true,
  phoneNumber: null,
  isPhoneVerified: false,
  isEmailVerified: true,
  avatar: 'https://halocrm.s3.us-east-1.amazonaws.com/user/avatar-09.webp',
  status: true,
  deletedAt: null,
  _id: 68e4cb96d180b0285d9a701d,
  firstname: 'Debby',
  lastname: 'Adebowale',
  email: 'saby@saby.ai',
  password: '$2a$08$o1.0/o0J3cDHswtnBPpdO.0KNYtXslW0gYv8ZcwaRkUdsupCw5dH.',
  userId: '0YXBcDcxPH',
  tenantId: 'hWiWJ_X0m6',
  createdAt: 2025-10-07T08:13:10.710Z,
  updatedAt: 2025-10-10T19:17:53.368Z,
  haloId: 'HL-00030',
  __v: 0
}
[requireAccess] Resolved access: user
[31merror[39m: Error: Connection terminated due to connection timeout
    at /Users/fadebowaley/saby/sabyBackend/node_modules/pg-pool/index.js:45:11
    at process.processTicksAndRejections (node:internal/process/task_queues:95:5)
    at async getActivityLogSummary (/Users/fadebowaley/saby/sabyBackend/src/services/submission.service.js:189:20)
    at async /Users/fadebowaley/saby/sabyBackend/src/controllers/unifiedSubmission.controller.js:236:19
[31merror[39m: GET /v1/submissions/activity-log/summary 500 - 10005.929 ms - message: Connection terminated due to connection timeout
[31merror[39m: Error: Connection terminated due to connection timeout
    at /Users/fadebowaley/saby/sabyBackend/node_modules/pg-pool/index.js:45:11
    at process.processTicksAndRejections (node:internal/process/task_queues:95:5)
    at async getActivityLogs (/Users/fadebowaley/saby/sabyBackend/src/services/submission.service.js:161:20)
    at async /Users/fadebowaley/saby/sabyBackend/src/controllers/unifiedSubmission.controller.js:220:30
[31merror[39m: GET /v1/submissions/activity-log?limit=25&offset=0 500 - 10018.953 ms - message: Connection terminated due to connection timeout
[31merror[39m: Error: Connection terminated due to connection timeout
    at /Users/fadebowaley/saby/sabyBackend/node_modules/pg-pool/index.js:45:11
    at process.processTicksAndRejections (node:internal/process/task_queues:95:5)
    at async getActivityLogs (/Users/fadebowaley/saby/sabyBackend/src/services/submission.service.js:161:20)
    at async /Users/fadebowaley/saby/sabyBackend/src/controllers/unifiedSubmission.controller.js:220:30
[31merror[39m: GET /v1/submissions/activity-log 500 - 10013.382 ms - message: Connection terminated due to connection timeout
[32minfo[39m: OPTIONS /v1/submissions/activity-log?limit=25&offset=0 204 - 1.370 ms
[32minfo[39m: OPTIONS /v1/submissions/activity-log 204 - 0.155 ms
[requireAccess] Checking access for endpoint: /v1/submissions/activity-log?limit=25&offset=0 {
  permissions: [],
  scope: undefined,
  environment: undefined,
  jwtOnly: false,
  apiOnly: false
}
[requireAccess] Incoming headers: {
  Authorization: 'Bearer eyJhbGciOiJIUzI1NiIsInR5cCI6IkpXVCJ9.eyJzdWIiOiI2OGU0Y2I5NmQxODBiMDI4NWQ5YTcwMWQiLCJpYXQiOjE3NjEyOTcxODcsImV4cCI6MTc2MTI5ODk4NywidHlwZSI6ImFjY2VzcyJ9.MjrmTfL78nJ2v1sZWIDZUF-KJZJ9ncMWqRdGec3jW14',
  'x-api-key': undefined,
  requiredPermissions: []
}
[requireAccess] Full request headers: {
  host: 'localhost:4000',
  connection: 'keep-alive',
  'sec-ch-ua-platform': '"macOS"',
  authorization: 'Bearer eyJhbGciOiJIUzI1NiIsInR5cCI6IkpXVCJ9.eyJzdWIiOiI2OGU0Y2I5NmQxODBiMDI4NWQ5YTcwMWQiLCJpYXQiOjE3NjEyOTcxODcsImV4cCI6MTc2MTI5ODk4NywidHlwZSI6ImFjY2VzcyJ9.MjrmTfL78nJ2v1sZWIDZUF-KJZJ9ncMWqRdGec3jW14',
  'user-agent': 'Mozilla/5.0 (Macintosh; Intel Mac OS X 10_15_7) AppleWebKit/537.36 (KHTML, like Gecko) Chrome/141.0.0.0 Safari/537.36',
  accept: 'application/json, text/plain, */*',
  'sec-ch-ua': '"Google Chrome";v="141", "Not?A_Brand";v="8", "Chromium";v="141"',
  'sec-ch-ua-mobile': '?0',
  origin: 'http://localhost:3000',
  'sec-fetch-site': 'same-site',
  'sec-fetch-mode': 'cors',
  'sec-fetch-dest': 'empty',
  referer: 'http://localhost:3000/',
  'accept-encoding': 'gzip, deflate, br, zstd',
  'accept-language': 'en-GB,en-US;q=0.9,en;q=0.8',
  cookie: 'next-auth.csrf-token=f11f82856e3c28ba73e12ddfd5693d1ca8079702a5ab7865957f369ab2877007%7C41b08bbac80a06aadc57cefc5b8d3db5da5c82dd32a953bddf59b7b0b375d97b; next-auth.callback-url=http%3A%2F%2Flocalhost%3A3000%2F; next-auth.session-token=eyJhbGciOiJkaXIiLCJlbmMiOiJBMjU2R0NNIn0..fKxe1JsvPoS6OQcA.XslNXFfmT81zNy5NnzUagqTAsrREZsjUA0UpSPAV2oW9pzElN3iykN045mYgMFQnQVJ_yBQZ8gfmGFd3aSRZF-PHJ6UR2x15Xg0UwRiDt7qmdi2yxCvZgmcjz2mx-o4kzIom4DOmw4pZa6j0MqwSeDv2s-EXj1d4afpT85ilFAevcSEyv_Dpcy1K3K5NpIqDps05wcdQtUp3L__ezdSUfKYcQxG44WJrt75LndthMAOOeypVvGrBVO-r-HUQi7BJKVdfH_ynMsgx7ovsZdoYvrGSrJvexREg-aX6VVt_OnarEwBn5s_sN0thwXcm7HUpalkybQw6KoSiFPzTVYOxkjwYgULKl9SeEcfc6bgW-TOojm-FEvxUZmcx5YA6c9HcVmyTl53WtMp-S8mBJPc_C7avI2bOj1mKpl93ahz7QlGDEU_u08DktdIOvc98McvKov2HUF60BgPaPmDdwLtyxwtdfhM849gIIONIrQJDmvfwyM8RmuUtxjESuEZcLj3zbrt6xo9EZ0za9urwGvzJfFTZm-DnMhYYMSlojZcCZS5UVx2e8WSt79JJVOjor64jk_m49TSdGdXEBNTtLIb6_18kxqsCRkcWBZN7PAEqdJC7zRDeXlw9Yvjy7gyK9pqR-zox12tEPuDY_lPbci2V0MffhYF_cJrcm9jgg5VV4c_0J4qOdkvQd7eaYIqmC17-8PQ5LzduFpUcUNtJAEITTKh3bXDfNsUoGa4oEV2LFZRkFqVNBkq5SvhIGZYKJHwNr46cWi0MuqpMjhsAH6JeEIkJOzCbP55-hkvKxNFTuqXIYDYgjmXhzG2x-hQnm3Imdk1kGENQN6lGi9B6PIx0nByFxu6yrcx0NUZQ1AxZt0VxNo0lTmYxgQ7230NKDDQZpG7gcvmIeLSi8CjGjkw1Sa9PYYD0QGLOMjBBDEMd3iJsgVtxpJUkam1snIw18xOYvdNQaaCDdqYkwB494oj_nZQdLNSu7qKzepiHJqwr7icgEA4rpyCuTs-XsBENxSgN80WruNlN5hifYVU8BMWmIC_LVSmMgItdlE0D1zdfQNpemVzy2PAwTpimGBHZJATpo3r-vzqoTLwxOrw5HkcyjSk9ZmsxdQ_6DXX1mMioyajzfk0E83lAkY0FwPqUJ2A_wLJFpED8baAMnnsg6l6qCm-yjBjrIV5yJiaeCqv87UbDHHSpCMQGWcoVW-vvs-geEF7wvSSNwr3o9ADFiCL9-_hJryum0eOqVRMaMukcqq4RcX4zFJmHld9ScBlxdAYDIzOlRDmvwM2xoU6oMrn4rhZZB-_hIV9qgjSVF2UlWvbpqZPx7ZA_hFqYZYFsvefUgCoUpukV2VxGvnrp_frDhCBfpPJYtcndJnmIUyT0LRj8WpiB-qXLBxQY5GC0SpKlrwagBGm06jUJX81Tj-8tfBF9K9rSF2BaqVh3Dq9xtyzp9IMnweXCcbnxdq0PFNyCE-i6TEGul00htWYxPB35qPCagdUe2KxpxrJqTGJd-FMRmSeTIruWHzaf7stO1ci9Xd1LaAxnzULrBmQ_REDLDuD3Vi60ufZlM2bGwCyRKMI2Gy592RK-QdLG1xdWcp-Kh1rgSbRUjyQEgpErZFnZKr6EIXLlpvnkyVp_TfjHO_LjMFoi66RDxhmQjyLaYTYxLt3wqIO07bB9ZyTPGTlMdqzjqtmKYyf9qn44h1NzoiHrgalCsfNeqAylC5MJNab8HRSlV9MX8NDf1tT6qmJq8ZWxydUbTWwpvNNKbhn0-1U0mT3nEa58dMeadKV6q1pBTkzNKZNKCpQROXxfeBQ-UANCifWGAUqIDvbRgx3hdwrT-x0v2kp6xmUHaCv8bwHXgqYxC8no1AhSpXTkgNTtLNyCilf7_vhvXceZHxUFUbikJmbuO2bfEvoq93ysRQ_4fFySwPPMfgcMxXpF8gvI6POhPOVXIk5XP0bcPL9s4qE7DDuXEq2EvONzRSV9XDCd6g9L6WI5hRlklBYnIxqXsyX7b7PLihWCG-Sq6ciDWSuVDf0IkSyRjpkH0762mG5VKe7JY7qDniZQdzgrl9AKquyInpg0Dd4FxIAowQEDl7REofGg3kgDCCGrqwm9LtVc-wt5sDYzxY6feg.qjyaYMMDuvy3qHe7VoHaMQ'
}
[requireAccess] Detected JWT
[TenantPlugin] Pre-hook triggered for: findOne
[TenantPlugin] Options: {}
[32minfo[39m: OPTIONS /v1/submissions/activity-log/summary 204 - 2.308 ms
[requireAccess] Checking access for endpoint: /v1/submissions/activity-log {
  permissions: [],
  scope: undefined,
  environment: undefined,
  jwtOnly: false,
  apiOnly: false
}
[requireAccess] Incoming headers: {
  Authorization: 'Bearer eyJhbGciOiJIUzI1NiIsInR5cCI6IkpXVCJ9.eyJzdWIiOiI2OGU0Y2I5NmQxODBiMDI4NWQ5YTcwMWQiLCJpYXQiOjE3NjEyOTcxODcsImV4cCI6MTc2MTI5ODk4NywidHlwZSI6ImFjY2VzcyJ9.MjrmTfL78nJ2v1sZWIDZUF-KJZJ9ncMWqRdGec3jW14',
  'x-api-key': undefined,
  requiredPermissions: []
}
[requireAccess] Full request headers: {
  host: 'localhost:4000',
  connection: 'keep-alive',
  'sec-ch-ua-platform': '"macOS"',
  authorization: 'Bearer eyJhbGciOiJIUzI1NiIsInR5cCI6IkpXVCJ9.eyJzdWIiOiI2OGU0Y2I5NmQxODBiMDI4NWQ5YTcwMWQiLCJpYXQiOjE3NjEyOTcxODcsImV4cCI6MTc2MTI5ODk4NywidHlwZSI6ImFjY2VzcyJ9.MjrmTfL78nJ2v1sZWIDZUF-KJZJ9ncMWqRdGec3jW14',
  'user-agent': 'Mozilla/5.0 (Macintosh; Intel Mac OS X 10_15_7) AppleWebKit/537.36 (KHTML, like Gecko) Chrome/141.0.0.0 Safari/537.36',
  accept: 'application/json, text/plain, */*',
  'sec-ch-ua': '"Google Chrome";v="141", "Not?A_Brand";v="8", "Chromium";v="141"',
  'sec-ch-ua-mobile': '?0',
  origin: 'http://localhost:3000',
  'sec-fetch-site': 'same-site',
  'sec-fetch-mode': 'cors',
  'sec-fetch-dest': 'empty',
  referer: 'http://localhost:3000/',
  'accept-encoding': 'gzip, deflate, br, zstd',
  'accept-language': 'en-GB,en-US;q=0.9,en;q=0.8',
  cookie: 'next-auth.csrf-token=f11f82856e3c28ba73e12ddfd5693d1ca8079702a5ab7865957f369ab2877007%7C41b08bbac80a06aadc57cefc5b8d3db5da5c82dd32a953bddf59b7b0b375d97b; next-auth.callback-url=http%3A%2F%2Flocalhost%3A3000%2F; next-auth.session-token=eyJhbGciOiJkaXIiLCJlbmMiOiJBMjU2R0NNIn0..fKxe1JsvPoS6OQcA.XslNXFfmT81zNy5NnzUagqTAsrREZsjUA0UpSPAV2oW9pzElN3iykN045mYgMFQnQVJ_yBQZ8gfmGFd3aSRZF-PHJ6UR2x15Xg0UwRiDt7qmdi2yxCvZgmcjz2mx-o4kzIom4DOmw4pZa6j0MqwSeDv2s-EXj1d4afpT85ilFAevcSEyv_Dpcy1K3K5NpIqDps05wcdQtUp3L__ezdSUfKYcQxG44WJrt75LndthMAOOeypVvGrBVO-r-HUQi7BJKVdfH_ynMsgx7ovsZdoYvrGSrJvexREg-aX6VVt_OnarEwBn5s_sN0thwXcm7HUpalkybQw6KoSiFPzTVYOxkjwYgULKl9SeEcfc6bgW-TOojm-FEvxUZmcx5YA6c9HcVmyTl53WtMp-S8mBJPc_C7avI2bOj1mKpl93ahz7QlGDEU_u08DktdIOvc98McvKov2HUF60BgPaPmDdwLtyxwtdfhM849gIIONIrQJDmvfwyM8RmuUtxjESuEZcLj3zbrt6xo9EZ0za9urwGvzJfFTZm-DnMhYYMSlojZcCZS5UVx2e8WSt79JJVOjor64jk_m49TSdGdXEBNTtLIb6_18kxqsCRkcWBZN7PAEqdJC7zRDeXlw9Yvjy7gyK9pqR-zox12tEPuDY_lPbci2V0MffhYF_cJrcm9jgg5VV4c_0J4qOdkvQd7eaYIqmC17-8PQ5LzduFpUcUNtJAEITTKh3bXDfNsUoGa4oEV2LFZRkFqVNBkq5SvhIGZYKJHwNr46cWi0MuqpMjhsAH6JeEIkJOzCbP55-hkvKxNFTuqXIYDYgjmXhzG2x-hQnm3Imdk1kGENQN6lGi9B6PIx0nByFxu6yrcx0NUZQ1AxZt0VxNo0lTmYxgQ7230NKDDQZpG7gcvmIeLSi8CjGjkw1Sa9PYYD0QGLOMjBBDEMd3iJsgVtxpJUkam1snIw18xOYvdNQaaCDdqYkwB494oj_nZQdLNSu7qKzepiHJqwr7icgEA4rpyCuTs-XsBENxSgN80WruNlN5hifYVU8BMWmIC_LVSmMgItdlE0D1zdfQNpemVzy2PAwTpimGBHZJATpo3r-vzqoTLwxOrw5HkcyjSk9ZmsxdQ_6DXX1mMioyajzfk0E83lAkY0FwPqUJ2A_wLJFpED8baAMnnsg6l6qCm-yjBjrIV5yJiaeCqv87UbDHHSpCMQGWcoVW-vvs-geEF7wvSSNwr3o9ADFiCL9-_hJryum0eOqVRMaMukcqq4RcX4zFJmHld9ScBlxdAYDIzOlRDmvwM2xoU6oMrn4rhZZB-_hIV9qgjSVF2UlWvbpqZPx7ZA_hFqYZYFsvefUgCoUpukV2VxGvnrp_frDhCBfpPJYtcndJnmIUyT0LRj8WpiB-qXLBxQY5GC0SpKlrwagBGm06jUJX81Tj-8tfBF9K9rSF2BaqVh3Dq9xtyzp9IMnweXCcbnxdq0PFNyCE-i6TEGul00htWYxPB35qPCagdUe2KxpxrJqTGJd-FMRmSeTIruWHzaf7stO1ci9Xd1LaAxnzULrBmQ_REDLDuD3Vi60ufZlM2bGwCyRKMI2Gy592RK-QdLG1xdWcp-Kh1rgSbRUjyQEgpErZFnZKr6EIXLlpvnkyVp_TfjHO_LjMFoi66RDxhmQjyLaYTYxLt3wqIO07bB9ZyTPGTlMdqzjqtmKYyf9qn44h1NzoiHrgalCsfNeqAylC5MJNab8HRSlV9MX8NDf1tT6qmJq8ZWxydUbTWwpvNNKbhn0-1U0mT3nEa58dMeadKV6q1pBTkzNKZNKCpQROXxfeBQ-UANCifWGAUqIDvbRgx3hdwrT-x0v2kp6xmUHaCv8bwHXgqYxC8no1AhSpXTkgNTtLNyCilf7_vhvXceZHxUFUbikJmbuO2bfEvoq93ysRQ_4fFySwPPMfgcMxXpF8gvI6POhPOVXIk5XP0bcPL9s4qE7DDuXEq2EvONzRSV9XDCd6g9L6WI5hRlklBYnIxqXsyX7b7PLihWCG-Sq6ciDWSuVDf0IkSyRjpkH0762mG5VKe7JY7qDniZQdzgrl9AKquyInpg0Dd4FxIAowQEDl7REofGg3kgDCCGrqwm9LtVc-wt5sDYzxY6feg.qjyaYMMDuvy3qHe7VoHaMQ'
}
[requireAccess] Detected JWT
[TenantPlugin] Pre-hook triggered for: findOne
[TenantPlugin] Options: {}
[requireAccess] Authenticated user: {
  roles: [],
  isOwner: true,
  isSuper: true,
  isSaby: true,
  isAgreed: false,
  createdBy: null,
  otp: null,
  otpExpires: null,
  otpVerified: true,
  phoneNumber: null,
  isPhoneVerified: false,
  isEmailVerified: true,
  avatar: 'https://halocrm.s3.us-east-1.amazonaws.com/user/avatar-09.webp',
  status: true,
  deletedAt: null,
  _id: 68e4cb96d180b0285d9a701d,
  firstname: 'Debby',
  lastname: 'Adebowale',
  email: 'saby@saby.ai',
  password: '$2a$08$o1.0/o0J3cDHswtnBPpdO.0KNYtXslW0gYv8ZcwaRkUdsupCw5dH.',
  userId: '0YXBcDcxPH',
  tenantId: 'hWiWJ_X0m6',
  createdAt: 2025-10-07T08:13:10.710Z,
  updatedAt: 2025-10-10T19:17:53.368Z,
  haloId: 'HL-00030',
  __v: 0
}
[requireAccess] Resolved access: user
[requireAccess] Authenticated user: {
  roles: [],
  isOwner: true,
  isSuper: true,
  isSaby: true,
  isAgreed: false,
  createdBy: null,
  otp: null,
  otpExpires: null,
  otpVerified: true,
  phoneNumber: null,
  isPhoneVerified: false,
  isEmailVerified: true,
  avatar: 'https://halocrm.s3.us-east-1.amazonaws.com/user/avatar-09.webp',
  status: true,
  deletedAt: null,
  _id: 68e4cb96d180b0285d9a701d,
  firstname: 'Debby',
  lastname: 'Adebowale',
  email: 'saby@saby.ai',
  password: '$2a$08$o1.0/o0J3cDHswtnBPpdO.0KNYtXslW0gYv8ZcwaRkUdsupCw5dH.',
  userId: '0YXBcDcxPH',
  tenantId: 'hWiWJ_X0m6',
  createdAt: 2025-10-07T08:13:10.710Z,
  updatedAt: 2025-10-10T19:17:53.368Z,
  haloId: 'HL-00030',
  __v: 0
}
[requireAccess] Resolved access: user
[32minfo[39m: GET /v1/submissions/activity-log?limit=25&offset=0 200 - 1122.299 ms
[32minfo[39m: GET /v1/submissions/activity-log/summary 200 - 1113.553 ms
[32minfo[39m: GET /v1/submissions/activity-log 200 - 1239.318 ms
[TenantPlugin] Pre-hook triggered for: findOne
[TenantPlugin] Options: {}
expired token expiry time ---> 30
expired token ---> Moment<2025-10-24T10:49:33+01:00>
expired token ---> Moment<2025-10-24T11:19:33+01:00>
acess token --> eyJhbGciOiJIUzI1NiIsInR5cCI6IkpXVCJ9.eyJzdWIiOiI2OGU0Y2I5NmQxODBiMDI4NWQ5YTcwMWQiLCJpYXQiOjE3NjEyOTc1NzMsImV4cCI6MTc2MTI5OTM3MywidHlwZSI6ImFjY2VzcyJ9.ihuVllzGjKjFnE9JQhp_9-upyWpX44c7QHeOy69QonU
[32minfo[39m: POST /v1/auth/login 200 - 66.998 ms
[requireAccess] Checking access for endpoint: /v1/submissions {
  permissions: [],
  scope: undefined,
  environment: undefined,
  jwtOnly: false,
  apiOnly: false
}
[requireAccess] Incoming headers: {
  Authorization: 'Bearer eyJhbGciOiJIUzI1NiIsInR5cCI6IkpXVCJ9.eyJzdWIiOiI2OGU0Y2I5NmQxODBiMDI4NWQ5YTcwMWQiLCJpYXQiOjE3NjEyOTc1NzMsImV4cCI6MTc2MTI5OTM3MywidHlwZSI6ImFjY2VzcyJ9.ihuVllzGjKjFnE9JQhp_9-upyWpX44c7QHeOy69QonU',
  'x-api-key': undefined,
  requiredPermissions: []
}
[requireAccess] Full request headers: {
  accept: 'application/json, text/plain, */*',
  'content-type': 'application/json',
  authorization: 'Bearer eyJhbGciOiJIUzI1NiIsInR5cCI6IkpXVCJ9.eyJzdWIiOiI2OGU0Y2I5NmQxODBiMDI4NWQ5YTcwMWQiLCJpYXQiOjE3NjEyOTc1NzMsImV4cCI6MTc2MTI5OTM3MywidHlwZSI6ImFjY2VzcyJ9.ihuVllzGjKjFnE9JQhp_9-upyWpX44c7QHeOy69QonU',
  'user-agent': 'axios/1.12.2',
  'content-length': '219',
  'accept-encoding': 'gzip, compress, deflate, br',
  host: 'localhost:4000',
  connection: 'close'
}
[requireAccess] Detected JWT
[TenantPlugin] Pre-hook triggered for: findOne
[TenantPlugin] Options: {}
[requireAccess] Authenticated user: {
  roles: [],
  isOwner: true,
  isSuper: true,
  isSaby: true,
  isAgreed: false,
  createdBy: null,
  otp: null,
  otpExpires: null,
  otpVerified: true,
  phoneNumber: null,
  isPhoneVerified: false,
  isEmailVerified: true,
  avatar: 'https://halocrm.s3.us-east-1.amazonaws.com/user/avatar-09.webp',
  status: true,
  deletedAt: null,
  _id: 68e4cb96d180b0285d9a701d,
  firstname: 'Debby',
  lastname: 'Adebowale',
  email: 'saby@saby.ai',
  password: '$2a$08$o1.0/o0J3cDHswtnBPpdO.0KNYtXslW0gYv8ZcwaRkUdsupCw5dH.',
  userId: '0YXBcDcxPH',
  tenantId: 'hWiWJ_X0m6',
  createdAt: 2025-10-07T08:13:10.710Z,
  updatedAt: 2025-10-10T19:17:53.368Z,
  haloId: 'HL-00030',
  __v: 0
}
[requireAccess] Resolved access: user
[32minfo[39m: 📝 Accepting submission for project proj_test_crud (form validation: disabled)
[32minfo[39m: 📥 Submission enqueued - Job ID: hWiWJ_X0m6-1761297573118 | Tenant: hWiWJ_X0m6
[32minfo[39m: [Worker] Processing regular submission for project=proj_test_crud (Attempt 1/3)
📡 Emitted activity update to tenant:hWiWJ_X0m6
[32minfo[39m: [Activity] processing - in progress - Job: hWiWJ_X0m6-1761297573118 - Processing submission
📡 Emitted activity update to tenant:hWiWJ_X0m6
[32minfo[39m: [Activity] queued - queued - Job: hWiWJ_X0m6-1761297573118 - Submission queued for processing
[32minfo[39m: POST /v1/submissions 202 - 231.675 ms
[32minfo[39m: [Worker] Regular submission created - 65a852b9-a95c-46be-9364-e024be7b6e3b
📡 Emitted activity update to tenant:hWiWJ_X0m6
[32minfo[39m: [Activity] completed - success - Job: hWiWJ_X0m6-1761297573118 - Submission completed successfully
[TenantPlugin] Pre-hook triggered for: findOne
[TenantPlugin] Options: {}
[32minfo[39m: ✅ Template loaded: submission-confirmation
[requireAccess] Checking access for endpoint: /v1/submissions?tenant_id=hWiWJ_X0m6&limit=5 {
  permissions: [],
  scope: undefined,
  environment: undefined,
  jwtOnly: false,
  apiOnly: false
}
[requireAccess] Incoming headers: {
  Authorization: 'Bearer eyJhbGciOiJIUzI1NiIsInR5cCI6IkpXVCJ9.eyJzdWIiOiI2OGU0Y2I5NmQxODBiMDI4NWQ5YTcwMWQiLCJpYXQiOjE3NjEyOTc1NzMsImV4cCI6MTc2MTI5OTM3MywidHlwZSI6ImFjY2VzcyJ9.ihuVllzGjKjFnE9JQhp_9-upyWpX44c7QHeOy69QonU',
  'x-api-key': undefined,
  requiredPermissions: []
}
[requireAccess] Full request headers: {
  accept: 'application/json, text/plain, */*',
  authorization: 'Bearer eyJhbGciOiJIUzI1NiIsInR5cCI6IkpXVCJ9.eyJzdWIiOiI2OGU0Y2I5NmQxODBiMDI4NWQ5YTcwMWQiLCJpYXQiOjE3NjEyOTc1NzMsImV4cCI6MTc2MTI5OTM3MywidHlwZSI6ImFjY2VzcyJ9.ihuVllzGjKjFnE9JQhp_9-upyWpX44c7QHeOy69QonU',
  'user-agent': 'axios/1.12.2',
  'accept-encoding': 'gzip, compress, deflate, br',
  host: 'localhost:4000',
  connection: 'close'
}
[requireAccess] Detected JWT
[TenantPlugin] Pre-hook triggered for: findOne
[TenantPlugin] Options: {}
[requireAccess] Authenticated user: {
  roles: [],
  isOwner: true,
  isSuper: true,
  isSaby: true,
  isAgreed: false,
  createdBy: null,
  otp: null,
  otpExpires: null,
  otpVerified: true,
  phoneNumber: null,
  isPhoneVerified: false,
  isEmailVerified: true,
  avatar: 'https://halocrm.s3.us-east-1.amazonaws.com/user/avatar-09.webp',
  status: true,
  deletedAt: null,
  _id: 68e4cb96d180b0285d9a701d,
  firstname: 'Debby',
  lastname: 'Adebowale',
  email: 'saby@saby.ai',
  password: '$2a$08$o1.0/o0J3cDHswtnBPpdO.0KNYtXslW0gYv8ZcwaRkUdsupCw5dH.',
  userId: '0YXBcDcxPH',
  tenantId: 'hWiWJ_X0m6',
  createdAt: 2025-10-07T08:13:10.710Z,
  updatedAt: 2025-10-10T19:17:53.368Z,
  haloId: 'HL-00030',
  __v: 0
}
[requireAccess] Resolved access: user
[32minfo[39m: GET /v1/submissions?tenant_id=hWiWJ_X0m6&limit=5 200 - 1096.846 ms
[requireAccess] Checking access for endpoint: /v1/submissions/65a852b9-a95c-46be-9364-e024be7b6e3b {
  permissions: [],
  scope: undefined,
  environment: undefined,
  jwtOnly: false,
  apiOnly: false
}
[requireAccess] Incoming headers: {
  Authorization: 'Bearer eyJhbGciOiJIUzI1NiIsInR5cCI6IkpXVCJ9.eyJzdWIiOiI2OGU0Y2I5NmQxODBiMDI4NWQ5YTcwMWQiLCJpYXQiOjE3NjEyOTc1NzMsImV4cCI6MTc2MTI5OTM3MywidHlwZSI6ImFjY2VzcyJ9.ihuVllzGjKjFnE9JQhp_9-upyWpX44c7QHeOy69QonU',
  'x-api-key': undefined,
  requiredPermissions: []
}
[requireAccess] Full request headers: {
  accept: 'application/json, text/plain, */*',
  authorization: 'Bearer eyJhbGciOiJIUzI1NiIsInR5cCI6IkpXVCJ9.eyJzdWIiOiI2OGU0Y2I5NmQxODBiMDI4NWQ5YTcwMWQiLCJpYXQiOjE3NjEyOTc1NzMsImV4cCI6MTc2MTI5OTM3MywidHlwZSI6ImFjY2VzcyJ9.ihuVllzGjKjFnE9JQhp_9-upyWpX44c7QHeOy69QonU',
  'user-agent': 'axios/1.12.2',
  'accept-encoding': 'gzip, compress, deflate, br',
  host: 'localhost:4000',
  connection: 'close'
}
[requireAccess] Detected JWT
[TenantPlugin] Pre-hook triggered for: findOne
[TenantPlugin] Options: {}
[requireAccess] Authenticated user: {
  roles: [],
  isOwner: true,
  isSuper: true,
  isSaby: true,
  isAgreed: false,
  createdBy: null,
  otp: null,
  otpExpires: null,
  otpVerified: true,
  phoneNumber: null,
  isPhoneVerified: false,
  isEmailVerified: true,
  avatar: 'https://halocrm.s3.us-east-1.amazonaws.com/user/avatar-09.webp',
  status: true,
  deletedAt: null,
  _id: 68e4cb96d180b0285d9a701d,
  firstname: 'Debby',
  lastname: 'Adebowale',
  email: 'saby@saby.ai',
  password: '$2a$08$o1.0/o0J3cDHswtnBPpdO.0KNYtXslW0gYv8ZcwaRkUdsupCw5dH.',
  userId: '0YXBcDcxPH',
  tenantId: 'hWiWJ_X0m6',
  createdAt: 2025-10-07T08:13:10.710Z,
  updatedAt: 2025-10-10T19:17:53.368Z,
  haloId: 'HL-00030',
  __v: 0
}
[requireAccess] Resolved access: user
[32minfo[39m: GET /v1/submissions/65a852b9-a95c-46be-9364-e024be7b6e3b 200 - 182.159 ms
[requireAccess] Checking access for endpoint: /v1/submissions/65a852b9-a95c-46be-9364-e024be7b6e3b {
  permissions: [],
  scope: undefined,
  environment: undefined,
  jwtOnly: false,
  apiOnly: false
}
[requireAccess] Incoming headers: {
  Authorization: 'Bearer eyJhbGciOiJIUzI1NiIsInR5cCI6IkpXVCJ9.eyJzdWIiOiI2OGU0Y2I5NmQxODBiMDI4NWQ5YTcwMWQiLCJpYXQiOjE3NjEyOTc1NzMsImV4cCI6MTc2MTI5OTM3MywidHlwZSI6ImFjY2VzcyJ9.ihuVllzGjKjFnE9JQhp_9-upyWpX44c7QHeOy69QonU',
  'x-api-key': undefined,
  requiredPermissions: []
}
[requireAccess] Full request headers: {
  accept: 'application/json, text/plain, */*',
  'content-type': 'application/json',
  authorization: 'Bearer eyJhbGciOiJIUzI1NiIsInR5cCI6IkpXVCJ9.eyJzdWIiOiI2OGU0Y2I5NmQxODBiMDI4NWQ5YTcwMWQiLCJpYXQiOjE3NjEyOTc1NzMsImV4cCI6MTc2MTI5OTM3MywidHlwZSI6ImFjY2VzcyJ9.ihuVllzGjKjFnE9JQhp_9-upyWpX44c7QHeOy69QonU',
  'user-agent': 'axios/1.12.2',
  'content-length': '117',
  'accept-encoding': 'gzip, compress, deflate, br',
  host: 'localhost:4000',
  connection: 'close'
}
[requireAccess] Detected JWT
[TenantPlugin] Pre-hook triggered for: findOne
[TenantPlugin] Options: {}
[requireAccess] Authenticated user: {
  roles: [],
  isOwner: true,
  isSuper: true,
  isSaby: true,
  isAgreed: false,
  createdBy: null,
  otp: null,
  otpExpires: null,
  otpVerified: true,
  phoneNumber: null,
  isPhoneVerified: false,
  isEmailVerified: true,
  avatar: 'https://halocrm.s3.us-east-1.amazonaws.com/user/avatar-09.webp',
  status: true,
  deletedAt: null,
  _id: 68e4cb96d180b0285d9a701d,
  firstname: 'Debby',
  lastname: 'Adebowale',
  email: 'saby@saby.ai',
  password: '$2a$08$o1.0/o0J3cDHswtnBPpdO.0KNYtXslW0gYv8ZcwaRkUdsupCw5dH.',
  userId: '0YXBcDcxPH',
  tenantId: 'hWiWJ_X0m6',
  createdAt: 2025-10-07T08:13:10.710Z,
  updatedAt: 2025-10-10T19:17:53.368Z,
  haloId: 'HL-00030',
  __v: 0
}
[requireAccess] Resolved access: user
[32minfo[39m: [UPDATE SUBMISSION] Updating submission 65a852b9-a95c-46be-9364-e024be7b6e3b
[32minfo[39m: [UPDATE SUBMISSION] Query: 
    UPDATE form_submissions 
    SET data = $1, updated_at = NOW()
    WHERE id = $2
    RETURNING *
  
[32minfo[39m: [UPDATE SUBMISSION] Values:
[32minfo[39m: [UPDATE SUBMISSION] Database update successful
📡 Emitted activity update to tenant:hWiWJ_X0m6
[32minfo[39m: [Activity] updated - completed - Job: update-65a852b9-a95c-46be-9364-e024be7b6e3b - Submission data updated
[32minfo[39m: [UPDATE SUBMISSION] Successfully updated 65a852b9-a95c-46be-9364-e024be7b6e3b
[32minfo[39m: PATCH /v1/submissions/65a852b9-a95c-46be-9364-e024be7b6e3b 200 - 559.318 ms
[requireAccess] Checking access for endpoint: /v1/submissions/65a852b9-a95c-46be-9364-e024be7b6e3b {
  permissions: [],
  scope: undefined,
  environment: undefined,
  jwtOnly: false,
  apiOnly: false
}
[requireAccess] Incoming headers: {
  Authorization: 'Bearer eyJhbGciOiJIUzI1NiIsInR5cCI6IkpXVCJ9.eyJzdWIiOiI2OGU0Y2I5NmQxODBiMDI4NWQ5YTcwMWQiLCJpYXQiOjE3NjEyOTc1NzMsImV4cCI6MTc2MTI5OTM3MywidHlwZSI6ImFjY2VzcyJ9.ihuVllzGjKjFnE9JQhp_9-upyWpX44c7QHeOy69QonU',
  'x-api-key': undefined,
  requiredPermissions: []
}
[requireAccess] Full request headers: {
  accept: 'application/json, text/plain, */*',
  authorization: 'Bearer eyJhbGciOiJIUzI1NiIsInR5cCI6IkpXVCJ9.eyJzdWIiOiI2OGU0Y2I5NmQxODBiMDI4NWQ5YTcwMWQiLCJpYXQiOjE3NjEyOTc1NzMsImV4cCI6MTc2MTI5OTM3MywidHlwZSI6ImFjY2VzcyJ9.ihuVllzGjKjFnE9JQhp_9-upyWpX44c7QHeOy69QonU',
  'user-agent': 'axios/1.12.2',
  'accept-encoding': 'gzip, compress, deflate, br',
  host: 'localhost:4000',
  connection: 'close'
}
[requireAccess] Detected JWT
[TenantPlugin] Pre-hook triggered for: findOne
[TenantPlugin] Options: {}
[requireAccess] Authenticated user: {
  roles: [],
  isOwner: true,
  isSuper: true,
  isSaby: true,
  isAgreed: false,
  createdBy: null,
  otp: null,
  otpExpires: null,
  otpVerified: true,
  phoneNumber: null,
  isPhoneVerified: false,
  isEmailVerified: true,
  avatar: 'https://halocrm.s3.us-east-1.amazonaws.com/user/avatar-09.webp',
  status: true,
  deletedAt: null,
  _id: 68e4cb96d180b0285d9a701d,
  firstname: 'Debby',
  lastname: 'Adebowale',
  email: 'saby@saby.ai',
  password: '$2a$08$o1.0/o0J3cDHswtnBPpdO.0KNYtXslW0gYv8ZcwaRkUdsupCw5dH.',
  userId: '0YXBcDcxPH',
  tenantId: 'hWiWJ_X0m6',
  createdAt: 2025-10-07T08:13:10.710Z,
  updatedAt: 2025-10-10T19:17:53.368Z,
  haloId: 'HL-00030',
  __v: 0
}
[requireAccess] Resolved access: user
[32minfo[39m: [DELETE SUBMISSION] Deleting submission 65a852b9-a95c-46be-9364-e024be7b6e3b
[32minfo[39m: [DELETE SUBMISSION] Executing DELETE query for 65a852b9-a95c-46be-9364-e024be7b6e3b
[32minfo[39m: ✅ Email sent to saby@saby.ai: ✅ Submission Received - proj_test_crud
[32minfo[39m: ✅ Confirmation email queued for saby@saby.ai
[32minfo[39m: ✅ Submission job completed - ID: hWiWJ_X0m6-1761297573118
[32minfo[39m: ✅ Submission worker completed job: hWiWJ_X0m6-1761297573118
[32minfo[39m: [DELETE SUBMISSION] Rows deleted: 1
📡 Emitted activity update to tenant:hWiWJ_X0m6
[32minfo[39m: [Activity] deleted - completed - Job: delete-65a852b9-a95c-46be-9364-e024be7b6e3b - Submission deleted
[32minfo[39m: [DELETE SUBMISSION] Successfully deleted 65a852b9-a95c-46be-9364-e024be7b6e3b
[32minfo[39m: DELETE /v1/submissions/65a852b9-a95c-46be-9364-e024be7b6e3b 204 - 563.075 ms
[requireAccess] Checking access for endpoint: /v1/submissions/65a852b9-a95c-46be-9364-e024be7b6e3b {
  permissions: [],
  scope: undefined,
  environment: undefined,
  jwtOnly: false,
  apiOnly: false
}
[requireAccess] Incoming headers: {
  Authorization: 'Bearer eyJhbGciOiJIUzI1NiIsInR5cCI6IkpXVCJ9.eyJzdWIiOiI2OGU0Y2I5NmQxODBiMDI4NWQ5YTcwMWQiLCJpYXQiOjE3NjEyOTc1NzMsImV4cCI6MTc2MTI5OTM3MywidHlwZSI6ImFjY2VzcyJ9.ihuVllzGjKjFnE9JQhp_9-upyWpX44c7QHeOy69QonU',
  'x-api-key': undefined,
  requiredPermissions: []
}
[requireAccess] Full request headers: {
  accept: 'application/json, text/plain, */*',
  authorization: 'Bearer eyJhbGciOiJIUzI1NiIsInR5cCI6IkpXVCJ9.eyJzdWIiOiI2OGU0Y2I5NmQxODBiMDI4NWQ5YTcwMWQiLCJpYXQiOjE3NjEyOTc1NzMsImV4cCI6MTc2MTI5OTM3MywidHlwZSI6ImFjY2VzcyJ9.ihuVllzGjKjFnE9JQhp_9-upyWpX44c7QHeOy69QonU',
  'user-agent': 'axios/1.12.2',
  'accept-encoding': 'gzip, compress, deflate, br',
  host: 'localhost:4000',
  connection: 'close'
}
[requireAccess] Detected JWT
[TenantPlugin] Pre-hook triggered for: findOne
[TenantPlugin] Options: {}
[requireAccess] Authenticated user: {
  roles: [],
  isOwner: true,
  isSuper: true,
  isSaby: true,
  isAgreed: false,
  createdBy: null,
  otp: null,
  otpExpires: null,
  otpVerified: true,
  phoneNumber: null,
  isPhoneVerified: false,
  isEmailVerified: true,
  avatar: 'https://halocrm.s3.us-east-1.amazonaws.com/user/avatar-09.webp',
  status: true,
  deletedAt: null,
  _id: 68e4cb96d180b0285d9a701d,
  firstname: 'Debby',
  lastname: 'Adebowale',
  email: 'saby@saby.ai',
  password: '$2a$08$o1.0/o0J3cDHswtnBPpdO.0KNYtXslW0gYv8ZcwaRkUdsupCw5dH.',
  userId: '0YXBcDcxPH',
  tenantId: 'hWiWJ_X0m6',
  createdAt: 2025-10-07T08:13:10.710Z,
  updatedAt: 2025-10-10T19:17:53.368Z,
  haloId: 'HL-00030',
  __v: 0
}
[requireAccess] Resolved access: user
[31merror[39m: Error: Submission not found
    at /Users/fadebowaley/saby/sabyBackend/src/controllers/unifiedSubmission.controller.js:279:11
    at process.processTicksAndRejections (node:internal/process/task_queues:95:5)
[31merror[39m: GET /v1/submissions/65a852b9-a95c-46be-9364-e024be7b6e3b 404 - 183.935 ms - message: Submission not found
Error: Stream isn't writeable and enableOfflineQueue options is false
    at EventEmitter.sendCommand (/Users/fadebowaley/saby/sabyBackend/node_modules/ioredis/built/Redis.js:364:32)
    at EventEmitter.bzpopmin (/Users/fadebowaley/saby/sabyBackend/node_modules/ioredis/built/utils/Commander.js:90:25)
    at Worker.waitForJob (/Users/fadebowaley/saby/sabyBackend/node_modules/bullmq/dist/cjs/classes/worker.js:380:50)
    at Worker._getNextJob (/Users/fadebowaley/saby/sabyBackend/node_modules/bullmq/dist/cjs/classes/worker.js:305:33)
    at /Users/fadebowaley/saby/sabyBackend/node_modules/bullmq/dist/cjs/classes/worker.js:244:66
    at Worker.retryIfFailed (/Users/fadebowaley/saby/sabyBackend/node_modules/bullmq/dist/cjs/classes/worker.js:819:30)
    at Worker.mainLoop (/Users/fadebowaley/saby/sabyBackend/node_modules/bullmq/dist/cjs/classes/worker.js:244:41)
    at process.processTicksAndRejections (node:internal/process/task_queues:95:5)
    at async Worker.run (/Users/fadebowaley/saby/sabyBackend/node_modules/bullmq/dist/cjs/classes/worker.js:207:13)
[31merror[39m: ❌ Submission worker error:
Error: Stream isn't writeable and enableOfflineQueue options is false
    at EventEmitter.sendCommand (/Users/fadebowaley/saby/sabyBackend/node_modules/ioredis/built/Redis.js:364:32)
    at EventEmitter.bzpopmin (/Users/fadebowaley/saby/sabyBackend/node_modules/ioredis/built/utils/Commander.js:90:25)
    at Worker.waitForJob (/Users/fadebowaley/saby/sabyBackend/node_modules/bullmq/dist/cjs/classes/worker.js:380:50)
    at Worker._getNextJob (/Users/fadebowaley/saby/sabyBackend/node_modules/bullmq/dist/cjs/classes/worker.js:305:33)
    at /Users/fadebowaley/saby/sabyBackend/node_modules/bullmq/dist/cjs/classes/worker.js:244:66
    at Worker.retryIfFailed (/Users/fadebowaley/saby/sabyBackend/node_modules/bullmq/dist/cjs/classes/worker.js:819:30)
    at Worker.mainLoop (/Users/fadebowaley/saby/sabyBackend/node_modules/bullmq/dist/cjs/classes/worker.js:244:41)
    at process.processTicksAndRejections (node:internal/process/task_queues:95:5)
    at async Worker.run (/Users/fadebowaley/saby/sabyBackend/node_modules/bullmq/dist/cjs/classes/worker.js:207:13)
Error: Stream isn't writeable and enableOfflineQueue options is false
    at EventEmitter.sendCommand (/Users/fadebowaley/saby/sabyBackend/node_modules/ioredis/built/Redis.js:364:32)
    at EventEmitter.bzpopmin (/Users/fadebowaley/saby/sabyBackend/node_modules/ioredis/built/utils/Commander.js:90:25)
    at Worker.waitForJob (/Users/fadebowaley/saby/sabyBackend/node_modules/bullmq/dist/cjs/classes/worker.js:380:50)
    at Worker._getNextJob (/Users/fadebowaley/saby/sabyBackend/node_modules/bullmq/dist/cjs/classes/worker.js:305:33)
    at /Users/fadebowaley/saby/sabyBackend/node_modules/bullmq/dist/cjs/classes/worker.js:244:66
    at Worker.retryIfFailed (/Users/fadebowaley/saby/sabyBackend/node_modules/bullmq/dist/cjs/classes/worker.js:819:30)
    at Worker.mainLoop (/Users/fadebowaley/saby/sabyBackend/node_modules/bullmq/dist/cjs/classes/worker.js:244:41)
    at async Worker.run (/Users/fadebowaley/saby/sabyBackend/node_modules/bullmq/dist/cjs/classes/worker.js:207:13)
[31merror[39m: ❌ Submission worker error:
[31merror[39m: Unexpected error on idle client read EADDRNOTAVAIL
[31m[nodemon] app crashed - waiting for file changes before starting...[39m
[32m[nodemon] restarting due to changes...[39m
[32m[nodemon] starting `node src/index.js`[39m
🔍 [REQUIRE ACCESS] Owner Resource Bundle loaded: [
  'user',       'app',
  'structures', 'node',
  'payment',    'level',
  'storage',    'project',
  'apikeys',    'project-form',
  'roles',      'permissions',
  'submission'
]
🔍 [REQUIRE ACCESS] Bundle type: object
🔍 [REQUIRE ACCESS] Is Array?: true
🔍 [AUTH MIDDLEWARE] Owner Resource Bundle loaded: [
  'user',       'app',
  'structures', 'node',
  'payment',    'level',
  'storage',    'project',
  'apikeys',    'project-form',
  'roles',      'permissions',
  'submission'
]
🔍 [AUTH MIDDLEWARE] Bundle type: object
🔍 [AUTH MIDDLEWARE] Is Array?: true
[33mwarn[39m: ⚠️  Email ingestor worker not available (missing dependencies)
(node:47874) NOTE: The AWS SDK for JavaScript (v2) is in maintenance mode.
 SDK releases are limited to address critical bug fixes and security issues only.

Please migrate your code to use AWS SDK for JavaScript (v3).
For more information, check the blog post at https://a.co/cUPnyil
(Use `node --trace-warnings ...` to show where the warning was created)
[32m[nodemon] restarting due to changes...[39m
[32m[nodemon] restarting due to changes...[39m
[32minfo[39m: ✅ Connected to MongoDB
[32minfo[39m: 🔄 Testing PostgreSQL connection...
[32minfo[39m: 📊 Host: 20.169.129.160:5432
[32minfo[39m: 👤 User: sabyagentic_user
[32minfo[39m: 🗄️  Database: halograph
[32m[nodemon] starting `node src/index.js`[39m
🔍 [REQUIRE ACCESS] Owner Resource Bundle loaded: [
  'user',       'app',
  'structures', 'node',
  'payment',    'level',
  'storage',    'project',
  'apikeys',    'project-form',
  'roles',      'permissions',
  'submission'
]
🔍 [REQUIRE ACCESS] Bundle type: object
🔍 [REQUIRE ACCESS] Is Array?: true
🔍 [AUTH MIDDLEWARE] Owner Resource Bundle loaded: [
  'user',       'app',
  'structures', 'node',
  'payment',    'level',
  'storage',    'project',
  'apikeys',    'project-form',
  'roles',      'permissions',
  'submission'
]
🔍 [AUTH MIDDLEWARE] Bundle type: object
🔍 [AUTH MIDDLEWARE] Is Array?: true
[33mwarn[39m: ⚠️  Email ingestor worker not available (missing dependencies)
(node:48179) NOTE: The AWS SDK for JavaScript (v2) is in maintenance mode.
 SDK releases are limited to address critical bug fixes and security issues only.

Please migrate your code to use AWS SDK for JavaScript (v3).
For more information, check the blog post at https://a.co/cUPnyil
(Use `node --trace-warnings ...` to show where the warning was created)
[32minfo[39m: ✅ Connected to MongoDB
[32minfo[39m: 🔄 Testing PostgreSQL connection...
[32minfo[39m: 📊 Host: 20.169.129.160:5432
[32minfo[39m: 👤 User: sabyagentic_user
[32minfo[39m: 🗄️  Database: halograph
[32minfo[39m: ✅ PostgreSQL connected successfully
[32minfo[39m: 📋 PostgreSQL Version: PostgreSQL 15.14 (Debian 15.14-1.pgdg13+1) on x86_64-pc-linux-gnu, compiled by gcc (Debian 14.2.0-19) 14.2.0, 64-bit
[32minfo[39m: ✅ Redis connected
[32minfo[39m: ⚙️  Redis ready for commands
[32minfo[39m: ✅ Redis ping successful
[32minfo[39m: 🚀 Initializing background workers...
[32minfo[39m: ✅ Submission worker started
[32minfo[39m: ✅ PERM notification worker started
[32minfo[39m: 🔔 Notification worker initialized
[32minfo[39m: ✅ Notification worker started
[32minfo[39m: ⊘ Email ingestor worker not available (missing dependencies)
[32minfo[39m: 🎉 All workers initialized successfully
[31merror[39m: Error: listen EADDRINUSE: address already in use :::4000
    at Server.setupListenHandle [as _listen2] (node:net:1817:16)
    at listenInCluster (node:net:1865:12)
    at doListen (node:net:2014:7)
    at process.processTicksAndRejections (node:internal/process/task_queues:83:21)
[32minfo[39m: 🛑 Shutting down workers...
[32minfo[39m: ✅ Submission worker stopped
[32minfo[39m: ✅ PERM notification worker stopped
[32minfo[39m: ✅ Notification worker stopped
[32minfo[39m: 🛑 All workers shut down
[32minfo[39m: Server closed
[31m[nodemon] app crashed - waiting for file changes before starting...[39m
[32m[nodemon] restarting due to changes...[39m
[32m[nodemon] starting `node src/index.js`[39m
🔍 [REQUIRE ACCESS] Owner Resource Bundle loaded: [
  'user',       'app',
  'structures', 'node',
  'payment',    'level',
  'storage',    'project',
  'apikeys',    'project-form',
  'roles',      'permissions',
  'submission'
]
🔍 [REQUIRE ACCESS] Bundle type: object
🔍 [REQUIRE ACCESS] Is Array?: true
🔍 [AUTH MIDDLEWARE] Owner Resource Bundle loaded: [
  'user',       'app',
  'structures', 'node',
  'payment',    'level',
  'storage',    'project',
  'apikeys',    'project-form',
  'roles',      'permissions',
  'submission'
]
🔍 [AUTH MIDDLEWARE] Bundle type: object
🔍 [AUTH MIDDLEWARE] Is Array?: true
[33mwarn[39m: ⚠️  Email ingestor worker not available (missing dependencies)
(node:51966) NOTE: The AWS SDK for JavaScript (v2) is in maintenance mode.
 SDK releases are limited to address critical bug fixes and security issues only.

Please migrate your code to use AWS SDK for JavaScript (v3).
For more information, check the blog post at https://a.co/cUPnyil
(Use `node --trace-warnings ...` to show where the warning was created)
[33mwarn[39m: Unable to connect to email server. Make sure you have configured the SMTP options in .env
[32minfo[39m: ✅ Connected to MongoDB
[32minfo[39m: 🔄 Testing PostgreSQL connection...
[32minfo[39m: 📊 Host: 20.169.129.160:5432
[32minfo[39m: 👤 User: sabyagentic_user
[32minfo[39m: 🗄️  Database: halograph
[32minfo[39m: ✅ PostgreSQL connected successfully
[32minfo[39m: 📋 PostgreSQL Version: PostgreSQL 15.14 (Debian 15.14-1.pgdg13+1) on x86_64-pc-linux-gnu, compiled by gcc (Debian 14.2.0-19) 14.2.0, 64-bit
[32minfo[39m: ✅ Redis connected
[32minfo[39m: ⚙️  Redis ready for commands
[32minfo[39m: ✅ Redis ping successful
[32minfo[39m: 🚀 Initializing background workers...
[32minfo[39m: ✅ Submission worker started
[32minfo[39m: ✅ PERM notification worker started
[32minfo[39m: 🔔 Notification worker initialized
[32minfo[39m: ✅ Notification worker started
[32minfo[39m: ⊘ Email ingestor worker not available (missing dependencies)
[32minfo[39m: 🎉 All workers initialized successfully
[31merror[39m: Error: listen EADDRINUSE: address already in use :::4000
    at Server.setupListenHandle [as _listen2] (node:net:1817:16)
    at listenInCluster (node:net:1865:12)
    at doListen (node:net:2014:7)
    at process.processTicksAndRejections (node:internal/process/task_queues:83:21)
[32minfo[39m: 🛑 Shutting down workers...
[32minfo[39m: ✅ Submission worker stopped
[32minfo[39m: ✅ PERM notification worker stopped
[32minfo[39m: ✅ Notification worker stopped
[32minfo[39m: 🛑 All workers shut down
[32minfo[39m: Server closed
[31m[nodemon] app crashed - waiting for file changes before starting...[39m
[32m[nodemon] restarting due to changes...[39m
[32m[nodemon] starting `node src/index.js`[39m
[32m[nodemon] restarting due to changes...[39m
[32m[nodemon] restarting due to changes...[39m
[32m[nodemon] restarting due to changes...[39m
[32m[nodemon] restarting due to changes...[39m
[32m[nodemon] restarting due to changes...[39m
[32m[nodemon] restarting due to changes...[39m
[32m[nodemon] restarting due to changes...[39m
[32m[nodemon] restarting due to changes...[39m
[32m[nodemon] restarting due to changes...[39m
[32m[nodemon] restarting due to changes...[39m
[32m[nodemon] restarting due to changes...[39m
[32m[nodemon] restarting due to changes...[39m
[32m[nodemon] restarting due to changes...[39m
[32m[nodemon] restarting due to changes...[39m
[32m[nodemon] starting `node src/index.js`[39m
[32m[nodemon] restarting due to changes...[39m
[32m[nodemon] starting `node src/index.js`[39m
[32m[nodemon] restarting due to changes...[39m
[32m[nodemon] restarting due to changes...[39m
[32m[nodemon] restarting due to changes...[39m
[32m[nodemon] restarting due to changes...[39m
[32m[nodemon] restarting due to changes...[39m
[32m[nodemon] restarting due to changes...[39m
[32m[nodemon] restarting due to changes...[39m
[32m[nodemon] restarting due to changes...[39m
[32m[nodemon] restarting due to changes...[39m
[32m[nodemon] restarting due to changes...[39m
[32m[nodemon] restarting due to changes...[39m
[32m[nodemon] restarting due to changes...[39m
[32m[nodemon] restarting due to changes...[39m
[32m[nodemon] restarting due to changes...[39m
[32m[nodemon] restarting due to changes...[39m
[32m[nodemon] restarting due to changes...[39m
[32m[nodemon] restarting due to changes...[39m
[32m[nodemon] restarting due to changes...[39m
[32m[nodemon] restarting due to changes...[39m
[32m[nodemon] restarting due to changes...[39m
[32m[nodemon] restarting due to changes...[39m
[32m[nodemon] restarting due to changes...[39m
[32m[nodemon] restarting due to changes...[39m
[32m[nodemon] restarting due to changes...[39m
[32m[nodemon] restarting due to changes...[39m
[32m[nodemon] restarting due to changes...[39m
[32m[nodemon] restarting due to changes...[39m
[32m[nodemon] restarting due to changes...[39m
[32m[nodemon] restarting due to changes...[39m
[32m[nodemon] restarting due to changes...[39m
[32m[nodemon] restarting due to changes...[39m
[32m[nodemon] restarting due to changes...[39m
[32m[nodemon] restarting due to changes...[39m
[32m[nodemon] restarting due to changes...[39m
[32m[nodemon] restarting due to changes...[39m
[32m[nodemon] restarting due to changes...[39m
[32m[nodemon] restarting due to changes...[39m
[32m[nodemon] restarting due to changes...[39m
[32m[nodemon] restarting due to changes...[39m
[32m[nodemon] restarting due to changes...[39m
[32m[nodemon] restarting due to changes...[39m
[32m[nodemon] starting `node src/index.js`[39m
[32m[nodemon] restarting due to changes...[39m
[32m[nodemon] starting `node src/index.js`[39m
🔍 [REQUIRE ACCESS] Owner Resource Bundle loaded: [
  'user',       'app',
  'structures', 'node',
  'payment',    'level',
  'storage',    'project',
  'apikeys',    'project-form',
  'roles',      'permissions',
  'submission'
]
🔍 [REQUIRE ACCESS] Bundle type: object
🔍 [REQUIRE ACCESS] Is Array?: true
🔍 [AUTH MIDDLEWARE] Owner Resource Bundle loaded: [
  'user',       'app',
  'structures', 'node',
  'payment',    'level',
  'storage',    'project',
  'apikeys',    'project-form',
  'roles',      'permissions',
  'submission'
]
🔍 [AUTH MIDDLEWARE] Bundle type: object
🔍 [AUTH MIDDLEWARE] Is Array?: true
[33mwarn[39m: ⚠️  Email ingestor worker not available (missing dependencies)
(node:56059) NOTE: The AWS SDK for JavaScript (v2) is in maintenance mode.
 SDK releases are limited to address critical bug fixes and security issues only.

Please migrate your code to use AWS SDK for JavaScript (v3).
For more information, check the blog post at https://a.co/cUPnyil
(Use `node --trace-warnings ...` to show where the warning was created)
[33mwarn[39m: Unable to connect to email server. Make sure you have configured the SMTP options in .env
[32minfo[39m: ✅ Connected to MongoDB
[32minfo[39m: 🔄 Testing PostgreSQL connection...
[32minfo[39m: 📊 Host: 20.169.129.160:5432
[32minfo[39m: 👤 User: sabyagentic_user
[32minfo[39m: 🗄️  Database: halograph
[31merror[39m: ❌ PostgreSQL connection failed:
[31merror[39m:    Error Code: ENETUNREACH
[31merror[39m:    Error Message: connect ENETUNREACH 20.169.129.160:5432 - Local (0.0.0.0:50290)
[31merror[39m:    Connection String: postgresql://sabyagentic_user:***@20.169.129.160:5432/halograph
[32minfo[39m: ✅ Redis connected
[32minfo[39m: ⚙️  Redis ready for commands
[32minfo[39m: ✅ Redis ping successful
[31merror[39m: ❌ Failed to connect to PostgreSQLor Redis. Server not started.
[31m[nodemon] app crashed - waiting for file changes before starting...[39m
[32m[nodemon] restarting due to changes...[39m
[32m[nodemon] starting `node src/index.js`[39m
[32m[nodemon] restarting due to changes...[39m
[32m[nodemon] restarting due to changes...[39m
[32m[nodemon] restarting due to changes...[39m
[32m[nodemon] restarting due to changes...[39m
[32m[nodemon] restarting due to changes...[39m
[32m[nodemon] restarting due to changes...[39m
[32m[nodemon] restarting due to changes...[39m
[32m[nodemon] restarting due to changes...[39m
[32m[nodemon] restarting due to changes...[39m
[32m[nodemon] restarting due to changes...[39m
[32m[nodemon] restarting due to changes...[39m
[32m[nodemon] restarting due to changes...[39m
[32m[nodemon] restarting due to changes...[39m
[32m[nodemon] restarting due to changes...[39m
[32m[nodemon] restarting due to changes...[39m
[32m[nodemon] restarting due to changes...[39m
[32m[nodemon] restarting due to changes...[39m
[32m[nodemon] restarting due to changes...[39m
[32m[nodemon] restarting due to changes...[39m
[32m[nodemon] restarting due to changes...[39m
[32m[nodemon] restarting due to changes...[39m
[32m[nodemon] restarting due to changes...[39m
[32m[nodemon] restarting due to changes...[39m
[32m[nodemon] restarting due to changes...[39m
[32m[nodemon] restarting due to changes...[39m
[32m[nodemon] restarting due to changes...[39m
[32m[nodemon] restarting due to changes...[39m
[32m[nodemon] restarting due to changes...[39m
[32m[nodemon] restarting due to changes...[39m
[32m[nodemon] restarting due to changes...[39m
[32m[nodemon] restarting due to changes...[39m
[32m[nodemon] restarting due to changes...[39m
[32m[nodemon] restarting due to changes...[39m
[32m[nodemon] restarting due to changes...[39m
[32m[nodemon] restarting due to changes...[39m
[32m[nodemon] restarting due to changes...[39m
[32m[nodemon] restarting due to changes...[39m
[32m[nodemon] restarting due to changes...[39m
[32m[nodemon] restarting due to changes...[39m
[32m[nodemon] restarting due to changes...[39m
[32m[nodemon] restarting due to changes...[39m
[32m[nodemon] restarting due to changes...[39m
[32m[nodemon] restarting due to changes...[39m
[32m[nodemon] restarting due to changes...[39m
[32m[nodemon] restarting due to changes...[39m
[32m[nodemon] restarting due to changes...[39m
[32m[nodemon] restarting due to changes...[39m
[32m[nodemon] restarting due to changes...[39m
[32m[nodemon] restarting due to changes...[39m
[32m[nodemon] restarting due to changes...[39m
[32m[nodemon] restarting due to changes...[39m
[32m[nodemon] restarting due to changes...[39m
[32m[nodemon] restarting due to changes...[39m
[32m[nodemon] starting `node src/index.js`[39m
🔍 [REQUIRE ACCESS] Owner Resource Bundle loaded: [
  'user',       'app',
  'structures', 'node',
  'payment',    'level',
  'storage',    'project',
  'apikeys',    'project-form',
  'roles',      'permissions',
  'submission'
]
🔍 [REQUIRE ACCESS] Bundle type: object
🔍 [REQUIRE ACCESS] Is Array?: true
🔍 [AUTH MIDDLEWARE] Owner Resource Bundle loaded: [
  'user',       'app',
  'structures', 'node',
  'payment',    'level',
  'storage',    'project',
  'apikeys',    'project-form',
  'roles',      'permissions',
  'submission'
]
🔍 [AUTH MIDDLEWARE] Bundle type: object
🔍 [AUTH MIDDLEWARE] Is Array?: true
[33mwarn[39m: ⚠️  Email ingestor worker not available (missing dependencies)
(node:34323) NOTE: The AWS SDK for JavaScript (v2) is in maintenance mode.
 SDK releases are limited to address critical bug fixes and security issues only.

Please migrate your code to use AWS SDK for JavaScript (v3).
For more information, check the blog post at https://a.co/cUPnyil
(Use `node --trace-warnings ...` to show where the warning was created)
[32minfo[39m: ✅ Connected to MongoDB
[32minfo[39m: 🔄 Testing PostgreSQL connection...
[32minfo[39m: 📊 Host: 20.169.129.160:5432
[32minfo[39m: 👤 User: sabyagentic_user
[32minfo[39m: 🗄️  Database: halograph
[33mwarn[39m: Unable to connect to email server. Make sure you have configured the SMTP options in .env
[32minfo[39m: ✅ PostgreSQL connected successfully
[32minfo[39m: 📋 PostgreSQL Version: PostgreSQL 15.14 (Debian 15.14-1.pgdg13+1) on x86_64-pc-linux-gnu, compiled by gcc (Debian 14.2.0-19) 14.2.0, 64-bit
[32minfo[39m: ✅ Redis connected
[32minfo[39m: ⚙️  Redis ready for commands
[32minfo[39m: ✅ Redis ping successful
[32minfo[39m: 🚀 Initializing background workers...
[32minfo[39m: ✅ Submission worker started
[32minfo[39m: ✅ PERM notification worker started
[32minfo[39m: 🔔 Notification worker initialized
[32minfo[39m: ✅ Notification worker started
[32minfo[39m: ⊘ Email ingestor worker not available (missing dependencies)
[32minfo[39m: 🎉 All workers initialized successfully
[31merror[39m: Error: listen EADDRINUSE: address already in use :::4000
    at Server.setupListenHandle [as _listen2] (node:net:1817:16)
    at listenInCluster (node:net:1865:12)
    at doListen (node:net:2014:7)
    at process.processTicksAndRejections (node:internal/process/task_queues:83:21)
[32minfo[39m: 🛑 Shutting down workers...
[32minfo[39m: ✅ Submission worker stopped
[32minfo[39m: ✅ PERM notification worker stopped
[32minfo[39m: ✅ Notification worker stopped
[32minfo[39m: 🛑 All workers shut down
[32minfo[39m: Server closed
[31m[nodemon] app crashed - waiting for file changes before starting...[39m
